run_id,elapsed_s,kalman_enabled,side,samples,leader_det_rate_pct,follower_det_rate_pct,det_rate_pct,stale_rate_pct,dsteer_mean_abs,dthr_mean_abs,pred_mae,pred_flips,steer_saturated_pct,throttle_saturated_pct,steer_max,throttle_max,steer_cmd_mean,steer_cmd_min,steer_cmd_max,steer_cmd_mean_abs,throttle_cmd_mean,throttle_cmd_min,throttle_cmd_max,throttle_cmd_mean_abs,mean_distance,min_distance,distance_error_mean,mean_formation_error,near_miss_count,fps
20260607_204649,5.014,1,Left,38,63.157895,0.000000,63.157895,0.000000,0.004889,0.019436,0.015162,0,0.000000,0.000000,0.063229,0.738568,0.006758,-0.059321,0.063229,0.009881,0.251669,0.000000,0.738568,0.251669,50.595002,37.850114,10.695293,0.111386,0,189.45
20260607_204649,5.014,1,Right,37,62.162162,0.000000,62.162162,0.000000,0.004756,0.019563,0.014152,0,0.000000,0.000000,0.062402,0.723846,-0.004403,-0.056781,0.062402,0.010944,0.225729,0.000000,0.723846,0.225729,48.450428,38.580247,9.024205,0.100391,0,189.45
20260607_204649,10.023,1,Left,81,82.716049,0.000000,82.716049,0.000000,0.004401,0.010741,0.012925,1,0.000000,0.000000,0.098274,0.775244,0.011237,-0.065455,0.098274,0.021942,0.507855,0.000000,0.775244,0.507855,62.487926,37.850114,17.602620,0.136311,0,208.27
20260607_204649,10.023,1,Right,80,82.500000,0.000000,82.500000,0.000000,0.016674,0.023426,0.044699,5,0.000000,0.000000,0.275473,0.902315,0.046030,-0.275473,0.269403,0.063692,0.442091,0.000000,0.902315,0.442091,82.245291,28.557159,39.073603,0.184851,1,208.27
20260607_204649,15.029,1,Left,127,88.976378,0.000000,88.976378,0.000000,0.004149,0.007506,0.011467,3,0.000000,0.000000,0.098274,0.797219,0.017416,-0.065455,0.098274,0.024243,0.608881,0.000000,0.797219,0.608881,74.038555,37.850114,28.020486,0.170534,0,226.30
20260607_204649,15.029,1,Right,126,88.888889,0.000000,88.888889,0.000000,0.015336,0.015335,0.044394,6,0.000000,0.000000,0.275473,0.902488,0.012828,-0.275473,0.269403,0.081434,0.606891,0.000000,0.902488,0.606891,131.366718,28.557159,86.632084,0.264452,1,226.30
20260607_204649,20.038,1,Left,164,91.463415,0.000000,91.463415,0.000000,0.011031,0.012312,0.022395,6,0.000000,0.000000,0.682549,0.797219,0.034196,-0.065455,0.682549,0.039484,0.633124,0.000000,0.797219,0.633124,75.596536,36.710994,29.382985,0.184619,0,449.60
20260607_204649,20.038,1,Right,163,91.411043,0.000000,91.411043,0.000000,0.016003,0.015766,0.040274,9,0.000000,0.000000,0.394329,0.902488,0.011041,-0.394329,0.269403,0.091759,0.646836,0.000000,0.902488,0.646836,122.566800,28.557159,77.412532,0.267768,1,449.60
20260607_204649,25.048,1,Left,205,93.170732,0.000000,93.170732,0.000000,0.015956,0.016804,0.034034,10,0.000000,0.000000,0.682549,0.900000,0.024686,-0.455502,0.682549,0.077828,0.666757,0.000000,0.900000,0.666757,85.125650,36.710994,38.685245,0.221007,0,364.41
20260607_204649,25.048,1,Right,204,93.137255,0.000000,93.137255,0.000000,0.020998,0.015777,0.052920,11,0.000000,0.000000,0.446388,0.902488,0.018597,-0.394329,0.446388,0.121157,0.669087,0.000000,0.902488,0.669087,115.469646,28.557159,69.979013,0.278292,1,364.41
20260607_204649,30.057,1,Left,246,94.308943,0.000000,94.308943,0.000000,0.013969,0.014004,0.030164,11,0.000000,0.000000,0.682549,0.900000,0.023482,-0.455502,0.682549,0.067768,0.705631,0.000000,0.900000,0.705631,117.355305,36.710994,70.697960,0.243064,0,191.30
20260607_204649,30.057,1,Right,244,94.262295,0.000000,94.262295,0.000000,0.021226,0.013811,0.052366,13,0.000000,0.000000,0.446388,0.902488,0.029406,-0.394329,0.446388,0.135937,0.697212,0.000000,0.902488,0.697212,116.562403,28.557159,70.813250,0.293761,1,191.30
20260607_204649,35.062,1,Left,287,95.121951,0.000000,95.121951,0.000000,0.012584,0.012136,0.026924,13,0.000000,0.000000,0.682549,0.900000,0.024707,-0.455502,0.682549,0.062666,0.732322,0.000000,0.900000,0.732322,130.561911,36.710994,83.752788,0.257753,0,455.80
20260607_204649,35.062,1,Right,284,95.070423,0.000000,95.070423,0.000000,0.021819,0.012513,0.054173,14,0.000000,0.000000,0.446388,0.902488,0.021637,-0.394329,0.446388,0.139287,0.710927,0.000000,0.902488,0.710927,112.944162,28.557159,67.013088,0.293305,1,455.80
20260607_204649,40.066,1,Left,334,95.808383,0.000000,95.808383,0.000000,0.012902,0.010751,0.027830,16,0.000000,0.000000,0.682549,0.900000,0.027416,-0.455502,0.682549,0.060033,0.749773,0.000000,0.900000,0.749773,132.936781,36.710994,86.001516,0.265494,0,440.16
20260607_204649,40.066,1,Right,330,95.757576,0.000000,95.757576,0.000000,0.023360,0.011593,0.057854,18,0.000000,0.000000,0.477354,0.902488,0.011898,-0.477354,0.446388,0.151099,0.720600,0.000000,0.902488,0.720600,108.581394,28.557159,62.498047,0.294708,1,440.16
20260607_204649,45.069,1,Left,373,96.246649,0.000000,96.246649,0.000000,0.012207,0.009861,0.027534,17,0.000000,0.000000,0.682549,0.900000,0.023026,-0.455502,0.682549,0.055693,0.754591,0.000000,0.900000,0.754591,129.003429,36.710994,81.988568,0.261131,0,446.58
20260607_204649,45.069,1,Right,368,96.195652,0.000000,96.195652,0.000000,0.024571,0.011310,0.062948,19,0.000000,0.000000,0.477354,0.902488,0.024631,-0.477354,0.463048,0.164040,0.728121,0.000000,0.902488,0.728121,106.262768,28.557159,60.083478,0.299707,1,446.58
20260607_204649,50.082,1,Left,373,96.246649,0.000000,96.246649,0.000000,0.012207,0.009861,0.027534,17,0.000000,0.000000,0.682549,0.900000,0.023026,-0.455502,0.682549,0.055693,0.754591,0.000000,0.900000,0.754591,129.003429,36.710994,81.988568,0.261131,0,432.09
20260607_204649,50.082,1,Right,368,96.195652,0.000000,96.195652,0.000000,0.024571,0.011310,0.062948,19,0.000000,0.000000,0.477354,0.902488,0.024631,-0.477354,0.463048,0.164040,0.728121,0.000000,0.902488,0.728121,106.262768,28.557159,60.083478,0.299707,1,432.09
20260607_204649,55.091,1,Left,373,96.246649,0.000000,96.246649,0.000000,0.012207,0.009861,0.027534,17,0.000000,0.000000,0.682549,0.900000,0.023026,-0.455502,0.682549,0.055693,0.754591,0.000000,0.900000,0.754591,129.003429,36.710994,81.988568,0.261131,0,454.67
20260607_204649,55.091,1,Right,368,96.195652,0.000000,96.195652,0.000000,0.024571,0.011310,0.062948,19,0.000000,0.000000,0.477354,0.902488,0.024631,-0.477354,0.463048,0.164040,0.728121,0.000000,0.902488,0.728121,106.262768,28.557159,60.083478,0.299707,1,454.67
20260607_204649,60.102,1,Left,373,96.246649,0.000000,96.246649,0.000000,0.012207,0.009861,0.027534,17,0.000000,0.000000,0.682549,0.900000,0.023026,-0.455502,0.682549,0.055693,0.754591,0.000000,0.900000,0.754591,129.003429,36.710994,81.988568,0.261131,0,463.05
20260607_204649,60.102,1,Right,368,96.195652,0.000000,96.195652,0.000000,0.024571,0.011310,0.062948,19,0.000000,0.000000,0.477354,0.902488,0.024631,-0.477354,0.463048,0.164040,0.728121,0.000000,0.902488,0.728121,106.262768,28.557159,60.083478,0.299707,1,463.05
20260607_204649,65.107,1,Left,373,96.246649,0.000000,96.246649,0.000000,0.012207,0.009861,0.027534,17,0.000000,0.000000,0.682549,0.900000,0.023026,-0.455502,0.682549,0.055693,0.754591,0.000000,0.900000,0.754591,129.003429,36.710994,81.988568,0.261131,0,464.74
20260607_204649,65.107,1,Right,368,96.195652,0.000000,96.195652,0.000000,0.024571,0.011310,0.062948,19,0.000000,0.000000,0.477354,0.902488,0.024631,-0.477354,0.463048,0.164040,0.728121,0.000000,0.902488,0.728121,106.262768,28.557159,60.083478,0.299707,1,464.74
20260607_204649,70.117,1,Left,373,96.246649,0.000000,96.246649,0.000000,0.012207,0.009861,0.027534,17,0.000000,0.000000,0.682549,0.900000,0.023026,-0.455502,0.682549,0.055693,0.754591,0.000000,0.900000,0.754591,129.003429,36.710994,81.988568,0.261131,0,457.05
20260607_204649,70.117,1,Right,368,96.195652,0.000000,96.195652,0.000000,0.024571,0.011310,0.062948,19,0.000000,0.000000,0.477354,0.902488,0.024631,-0.477354,0.463048,0.164040,0.728121,0.000000,0.902488,0.728121,106.262768,28.557159,60.083478,0.299707,1,457.05
20260607_204649,75.126,1,Left,373,96.246649,0.000000,96.246649,0.000000,0.012207,0.009861,0.027534,17,0.000000,0.000000,0.682549,0.900000,0.023026,-0.455502,0.682549,0.055693,0.754591,0.000000,0.900000,0.754591,129.003429,36.710994,81.988568,0.261131,0,455.11
20260607_204649,75.126,1,Right,368,96.195652,0.000000,96.195652,0.000000,0.024571,0.011310,0.062948,19,0.000000,0.000000,0.477354,0.902488,0.024631,-0.477354,0.463048,0.164040,0.728121,0.000000,0.902488,0.728121,106.262768,28.557159,60.083478,0.299707,1,455.11
20260607_204649,80.131,1,Left,373,96.246649,0.000000,96.246649,0.000000,0.012207,0.009861,0.027534,17,0.000000,0.000000,0.682549,0.900000,0.023026,-0.455502,0.682549,0.055693,0.754591,0.000000,0.900000,0.754591,129.003429,36.710994,81.988568,0.261131,0,441.74
20260607_204649,80.131,1,Right,368,96.195652,0.000000,96.195652,0.000000,0.024571,0.011310,0.062948,19,0.000000,0.000000,0.477354,0.902488,0.024631,-0.477354,0.463048,0.164040,0.728121,0.000000,0.902488,0.728121,106.262768,28.557159,60.083478,0.299707,1,441.74
20260607_204649,85.140,1,Left,373,96.246649,0.000000,96.246649,0.000000,0.012207,0.009861,0.027534,17,0.000000,0.000000,0.682549,0.900000,0.023026,-0.455502,0.682549,0.055693,0.754591,0.000000,0.900000,0.754591,129.003429,36.710994,81.988568,0.261131,0,467.38
20260607_204649,85.140,1,Right,368,96.195652,0.000000,96.195652,0.000000,0.024571,0.011310,0.062948,19,0.000000,0.000000,0.477354,0.902488,0.024631,-0.477354,0.463048,0.164040,0.728121,0.000000,0.902488,0.728121,106.262768,28.557159,60.083478,0.299707,1,467.38
20260607_204649,90.148,1,Left,373,96.246649,0.000000,96.246649,0.000000,0.012207,0.009861,0.027534,17,0.000000,0.000000,0.682549,0.900000,0.023026,-0.455502,0.682549,0.055693,0.754591,0.000000,0.900000,0.754591,129.003429,36.710994,81.988568,0.261131,0,459.50
20260607_204649,90.148,1,Right,368,96.195652,0.000000,96.195652,0.000000,0.024571,0.011310,0.062948,19,0.000000,0.000000,0.477354,0.902488,0.024631,-0.477354,0.463048,0.164040,0.728121,0.000000,0.902488,0.728121,106.262768,28.557159,60.083478,0.299707,1,459.50
20260607_204649,95.158,1,Left,373,96.246649,0.000000,96.246649,0.000000,0.012207,0.009861,0.027534,17,0.000000,0.000000,0.682549,0.900000,0.023026,-0.455502,0.682549,0.055693,0.754591,0.000000,0.900000,0.754591,129.003429,36.710994,81.988568,0.261131,0,470.21
20260607_204649,95.158,1,Right,368,96.195652,0.000000,96.195652,0.000000,0.024571,0.011310,0.062948,19,0.000000,0.000000,0.477354,0.902488,0.024631,-0.477354,0.463048,0.164040,0.728121,0.000000,0.902488,0.728121,106.262768,28.557159,60.083478,0.299707,1,470.21
20260607_204649,100.159,1,Left,373,96.246649,0.000000,96.246649,0.000000,0.012207,0.009861,0.027534,17,0.000000,0.000000,0.682549,0.900000,0.023026,-0.455502,0.682549,0.055693,0.754591,0.000000,0.900000,0.754591,129.003429,36.710994,81.988568,0.261131,0,458.90
20260607_204649,100.159,1,Right,368,96.195652,0.000000,96.195652,0.000000,0.024571,0.011310,0.062948,19,0.000000,0.000000,0.477354,0.902488,0.024631,-0.477354,0.463048,0.164040,0.728121,0.000000,0.902488,0.728121,106.262768,28.557159,60.083478,0.299707,1,458.90
20260607_204649,105.162,1,Left,373,96.246649,0.000000,96.246649,0.000000,0.012207,0.009861,0.027534,17,0.000000,0.000000,0.682549,0.900000,0.023026,-0.455502,0.682549,0.055693,0.754591,0.000000,0.900000,0.754591,129.003429,36.710994,81.988568,0.261131,0,473.24
20260607_204649,105.162,1,Right,368,96.195652,0.000000,96.195652,0.000000,0.024571,0.011310,0.062948,19,0.000000,0.000000,0.477354,0.902488,0.024631,-0.477354,0.463048,0.164040,0.728121,0.000000,0.902488,0.728121,106.262768,28.557159,60.083478,0.299707,1,473.24
20260607_204649,110.170,1,Left,373,96.246649,0.000000,96.246649,0.000000,0.012207,0.009861,0.027534,17,0.000000,0.000000,0.682549,0.900000,0.023026,-0.455502,0.682549,0.055693,0.754591,0.000000,0.900000,0.754591,129.003429,36.710994,81.988568,0.261131,0,457.64
20260607_204649,110.170,1,Right,368,96.195652,0.000000,96.195652,0.000000,0.024571,0.011310,0.062948,19,0.000000,0.000000,0.477354,0.902488,0.024631,-0.477354,0.463048,0.164040,0.728121,0.000000,0.902488,0.728121,106.262768,28.557159,60.083478,0.299707,1,457.64
20260607_204649,115.180,1,Left,373,96.246649,0.000000,96.246649,0.000000,0.012207,0.009861,0.027534,17,0.000000,0.000000,0.682549,0.900000,0.023026,-0.455502,0.682549,0.055693,0.754591,0.000000,0.900000,0.754591,129.003429,36.710994,81.988568,0.261131,0,464.54
20260607_204649,115.180,1,Right,368,96.195652,0.000000,96.195652,0.000000,0.024571,0.011310,0.062948,19,0.000000,0.000000,0.477354,0.902488,0.024631,-0.477354,0.463048,0.164040,0.728121,0.000000,0.902488,0.728121,106.262768,28.557159,60.083478,0.299707,1,464.54
20260607_204649,120.184,1,Left,373,96.246649,0.000000,96.246649,0.000000,0.012207,0.009861,0.027534,17,0.000000,0.000000,0.682549,0.900000,0.023026,-0.455502,0.682549,0.055693,0.754591,0.000000,0.900000,0.754591,129.003429,36.710994,81.988568,0.261131,0,468.32
20260607_204649,120.184,1,Right,368,96.195652,0.000000,96.195652,0.000000,0.024571,0.011310,0.062948,19,0.000000,0.000000,0.477354,0.902488,0.024631,-0.477354,0.463048,0.164040,0.728121,0.000000,0.902488,0.728121,106.262768,28.557159,60.083478,0.299707,1,468.32
20260607_204649,125.191,1,Left,373,96.246649,0.000000,96.246649,0.000000,0.012207,0.009861,0.027534,17,0.000000,0.000000,0.682549,0.900000,0.023026,-0.455502,0.682549,0.055693,0.754591,0.000000,0.900000,0.754591,129.003429,36.710994,81.988568,0.261131,0,457.29
20260607_204649,125.191,1,Right,368,96.195652,0.000000,96.195652,0.000000,0.024571,0.011310,0.062948,19,0.000000,0.000000,0.477354,0.902488,0.024631,-0.477354,0.463048,0.164040,0.728121,0.000000,0.902488,0.728121,106.262768,28.557159,60.083478,0.299707,1,457.29
20260607_204649,130.195,1,Left,373,96.246649,0.000000,96.246649,0.000000,0.012207,0.009861,0.027534,17,0.000000,0.000000,0.682549,0.900000,0.023026,-0.455502,0.682549,0.055693,0.754591,0.000000,0.900000,0.754591,129.003429,36.710994,81.988568,0.261131,0,450.03
20260607_204649,130.195,1,Right,368,96.195652,0.000000,96.195652,0.000000,0.024571,0.011310,0.062948,19,0.000000,0.000000,0.477354,0.902488,0.024631,-0.477354,0.463048,0.164040,0.728121,0.000000,0.902488,0.728121,106.262768,28.557159,60.083478,0.299707,1,450.03
20260607_204649,135.202,1,Left,373,96.246649,0.000000,96.246649,0.000000,0.012207,0.009861,0.027534,17,0.000000,0.000000,0.682549,0.900000,0.023026,-0.455502,0.682549,0.055693,0.754591,0.000000,0.900000,0.754591,129.003429,36.710994,81.988568,0.261131,0,450.95
20260607_204649,135.202,1,Right,368,96.195652,0.000000,96.195652,0.000000,0.024571,0.011310,0.062948,19,0.000000,0.000000,0.477354,0.902488,0.024631,-0.477354,0.463048,0.164040,0.728121,0.000000,0.902488,0.728121,106.262768,28.557159,60.083478,0.299707,1,450.95
20260607_204649,140.212,1,Left,373,96.246649,0.000000,96.246649,0.000000,0.012207,0.009861,0.027534,17,0.000000,0.000000,0.682549,0.900000,0.023026,-0.455502,0.682549,0.055693,0.754591,0.000000,0.900000,0.754591,129.003429,36.710994,81.988568,0.261131,0,462.34
20260607_204649,140.212,1,Right,368,96.195652,0.000000,96.195652,0.000000,0.024571,0.011310,0.062948,19,0.000000,0.000000,0.477354,0.902488,0.024631,-0.477354,0.463048,0.164040,0.728121,0.000000,0.902488,0.728121,106.262768,28.557159,60.083478,0.299707,1,462.34
20260607_204649,145.220,1,Left,373,96.246649,0.000000,96.246649,0.000000,0.012207,0.009861,0.027534,17,0.000000,0.000000,0.682549,0.900000,0.023026,-0.455502,0.682549,0.055693,0.754591,0.000000,0.900000,0.754591,129.003429,36.710994,81.988568,0.261131,0,457.59
20260607_204649,145.220,1,Right,368,96.195652,0.000000,96.195652,0.000000,0.024571,0.011310,0.062948,19,0.000000,0.000000,0.477354,0.902488,0.024631,-0.477354,0.463048,0.164040,0.728121,0.000000,0.902488,0.728121,106.262768,28.557159,60.083478,0.299707,1,457.59
20260607_204649,150.224,1,Left,373,96.246649,0.000000,96.246649,0.000000,0.012207,0.009861,0.027534,17,0.000000,0.000000,0.682549,0.900000,0.023026,-0.455502,0.682549,0.055693,0.754591,0.000000,0.900000,0.754591,129.003429,36.710994,81.988568,0.261131,0,462.18
20260607_204649,150.224,1,Right,368,96.195652,0.000000,96.195652,0.000000,0.024571,0.011310,0.062948,19,0.000000,0.000000,0.477354,0.902488,0.024631,-0.477354,0.463048,0.164040,0.728121,0.000000,0.902488,0.728121,106.262768,28.557159,60.083478,0.299707,1,462.18
20260607_204649,155.226,1,Left,373,96.246649,0.000000,96.246649,0.000000,0.012207,0.009861,0.027534,17,0.000000,0.000000,0.682549,0.900000,0.023026,-0.455502,0.682549,0.055693,0.754591,0.000000,0.900000,0.754591,129.003429,36.710994,81.988568,0.261131,0,440.12
20260607_204649,155.226,1,Right,368,96.195652,0.000000,96.195652,0.000000,0.024571,0.011310,0.062948,19,0.000000,0.000000,0.477354,0.902488,0.024631,-0.477354,0.463048,0.164040,0.728121,0.000000,0.902488,0.728121,106.262768,28.557159,60.083478,0.299707,1,440.12
20260607_204649,160.228,1,Left,373,96.246649,0.000000,96.246649,0.000000,0.012207,0.009861,0.027534,17,0.000000,0.000000,0.682549,0.900000,0.023026,-0.455502,0.682549,0.055693,0.754591,0.000000,0.900000,0.754591,129.003429,36.710994,81.988568,0.261131,0,466.45
20260607_204649,160.228,1,Right,368,96.195652,0.000000,96.195652,0.000000,0.024571,0.011310,0.062948,19,0.000000,0.000000,0.477354,0.902488,0.024631,-0.477354,0.463048,0.164040,0.728121,0.000000,0.902488,0.728121,106.262768,28.557159,60.083478,0.299707,1,466.45
20260607_204649,165.233,1,Left,373,96.246649,0.000000,96.246649,0.000000,0.012207,0.009861,0.027534,17,0.000000,0.000000,0.682549,0.900000,0.023026,-0.455502,0.682549,0.055693,0.754591,0.000000,0.900000,0.754591,129.003429,36.710994,81.988568,0.261131,0,460.41
20260607_204649,165.233,1,Right,368,96.195652,0.000000,96.195652,0.000000,0.024571,0.011310,0.062948,19,0.000000,0.000000,0.477354,0.902488,0.024631,-0.477354,0.463048,0.164040,0.728121,0.000000,0.902488,0.728121,106.262768,28.557159,60.083478,0.299707,1,460.41
20260607_204649,170.238,1,Left,373,96.246649,0.000000,96.246649,0.000000,0.012207,0.009861,0.027534,17,0.000000,0.000000,0.682549,0.900000,0.023026,-0.455502,0.682549,0.055693,0.754591,0.000000,0.900000,0.754591,129.003429,36.710994,81.988568,0.261131,0,457.69
20260607_204649,170.238,1,Right,368,96.195652,0.000000,96.195652,0.000000,0.024571,0.011310,0.062948,19,0.000000,0.000000,0.477354,0.902488,0.024631,-0.477354,0.463048,0.164040,0.728121,0.000000,0.902488,0.728121,106.262768,28.557159,60.083478,0.299707,1,457.69
20260607_204649,175.248,1,Left,373,96.246649,0.000000,96.246649,0.000000,0.012207,0.009861,0.027534,17,0.000000,0.000000,0.682549,0.900000,0.023026,-0.455502,0.682549,0.055693,0.754591,0.000000,0.900000,0.754591,129.003429,36.710994,81.988568,0.261131,0,458.49
20260607_204649,175.248,1,Right,368,96.195652,0.000000,96.195652,0.000000,0.024571,0.011310,0.062948,19,0.000000,0.000000,0.477354,0.902488,0.024631,-0.477354,0.463048,0.164040,0.728121,0.000000,0.902488,0.728121,106.262768,28.557159,60.083478,0.299707,1,458.49
20260607_204649,180.254,1,Left,373,96.246649,0.000000,96.246649,0.000000,0.012207,0.009861,0.027534,17,0.000000,0.000000,0.682549,0.900000,0.023026,-0.455502,0.682549,0.055693,0.754591,0.000000,0.900000,0.754591,129.003429,36.710994,81.988568,0.261131,0,456.85
20260607_204649,180.254,1,Right,368,96.195652,0.000000,96.195652,0.000000,0.024571,0.011310,0.062948,19,0.000000,0.000000,0.477354,0.902488,0.024631,-0.477354,0.463048,0.164040,0.728121,0.000000,0.902488,0.728121,106.262768,28.557159,60.083478,0.299707,1,456.85
20260607_204649,185.265,1,Left,373,96.246649,0.000000,96.246649,0.000000,0.012207,0.009861,0.027534,17,0.000000,0.000000,0.682549,0.900000,0.023026,-0.455502,0.682549,0.055693,0.754591,0.000000,0.900000,0.754591,129.003429,36.710994,81.988568,0.261131,0,450.61
20260607_204649,185.265,1,Right,368,96.195652,0.000000,96.195652,0.000000,0.024571,0.011310,0.062948,19,0.000000,0.000000,0.477354,0.902488,0.024631,-0.477354,0.463048,0.164040,0.728121,0.000000,0.902488,0.728121,106.262768,28.557159,60.083478,0.299707,1,450.61
20260607_204649,190.275,1,Left,373,96.246649,0.000000,96.246649,0.000000,0.012207,0.009861,0.027534,17,0.000000,0.000000,0.682549,0.900000,0.023026,-0.455502,0.682549,0.055693,0.754591,0.000000,0.900000,0.754591,129.003429,36.710994,81.988568,0.261131,0,453.68
20260607_204649,190.275,1,Right,368,96.195652,0.000000,96.195652,0.000000,0.024571,0.011310,0.062948,19,0.000000,0.000000,0.477354,0.902488,0.024631,-0.477354,0.463048,0.164040,0.728121,0.000000,0.902488,0.728121,106.262768,28.557159,60.083478,0.299707,1,453.68
20260607_204649,195.285,1,Left,373,96.246649,0.000000,96.246649,0.000000,0.012207,0.009861,0.027534,17,0.000000,0.000000,0.682549,0.900000,0.023026,-0.455502,0.682549,0.055693,0.754591,0.000000,0.900000,0.754591,129.003429,36.710994,81.988568,0.261131,0,464.18
20260607_204649,195.285,1,Right,368,96.195652,0.000000,96.195652,0.000000,0.024571,0.011310,0.062948,19,0.000000,0.000000,0.477354,0.902488,0.024631,-0.477354,0.463048,0.164040,0.728121,0.000000,0.902488,0.728121,106.262768,28.557159,60.083478,0.299707,1,464.18
20260607_204649,200.292,1,Left,373,96.246649,0.000000,96.246649,0.000000,0.012207,0.009861,0.027534,17,0.000000,0.000000,0.682549,0.900000,0.023026,-0.455502,0.682549,0.055693,0.754591,0.000000,0.900000,0.754591,129.003429,36.710994,81.988568,0.261131,0,459.85
20260607_204649,200.292,1,Right,368,96.195652,0.000000,96.195652,0.000000,0.024571,0.011310,0.062948,19,0.000000,0.000000,0.477354,0.902488,0.024631,-0.477354,0.463048,0.164040,0.728121,0.000000,0.902488,0.728121,106.262768,28.557159,60.083478,0.299707,1,459.85
20260607_204649,205.300,1,Left,373,96.246649,0.000000,96.246649,0.000000,0.012207,0.009861,0.027534,17,0.000000,0.000000,0.682549,0.900000,0.023026,-0.455502,0.682549,0.055693,0.754591,0.000000,0.900000,0.754591,129.003429,36.710994,81.988568,0.261131,0,450.76
20260607_204649,205.300,1,Right,368,96.195652,0.000000,96.195652,0.000000,0.024571,0.011310,0.062948,19,0.000000,0.000000,0.477354,0.902488,0.024631,-0.477354,0.463048,0.164040,0.728121,0.000000,0.902488,0.728121,106.262768,28.557159,60.083478,0.299707,1,450.76
20260607_204649,210.300,1,Left,373,96.246649,0.000000,96.246649,0.000000,0.012207,0.009861,0.027534,17,0.000000,0.000000,0.682549,0.900000,0.023026,-0.455502,0.682549,0.055693,0.754591,0.000000,0.900000,0.754591,129.003429,36.710994,81.988568,0.261131,0,453.63
20260607_204649,210.300,1,Right,368,96.195652,0.000000,96.195652,0.000000,0.024571,0.011310,0.062948,19,0.000000,0.000000,0.477354,0.902488,0.024631,-0.477354,0.463048,0.164040,0.728121,0.000000,0.902488,0.728121,106.262768,28.557159,60.083478,0.299707,1,453.63
20260607_204649,215.311,1,Left,373,96.246649,0.000000,96.246649,0.000000,0.012207,0.009861,0.027534,17,0.000000,0.000000,0.682549,0.900000,0.023026,-0.455502,0.682549,0.055693,0.754591,0.000000,0.900000,0.754591,129.003429,36.710994,81.988568,0.261131,0,470.16
20260607_204649,215.311,1,Right,368,96.195652,0.000000,96.195652,0.000000,0.024571,0.011310,0.062948,19,0.000000,0.000000,0.477354,0.902488,0.024631,-0.477354,0.463048,0.164040,0.728121,0.000000,0.902488,0.728121,106.262768,28.557159,60.083478,0.299707,1,470.16
20260607_204649,220.324,1,Left,373,96.246649,0.000000,96.246649,0.000000,0.012207,0.009861,0.027534,17,0.000000,0.000000,0.682549,0.900000,0.023026,-0.455502,0.682549,0.055693,0.754591,0.000000,0.900000,0.754591,129.003429,36.710994,81.988568,0.261131,0,352.49
20260607_204649,220.324,1,Right,368,96.195652,0.000000,96.195652,0.000000,0.024571,0.011310,0.062948,19,0.000000,0.000000,0.477354,0.902488,0.024631,-0.477354,0.463048,0.164040,0.728121,0.000000,0.902488,0.728121,106.262768,28.557159,60.083478,0.299707,1,352.49
20260607_204649,225.336,1,Left,373,96.246649,0.000000,96.246649,0.000000,0.012207,0.009861,0.027534,17,0.000000,0.000000,0.682549,0.900000,0.023026,-0.455502,0.682549,0.055693,0.754591,0.000000,0.900000,0.754591,129.003429,36.710994,81.988568,0.261131,0,438.92
20260607_204649,225.336,1,Right,368,96.195652,0.000000,96.195652,0.000000,0.024571,0.011310,0.062948,19,0.000000,0.000000,0.477354,0.902488,0.024631,-0.477354,0.463048,0.164040,0.728121,0.000000,0.902488,0.728121,106.262768,28.557159,60.083478,0.299707,1,438.92
20260607_204649,230.343,1,Left,373,96.246649,0.000000,96.246649,0.000000,0.012207,0.009861,0.027534,17,0.000000,0.000000,0.682549,0.900000,0.023026,-0.455502,0.682549,0.055693,0.754591,0.000000,0.900000,0.754591,129.003429,36.710994,81.988568,0.261131,0,467.70
20260607_204649,230.343,1,Right,368,96.195652,0.000000,96.195652,0.000000,0.024571,0.011310,0.062948,19,0.000000,0.000000,0.477354,0.902488,0.024631,-0.477354,0.463048,0.164040,0.728121,0.000000,0.902488,0.728121,106.262768,28.557159,60.083478,0.299707,1,467.70
20260607_204649,235.353,1,Left,373,96.246649,0.000000,96.246649,0.000000,0.012207,0.009861,0.027534,17,0.000000,0.000000,0.682549,0.900000,0.023026,-0.455502,0.682549,0.055693,0.754591,0.000000,0.900000,0.754591,129.003429,36.710994,81.988568,0.261131,0,442.67
20260607_204649,235.353,1,Right,368,96.195652,0.000000,96.195652,0.000000,0.024571,0.011310,0.062948,19,0.000000,0.000000,0.477354,0.902488,0.024631,-0.477354,0.463048,0.164040,0.728121,0.000000,0.902488,0.728121,106.262768,28.557159,60.083478,0.299707,1,442.67
20260607_204649,240.355,1,Left,373,96.246649,0.000000,96.246649,0.000000,0.012207,0.009861,0.027534,17,0.000000,0.000000,0.682549,0.900000,0.023026,-0.455502,0.682549,0.055693,0.754591,0.000000,0.900000,0.754591,129.003429,36.710994,81.988568,0.261131,0,451.58
20260607_204649,240.355,1,Right,368,96.195652,0.000000,96.195652,0.000000,0.024571,0.011310,0.062948,19,0.000000,0.000000,0.477354,0.902488,0.024631,-0.477354,0.463048,0.164040,0.728121,0.000000,0.902488,0.728121,106.262768,28.557159,60.083478,0.299707,1,451.58
20260607_204649,245.362,1,Left,373,96.246649,0.000000,96.246649,0.000000,0.012207,0.009861,0.027534,17,0.000000,0.000000,0.682549,0.900000,0.023026,-0.455502,0.682549,0.055693,0.754591,0.000000,0.900000,0.754591,129.003429,36.710994,81.988568,0.261131,0,450.08
20260607_204649,245.362,1,Right,368,96.195652,0.000000,96.195652,0.000000,0.024571,0.011310,0.062948,19,0.000000,0.000000,0.477354,0.902488,0.024631,-0.477354,0.463048,0.164040,0.728121,0.000000,0.902488,0.728121,106.262768,28.557159,60.083478,0.299707,1,450.08
20260607_204649,250.373,1,Left,373,96.246649,0.000000,96.246649,0.000000,0.012207,0.009861,0.027534,17,0.000000,0.000000,0.682549,0.900000,0.023026,-0.455502,0.682549,0.055693,0.754591,0.000000,0.900000,0.754591,129.003429,36.710994,81.988568,0.261131,0,436.82
20260607_204649,250.373,1,Right,368,96.195652,0.000000,96.195652,0.000000,0.024571,0.011310,0.062948,19,0.000000,0.000000,0.477354,0.902488,0.024631,-0.477354,0.463048,0.164040,0.728121,0.000000,0.902488,0.728121,106.262768,28.557159,60.083478,0.299707,1,436.82
20260607_204649,255.375,1,Left,373,96.246649,0.000000,96.246649,0.000000,0.012207,0.009861,0.027534,17,0.000000,0.000000,0.682549,0.900000,0.023026,-0.455502,0.682549,0.055693,0.754591,0.000000,0.900000,0.754591,129.003429,36.710994,81.988568,0.261131,0,448.88
20260607_204649,255.375,1,Right,368,96.195652,0.000000,96.195652,0.000000,0.024571,0.011310,0.062948,19,0.000000,0.000000,0.477354,0.902488,0.024631,-0.477354,0.463048,0.164040,0.728121,0.000000,0.902488,0.728121,106.262768,28.557159,60.083478,0.299707,1,448.88
20260607_204649,260.384,1,Left,373,96.246649,0.000000,96.246649,0.000000,0.012207,0.009861,0.027534,17,0.000000,0.000000,0.682549,0.900000,0.023026,-0.455502,0.682549,0.055693,0.754591,0.000000,0.900000,0.754591,129.003429,36.710994,81.988568,0.261131,0,470.11
20260607_204649,260.384,1,Right,368,96.195652,0.000000,96.195652,0.000000,0.024571,0.011310,0.062948,19,0.000000,0.000000,0.477354,0.902488,0.024631,-0.477354,0.463048,0.164040,0.728121,0.000000,0.902488,0.728121,106.262768,28.557159,60.083478,0.299707,1,470.11
20260607_204649,265.386,1,Left,373,96.246649,0.000000,96.246649,0.000000,0.012207,0.009861,0.027534,17,0.000000,0.000000,0.682549,0.900000,0.023026,-0.455502,0.682549,0.055693,0.754591,0.000000,0.900000,0.754591,129.003429,36.710994,81.988568,0.261131,0,465.93
20260607_204649,265.386,1,Right,368,96.195652,0.000000,96.195652,0.000000,0.024571,0.011310,0.062948,19,0.000000,0.000000,0.477354,0.902488,0.024631,-0.477354,0.463048,0.164040,0.728121,0.000000,0.902488,0.728121,106.262768,28.557159,60.083478,0.299707,1,465.93
20260607_204649,270.390,1,Left,373,96.246649,0.000000,96.246649,0.000000,0.012207,0.009861,0.027534,17,0.000000,0.000000,0.682549,0.900000,0.023026,-0.455502,0.682549,0.055693,0.754591,0.000000,0.900000,0.754591,129.003429,36.710994,81.988568,0.261131,0,457.99
20260607_204649,270.390,1,Right,368,96.195652,0.000000,96.195652,0.000000,0.024571,0.011310,0.062948,19,0.000000,0.000000,0.477354,0.902488,0.024631,-0.477354,0.463048,0.164040,0.728121,0.000000,0.902488,0.728121,106.262768,28.557159,60.083478,0.299707,1,457.99
20260607_204649,275.391,1,Left,373,96.246649,0.000000,96.246649,0.000000,0.012207,0.009861,0.027534,17,0.000000,0.000000,0.682549,0.900000,0.023026,-0.455502,0.682549,0.055693,0.754591,0.000000,0.900000,0.754591,129.003429,36.710994,81.988568,0.261131,0,442.25
20260607_204649,275.391,1,Right,368,96.195652,0.000000,96.195652,0.000000,0.024571,0.011310,0.062948,19,0.000000,0.000000,0.477354,0.902488,0.024631,-0.477354,0.463048,0.164040,0.728121,0.000000,0.902488,0.728121,106.262768,28.557159,60.083478,0.299707,1,442.25
20260607_204649,280.401,1,Left,373,96.246649,0.000000,96.246649,0.000000,0.012207,0.009861,0.027534,17,0.000000,0.000000,0.682549,0.900000,0.023026,-0.455502,0.682549,0.055693,0.754591,0.000000,0.900000,0.754591,129.003429,36.710994,81.988568,0.261131,0,473.67
20260607_204649,280.401,1,Right,368,96.195652,0.000000,96.195652,0.000000,0.024571,0.011310,0.062948,19,0.000000,0.000000,0.477354,0.902488,0.024631,-0.477354,0.463048,0.164040,0.728121,0.000000,0.902488,0.728121,106.262768,28.557159,60.083478,0.299707,1,473.67
20260607_204649,285.406,1,Left,373,96.246649,0.000000,96.246649,0.000000,0.012207,0.009861,0.027534,17,0.000000,0.000000,0.682549,0.900000,0.023026,-0.455502,0.682549,0.055693,0.754591,0.000000,0.900000,0.754591,129.003429,36.710994,81.988568,0.261131,0,435.50
20260607_204649,285.406,1,Right,368,96.195652,0.000000,96.195652,0.000000,0.024571,0.011310,0.062948,19,0.000000,0.000000,0.477354,0.902488,0.024631,-0.477354,0.463048,0.164040,0.728121,0.000000,0.902488,0.728121,106.262768,28.557159,60.083478,0.299707,1,435.50
20260607_204649,290.410,1,Left,373,96.246649,0.000000,96.246649,0.000000,0.012207,0.009861,0.027534,17,0.000000,0.000000,0.682549,0.900000,0.023026,-0.455502,0.682549,0.055693,0.754591,0.000000,0.900000,0.754591,129.003429,36.710994,81.988568,0.261131,0,437.82
20260607_204649,290.410,1,Right,368,96.195652,0.000000,96.195652,0.000000,0.024571,0.011310,0.062948,19,0.000000,0.000000,0.477354,0.902488,0.024631,-0.477354,0.463048,0.164040,0.728121,0.000000,0.902488,0.728121,106.262768,28.557159,60.083478,0.299707,1,437.82
20260607_204649,295.411,1,Left,373,96.246649,0.000000,96.246649,0.000000,0.012207,0.009861,0.027534,17,0.000000,0.000000,0.682549,0.900000,0.023026,-0.455502,0.682549,0.055693,0.754591,0.000000,0.900000,0.754591,129.003429,36.710994,81.988568,0.261131,0,460.41
20260607_204649,295.411,1,Right,368,96.195652,0.000000,96.195652,0.000000,0.024571,0.011310,0.062948,19,0.000000,0.000000,0.477354,0.902488,0.024631,-0.477354,0.463048,0.164040,0.728121,0.000000,0.902488,0.728121,106.262768,28.557159,60.083478,0.299707,1,460.41
20260607_204649,300.420,1,Left,373,96.246649,0.000000,96.246649,0.000000,0.012207,0.009861,0.027534,17,0.000000,0.000000,0.682549,0.900000,0.023026,-0.455502,0.682549,0.055693,0.754591,0.000000,0.900000,0.754591,129.003429,36.710994,81.988568,0.261131,0,467.12
20260607_204649,300.420,1,Right,368,96.195652,0.000000,96.195652,0.000000,0.024571,0.011310,0.062948,19,0.000000,0.000000,0.477354,0.902488,0.024631,-0.477354,0.463048,0.164040,0.728121,0.000000,0.902488,0.728121,106.262768,28.557159,60.083478,0.299707,1,467.12
20260607_204649,305.433,1,Left,373,96.246649,0.000000,96.246649,0.000000,0.012207,0.009861,0.027534,17,0.000000,0.000000,0.682549,0.900000,0.023026,-0.455502,0.682549,0.055693,0.754591,0.000000,0.900000,0.754591,129.003429,36.710994,81.988568,0.261131,0,427.03
20260607_204649,305.433,1,Right,368,96.195652,0.000000,96.195652,0.000000,0.024571,0.011310,0.062948,19,0.000000,0.000000,0.477354,0.902488,0.024631,-0.477354,0.463048,0.164040,0.728121,0.000000,0.902488,0.728121,106.262768,28.557159,60.083478,0.299707,1,427.03
20260607_204649,310.437,1,Left,373,96.246649,0.000000,96.246649,0.000000,0.012207,0.009861,0.027534,17,0.000000,0.000000,0.682549,0.900000,0.023026,-0.455502,0.682549,0.055693,0.754591,0.000000,0.900000,0.754591,129.003429,36.710994,81.988568,0.261131,0,473.50
20260607_204649,310.437,1,Right,368,96.195652,0.000000,96.195652,0.000000,0.024571,0.011310,0.062948,19,0.000000,0.000000,0.477354,0.902488,0.024631,-0.477354,0.463048,0.164040,0.728121,0.000000,0.902488,0.728121,106.262768,28.557159,60.083478,0.299707,1,473.50
20260607_204649,315.448,1,Left,373,96.246649,0.000000,96.246649,0.000000,0.012207,0.009861,0.027534,17,0.000000,0.000000,0.682549,0.900000,0.023026,-0.455502,0.682549,0.055693,0.754591,0.000000,0.900000,0.754591,129.003429,36.710994,81.988568,0.261131,0,455.80
20260607_204649,315.448,1,Right,368,96.195652,0.000000,96.195652,0.000000,0.024571,0.011310,0.062948,19,0.000000,0.000000,0.477354,0.902488,0.024631,-0.477354,0.463048,0.164040,0.728121,0.000000,0.902488,0.728121,106.262768,28.557159,60.083478,0.299707,1,455.80
20260607_204649,320.457,1,Left,373,96.246649,0.000000,96.246649,0.000000,0.012207,0.009861,0.027534,17,0.000000,0.000000,0.682549,0.900000,0.023026,-0.455502,0.682549,0.055693,0.754591,0.000000,0.900000,0.754591,129.003429,36.710994,81.988568,0.261131,0,469.74
20260607_204649,320.457,1,Right,368,96.195652,0.000000,96.195652,0.000000,0.024571,0.011310,0.062948,19,0.000000,0.000000,0.477354,0.902488,0.024631,-0.477354,0.463048,0.164040,0.728121,0.000000,0.902488,0.728121,106.262768,28.557159,60.083478,0.299707,1,469.74
20260607_204649,325.457,1,Left,373,96.246649,0.000000,96.246649,0.000000,0.012207,0.009861,0.027534,17,0.000000,0.000000,0.682549,0.900000,0.023026,-0.455502,0.682549,0.055693,0.754591,0.000000,0.900000,0.754591,129.003429,36.710994,81.988568,0.261131,0,464.54
20260607_204649,325.457,1,Right,368,96.195652,0.000000,96.195652,0.000000,0.024571,0.011310,0.062948,19,0.000000,0.000000,0.477354,0.902488,0.024631,-0.477354,0.463048,0.164040,0.728121,0.000000,0.902488,0.728121,106.262768,28.557159,60.083478,0.299707,1,464.54
20260607_204649,330.464,1,Left,373,96.246649,0.000000,96.246649,0.000000,0.012207,0.009861,0.027534,17,0.000000,0.000000,0.682549,0.900000,0.023026,-0.455502,0.682549,0.055693,0.754591,0.000000,0.900000,0.754591,129.003429,36.710994,81.988568,0.261131,0,462.44
20260607_204649,330.464,1,Right,368,96.195652,0.000000,96.195652,0.000000,0.024571,0.011310,0.062948,19,0.000000,0.000000,0.477354,0.902488,0.024631,-0.477354,0.463048,0.164040,0.728121,0.000000,0.902488,0.728121,106.262768,28.557159,60.083478,0.299707,1,462.44
20260607_204649,335.465,1,Left,373,96.246649,0.000000,96.246649,0.000000,0.012207,0.009861,0.027534,17,0.000000,0.000000,0.682549,0.900000,0.023026,-0.455502,0.682549,0.055693,0.754591,0.000000,0.900000,0.754591,129.003429,36.710994,81.988568,0.261131,0,449.36
20260607_204649,335.465,1,Right,368,96.195652,0.000000,96.195652,0.000000,0.024571,0.011310,0.062948,19,0.000000,0.000000,0.477354,0.902488,0.024631,-0.477354,0.463048,0.164040,0.728121,0.000000,0.902488,0.728121,106.262768,28.557159,60.083478,0.299707,1,449.36
20260607_204649,340.474,1,Left,373,96.246649,0.000000,96.246649,0.000000,0.012207,0.009861,0.027534,17,0.000000,0.000000,0.682549,0.900000,0.023026,-0.455502,0.682549,0.055693,0.754591,0.000000,0.900000,0.754591,129.003429,36.710994,81.988568,0.261131,0,448.59
20260607_204649,340.474,1,Right,368,96.195652,0.000000,96.195652,0.000000,0.024571,0.011310,0.062948,19,0.000000,0.000000,0.477354,0.902488,0.024631,-0.477354,0.463048,0.164040,0.728121,0.000000,0.902488,0.728121,106.262768,28.557159,60.083478,0.299707,1,448.59
20260607_204649,345.480,1,Left,373,96.246649,0.000000,96.246649,0.000000,0.012207,0.009861,0.027534,17,0.000000,0.000000,0.682549,0.900000,0.023026,-0.455502,0.682549,0.055693,0.754591,0.000000,0.900000,0.754591,129.003429,36.710994,81.988568,0.261131,0,461.01
20260607_204649,345.480,1,Right,368,96.195652,0.000000,96.195652,0.000000,0.024571,0.011310,0.062948,19,0.000000,0.000000,0.477354,0.902488,0.024631,-0.477354,0.463048,0.164040,0.728121,0.000000,0.902488,0.728121,106.262768,28.557159,60.083478,0.299707,1,461.01
20260607_204649,350.487,1,Left,373,96.246649,0.000000,96.246649,0.000000,0.012207,0.009861,0.027534,17,0.000000,0.000000,0.682549,0.900000,0.023026,-0.455502,0.682549,0.055693,0.754591,0.000000,0.900000,0.754591,129.003429,36.710994,81.988568,0.261131,0,468.17
20260607_204649,350.487,1,Right,368,96.195652,0.000000,96.195652,0.000000,0.024571,0.011310,0.062948,19,0.000000,0.000000,0.477354,0.902488,0.024631,-0.477354,0.463048,0.164040,0.728121,0.000000,0.902488,0.728121,106.262768,28.557159,60.083478,0.299707,1,468.17
20260607_204649,355.489,1,Left,373,96.246649,0.000000,96.246649,0.000000,0.012207,0.009861,0.027534,17,0.000000,0.000000,0.682549,0.900000,0.023026,-0.455502,0.682549,0.055693,0.754591,0.000000,0.900000,0.754591,129.003429,36.710994,81.988568,0.261131,0,468.53
20260607_204649,355.489,1,Right,368,96.195652,0.000000,96.195652,0.000000,0.024571,0.011310,0.062948,19,0.000000,0.000000,0.477354,0.902488,0.024631,-0.477354,0.463048,0.164040,0.728121,0.000000,0.902488,0.728121,106.262768,28.557159,60.083478,0.299707,1,468.53
20260607_204649,360.499,1,Left,373,96.246649,0.000000,96.246649,0.000000,0.012207,0.009861,0.027534,17,0.000000,0.000000,0.682549,0.900000,0.023026,-0.455502,0.682549,0.055693,0.754591,0.000000,0.900000,0.754591,129.003429,36.710994,81.988568,0.261131,0,475.54
20260607_204649,360.499,1,Right,368,96.195652,0.000000,96.195652,0.000000,0.024571,0.011310,0.062948,19,0.000000,0.000000,0.477354,0.902488,0.024631,-0.477354,0.463048,0.164040,0.728121,0.000000,0.902488,0.728121,106.262768,28.557159,60.083478,0.299707,1,475.54
20260607_204649,365.503,1,Left,373,96.246649,0.000000,96.246649,0.000000,0.012207,0.009861,0.027534,17,0.000000,0.000000,0.682549,0.900000,0.023026,-0.455502,0.682549,0.055693,0.754591,0.000000,0.900000,0.754591,129.003429,36.710994,81.988568,0.261131,0,444.69
20260607_204649,365.503,1,Right,368,96.195652,0.000000,96.195652,0.000000,0.024571,0.011310,0.062948,19,0.000000,0.000000,0.477354,0.902488,0.024631,-0.477354,0.463048,0.164040,0.728121,0.000000,0.902488,0.728121,106.262768,28.557159,60.083478,0.299707,1,444.69
20260607_204649,370.512,1,Left,373,96.246649,0.000000,96.246649,0.000000,0.012207,0.009861,0.027534,17,0.000000,0.000000,0.682549,0.900000,0.023026,-0.455502,0.682549,0.055693,0.754591,0.000000,0.900000,0.754591,129.003429,36.710994,81.988568,0.261131,0,460.66
20260607_204649,370.512,1,Right,368,96.195652,0.000000,96.195652,0.000000,0.024571,0.011310,0.062948,19,0.000000,0.000000,0.477354,0.902488,0.024631,-0.477354,0.463048,0.164040,0.728121,0.000000,0.902488,0.728121,106.262768,28.557159,60.083478,0.299707,1,460.66
20260607_204649,375.514,1,Left,373,96.246649,0.000000,96.246649,0.000000,0.012207,0.009861,0.027534,17,0.000000,0.000000,0.682549,0.900000,0.023026,-0.455502,0.682549,0.055693,0.754591,0.000000,0.900000,0.754591,129.003429,36.710994,81.988568,0.261131,0,458.69
20260607_204649,375.514,1,Right,368,96.195652,0.000000,96.195652,0.000000,0.024571,0.011310,0.062948,19,0.000000,0.000000,0.477354,0.902488,0.024631,-0.477354,0.463048,0.164040,0.728121,0.000000,0.902488,0.728121,106.262768,28.557159,60.083478,0.299707,1,458.69
20260607_204649,380.523,1,Left,373,96.246649,0.000000,96.246649,0.000000,0.012207,0.009861,0.027534,17,0.000000,0.000000,0.682549,0.900000,0.023026,-0.455502,0.682549,0.055693,0.754591,0.000000,0.900000,0.754591,129.003429,36.710994,81.988568,0.261131,0,450.13
20260607_204649,380.523,1,Right,368,96.195652,0.000000,96.195652,0.000000,0.024571,0.011310,0.062948,19,0.000000,0.000000,0.477354,0.902488,0.024631,-0.477354,0.463048,0.164040,0.728121,0.000000,0.902488,0.728121,106.262768,28.557159,60.083478,0.299707,1,450.13
20260607_204649,385.528,1,Left,373,96.246649,0.000000,96.246649,0.000000,0.012207,0.009861,0.027534,17,0.000000,0.000000,0.682549,0.900000,0.023026,-0.455502,0.682549,0.055693,0.754591,0.000000,0.900000,0.754591,129.003429,36.710994,81.988568,0.261131,0,461.01
20260607_204649,385.528,1,Right,368,96.195652,0.000000,96.195652,0.000000,0.024571,0.011310,0.062948,19,0.000000,0.000000,0.477354,0.902488,0.024631,-0.477354,0.463048,0.164040,0.728121,0.000000,0.902488,0.728121,106.262768,28.557159,60.083478,0.299707,1,461.01
20260607_204649,390.536,1,Left,373,96.246649,0.000000,96.246649,0.000000,0.012207,0.009861,0.027534,17,0.000000,0.000000,0.682549,0.900000,0.023026,-0.455502,0.682549,0.055693,0.754591,0.000000,0.900000,0.754591,129.003429,36.710994,81.988568,0.261131,0,456.30
20260607_204649,390.536,1,Right,368,96.195652,0.000000,96.195652,0.000000,0.024571,0.011310,0.062948,19,0.000000,0.000000,0.477354,0.902488,0.024631,-0.477354,0.463048,0.164040,0.728121,0.000000,0.902488,0.728121,106.262768,28.557159,60.083478,0.299707,1,456.30
20260607_204649,395.541,1,Left,373,96.246649,0.000000,96.246649,0.000000,0.012207,0.009861,0.027534,17,0.000000,0.000000,0.682549,0.900000,0.023026,-0.455502,0.682549,0.055693,0.754591,0.000000,0.900000,0.754591,129.003429,36.710994,81.988568,0.261131,0,462.59
20260607_204649,395.541,1,Right,368,96.195652,0.000000,96.195652,0.000000,0.024571,0.011310,0.062948,19,0.000000,0.000000,0.477354,0.902488,0.024631,-0.477354,0.463048,0.164040,0.728121,0.000000,0.902488,0.728121,106.262768,28.557159,60.083478,0.299707,1,462.59
20260607_204649,400.541,1,Left,373,96.246649,0.000000,96.246649,0.000000,0.012207,0.009861,0.027534,17,0.000000,0.000000,0.682549,0.900000,0.023026,-0.455502,0.682549,0.055693,0.754591,0.000000,0.900000,0.754591,129.003429,36.710994,81.988568,0.261131,0,460.31
20260607_204649,400.541,1,Right,368,96.195652,0.000000,96.195652,0.000000,0.024571,0.011310,0.062948,19,0.000000,0.000000,0.477354,0.902488,0.024631,-0.477354,0.463048,0.164040,0.728121,0.000000,0.902488,0.728121,106.262768,28.557159,60.083478,0.299707,1,460.31
20260607_204649,405.542,1,Left,373,96.246649,0.000000,96.246649,0.000000,0.012207,0.009861,0.027534,17,0.000000,0.000000,0.682549,0.900000,0.023026,-0.455502,0.682549,0.055693,0.754591,0.000000,0.900000,0.754591,129.003429,36.710994,81.988568,0.261131,0,440.67
20260607_204649,405.542,1,Right,368,96.195652,0.000000,96.195652,0.000000,0.024571,0.011310,0.062948,19,0.000000,0.000000,0.477354,0.902488,0.024631,-0.477354,0.463048,0.164040,0.728121,0.000000,0.902488,0.728121,106.262768,28.557159,60.083478,0.299707,1,440.67
20260607_204649,410.554,1,Left,373,96.246649,0.000000,96.246649,0.000000,0.012207,0.009861,0.027534,17,0.000000,0.000000,0.682549,0.900000,0.023026,-0.455502,0.682549,0.055693,0.754591,0.000000,0.900000,0.754591,129.003429,36.710994,81.988568,0.261131,0,453.78
20260607_204649,410.554,1,Right,368,96.195652,0.000000,96.195652,0.000000,0.024571,0.011310,0.062948,19,0.000000,0.000000,0.477354,0.902488,0.024631,-0.477354,0.463048,0.164040,0.728121,0.000000,0.902488,0.728121,106.262768,28.557159,60.083478,0.299707,1,453.78
20260607_204649,415.560,1,Left,373,96.246649,0.000000,96.246649,0.000000,0.012207,0.009861,0.027534,17,0.000000,0.000000,0.682549,0.900000,0.023026,-0.455502,0.682549,0.055693,0.754591,0.000000,0.900000,0.754591,129.003429,36.710994,81.988568,0.261131,0,435.50
20260607_204649,415.560,1,Right,368,96.195652,0.000000,96.195652,0.000000,0.024571,0.011310,0.062948,19,0.000000,0.000000,0.477354,0.902488,0.024631,-0.477354,0.463048,0.164040,0.728121,0.000000,0.902488,0.728121,106.262768,28.557159,60.083478,0.299707,1,435.50
20260607_204649,420.567,1,Left,373,96.246649,0.000000,96.246649,0.000000,0.012207,0.009861,0.027534,17,0.000000,0.000000,0.682549,0.900000,0.023026,-0.455502,0.682549,0.055693,0.754591,0.000000,0.900000,0.754591,129.003429,36.710994,81.988568,0.261131,0,463.15
20260607_204649,420.567,1,Right,368,96.195652,0.000000,96.195652,0.000000,0.024571,0.011310,0.062948,19,0.000000,0.000000,0.477354,0.902488,0.024631,-0.477354,0.463048,0.164040,0.728121,0.000000,0.902488,0.728121,106.262768,28.557159,60.083478,0.299707,1,463.15
20260607_204649,425.572,1,Left,373,96.246649,0.000000,96.246649,0.000000,0.012207,0.009861,0.027534,17,0.000000,0.000000,0.682549,0.900000,0.023026,-0.455502,0.682549,0.055693,0.754591,0.000000,0.900000,0.754591,129.003429,36.710994,81.988568,0.261131,0,454.08
20260607_204649,425.572,1,Right,368,96.195652,0.000000,96.195652,0.000000,0.024571,0.011310,0.062948,19,0.000000,0.000000,0.477354,0.902488,0.024631,-0.477354,0.463048,0.164040,0.728121,0.000000,0.902488,0.728121,106.262768,28.557159,60.083478,0.299707,1,454.08
20260607_204649,430.577,1,Left,373,96.246649,0.000000,96.246649,0.000000,0.012207,0.009861,0.027534,17,0.000000,0.000000,0.682549,0.900000,0.023026,-0.455502,0.682549,0.055693,0.754591,0.000000,0.900000,0.754591,129.003429,36.710994,81.988568,0.261131,0,454.57
20260607_204649,430.577,1,Right,368,96.195652,0.000000,96.195652,0.000000,0.024571,0.011310,0.062948,19,0.000000,0.000000,0.477354,0.902488,0.024631,-0.477354,0.463048,0.164040,0.728121,0.000000,0.902488,0.728121,106.262768,28.557159,60.083478,0.299707,1,454.57
20260607_204649,435.582,1,Left,373,96.246649,0.000000,96.246649,0.000000,0.012207,0.009861,0.027534,17,0.000000,0.000000,0.682549,0.900000,0.023026,-0.455502,0.682549,0.055693,0.754591,0.000000,0.900000,0.754591,129.003429,36.710994,81.988568,0.261131,0,452.61
20260607_204649,435.582,1,Right,368,96.195652,0.000000,96.195652,0.000000,0.024571,0.011310,0.062948,19,0.000000,0.000000,0.477354,0.902488,0.024631,-0.477354,0.463048,0.164040,0.728121,0.000000,0.902488,0.728121,106.262768,28.557159,60.083478,0.299707,1,452.61
20260607_204649,440.583,1,Left,373,96.246649,0.000000,96.246649,0.000000,0.012207,0.009861,0.027534,17,0.000000,0.000000,0.682549,0.900000,0.023026,-0.455502,0.682549,0.055693,0.754591,0.000000,0.900000,0.754591,129.003429,36.710994,81.988568,0.261131,0,452.90
20260607_204649,440.583,1,Right,368,96.195652,0.000000,96.195652,0.000000,0.024571,0.011310,0.062948,19,0.000000,0.000000,0.477354,0.902488,0.024631,-0.477354,0.463048,0.164040,0.728121,0.000000,0.902488,0.728121,106.262768,28.557159,60.083478,0.299707,1,452.90
20260607_204649,445.595,1,Left,373,96.246649,0.000000,96.246649,0.000000,0.012207,0.009861,0.027534,17,0.000000,0.000000,0.682549,0.900000,0.023026,-0.455502,0.682549,0.055693,0.754591,0.000000,0.900000,0.754591,129.003429,36.710994,81.988568,0.261131,0,455.31
20260607_204649,445.595,1,Right,368,96.195652,0.000000,96.195652,0.000000,0.024571,0.011310,0.062948,19,0.000000,0.000000,0.477354,0.902488,0.024631,-0.477354,0.463048,0.164040,0.728121,0.000000,0.902488,0.728121,106.262768,28.557159,60.083478,0.299707,1,455.31
20260607_204649,450.597,1,Left,373,96.246649,0.000000,96.246649,0.000000,0.012207,0.009861,0.027534,17,0.000000,0.000000,0.682549,0.900000,0.023026,-0.455502,0.682549,0.055693,0.754591,0.000000,0.900000,0.754591,129.003429,36.710994,81.988568,0.261131,0,469.21
20260607_204649,450.597,1,Right,368,96.195652,0.000000,96.195652,0.000000,0.024571,0.011310,0.062948,19,0.000000,0.000000,0.477354,0.902488,0.024631,-0.477354,0.463048,0.164040,0.728121,0.000000,0.902488,0.728121,106.262768,28.557159,60.083478,0.299707,1,469.21
20260607_204649,455.604,1,Left,373,96.246649,0.000000,96.246649,0.000000,0.012207,0.009861,0.027534,17,0.000000,0.000000,0.682549,0.900000,0.023026,-0.455502,0.682549,0.055693,0.754591,0.000000,0.900000,0.754591,129.003429,36.710994,81.988568,0.261131,0,447.82
20260607_204649,455.604,1,Right,368,96.195652,0.000000,96.195652,0.000000,0.024571,0.011310,0.062948,19,0.000000,0.000000,0.477354,0.902488,0.024631,-0.477354,0.463048,0.164040,0.728121,0.000000,0.902488,0.728121,106.262768,28.557159,60.083478,0.299707,1,447.82
20260607_204649,460.606,1,Left,373,96.246649,0.000000,96.246649,0.000000,0.012207,0.009861,0.027534,17,0.000000,0.000000,0.682549,0.900000,0.023026,-0.455502,0.682549,0.055693,0.754591,0.000000,0.900000,0.754591,129.003429,36.710994,81.988568,0.261131,0,446.06
20260607_204649,460.606,1,Right,368,96.195652,0.000000,96.195652,0.000000,0.024571,0.011310,0.062948,19,0.000000,0.000000,0.477354,0.902488,0.024631,-0.477354,0.463048,0.164040,0.728121,0.000000,0.902488,0.728121,106.262768,28.557159,60.083478,0.299707,1,446.06
20260607_204649,465.608,1,Left,373,96.246649,0.000000,96.246649,0.000000,0.012207,0.009861,0.027534,17,0.000000,0.000000,0.682549,0.900000,0.023026,-0.455502,0.682549,0.055693,0.754591,0.000000,0.900000,0.754591,129.003429,36.710994,81.988568,0.261131,0,428.95
20260607_204649,465.608,1,Right,368,96.195652,0.000000,96.195652,0.000000,0.024571,0.011310,0.062948,19,0.000000,0.000000,0.477354,0.902488,0.024631,-0.477354,0.463048,0.164040,0.728121,0.000000,0.902488,0.728121,106.262768,28.557159,60.083478,0.299707,1,428.95
20260607_204649,470.611,1,Left,373,96.246649,0.000000,96.246649,0.000000,0.012207,0.009861,0.027534,17,0.000000,0.000000,0.682549,0.900000,0.023026,-0.455502,0.682549,0.055693,0.754591,0.000000,0.900000,0.754591,129.003429,36.710994,81.988568,0.261131,0,452.02
20260607_204649,470.611,1,Right,368,96.195652,0.000000,96.195652,0.000000,0.024571,0.011310,0.062948,19,0.000000,0.000000,0.477354,0.902488,0.024631,-0.477354,0.463048,0.164040,0.728121,0.000000,0.902488,0.728121,106.262768,28.557159,60.083478,0.299707,1,452.02
20260607_204649,475.613,1,Left,373,96.246649,0.000000,96.246649,0.000000,0.012207,0.009861,0.027534,17,0.000000,0.000000,0.682549,0.900000,0.023026,-0.455502,0.682549,0.055693,0.754591,0.000000,0.900000,0.754591,129.003429,36.710994,81.988568,0.261131,0,474.09
20260607_204649,475.613,1,Right,368,96.195652,0.000000,96.195652,0.000000,0.024571,0.011310,0.062948,19,0.000000,0.000000,0.477354,0.902488,0.024631,-0.477354,0.463048,0.164040,0.728121,0.000000,0.902488,0.728121,106.262768,28.557159,60.083478,0.299707,1,474.09
20260607_204649,480.624,1,Left,373,96.246649,0.000000,96.246649,0.000000,0.012207,0.009861,0.027534,17,0.000000,0.000000,0.682549,0.900000,0.023026,-0.455502,0.682549,0.055693,0.754591,0.000000,0.900000,0.754591,129.003429,36.710994,81.988568,0.261131,0,467.28
20260607_204649,480.624,1,Right,368,96.195652,0.000000,96.195652,0.000000,0.024571,0.011310,0.062948,19,0.000000,0.000000,0.477354,0.902488,0.024631,-0.477354,0.463048,0.164040,0.728121,0.000000,0.902488,0.728121,106.262768,28.557159,60.083478,0.299707,1,467.28
20260607_204649,485.633,1,Left,373,96.246649,0.000000,96.246649,0.000000,0.012207,0.009861,0.027534,17,0.000000,0.000000,0.682549,0.900000,0.023026,-0.455502,0.682549,0.055693,0.754591,0.000000,0.900000,0.754591,129.003429,36.710994,81.988568,0.261131,0,441.60
20260607_204649,485.633,1,Right,368,96.195652,0.000000,96.195652,0.000000,0.024571,0.011310,0.062948,19,0.000000,0.000000,0.477354,0.902488,0.024631,-0.477354,0.463048,0.164040,0.728121,0.000000,0.902488,0.728121,106.262768,28.557159,60.083478,0.299707,1,441.60
20260607_204649,490.643,1,Left,373,96.246649,0.000000,96.246649,0.000000,0.012207,0.009861,0.027534,17,0.000000,0.000000,0.682549,0.900000,0.023026,-0.455502,0.682549,0.055693,0.754591,0.000000,0.900000,0.754591,129.003429,36.710994,81.988568,0.261131,0,453.34
20260607_204649,490.643,1,Right,368,96.195652,0.000000,96.195652,0.000000,0.024571,0.011310,0.062948,19,0.000000,0.000000,0.477354,0.902488,0.024631,-0.477354,0.463048,0.164040,0.728121,0.000000,0.902488,0.728121,106.262768,28.557159,60.083478,0.299707,1,453.34
20260607_204649,495.650,1,Left,373,96.246649,0.000000,96.246649,0.000000,0.012207,0.009861,0.027534,17,0.000000,0.000000,0.682549,0.900000,0.023026,-0.455502,0.682549,0.055693,0.754591,0.000000,0.900000,0.754591,129.003429,36.710994,81.988568,0.261131,0,426.08
20260607_204649,495.650,1,Right,368,96.195652,0.000000,96.195652,0.000000,0.024571,0.011310,0.062948,19,0.000000,0.000000,0.477354,0.902488,0.024631,-0.477354,0.463048,0.164040,0.728121,0.000000,0.902488,0.728121,106.262768,28.557159,60.083478,0.299707,1,426.08
20260607_204649,500.660,1,Left,373,96.246649,0.000000,96.246649,0.000000,0.012207,0.009861,0.027534,17,0.000000,0.000000,0.682549,0.900000,0.023026,-0.455502,0.682549,0.055693,0.754591,0.000000,0.900000,0.754591,129.003429,36.710994,81.988568,0.261131,0,454.13
20260607_204649,500.660,1,Right,368,96.195652,0.000000,96.195652,0.000000,0.024571,0.011310,0.062948,19,0.000000,0.000000,0.477354,0.902488,0.024631,-0.477354,0.463048,0.164040,0.728121,0.000000,0.902488,0.728121,106.262768,28.557159,60.083478,0.299707,1,454.13
20260607_204649,505.660,1,Left,373,96.246649,0.000000,96.246649,0.000000,0.012207,0.009861,0.027534,17,0.000000,0.000000,0.682549,0.900000,0.023026,-0.455502,0.682549,0.055693,0.754591,0.000000,0.900000,0.754591,129.003429,36.710994,81.988568,0.261131,0,464.38
20260607_204649,505.660,1,Right,368,96.195652,0.000000,96.195652,0.000000,0.024571,0.011310,0.062948,19,0.000000,0.000000,0.477354,0.902488,0.024631,-0.477354,0.463048,0.164040,0.728121,0.000000,0.902488,0.728121,106.262768,28.557159,60.083478,0.299707,1,464.38
20260607_204649,510.660,1,Left,373,96.246649,0.000000,96.246649,0.000000,0.012207,0.009861,0.027534,17,0.000000,0.000000,0.682549,0.900000,0.023026,-0.455502,0.682549,0.055693,0.754591,0.000000,0.900000,0.754591,129.003429,36.710994,81.988568,0.261131,0,457.99
20260607_204649,510.660,1,Right,368,96.195652,0.000000,96.195652,0.000000,0.024571,0.011310,0.062948,19,0.000000,0.000000,0.477354,0.902488,0.024631,-0.477354,0.463048,0.164040,0.728121,0.000000,0.902488,0.728121,106.262768,28.557159,60.083478,0.299707,1,457.99
20260607_204649,515.665,1,Left,373,96.246649,0.000000,96.246649,0.000000,0.012207,0.009861,0.027534,17,0.000000,0.000000,0.682549,0.900000,0.023026,-0.455502,0.682549,0.055693,0.754591,0.000000,0.900000,0.754591,129.003429,36.710994,81.988568,0.261131,0,464.54
20260607_204649,515.665,1,Right,368,96.195652,0.000000,96.195652,0.000000,0.024571,0.011310,0.062948,19,0.000000,0.000000,0.477354,0.902488,0.024631,-0.477354,0.463048,0.164040,0.728121,0.000000,0.902488,0.728121,106.262768,28.557159,60.083478,0.299707,1,464.54
20260607_204649,520.665,1,Left,373,96.246649,0.000000,96.246649,0.000000,0.012207,0.009861,0.027534,17,0.000000,0.000000,0.682549,0.900000,0.023026,-0.455502,0.682549,0.055693,0.754591,0.000000,0.900000,0.754591,129.003429,36.710994,81.988568,0.261131,0,454.57
20260607_204649,520.665,1,Right,368,96.195652,0.000000,96.195652,0.000000,0.024571,0.011310,0.062948,19,0.000000,0.000000,0.477354,0.902488,0.024631,-0.477354,0.463048,0.164040,0.728121,0.000000,0.902488,0.728121,106.262768,28.557159,60.083478,0.299707,1,454.57
20260607_204649,525.668,1,Left,373,96.246649,0.000000,96.246649,0.000000,0.012207,0.009861,0.027534,17,0.000000,0.000000,0.682549,0.900000,0.023026,-0.455502,0.682549,0.055693,0.754591,0.000000,0.900000,0.754591,129.003429,36.710994,81.988568,0.261131,0,434.82
20260607_204649,525.668,1,Right,368,96.195652,0.000000,96.195652,0.000000,0.024571,0.011310,0.062948,19,0.000000,0.000000,0.477354,0.902488,0.024631,-0.477354,0.463048,0.164040,0.728121,0.000000,0.902488,0.728121,106.262768,28.557159,60.083478,0.299707,1,434.82
20260607_204649,530.679,1,Left,373,96.246649,0.000000,96.246649,0.000000,0.012207,0.009861,0.027534,17,0.000000,0.000000,0.682549,0.900000,0.023026,-0.455502,0.682549,0.055693,0.754591,0.000000,0.900000,0.754591,129.003429,36.710994,81.988568,0.261131,0,438.64
20260607_204649,530.679,1,Right,368,96.195652,0.000000,96.195652,0.000000,0.024571,0.011310,0.062948,19,0.000000,0.000000,0.477354,0.902488,0.024631,-0.477354,0.463048,0.164040,0.728121,0.000000,0.902488,0.728121,106.262768,28.557159,60.083478,0.299707,1,438.64
20260607_204649,535.690,1,Left,373,96.246649,0.000000,96.246649,0.000000,0.012207,0.009861,0.027534,17,0.000000,0.000000,0.682549,0.900000,0.023026,-0.455502,0.682549,0.055693,0.754591,0.000000,0.900000,0.754591,129.003429,36.710994,81.988568,0.261131,0,436.41
20260607_204649,535.690,1,Right,368,96.195652,0.000000,96.195652,0.000000,0.024571,0.011310,0.062948,19,0.000000,0.000000,0.477354,0.902488,0.024631,-0.477354,0.463048,0.164040,0.728121,0.000000,0.902488,0.728121,106.262768,28.557159,60.083478,0.299707,1,436.41
20260607_204649,540.699,1,Left,373,96.246649,0.000000,96.246649,0.000000,0.012207,0.009861,0.027534,17,0.000000,0.000000,0.682549,0.900000,0.023026,-0.455502,0.682549,0.055693,0.754591,0.000000,0.900000,0.754591,129.003429,36.710994,81.988568,0.261131,0,433.43
20260607_204649,540.699,1,Right,368,96.195652,0.000000,96.195652,0.000000,0.024571,0.011310,0.062948,19,0.000000,0.000000,0.477354,0.902488,0.024631,-0.477354,0.463048,0.164040,0.728121,0.000000,0.902488,0.728121,106.262768,28.557159,60.083478,0.299707,1,433.43
20260607_204649,545.708,1,Left,373,96.246649,0.000000,96.246649,0.000000,0.012207,0.009861,0.027534,17,0.000000,0.000000,0.682549,0.900000,0.023026,-0.455502,0.682549,0.055693,0.754591,0.000000,0.900000,0.754591,129.003429,36.710994,81.988568,0.261131,0,449.31
20260607_204649,545.708,1,Right,368,96.195652,0.000000,96.195652,0.000000,0.024571,0.011310,0.062948,19,0.000000,0.000000,0.477354,0.902488,0.024631,-0.477354,0.463048,0.164040,0.728121,0.000000,0.902488,0.728121,106.262768,28.557159,60.083478,0.299707,1,449.31
20260607_204649,550.715,1,Left,373,96.246649,0.000000,96.246649,0.000000,0.012207,0.009861,0.027534,17,0.000000,0.000000,0.682549,0.900000,0.023026,-0.455502,0.682549,0.055693,0.754591,0.000000,0.900000,0.754591,129.003429,36.710994,81.988568,0.261131,0,461.22
20260607_204649,550.715,1,Right,368,96.195652,0.000000,96.195652,0.000000,0.024571,0.011310,0.062948,19,0.000000,0.000000,0.477354,0.902488,0.024631,-0.477354,0.463048,0.164040,0.728121,0.000000,0.902488,0.728121,106.262768,28.557159,60.083478,0.299707,1,461.22
20260607_204649,555.725,1,Left,373,96.246649,0.000000,96.246649,0.000000,0.012207,0.009861,0.027534,17,0.000000,0.000000,0.682549,0.900000,0.023026,-0.455502,0.682549,0.055693,0.754591,0.000000,0.900000,0.754591,129.003429,36.710994,81.988568,0.261131,0,450.47
20260607_204649,555.725,1,Right,368,96.195652,0.000000,96.195652,0.000000,0.024571,0.011310,0.062948,19,0.000000,0.000000,0.477354,0.902488,0.024631,-0.477354,0.463048,0.164040,0.728121,0.000000,0.902488,0.728121,106.262768,28.557159,60.083478,0.299707,1,450.47
20260607_204649,560.727,1,Left,373,96.246649,0.000000,96.246649,0.000000,0.012207,0.009861,0.027534,17,0.000000,0.000000,0.682549,0.900000,0.023026,-0.455502,0.682549,0.055693,0.754591,0.000000,0.900000,0.754591,129.003429,36.710994,81.988568,0.261131,0,466.03
20260607_204649,560.727,1,Right,368,96.195652,0.000000,96.195652,0.000000,0.024571,0.011310,0.062948,19,0.000000,0.000000,0.477354,0.902488,0.024631,-0.477354,0.463048,0.164040,0.728121,0.000000,0.902488,0.728121,106.262768,28.557159,60.083478,0.299707,1,466.03
20260607_204649,565.739,1,Left,373,96.246649,0.000000,96.246649,0.000000,0.012207,0.009861,0.027534,17,0.000000,0.000000,0.682549,0.900000,0.023026,-0.455502,0.682549,0.055693,0.754591,0.000000,0.900000,0.754591,129.003429,36.710994,81.988568,0.261131,0,473.88
20260607_204649,565.739,1,Right,368,96.195652,0.000000,96.195652,0.000000,0.024571,0.011310,0.062948,19,0.000000,0.000000,0.477354,0.902488,0.024631,-0.477354,0.463048,0.164040,0.728121,0.000000,0.902488,0.728121,106.262768,28.557159,60.083478,0.299707,1,473.88
20260607_204649,570.746,1,Left,373,96.246649,0.000000,96.246649,0.000000,0.012207,0.009861,0.027534,17,0.000000,0.000000,0.682549,0.900000,0.023026,-0.455502,0.682549,0.055693,0.754591,0.000000,0.900000,0.754591,129.003429,36.710994,81.988568,0.261131,0,444.03
20260607_204649,570.746,1,Right,368,96.195652,0.000000,96.195652,0.000000,0.024571,0.011310,0.062948,19,0.000000,0.000000,0.477354,0.902488,0.024631,-0.477354,0.463048,0.164040,0.728121,0.000000,0.902488,0.728121,106.262768,28.557159,60.083478,0.299707,1,444.03
20260607_204649,575.757,1,Left,373,96.246649,0.000000,96.246649,0.000000,0.012207,0.009861,0.027534,17,0.000000,0.000000,0.682549,0.900000,0.023026,-0.455502,0.682549,0.055693,0.754591,0.000000,0.900000,0.754591,129.003429,36.710994,81.988568,0.261131,0,453.78
20260607_204649,575.757,1,Right,368,96.195652,0.000000,96.195652,0.000000,0.024571,0.011310,0.062948,19,0.000000,0.000000,0.477354,0.902488,0.024631,-0.477354,0.463048,0.164040,0.728121,0.000000,0.902488,0.728121,106.262768,28.557159,60.083478,0.299707,1,453.78
20260607_204649,580.762,1,Left,373,96.246649,0.000000,96.246649,0.000000,0.012207,0.009861,0.027534,17,0.000000,0.000000,0.682549,0.900000,0.023026,-0.455502,0.682549,0.055693,0.754591,0.000000,0.900000,0.754591,129.003429,36.710994,81.988568,0.261131,0,456.40
20260607_204649,580.762,1,Right,368,96.195652,0.000000,96.195652,0.000000,0.024571,0.011310,0.062948,19,0.000000,0.000000,0.477354,0.902488,0.024631,-0.477354,0.463048,0.164040,0.728121,0.000000,0.902488,0.728121,106.262768,28.557159,60.083478,0.299707,1,456.40
20260607_204649,585.766,1,Left,373,96.246649,0.000000,96.246649,0.000000,0.012207,0.009861,0.027534,17,0.000000,0.000000,0.682549,0.900000,0.023026,-0.455502,0.682549,0.055693,0.754591,0.000000,0.900000,0.754591,129.003429,36.710994,81.988568,0.261131,0,470.85
20260607_204649,585.766,1,Right,368,96.195652,0.000000,96.195652,0.000000,0.024571,0.011310,0.062948,19,0.000000,0.000000,0.477354,0.902488,0.024631,-0.477354,0.463048,0.164040,0.728121,0.000000,0.902488,0.728121,106.262768,28.557159,60.083478,0.299707,1,470.85
20260607_204649,590.775,1,Left,373,96.246649,0.000000,96.246649,0.000000,0.012207,0.009861,0.027534,17,0.000000,0.000000,0.682549,0.900000,0.023026,-0.455502,0.682549,0.055693,0.754591,0.000000,0.900000,0.754591,129.003429,36.710994,81.988568,0.261131,0,462.08
20260607_204649,590.775,1,Right,368,96.195652,0.000000,96.195652,0.000000,0.024571,0.011310,0.062948,19,0.000000,0.000000,0.477354,0.902488,0.024631,-0.477354,0.463048,0.164040,0.728121,0.000000,0.902488,0.728121,106.262768,28.557159,60.083478,0.299707,1,462.08
20260607_204649,595.778,1,Left,373,96.246649,0.000000,96.246649,0.000000,0.012207,0.009861,0.027534,17,0.000000,0.000000,0.682549,0.900000,0.023026,-0.455502,0.682549,0.055693,0.754591,0.000000,0.900000,0.754591,129.003429,36.710994,81.988568,0.261131,0,455.90
20260607_204649,595.778,1,Right,368,96.195652,0.000000,96.195652,0.000000,0.024571,0.011310,0.062948,19,0.000000,0.000000,0.477354,0.902488,0.024631,-0.477354,0.463048,0.164040,0.728121,0.000000,0.902488,0.728121,106.262768,28.557159,60.083478,0.299707,1,455.90
20260607_204649,600.779,1,Left,373,96.246649,0.000000,96.246649,0.000000,0.012207,0.009861,0.027534,17,0.000000,0.000000,0.682549,0.900000,0.023026,-0.455502,0.682549,0.055693,0.754591,0.000000,0.900000,0.754591,129.003429,36.710994,81.988568,0.261131,0,421.11
20260607_204649,600.779,1,Right,368,96.195652,0.000000,96.195652,0.000000,0.024571,0.011310,0.062948,19,0.000000,0.000000,0.477354,0.902488,0.024631,-0.477354,0.463048,0.164040,0.728121,0.000000,0.902488,0.728121,106.262768,28.557159,60.083478,0.299707,1,421.11
20260607_204649,605.787,1,Left,373,96.246649,0.000000,96.246649,0.000000,0.012207,0.009861,0.027534,17,0.000000,0.000000,0.682549,0.900000,0.023026,-0.455502,0.682549,0.055693,0.754591,0.000000,0.900000,0.754591,129.003429,36.710994,81.988568,0.261131,0,440.81
20260607_204649,605.787,1,Right,368,96.195652,0.000000,96.195652,0.000000,0.024571,0.011310,0.062948,19,0.000000,0.000000,0.477354,0.902488,0.024631,-0.477354,0.463048,0.164040,0.728121,0.000000,0.902488,0.728121,106.262768,28.557159,60.083478,0.299707,1,440.81
20260607_204649,610.799,1,Left,373,96.246649,0.000000,96.246649,0.000000,0.012207,0.009861,0.027534,17,0.000000,0.000000,0.682549,0.900000,0.023026,-0.455502,0.682549,0.055693,0.754591,0.000000,0.900000,0.754591,129.003429,36.710994,81.988568,0.261131,0,435.77
20260607_204649,610.799,1,Right,368,96.195652,0.000000,96.195652,0.000000,0.024571,0.011310,0.062948,19,0.000000,0.000000,0.477354,0.902488,0.024631,-0.477354,0.463048,0.164040,0.728121,0.000000,0.902488,0.728121,106.262768,28.557159,60.083478,0.299707,1,435.77
20260607_204649,615.802,1,Left,373,96.246649,0.000000,96.246649,0.000000,0.012207,0.009861,0.027534,17,0.000000,0.000000,0.682549,0.900000,0.023026,-0.455502,0.682549,0.055693,0.754591,0.000000,0.900000,0.754591,129.003429,36.710994,81.988568,0.261131,0,445.63
20260607_204649,615.802,1,Right,368,96.195652,0.000000,96.195652,0.000000,0.024571,0.011310,0.062948,19,0.000000,0.000000,0.477354,0.902488,0.024631,-0.477354,0.463048,0.164040,0.728121,0.000000,0.902488,0.728121,106.262768,28.557159,60.083478,0.299707,1,445.63
20260607_204649,620.806,1,Left,373,96.246649,0.000000,96.246649,0.000000,0.012207,0.009861,0.027534,17,0.000000,0.000000,0.682549,0.900000,0.023026,-0.455502,0.682549,0.055693,0.754591,0.000000,0.900000,0.754591,129.003429,36.710994,81.988568,0.261131,0,466.34
20260607_204649,620.806,1,Right,368,96.195652,0.000000,96.195652,0.000000,0.024571,0.011310,0.062948,19,0.000000,0.000000,0.477354,0.902488,0.024631,-0.477354,0.463048,0.164040,0.728121,0.000000,0.902488,0.728121,106.262768,28.557159,60.083478,0.299707,1,466.34
20260607_204649,625.811,1,Left,373,96.246649,0.000000,96.246649,0.000000,0.012207,0.009861,0.027534,17,0.000000,0.000000,0.682549,0.900000,0.023026,-0.455502,0.682549,0.055693,0.754591,0.000000,0.900000,0.754591,129.003429,36.710994,81.988568,0.261131,0,455.26
20260607_204649,625.811,1,Right,368,96.195652,0.000000,96.195652,0.000000,0.024571,0.011310,0.062948,19,0.000000,0.000000,0.477354,0.902488,0.024631,-0.477354,0.463048,0.164040,0.728121,0.000000,0.902488,0.728121,106.262768,28.557159,60.083478,0.299707,1,455.26
20260607_204649,630.822,1,Left,373,96.246649,0.000000,96.246649,0.000000,0.012207,0.009861,0.027534,17,0.000000,0.000000,0.682549,0.900000,0.023026,-0.455502,0.682549,0.055693,0.754591,0.000000,0.900000,0.754591,129.003429,36.710994,81.988568,0.261131,0,462.74
20260607_204649,630.822,1,Right,368,96.195652,0.000000,96.195652,0.000000,0.024571,0.011310,0.062948,19,0.000000,0.000000,0.477354,0.902488,0.024631,-0.477354,0.463048,0.164040,0.728121,0.000000,0.902488,0.728121,106.262768,28.557159,60.083478,0.299707,1,462.74
20260607_204649,635.829,1,Left,373,96.246649,0.000000,96.246649,0.000000,0.012207,0.009861,0.027534,17,0.000000,0.000000,0.682549,0.900000,0.023026,-0.455502,0.682549,0.055693,0.754591,0.000000,0.900000,0.754591,129.003429,36.710994,81.988568,0.261131,0,461.27
20260607_204649,635.829,1,Right,368,96.195652,0.000000,96.195652,0.000000,0.024571,0.011310,0.062948,19,0.000000,0.000000,0.477354,0.902488,0.024631,-0.477354,0.463048,0.164040,0.728121,0.000000,0.902488,0.728121,106.262768,28.557159,60.083478,0.299707,1,461.27
20260607_204649,640.838,1,Left,373,96.246649,0.000000,96.246649,0.000000,0.012207,0.009861,0.027534,17,0.000000,0.000000,0.682549,0.900000,0.023026,-0.455502,0.682549,0.055693,0.754591,0.000000,0.900000,0.754591,129.003429,36.710994,81.988568,0.261131,0,447.87
20260607_204649,640.838,1,Right,368,96.195652,0.000000,96.195652,0.000000,0.024571,0.011310,0.062948,19,0.000000,0.000000,0.477354,0.902488,0.024631,-0.477354,0.463048,0.164040,0.728121,0.000000,0.902488,0.728121,106.262768,28.557159,60.083478,0.299707,1,447.87
20260607_204649,645.841,1,Left,373,96.246649,0.000000,96.246649,0.000000,0.012207,0.009861,0.027534,17,0.000000,0.000000,0.682549,0.900000,0.023026,-0.455502,0.682549,0.055693,0.754591,0.000000,0.900000,0.754591,129.003429,36.710994,81.988568,0.261131,0,457.49
20260607_204649,645.841,1,Right,368,96.195652,0.000000,96.195652,0.000000,0.024571,0.011310,0.062948,19,0.000000,0.000000,0.477354,0.902488,0.024631,-0.477354,0.463048,0.164040,0.728121,0.000000,0.902488,0.728121,106.262768,28.557159,60.083478,0.299707,1,457.49
20260607_204649,650.847,1,Left,373,96.246649,0.000000,96.246649,0.000000,0.012207,0.009861,0.027534,17,0.000000,0.000000,0.682549,0.900000,0.023026,-0.455502,0.682549,0.055693,0.754591,0.000000,0.900000,0.754591,129.003429,36.710994,81.988568,0.261131,0,441.88
20260607_204649,650.847,1,Right,368,96.195652,0.000000,96.195652,0.000000,0.024571,0.011310,0.062948,19,0.000000,0.000000,0.477354,0.902488,0.024631,-0.477354,0.463048,0.164040,0.728121,0.000000,0.902488,0.728121,106.262768,28.557159,60.083478,0.299707,1,441.88
20260607_204649,655.847,1,Left,373,96.246649,0.000000,96.246649,0.000000,0.012207,0.009861,0.027534,17,0.000000,0.000000,0.682549,0.900000,0.023026,-0.455502,0.682549,0.055693,0.754591,0.000000,0.900000,0.754591,129.003429,36.710994,81.988568,0.261131,0,458.74
20260607_204649,655.847,1,Right,368,96.195652,0.000000,96.195652,0.000000,0.024571,0.011310,0.062948,19,0.000000,0.000000,0.477354,0.902488,0.024631,-0.477354,0.463048,0.164040,0.728121,0.000000,0.902488,0.728121,106.262768,28.557159,60.083478,0.299707,1,458.74
20260607_204649,660.855,1,Left,373,96.246649,0.000000,96.246649,0.000000,0.012207,0.009861,0.027534,17,0.000000,0.000000,0.682549,0.900000,0.023026,-0.455502,0.682549,0.055693,0.754591,0.000000,0.900000,0.754591,129.003429,36.710994,81.988568,0.261131,0,470.58
20260607_204649,660.855,1,Right,368,96.195652,0.000000,96.195652,0.000000,0.024571,0.011310,0.062948,19,0.000000,0.000000,0.477354,0.902488,0.024631,-0.477354,0.463048,0.164040,0.728121,0.000000,0.902488,0.728121,106.262768,28.557159,60.083478,0.299707,1,470.58
20260607_204649,665.865,1,Left,373,96.246649,0.000000,96.246649,0.000000,0.012207,0.009861,0.027534,17,0.000000,0.000000,0.682549,0.900000,0.023026,-0.455502,0.682549,0.055693,0.754591,0.000000,0.900000,0.754591,129.003429,36.710994,81.988568,0.261131,0,441.51
20260607_204649,665.865,1,Right,368,96.195652,0.000000,96.195652,0.000000,0.024571,0.011310,0.062948,19,0.000000,0.000000,0.477354,0.902488,0.024631,-0.477354,0.463048,0.164040,0.728121,0.000000,0.902488,0.728121,106.262768,28.557159,60.083478,0.299707,1,441.51
20260607_204649,670.871,1,Left,373,96.246649,0.000000,96.246649,0.000000,0.012207,0.009861,0.027534,17,0.000000,0.000000,0.682549,0.900000,0.023026,-0.455502,0.682549,0.055693,0.754591,0.000000,0.900000,0.754591,129.003429,36.710994,81.988568,0.261131,0,433.83
20260607_204649,670.871,1,Right,368,96.195652,0.000000,96.195652,0.000000,0.024571,0.011310,0.062948,19,0.000000,0.000000,0.477354,0.902488,0.024631,-0.477354,0.463048,0.164040,0.728121,0.000000,0.902488,0.728121,106.262768,28.557159,60.083478,0.299707,1,433.83
20260607_204649,675.879,1,Left,373,96.246649,0.000000,96.246649,0.000000,0.012207,0.009861,0.027534,17,0.000000,0.000000,0.682549,0.900000,0.023026,-0.455502,0.682549,0.055693,0.754591,0.000000,0.900000,0.754591,129.003429,36.710994,81.988568,0.261131,0,449.26
20260607_204649,675.879,1,Right,368,96.195652,0.000000,96.195652,0.000000,0.024571,0.011310,0.062948,19,0.000000,0.000000,0.477354,0.902488,0.024631,-0.477354,0.463048,0.164040,0.728121,0.000000,0.902488,0.728121,106.262768,28.557159,60.083478,0.299707,1,449.26
20260607_204649,680.886,1,Left,373,96.246649,0.000000,96.246649,0.000000,0.012207,0.009861,0.027534,17,0.000000,0.000000,0.682549,0.900000,0.023026,-0.455502,0.682549,0.055693,0.754591,0.000000,0.900000,0.754591,129.003429,36.710994,81.988568,0.261131,0,452.36
20260607_204649,680.886,1,Right,368,96.195652,0.000000,96.195652,0.000000,0.024571,0.011310,0.062948,19,0.000000,0.000000,0.477354,0.902488,0.024631,-0.477354,0.463048,0.164040,0.728121,0.000000,0.902488,0.728121,106.262768,28.557159,60.083478,0.299707,1,452.36
20260607_204649,685.897,1,Left,373,96.246649,0.000000,96.246649,0.000000,0.012207,0.009861,0.027534,17,0.000000,0.000000,0.682549,0.900000,0.023026,-0.455502,0.682549,0.055693,0.754591,0.000000,0.900000,0.754591,129.003429,36.710994,81.988568,0.261131,0,446.63
20260607_204649,685.897,1,Right,368,96.195652,0.000000,96.195652,0.000000,0.024571,0.011310,0.062948,19,0.000000,0.000000,0.477354,0.902488,0.024631,-0.477354,0.463048,0.164040,0.728121,0.000000,0.902488,0.728121,106.262768,28.557159,60.083478,0.299707,1,446.63
20260607_204649,690.908,1,Left,373,96.246649,0.000000,96.246649,0.000000,0.012207,0.009861,0.027534,17,0.000000,0.000000,0.682549,0.900000,0.023026,-0.455502,0.682549,0.055693,0.754591,0.000000,0.900000,0.754591,129.003429,36.710994,81.988568,0.261131,0,454.77
20260607_204649,690.908,1,Right,368,96.195652,0.000000,96.195652,0.000000,0.024571,0.011310,0.062948,19,0.000000,0.000000,0.477354,0.902488,0.024631,-0.477354,0.463048,0.164040,0.728121,0.000000,0.902488,0.728121,106.262768,28.557159,60.083478,0.299707,1,454.77
20260607_204649,695.909,1,Left,373,96.246649,0.000000,96.246649,0.000000,0.012207,0.009861,0.027534,17,0.000000,0.000000,0.682549,0.900000,0.023026,-0.455502,0.682549,0.055693,0.754591,0.000000,0.900000,0.754591,129.003429,36.710994,81.988568,0.261131,0,464.38
20260607_204649,695.909,1,Right,368,96.195652,0.000000,96.195652,0.000000,0.024571,0.011310,0.062948,19,0.000000,0.000000,0.477354,0.902488,0.024631,-0.477354,0.463048,0.164040,0.728121,0.000000,0.902488,0.728121,106.262768,28.557159,60.083478,0.299707,1,464.38
20260607_204649,700.921,1,Left,373,96.246649,0.000000,96.246649,0.000000,0.012207,0.009861,0.027534,17,0.000000,0.000000,0.682549,0.900000,0.023026,-0.455502,0.682549,0.055693,0.754591,0.000000,0.900000,0.754591,129.003429,36.710994,81.988568,0.261131,0,441.00
20260607_204649,700.921,1,Right,368,96.195652,0.000000,96.195652,0.000000,0.024571,0.011310,0.062948,19,0.000000,0.000000,0.477354,0.902488,0.024631,-0.477354,0.463048,0.164040,0.728121,0.000000,0.902488,0.728121,106.262768,28.557159,60.083478,0.299707,1,441.00
20260607_204649,705.924,1,Left,373,96.246649,0.000000,96.246649,0.000000,0.012207,0.009861,0.027534,17,0.000000,0.000000,0.682549,0.900000,0.023026,-0.455502,0.682549,0.055693,0.754591,0.000000,0.900000,0.754591,129.003429,36.710994,81.988568,0.261131,0,472.17
20260607_204649,705.924,1,Right,368,96.195652,0.000000,96.195652,0.000000,0.024571,0.011310,0.062948,19,0.000000,0.000000,0.477354,0.902488,0.024631,-0.477354,0.463048,0.164040,0.728121,0.000000,0.902488,0.728121,106.262768,28.557159,60.083478,0.299707,1,472.17
20260607_204649,710.929,1,Left,373,96.246649,0.000000,96.246649,0.000000,0.012207,0.009861,0.027534,17,0.000000,0.000000,0.682549,0.900000,0.023026,-0.455502,0.682549,0.055693,0.754591,0.000000,0.900000,0.754591,129.003429,36.710994,81.988568,0.261131,0,435.18
20260607_204649,710.929,1,Right,368,96.195652,0.000000,96.195652,0.000000,0.024571,0.011310,0.062948,19,0.000000,0.000000,0.477354,0.902488,0.024631,-0.477354,0.463048,0.164040,0.728121,0.000000,0.902488,0.728121,106.262768,28.557159,60.083478,0.299707,1,435.18
20260607_204649,715.941,1,Left,373,96.246649,0.000000,96.246649,0.000000,0.012207,0.009861,0.027534,17,0.000000,0.000000,0.682549,0.900000,0.023026,-0.455502,0.682549,0.055693,0.754591,0.000000,0.900000,0.754591,129.003429,36.710994,81.988568,0.261131,0,449.31
20260607_204649,715.941,1,Right,368,96.195652,0.000000,96.195652,0.000000,0.024571,0.011310,0.062948,19,0.000000,0.000000,0.477354,0.902488,0.024631,-0.477354,0.463048,0.164040,0.728121,0.000000,0.902488,0.728121,106.262768,28.557159,60.083478,0.299707,1,449.31
20260607_204649,720.947,1,Left,373,96.246649,0.000000,96.246649,0.000000,0.012207,0.009861,0.027534,17,0.000000,0.000000,0.682549,0.900000,0.023026,-0.455502,0.682549,0.055693,0.754591,0.000000,0.900000,0.754591,129.003429,36.710994,81.988568,0.261131,0,458.59
20260607_204649,720.947,1,Right,368,96.195652,0.000000,96.195652,0.000000,0.024571,0.011310,0.062948,19,0.000000,0.000000,0.477354,0.902488,0.024631,-0.477354,0.463048,0.164040,0.728121,0.000000,0.902488,0.728121,106.262768,28.557159,60.083478,0.299707,1,458.59
20260607_204649,725.955,1,Left,373,96.246649,0.000000,96.246649,0.000000,0.012207,0.009861,0.027534,17,0.000000,0.000000,0.682549,0.900000,0.023026,-0.455502,0.682549,0.055693,0.754591,0.000000,0.900000,0.754591,129.003429,36.710994,81.988568,0.261131,0,472.76
20260607_204649,725.955,1,Right,368,96.195652,0.000000,96.195652,0.000000,0.024571,0.011310,0.062948,19,0.000000,0.000000,0.477354,0.902488,0.024631,-0.477354,0.463048,0.164040,0.728121,0.000000,0.902488,0.728121,106.262768,28.557159,60.083478,0.299707,1,472.76
20260607_204649,730.965,1,Left,373,96.246649,0.000000,96.246649,0.000000,0.012207,0.009861,0.027534,17,0.000000,0.000000,0.682549,0.900000,0.023026,-0.455502,0.682549,0.055693,0.754591,0.000000,0.900000,0.754591,129.003429,36.710994,81.988568,0.261131,0,449.26
20260607_204649,730.965,1,Right,368,96.195652,0.000000,96.195652,0.000000,0.024571,0.011310,0.062948,19,0.000000,0.000000,0.477354,0.902488,0.024631,-0.477354,0.463048,0.164040,0.728121,0.000000,0.902488,0.728121,106.262768,28.557159,60.083478,0.299707,1,449.26
20260607_204649,735.976,1,Left,373,96.246649,0.000000,96.246649,0.000000,0.012207,0.009861,0.027534,17,0.000000,0.000000,0.682549,0.900000,0.023026,-0.455502,0.682549,0.055693,0.754591,0.000000,0.900000,0.754591,129.003429,36.710994,81.988568,0.261131,0,458.34
20260607_204649,735.976,1,Right,368,96.195652,0.000000,96.195652,0.000000,0.024571,0.011310,0.062948,19,0.000000,0.000000,0.477354,0.902488,0.024631,-0.477354,0.463048,0.164040,0.728121,0.000000,0.902488,0.728121,106.262768,28.557159,60.083478,0.299707,1,458.34
20260607_204649,740.976,1,Left,373,96.246649,0.000000,96.246649,0.000000,0.012207,0.009861,0.027534,17,0.000000,0.000000,0.682549,0.900000,0.023026,-0.455502,0.682549,0.055693,0.754591,0.000000,0.900000,0.754591,129.003429,36.710994,81.988568,0.261131,0,469.16
20260607_204649,740.976,1,Right,368,96.195652,0.000000,96.195652,0.000000,0.024571,0.011310,0.062948,19,0.000000,0.000000,0.477354,0.902488,0.024631,-0.477354,0.463048,0.164040,0.728121,0.000000,0.902488,0.728121,106.262768,28.557159,60.083478,0.299707,1,469.16
20260607_204649,745.986,1,Left,373,96.246649,0.000000,96.246649,0.000000,0.012207,0.009861,0.027534,17,0.000000,0.000000,0.682549,0.900000,0.023026,-0.455502,0.682549,0.055693,0.754591,0.000000,0.900000,0.754591,129.003429,36.710994,81.988568,0.261131,0,444.74
20260607_204649,745.986,1,Right,368,96.195652,0.000000,96.195652,0.000000,0.024571,0.011310,0.062948,19,0.000000,0.000000,0.477354,0.902488,0.024631,-0.477354,0.463048,0.164040,0.728121,0.000000,0.902488,0.728121,106.262768,28.557159,60.083478,0.299707,1,444.74
20260607_204649,750.991,1,Left,373,96.246649,0.000000,96.246649,0.000000,0.012207,0.009861,0.027534,17,0.000000,0.000000,0.682549,0.900000,0.023026,-0.455502,0.682549,0.055693,0.754591,0.000000,0.900000,0.754591,129.003429,36.710994,81.988568,0.261131,0,458.04
20260607_204649,750.991,1,Right,368,96.195652,0.000000,96.195652,0.000000,0.024571,0.011310,0.062948,19,0.000000,0.000000,0.477354,0.902488,0.024631,-0.477354,0.463048,0.164040,0.728121,0.000000,0.902488,0.728121,106.262768,28.557159,60.083478,0.299707,1,458.04
20260607_204649,756.000,1,Left,373,96.246649,0.000000,96.246649,0.000000,0.012207,0.009861,0.027534,17,0.000000,0.000000,0.682549,0.900000,0.023026,-0.455502,0.682549,0.055693,0.754591,0.000000,0.900000,0.754591,129.003429,36.710994,81.988568,0.261131,0,467.18
20260607_204649,756.000,1,Right,368,96.195652,0.000000,96.195652,0.000000,0.024571,0.011310,0.062948,19,0.000000,0.000000,0.477354,0.902488,0.024631,-0.477354,0.463048,0.164040,0.728121,0.000000,0.902488,0.728121,106.262768,28.557159,60.083478,0.299707,1,467.18
20260607_204649,761.006,1,Left,373,96.246649,0.000000,96.246649,0.000000,0.012207,0.009861,0.027534,17,0.000000,0.000000,0.682549,0.900000,0.023026,-0.455502,0.682549,0.055693,0.754591,0.000000,0.900000,0.754591,129.003429,36.710994,81.988568,0.261131,0,458.95
20260607_204649,761.006,1,Right,368,96.195652,0.000000,96.195652,0.000000,0.024571,0.011310,0.062948,19,0.000000,0.000000,0.477354,0.902488,0.024631,-0.477354,0.463048,0.164040,0.728121,0.000000,0.902488,0.728121,106.262768,28.557159,60.083478,0.299707,1,458.95
20260607_204649,766.012,1,Left,373,96.246649,0.000000,96.246649,0.000000,0.012207,0.009861,0.027534,17,0.000000,0.000000,0.682549,0.900000,0.023026,-0.455502,0.682549,0.055693,0.754591,0.000000,0.900000,0.754591,129.003429,36.710994,81.988568,0.261131,0,450.52
20260607_204649,766.012,1,Right,368,96.195652,0.000000,96.195652,0.000000,0.024571,0.011310,0.062948,19,0.000000,0.000000,0.477354,0.902488,0.024631,-0.477354,0.463048,0.164040,0.728121,0.000000,0.902488,0.728121,106.262768,28.557159,60.083478,0.299707,1,450.52
20260607_204649,771.017,1,Left,373,96.246649,0.000000,96.246649,0.000000,0.012207,0.009861,0.027534,17,0.000000,0.000000,0.682549,0.900000,0.023026,-0.455502,0.682549,0.055693,0.754591,0.000000,0.900000,0.754591,129.003429,36.710994,81.988568,0.261131,0,422.47
20260607_204649,771.017,1,Right,368,96.195652,0.000000,96.195652,0.000000,0.024571,0.011310,0.062948,19,0.000000,0.000000,0.477354,0.902488,0.024631,-0.477354,0.463048,0.164040,0.728121,0.000000,0.902488,0.728121,106.262768,28.557159,60.083478,0.299707,1,422.47
20260607_204649,776.024,1,Left,373,96.246649,0.000000,96.246649,0.000000,0.012207,0.009861,0.027534,17,0.000000,0.000000,0.682549,0.900000,0.023026,-0.455502,0.682549,0.055693,0.754591,0.000000,0.900000,0.754591,129.003429,36.710994,81.988568,0.261131,0,460.20
20260607_204649,776.024,1,Right,368,96.195652,0.000000,96.195652,0.000000,0.024571,0.011310,0.062948,19,0.000000,0.000000,0.477354,0.902488,0.024631,-0.477354,0.463048,0.164040,0.728121,0.000000,0.902488,0.728121,106.262768,28.557159,60.083478,0.299707,1,460.20
20260607_204649,781.029,1,Left,373,96.246649,0.000000,96.246649,0.000000,0.012207,0.009861,0.027534,17,0.000000,0.000000,0.682549,0.900000,0.023026,-0.455502,0.682549,0.055693,0.754591,0.000000,0.900000,0.754591,129.003429,36.710994,81.988568,0.261131,0,450.76
20260607_204649,781.029,1,Right,368,96.195652,0.000000,96.195652,0.000000,0.024571,0.011310,0.062948,19,0.000000,0.000000,0.477354,0.902488,0.024631,-0.477354,0.463048,0.164040,0.728121,0.000000,0.902488,0.728121,106.262768,28.557159,60.083478,0.299707,1,450.76
20260607_204649,786.040,1,Left,373,96.246649,0.000000,96.246649,0.000000,0.012207,0.009861,0.027534,17,0.000000,0.000000,0.682549,0.900000,0.023026,-0.455502,0.682549,0.055693,0.754591,0.000000,0.900000,0.754591,129.003429,36.710994,81.988568,0.261131,0,451.92
20260607_204649,786.040,1,Right,368,96.195652,0.000000,96.195652,0.000000,0.024571,0.011310,0.062948,19,0.000000,0.000000,0.477354,0.902488,0.024631,-0.477354,0.463048,0.164040,0.728121,0.000000,0.902488,0.728121,106.262768,28.557159,60.083478,0.299707,1,451.92
20260607_204649,791.047,1,Left,373,96.246649,0.000000,96.246649,0.000000,0.012207,0.009861,0.027534,17,0.000000,0.000000,0.682549,0.900000,0.023026,-0.455502,0.682549,0.055693,0.754591,0.000000,0.900000,0.754591,129.003429,36.710994,81.988568,0.261131,0,454.77
20260607_204649,791.047,1,Right,368,96.195652,0.000000,96.195652,0.000000,0.024571,0.011310,0.062948,19,0.000000,0.000000,0.477354,0.902488,0.024631,-0.477354,0.463048,0.164040,0.728121,0.000000,0.902488,0.728121,106.262768,28.557159,60.083478,0.299707,1,454.77
20260607_204649,796.052,1,Left,373,96.246649,0.000000,96.246649,0.000000,0.012207,0.009861,0.027534,17,0.000000,0.000000,0.682549,0.900000,0.023026,-0.455502,0.682549,0.055693,0.754591,0.000000,0.900000,0.754591,129.003429,36.710994,81.988568,0.261131,0,460.96
20260607_204649,796.052,1,Right,368,96.195652,0.000000,96.195652,0.000000,0.024571,0.011310,0.062948,19,0.000000,0.000000,0.477354,0.902488,0.024631,-0.477354,0.463048,0.164040,0.728121,0.000000,0.902488,0.728121,106.262768,28.557159,60.083478,0.299707,1,460.96
20260607_204649,801.056,1,Left,373,96.246649,0.000000,96.246649,0.000000,0.012207,0.009861,0.027534,17,0.000000,0.000000,0.682549,0.900000,0.023026,-0.455502,0.682549,0.055693,0.754591,0.000000,0.900000,0.754591,129.003429,36.710994,81.988568,0.261131,0,461.93
20260607_204649,801.056,1,Right,368,96.195652,0.000000,96.195652,0.000000,0.024571,0.011310,0.062948,19,0.000000,0.000000,0.477354,0.902488,0.024631,-0.477354,0.463048,0.164040,0.728121,0.000000,0.902488,0.728121,106.262768,28.557159,60.083478,0.299707,1,461.93
20260607_204649,806.059,1,Left,373,96.246649,0.000000,96.246649,0.000000,0.012207,0.009861,0.027534,17,0.000000,0.000000,0.682549,0.900000,0.023026,-0.455502,0.682549,0.055693,0.754591,0.000000,0.900000,0.754591,129.003429,36.710994,81.988568,0.261131,0,446.30
20260607_204649,806.059,1,Right,368,96.195652,0.000000,96.195652,0.000000,0.024571,0.011310,0.062948,19,0.000000,0.000000,0.477354,0.902488,0.024631,-0.477354,0.463048,0.164040,0.728121,0.000000,0.902488,0.728121,106.262768,28.557159,60.083478,0.299707,1,446.30
20260607_204649,811.060,1,Left,373,96.246649,0.000000,96.246649,0.000000,0.012207,0.009861,0.027534,17,0.000000,0.000000,0.682549,0.900000,0.023026,-0.455502,0.682549,0.055693,0.754591,0.000000,0.900000,0.754591,129.003429,36.710994,81.988568,0.261131,0,427.03
20260607_204649,811.060,1,Right,368,96.195652,0.000000,96.195652,0.000000,0.024571,0.011310,0.062948,19,0.000000,0.000000,0.477354,0.902488,0.024631,-0.477354,0.463048,0.164040,0.728121,0.000000,0.902488,0.728121,106.262768,28.557159,60.083478,0.299707,1,427.03
20260607_204649,816.070,1,Left,373,96.246649,0.000000,96.246649,0.000000,0.012207,0.009861,0.027534,17,0.000000,0.000000,0.682549,0.900000,0.023026,-0.455502,0.682549,0.055693,0.754591,0.000000,0.900000,0.754591,129.003429,36.710994,81.988568,0.261131,0,463.92
20260607_204649,816.070,1,Right,368,96.195652,0.000000,96.195652,0.000000,0.024571,0.011310,0.062948,19,0.000000,0.000000,0.477354,0.902488,0.024631,-0.477354,0.463048,0.164040,0.728121,0.000000,0.902488,0.728121,106.262768,28.557159,60.083478,0.299707,1,463.92
20260607_204649,821.076,1,Left,373,96.246649,0.000000,96.246649,0.000000,0.012207,0.009861,0.027534,17,0.000000,0.000000,0.682549,0.900000,0.023026,-0.455502,0.682549,0.055693,0.754591,0.000000,0.900000,0.754591,129.003429,36.710994,81.988568,0.261131,0,459.80
20260607_204649,821.076,1,Right,368,96.195652,0.000000,96.195652,0.000000,0.024571,0.011310,0.062948,19,0.000000,0.000000,0.477354,0.902488,0.024631,-0.477354,0.463048,0.164040,0.728121,0.000000,0.902488,0.728121,106.262768,28.557159,60.083478,0.299707,1,459.80
20260607_204649,826.086,1,Left,373,96.246649,0.000000,96.246649,0.000000,0.012207,0.009861,0.027534,17,0.000000,0.000000,0.682549,0.900000,0.023026,-0.455502,0.682549,0.055693,0.754591,0.000000,0.900000,0.754591,129.003429,36.710994,81.988568,0.261131,0,463.00
20260607_204649,826.086,1,Right,368,96.195652,0.000000,96.195652,0.000000,0.024571,0.011310,0.062948,19,0.000000,0.000000,0.477354,0.902488,0.024631,-0.477354,0.463048,0.164040,0.728121,0.000000,0.902488,0.728121,106.262768,28.557159,60.083478,0.299707,1,463.00
20260607_204649,831.096,1,Left,373,96.246649,0.000000,96.246649,0.000000,0.012207,0.009861,0.027534,17,0.000000,0.000000,0.682549,0.900000,0.023026,-0.455502,0.682549,0.055693,0.754591,0.000000,0.900000,0.754591,129.003429,36.710994,81.988568,0.261131,0,449.02
20260607_204649,831.096,1,Right,368,96.195652,0.000000,96.195652,0.000000,0.024571,0.011310,0.062948,19,0.000000,0.000000,0.477354,0.902488,0.024631,-0.477354,0.463048,0.164040,0.728121,0.000000,0.902488,0.728121,106.262768,28.557159,60.083478,0.299707,1,449.02
20260607_204649,836.103,1,Left,373,96.246649,0.000000,96.246649,0.000000,0.012207,0.009861,0.027534,17,0.000000,0.000000,0.682549,0.900000,0.023026,-0.455502,0.682549,0.055693,0.754591,0.000000,0.900000,0.754591,129.003429,36.710994,81.988568,0.261131,0,454.62
20260607_204649,836.103,1,Right,368,96.195652,0.000000,96.195652,0.000000,0.024571,0.011310,0.062948,19,0.000000,0.000000,0.477354,0.902488,0.024631,-0.477354,0.463048,0.164040,0.728121,0.000000,0.902488,0.728121,106.262768,28.557159,60.083478,0.299707,1,454.62
20260607_204649,841.115,1,Left,373,96.246649,0.000000,96.246649,0.000000,0.012207,0.009861,0.027534,17,0.000000,0.000000,0.682549,0.900000,0.023026,-0.455502,0.682549,0.055693,0.754591,0.000000,0.900000,0.754591,129.003429,36.710994,81.988568,0.261131,0,450.47
20260607_204649,841.115,1,Right,368,96.195652,0.000000,96.195652,0.000000,0.024571,0.011310,0.062948,19,0.000000,0.000000,0.477354,0.902488,0.024631,-0.477354,0.463048,0.164040,0.728121,0.000000,0.902488,0.728121,106.262768,28.557159,60.083478,0.299707,1,450.47
20260607_204649,846.120,1,Left,373,96.246649,0.000000,96.246649,0.000000,0.012207,0.009861,0.027534,17,0.000000,0.000000,0.682549,0.900000,0.023026,-0.455502,0.682549,0.055693,0.754591,0.000000,0.900000,0.754591,129.003429,36.710994,81.988568,0.261131,0,448.40
20260607_204649,846.120,1,Right,368,96.195652,0.000000,96.195652,0.000000,0.024571,0.011310,0.062948,19,0.000000,0.000000,0.477354,0.902488,0.024631,-0.477354,0.463048,0.164040,0.728121,0.000000,0.902488,0.728121,106.262768,28.557159,60.083478,0.299707,1,448.40
20260607_204649,851.124,1,Left,373,96.246649,0.000000,96.246649,0.000000,0.012207,0.009861,0.027534,17,0.000000,0.000000,0.682549,0.900000,0.023026,-0.455502,0.682549,0.055693,0.754591,0.000000,0.900000,0.754591,129.003429,36.710994,81.988568,0.261131,0,466.81
20260607_204649,851.124,1,Right,368,96.195652,0.000000,96.195652,0.000000,0.024571,0.011310,0.062948,19,0.000000,0.000000,0.477354,0.902488,0.024631,-0.477354,0.463048,0.164040,0.728121,0.000000,0.902488,0.728121,106.262768,28.557159,60.083478,0.299707,1,466.81
20260607_204649,856.133,1,Left,373,96.246649,0.000000,96.246649,0.000000,0.012207,0.009861,0.027534,17,0.000000,0.000000,0.682549,0.900000,0.023026,-0.455502,0.682549,0.055693,0.754591,0.000000,0.900000,0.754591,129.003429,36.710994,81.988568,0.261131,0,420.78
20260607_204649,856.133,1,Right,368,96.195652,0.000000,96.195652,0.000000,0.024571,0.011310,0.062948,19,0.000000,0.000000,0.477354,0.902488,0.024631,-0.477354,0.463048,0.164040,0.728121,0.000000,0.902488,0.728121,106.262768,28.557159,60.083478,0.299707,1,420.78
20260607_204649,861.141,1,Left,373,96.246649,0.000000,96.246649,0.000000,0.012207,0.009861,0.027534,17,0.000000,0.000000,0.682549,0.900000,0.023026,-0.455502,0.682549,0.055693,0.754591,0.000000,0.900000,0.754591,129.003429,36.710994,81.988568,0.261131,0,467.70
20260607_204649,861.141,1,Right,368,96.195652,0.000000,96.195652,0.000000,0.024571,0.011310,0.062948,19,0.000000,0.000000,0.477354,0.902488,0.024631,-0.477354,0.463048,0.164040,0.728121,0.000000,0.902488,0.728121,106.262768,28.557159,60.083478,0.299707,1,467.70
20260607_204649,866.148,1,Left,373,96.246649,0.000000,96.246649,0.000000,0.012207,0.009861,0.027534,17,0.000000,0.000000,0.682549,0.900000,0.023026,-0.455502,0.682549,0.055693,0.754591,0.000000,0.900000,0.754591,129.003429,36.710994,81.988568,0.261131,0,461.52
20260607_204649,866.148,1,Right,368,96.195652,0.000000,96.195652,0.000000,0.024571,0.011310,0.062948,19,0.000000,0.000000,0.477354,0.902488,0.024631,-0.477354,0.463048,0.164040,0.728121,0.000000,0.902488,0.728121,106.262768,28.557159,60.083478,0.299707,1,461.52
20260607_204649,871.158,1,Left,373,96.246649,0.000000,96.246649,0.000000,0.012207,0.009861,0.027534,17,0.000000,0.000000,0.682549,0.900000,0.023026,-0.455502,0.682549,0.055693,0.754591,0.000000,0.900000,0.754591,129.003429,36.710994,81.988568,0.261131,0,441.37
20260607_204649,871.158,1,Right,368,96.195652,0.000000,96.195652,0.000000,0.024571,0.011310,0.062948,19,0.000000,0.000000,0.477354,0.902488,0.024631,-0.477354,0.463048,0.164040,0.728121,0.000000,0.902488,0.728121,106.262768,28.557159,60.083478,0.299707,1,441.37
20260607_204649,876.159,1,Left,373,96.246649,0.000000,96.246649,0.000000,0.012207,0.009861,0.027534,17,0.000000,0.000000,0.682549,0.900000,0.023026,-0.455502,0.682549,0.055693,0.754591,0.000000,0.900000,0.754591,129.003429,36.710994,81.988568,0.261131,0,464.64
20260607_204649,876.159,1,Right,368,96.195652,0.000000,96.195652,0.000000,0.024571,0.011310,0.062948,19,0.000000,0.000000,0.477354,0.902488,0.024631,-0.477354,0.463048,0.164040,0.728121,0.000000,0.902488,0.728121,106.262768,28.557159,60.083478,0.299707,1,464.64
20260607_204649,881.165,1,Left,373,96.246649,0.000000,96.246649,0.000000,0.012207,0.009861,0.027534,17,0.000000,0.000000,0.682549,0.900000,0.023026,-0.455502,0.682549,0.055693,0.754591,0.000000,0.900000,0.754591,129.003429,36.710994,81.988568,0.261131,0,448.40
20260607_204649,881.165,1,Right,368,96.195652,0.000000,96.195652,0.000000,0.024571,0.011310,0.062948,19,0.000000,0.000000,0.477354,0.902488,0.024631,-0.477354,0.463048,0.164040,0.728121,0.000000,0.902488,0.728121,106.262768,28.557159,60.083478,0.299707,1,448.40
20260607_204649,886.167,1,Left,373,96.246649,0.000000,96.246649,0.000000,0.012207,0.009861,0.027534,17,0.000000,0.000000,0.682549,0.900000,0.023026,-0.455502,0.682549,0.055693,0.754591,0.000000,0.900000,0.754591,129.003429,36.710994,81.988568,0.261131,0,462.85
20260607_204649,886.167,1,Right,368,96.195652,0.000000,96.195652,0.000000,0.024571,0.011310,0.062948,19,0.000000,0.000000,0.477354,0.902488,0.024631,-0.477354,0.463048,0.164040,0.728121,0.000000,0.902488,0.728121,106.262768,28.557159,60.083478,0.299707,1,462.85
20260607_204649,891.172,1,Left,373,96.246649,0.000000,96.246649,0.000000,0.012207,0.009861,0.027534,17,0.000000,0.000000,0.682549,0.900000,0.023026,-0.455502,0.682549,0.055693,0.754591,0.000000,0.900000,0.754591,129.003429,36.710994,81.988568,0.261131,0,440.44
20260607_204649,891.172,1,Right,368,96.195652,0.000000,96.195652,0.000000,0.024571,0.011310,0.062948,19,0.000000,0.000000,0.477354,0.902488,0.024631,-0.477354,0.463048,0.164040,0.728121,0.000000,0.902488,0.728121,106.262768,28.557159,60.083478,0.299707,1,440.44
20260607_204649,896.183,1,Left,373,96.246649,0.000000,96.246649,0.000000,0.012207,0.009861,0.027534,17,0.000000,0.000000,0.682549,0.900000,0.023026,-0.455502,0.682549,0.055693,0.754591,0.000000,0.900000,0.754591,129.003429,36.710994,81.988568,0.261131,0,464.90
20260607_204649,896.183,1,Right,368,96.195652,0.000000,96.195652,0.000000,0.024571,0.011310,0.062948,19,0.000000,0.000000,0.477354,0.902488,0.024631,-0.477354,0.463048,0.164040,0.728121,0.000000,0.902488,0.728121,106.262768,28.557159,60.083478,0.299707,1,464.90
20260607_204649,901.192,1,Left,373,96.246649,0.000000,96.246649,0.000000,0.012207,0.009861,0.027534,17,0.000000,0.000000,0.682549,0.900000,0.023026,-0.455502,0.682549,0.055693,0.754591,0.000000,0.900000,0.754591,129.003429,36.710994,81.988568,0.261131,0,435.64
20260607_204649,901.192,1,Right,368,96.195652,0.000000,96.195652,0.000000,0.024571,0.011310,0.062948,19,0.000000,0.000000,0.477354,0.902488,0.024631,-0.477354,0.463048,0.164040,0.728121,0.000000,0.902488,0.728121,106.262768,28.557159,60.083478,0.299707,1,435.64
20260607_204649,906.203,1,Left,373,96.246649,0.000000,96.246649,0.000000,0.012207,0.009861,0.027534,17,0.000000,0.000000,0.682549,0.900000,0.023026,-0.455502,0.682549,0.055693,0.754591,0.000000,0.900000,0.754591,129.003429,36.710994,81.988568,0.261131,0,443.28
20260607_204649,906.203,1,Right,368,96.195652,0.000000,96.195652,0.000000,0.024571,0.011310,0.062948,19,0.000000,0.000000,0.477354,0.902488,0.024631,-0.477354,0.463048,0.164040,0.728121,0.000000,0.902488,0.728121,106.262768,28.557159,60.083478,0.299707,1,443.28
20260607_204649,911.203,1,Left,373,96.246649,0.000000,96.246649,0.000000,0.012207,0.009861,0.027534,17,0.000000,0.000000,0.682549,0.900000,0.023026,-0.455502,0.682549,0.055693,0.754591,0.000000,0.900000,0.754591,129.003429,36.710994,81.988568,0.261131,0,463.61
20260607_204649,911.203,1,Right,368,96.195652,0.000000,96.195652,0.000000,0.024571,0.011310,0.062948,19,0.000000,0.000000,0.477354,0.902488,0.024631,-0.477354,0.463048,0.164040,0.728121,0.000000,0.902488,0.728121,106.262768,28.557159,60.083478,0.299707,1,463.61
20260607_204649,916.206,1,Left,373,96.246649,0.000000,96.246649,0.000000,0.012207,0.009861,0.027534,17,0.000000,0.000000,0.682549,0.900000,0.023026,-0.455502,0.682549,0.055693,0.754591,0.000000,0.900000,0.754591,129.003429,36.710994,81.988568,0.261131,0,441.00
20260607_204649,916.206,1,Right,368,96.195652,0.000000,96.195652,0.000000,0.024571,0.011310,0.062948,19,0.000000,0.000000,0.477354,0.902488,0.024631,-0.477354,0.463048,0.164040,0.728121,0.000000,0.902488,0.728121,106.262768,28.557159,60.083478,0.299707,1,441.00
20260607_204649,921.212,1,Left,373,96.246649,0.000000,96.246649,0.000000,0.012207,0.009861,0.027534,17,0.000000,0.000000,0.682549,0.900000,0.023026,-0.455502,0.682549,0.055693,0.754591,0.000000,0.900000,0.754591,129.003429,36.710994,81.988568,0.261131,0,461.52
20260607_204649,921.212,1,Right,368,96.195652,0.000000,96.195652,0.000000,0.024571,0.011310,0.062948,19,0.000000,0.000000,0.477354,0.902488,0.024631,-0.477354,0.463048,0.164040,0.728121,0.000000,0.902488,0.728121,106.262768,28.557159,60.083478,0.299707,1,461.52
20260607_204649,926.223,1,Left,373,96.246649,0.000000,96.246649,0.000000,0.012207,0.009861,0.027534,17,0.000000,0.000000,0.682549,0.900000,0.023026,-0.455502,0.682549,0.055693,0.754591,0.000000,0.900000,0.754591,129.003429,36.710994,81.988568,0.261131,0,456.70
20260607_204649,926.223,1,Right,368,96.195652,0.000000,96.195652,0.000000,0.024571,0.011310,0.062948,19,0.000000,0.000000,0.477354,0.902488,0.024631,-0.477354,0.463048,0.164040,0.728121,0.000000,0.902488,0.728121,106.262768,28.557159,60.083478,0.299707,1,456.70
20260607_204649,931.223,1,Left,373,96.246649,0.000000,96.246649,0.000000,0.012207,0.009861,0.027534,17,0.000000,0.000000,0.682549,0.900000,0.023026,-0.455502,0.682549,0.055693,0.754591,0.000000,0.900000,0.754591,129.003429,36.710994,81.988568,0.261131,0,450.18
20260607_204649,931.223,1,Right,368,96.195652,0.000000,96.195652,0.000000,0.024571,0.011310,0.062948,19,0.000000,0.000000,0.477354,0.902488,0.024631,-0.477354,0.463048,0.164040,0.728121,0.000000,0.902488,0.728121,106.262768,28.557159,60.083478,0.299707,1,450.18
20260607_204649,936.234,1,Left,373,96.246649,0.000000,96.246649,0.000000,0.012207,0.009861,0.027534,17,0.000000,0.000000,0.682549,0.900000,0.023026,-0.455502,0.682549,0.055693,0.754591,0.000000,0.900000,0.754591,129.003429,36.710994,81.988568,0.261131,0,460.41
20260607_204649,936.234,1,Right,368,96.195652,0.000000,96.195652,0.000000,0.024571,0.011310,0.062948,19,0.000000,0.000000,0.477354,0.902488,0.024631,-0.477354,0.463048,0.164040,0.728121,0.000000,0.902488,0.728121,106.262768,28.557159,60.083478,0.299707,1,460.41
20260607_204649,941.239,1,Left,373,96.246649,0.000000,96.246649,0.000000,0.012207,0.009861,0.027534,17,0.000000,0.000000,0.682549,0.900000,0.023026,-0.455502,0.682549,0.055693,0.754591,0.000000,0.900000,0.754591,129.003429,36.710994,81.988568,0.261131,0,449.69
20260607_204649,941.239,1,Right,368,96.195652,0.000000,96.195652,0.000000,0.024571,0.011310,0.062948,19,0.000000,0.000000,0.477354,0.902488,0.024631,-0.477354,0.463048,0.164040,0.728121,0.000000,0.902488,0.728121,106.262768,28.557159,60.083478,0.299707,1,449.69
20260607_204649,946.240,1,Left,373,96.246649,0.000000,96.246649,0.000000,0.012207,0.009861,0.027534,17,0.000000,0.000000,0.682549,0.900000,0.023026,-0.455502,0.682549,0.055693,0.754591,0.000000,0.900000,0.754591,129.003429,36.710994,81.988568,0.261131,0,439.24
20260607_204649,946.240,1,Right,368,96.195652,0.000000,96.195652,0.000000,0.024571,0.011310,0.062948,19,0.000000,0.000000,0.477354,0.902488,0.024631,-0.477354,0.463048,0.164040,0.728121,0.000000,0.902488,0.728121,106.262768,28.557159,60.083478,0.299707,1,439.24
20260607_204649,951.241,1,Left,373,96.246649,0.000000,96.246649,0.000000,0.012207,0.009861,0.027534,17,0.000000,0.000000,0.682549,0.900000,0.023026,-0.455502,0.682549,0.055693,0.754591,0.000000,0.900000,0.754591,129.003429,36.710994,81.988568,0.261131,0,456.60
20260607_204649,951.241,1,Right,368,96.195652,0.000000,96.195652,0.000000,0.024571,0.011310,0.062948,19,0.000000,0.000000,0.477354,0.902488,0.024631,-0.477354,0.463048,0.164040,0.728121,0.000000,0.902488,0.728121,106.262768,28.557159,60.083478,0.299707,1,456.60
20260607_204649,956.252,1,Left,373,96.246649,0.000000,96.246649,0.000000,0.012207,0.009861,0.027534,17,0.000000,0.000000,0.682549,0.900000,0.023026,-0.455502,0.682549,0.055693,0.754591,0.000000,0.900000,0.754591,129.003429,36.710994,81.988568,0.261131,0,448.64
20260607_204649,956.252,1,Right,368,96.195652,0.000000,96.195652,0.000000,0.024571,0.011310,0.062948,19,0.000000,0.000000,0.477354,0.902488,0.024631,-0.477354,0.463048,0.164040,0.728121,0.000000,0.902488,0.728121,106.262768,28.557159,60.083478,0.299707,1,448.64
20260607_204649,961.257,1,Left,373,96.246649,0.000000,96.246649,0.000000,0.012207,0.009861,0.027534,17,0.000000,0.000000,0.682549,0.900000,0.023026,-0.455502,0.682549,0.055693,0.754591,0.000000,0.900000,0.754591,129.003429,36.710994,81.988568,0.261131,0,418.26
20260607_204649,961.257,1,Right,368,96.195652,0.000000,96.195652,0.000000,0.024571,0.011310,0.062948,19,0.000000,0.000000,0.477354,0.902488,0.024631,-0.477354,0.463048,0.164040,0.728121,0.000000,0.902488,0.728121,106.262768,28.557159,60.083478,0.299707,1,418.26
20260607_204649,966.257,1,Left,373,96.246649,0.000000,96.246649,0.000000,0.012207,0.009861,0.027534,17,0.000000,0.000000,0.682549,0.900000,0.023026,-0.455502,0.682549,0.055693,0.754591,0.000000,0.900000,0.754591,129.003429,36.710994,81.988568,0.261131,0,443.04
20260607_204649,966.257,1,Right,368,96.195652,0.000000,96.195652,0.000000,0.024571,0.011310,0.062948,19,0.000000,0.000000,0.477354,0.902488,0.024631,-0.477354,0.463048,0.164040,0.728121,0.000000,0.902488,0.728121,106.262768,28.557159,60.083478,0.299707,1,443.04
20260607_204649,971.267,1,Left,373,96.246649,0.000000,96.246649,0.000000,0.012207,0.009861,0.027534,17,0.000000,0.000000,0.682549,0.900000,0.023026,-0.455502,0.682549,0.055693,0.754591,0.000000,0.900000,0.754591,129.003429,36.710994,81.988568,0.261131,0,452.56
20260607_204649,971.267,1,Right,368,96.195652,0.000000,96.195652,0.000000,0.024571,0.011310,0.062948,19,0.000000,0.000000,0.477354,0.902488,0.024631,-0.477354,0.463048,0.164040,0.728121,0.000000,0.902488,0.728121,106.262768,28.557159,60.083478,0.299707,1,452.56
20260607_204649,976.273,1,Left,373,96.246649,0.000000,96.246649,0.000000,0.012207,0.009861,0.027534,17,0.000000,0.000000,0.682549,0.900000,0.023026,-0.455502,0.682549,0.055693,0.754591,0.000000,0.900000,0.754591,129.003429,36.710994,81.988568,0.261131,0,448.21
20260607_204649,976.273,1,Right,368,96.195652,0.000000,96.195652,0.000000,0.024571,0.011310,0.062948,19,0.000000,0.000000,0.477354,0.902488,0.024631,-0.477354,0.463048,0.164040,0.728121,0.000000,0.902488,0.728121,106.262768,28.557159,60.083478,0.299707,1,448.21
20260607_204649,981.275,1,Left,373,96.246649,0.000000,96.246649,0.000000,0.012207,0.009861,0.027534,17,0.000000,0.000000,0.682549,0.900000,0.023026,-0.455502,0.682549,0.055693,0.754591,0.000000,0.900000,0.754591,129.003429,36.710994,81.988568,0.261131,0,411.85
20260607_204649,981.275,1,Right,368,96.195652,0.000000,96.195652,0.000000,0.024571,0.011310,0.062948,19,0.000000,0.000000,0.477354,0.902488,0.024631,-0.477354,0.463048,0.164040,0.728121,0.000000,0.902488,0.728121,106.262768,28.557159,60.083478,0.299707,1,411.85
20260607_204649,986.278,1,Left,373,96.246649,0.000000,96.246649,0.000000,0.012207,0.009861,0.027534,17,0.000000,0.000000,0.682549,0.900000,0.023026,-0.455502,0.682549,0.055693,0.754591,0.000000,0.900000,0.754591,129.003429,36.710994,81.988568,0.261131,0,448.78
20260607_204649,986.278,1,Right,368,96.195652,0.000000,96.195652,0.000000,0.024571,0.011310,0.062948,19,0.000000,0.000000,0.477354,0.902488,0.024631,-0.477354,0.463048,0.164040,0.728121,0.000000,0.902488,0.728121,106.262768,28.557159,60.083478,0.299707,1,448.78
20260607_204649,991.283,1,Left,373,96.246649,0.000000,96.246649,0.000000,0.012207,0.009861,0.027534,17,0.000000,0.000000,0.682549,0.900000,0.023026,-0.455502,0.682549,0.055693,0.754591,0.000000,0.900000,0.754591,129.003429,36.710994,81.988568,0.261131,0,460.46
20260607_204649,991.283,1,Right,368,96.195652,0.000000,96.195652,0.000000,0.024571,0.011310,0.062948,19,0.000000,0.000000,0.477354,0.902488,0.024631,-0.477354,0.463048,0.164040,0.728121,0.000000,0.902488,0.728121,106.262768,28.557159,60.083478,0.299707,1,460.46
20260607_204649,996.285,1,Left,373,96.246649,0.000000,96.246649,0.000000,0.012207,0.009861,0.027534,17,0.000000,0.000000,0.682549,0.900000,0.023026,-0.455502,0.682549,0.055693,0.754591,0.000000,0.900000,0.754591,129.003429,36.710994,81.988568,0.261131,0,464.64
20260607_204649,996.285,1,Right,368,96.195652,0.000000,96.195652,0.000000,0.024571,0.011310,0.062948,19,0.000000,0.000000,0.477354,0.902488,0.024631,-0.477354,0.463048,0.164040,0.728121,0.000000,0.902488,0.728121,106.262768,28.557159,60.083478,0.299707,1,464.64
20260607_204649,1001.285,1,Left,373,96.246649,0.000000,96.246649,0.000000,0.012207,0.009861,0.027534,17,0.000000,0.000000,0.682549,0.900000,0.023026,-0.455502,0.682549,0.055693,0.754591,0.000000,0.900000,0.754591,129.003429,36.710994,81.988568,0.261131,0,463.25
20260607_204649,1001.285,1,Right,368,96.195652,0.000000,96.195652,0.000000,0.024571,0.011310,0.062948,19,0.000000,0.000000,0.477354,0.902488,0.024631,-0.477354,0.463048,0.164040,0.728121,0.000000,0.902488,0.728121,106.262768,28.557159,60.083478,0.299707,1,463.25
20260607_204649,1006.293,1,Left,373,96.246649,0.000000,96.246649,0.000000,0.012207,0.009861,0.027534,17,0.000000,0.000000,0.682549,0.900000,0.023026,-0.455502,0.682549,0.055693,0.754591,0.000000,0.900000,0.754591,129.003429,36.710994,81.988568,0.261131,0,464.69
20260607_204649,1006.293,1,Right,368,96.195652,0.000000,96.195652,0.000000,0.024571,0.011310,0.062948,19,0.000000,0.000000,0.477354,0.902488,0.024631,-0.477354,0.463048,0.164040,0.728121,0.000000,0.902488,0.728121,106.262768,28.557159,60.083478,0.299707,1,464.69
20260607_204649,1011.301,1,Left,373,96.246649,0.000000,96.246649,0.000000,0.012207,0.009861,0.027534,17,0.000000,0.000000,0.682549,0.900000,0.023026,-0.455502,0.682549,0.055693,0.754591,0.000000,0.900000,0.754591,129.003429,36.710994,81.988568,0.261131,0,445.02
20260607_204649,1011.301,1,Right,368,96.195652,0.000000,96.195652,0.000000,0.024571,0.011310,0.062948,19,0.000000,0.000000,0.477354,0.902488,0.024631,-0.477354,0.463048,0.164040,0.728121,0.000000,0.902488,0.728121,106.262768,28.557159,60.083478,0.299707,1,445.02
20260607_204649,1016.313,1,Left,373,96.246649,0.000000,96.246649,0.000000,0.012207,0.009861,0.027534,17,0.000000,0.000000,0.682549,0.900000,0.023026,-0.455502,0.682549,0.055693,0.754591,0.000000,0.900000,0.754591,129.003429,36.710994,81.988568,0.261131,0,442.39
20260607_204649,1016.313,1,Right,368,96.195652,0.000000,96.195652,0.000000,0.024571,0.011310,0.062948,19,0.000000,0.000000,0.477354,0.902488,0.024631,-0.477354,0.463048,0.164040,0.728121,0.000000,0.902488,0.728121,106.262768,28.557159,60.083478,0.299707,1,442.39
20260607_204649,1021.313,1,Left,373,96.246649,0.000000,96.246649,0.000000,0.012207,0.009861,0.027534,17,0.000000,0.000000,0.682549,0.900000,0.023026,-0.455502,0.682549,0.055693,0.754591,0.000000,0.900000,0.754591,129.003429,36.710994,81.988568,0.261131,0,474.20
20260607_204649,1021.313,1,Right,368,96.195652,0.000000,96.195652,0.000000,0.024571,0.011310,0.062948,19,0.000000,0.000000,0.477354,0.902488,0.024631,-0.477354,0.463048,0.164040,0.728121,0.000000,0.902488,0.728121,106.262768,28.557159,60.083478,0.299707,1,474.20
20260607_204649,1026.321,1,Left,373,96.246649,0.000000,96.246649,0.000000,0.012207,0.009861,0.027534,17,0.000000,0.000000,0.682549,0.900000,0.023026,-0.455502,0.682549,0.055693,0.754591,0.000000,0.900000,0.754591,129.003429,36.710994,81.988568,0.261131,0,438.64
20260607_204649,1026.321,1,Right,368,96.195652,0.000000,96.195652,0.000000,0.024571,0.011310,0.062948,19,0.000000,0.000000,0.477354,0.902488,0.024631,-0.477354,0.463048,0.164040,0.728121,0.000000,0.902488,0.728121,106.262768,28.557159,60.083478,0.299707,1,438.64
20260607_204649,1031.321,1,Left,373,96.246649,0.000000,96.246649,0.000000,0.012207,0.009861,0.027534,17,0.000000,0.000000,0.682549,0.900000,0.023026,-0.455502,0.682549,0.055693,0.754591,0.000000,0.900000,0.754591,129.003429,36.710994,81.988568,0.261131,0,450.66
20260607_204649,1031.321,1,Right,368,96.195652,0.000000,96.195652,0.000000,0.024571,0.011310,0.062948,19,0.000000,0.000000,0.477354,0.902488,0.024631,-0.477354,0.463048,0.164040,0.728121,0.000000,0.902488,0.728121,106.262768,28.557159,60.083478,0.299707,1,450.66
20260607_204649,1036.331,1,Left,373,96.246649,0.000000,96.246649,0.000000,0.012207,0.009861,0.027534,17,0.000000,0.000000,0.682549,0.900000,0.023026,-0.455502,0.682549,0.055693,0.754591,0.000000,0.900000,0.754591,129.003429,36.710994,81.988568,0.261131,0,441.78
20260607_204649,1036.331,1,Right,368,96.195652,0.000000,96.195652,0.000000,0.024571,0.011310,0.062948,19,0.000000,0.000000,0.477354,0.902488,0.024631,-0.477354,0.463048,0.164040,0.728121,0.000000,0.902488,0.728121,106.262768,28.557159,60.083478,0.299707,1,441.78
20260607_204649,1041.333,1,Left,373,96.246649,0.000000,96.246649,0.000000,0.012207,0.009861,0.027534,17,0.000000,0.000000,0.682549,0.900000,0.023026,-0.455502,0.682549,0.055693,0.754591,0.000000,0.900000,0.754591,129.003429,36.710994,81.988568,0.261131,0,468.48
20260607_204649,1041.333,1,Right,368,96.195652,0.000000,96.195652,0.000000,0.024571,0.011310,0.062948,19,0.000000,0.000000,0.477354,0.902488,0.024631,-0.477354,0.463048,0.164040,0.728121,0.000000,0.902488,0.728121,106.262768,28.557159,60.083478,0.299707,1,468.48
20260607_204649,1046.335,1,Left,373,96.246649,0.000000,96.246649,0.000000,0.012207,0.009861,0.027534,17,0.000000,0.000000,0.682549,0.900000,0.023026,-0.455502,0.682549,0.055693,0.754591,0.000000,0.900000,0.754591,129.003429,36.710994,81.988568,0.261131,0,456.35
20260607_204649,1046.335,1,Right,368,96.195652,0.000000,96.195652,0.000000,0.024571,0.011310,0.062948,19,0.000000,0.000000,0.477354,0.902488,0.024631,-0.477354,0.463048,0.164040,0.728121,0.000000,0.902488,0.728121,106.262768,28.557159,60.083478,0.299707,1,456.35
20260607_204649,1051.345,1,Left,373,96.246649,0.000000,96.246649,0.000000,0.012207,0.009861,0.027534,17,0.000000,0.000000,0.682549,0.900000,0.023026,-0.455502,0.682549,0.055693,0.754591,0.000000,0.900000,0.754591,129.003429,36.710994,81.988568,0.261131,0,454.57
20260607_204649,1051.345,1,Right,368,96.195652,0.000000,96.195652,0.000000,0.024571,0.011310,0.062948,19,0.000000,0.000000,0.477354,0.902488,0.024631,-0.477354,0.463048,0.164040,0.728121,0.000000,0.902488,0.728121,106.262768,28.557159,60.083478,0.299707,1,454.57
20260607_204649,1056.346,1,Left,373,96.246649,0.000000,96.246649,0.000000,0.012207,0.009861,0.027534,17,0.000000,0.000000,0.682549,0.900000,0.023026,-0.455502,0.682549,0.055693,0.754591,0.000000,0.900000,0.754591,129.003429,36.710994,81.988568,0.261131,0,408.20
20260607_204649,1056.346,1,Right,368,96.195652,0.000000,96.195652,0.000000,0.024571,0.011310,0.062948,19,0.000000,0.000000,0.477354,0.902488,0.024631,-0.477354,0.463048,0.164040,0.728121,0.000000,0.902488,0.728121,106.262768,28.557159,60.083478,0.299707,1,408.20
20260607_204649,1061.356,1,Left,373,96.246649,0.000000,96.246649,0.000000,0.012207,0.009861,0.027534,17,0.000000,0.000000,0.682549,0.900000,0.023026,-0.455502,0.682549,0.055693,0.754591,0.000000,0.900000,0.754591,129.003429,36.710994,81.988568,0.261131,0,450.27
20260607_204649,1061.356,1,Right,368,96.195652,0.000000,96.195652,0.000000,0.024571,0.011310,0.062948,19,0.000000,0.000000,0.477354,0.902488,0.024631,-0.477354,0.463048,0.164040,0.728121,0.000000,0.902488,0.728121,106.262768,28.557159,60.083478,0.299707,1,450.27
20260607_204649,1066.357,1,Left,373,96.246649,0.000000,96.246649,0.000000,0.012207,0.009861,0.027534,17,0.000000,0.000000,0.682549,0.900000,0.023026,-0.455502,0.682549,0.055693,0.754591,0.000000,0.900000,0.754591,129.003429,36.710994,81.988568,0.261131,0,438.46
20260607_204649,1066.357,1,Right,368,96.195652,0.000000,96.195652,0.000000,0.024571,0.011310,0.062948,19,0.000000,0.000000,0.477354,0.902488,0.024631,-0.477354,0.463048,0.164040,0.728121,0.000000,0.902488,0.728121,106.262768,28.557159,60.083478,0.299707,1,438.46
20260607_204649,1071.362,1,Left,373,96.246649,0.000000,96.246649,0.000000,0.012207,0.009861,0.027534,17,0.000000,0.000000,0.682549,0.900000,0.023026,-0.455502,0.682549,0.055693,0.754591,0.000000,0.900000,0.754591,129.003429,36.710994,81.988568,0.261131,0,449.69
20260607_204649,1071.362,1,Right,368,96.195652,0.000000,96.195652,0.000000,0.024571,0.011310,0.062948,19,0.000000,0.000000,0.477354,0.902488,0.024631,-0.477354,0.463048,0.164040,0.728121,0.000000,0.902488,0.728121,106.262768,28.557159,60.083478,0.299707,1,449.69
20260607_204649,1076.370,1,Left,373,96.246649,0.000000,96.246649,0.000000,0.012207,0.009861,0.027534,17,0.000000,0.000000,0.682549,0.900000,0.023026,-0.455502,0.682549,0.055693,0.754591,0.000000,0.900000,0.754591,129.003429,36.710994,81.988568,0.261131,0,406.07
20260607_204649,1076.370,1,Right,368,96.195652,0.000000,96.195652,0.000000,0.024571,0.011310,0.062948,19,0.000000,0.000000,0.477354,0.902488,0.024631,-0.477354,0.463048,0.164040,0.728121,0.000000,0.902488,0.728121,106.262768,28.557159,60.083478,0.299707,1,406.07
20260607_204649,1081.381,1,Left,373,96.246649,0.000000,96.246649,0.000000,0.012207,0.009861,0.027534,17,0.000000,0.000000,0.682549,0.900000,0.023026,-0.455502,0.682549,0.055693,0.754591,0.000000,0.900000,0.754591,129.003429,36.710994,81.988568,0.261131,0,450.66
20260607_204649,1081.381,1,Right,368,96.195652,0.000000,96.195652,0.000000,0.024571,0.011310,0.062948,19,0.000000,0.000000,0.477354,0.902488,0.024631,-0.477354,0.463048,0.164040,0.728121,0.000000,0.902488,0.728121,106.262768,28.557159,60.083478,0.299707,1,450.66
20260607_204649,1086.383,1,Left,373,96.246649,0.000000,96.246649,0.000000,0.012207,0.009861,0.027534,17,0.000000,0.000000,0.682549,0.900000,0.023026,-0.455502,0.682549,0.055693,0.754591,0.000000,0.900000,0.754591,129.003429,36.710994,81.988568,0.261131,0,449.74
20260607_204649,1086.383,1,Right,368,96.195652,0.000000,96.195652,0.000000,0.024571,0.011310,0.062948,19,0.000000,0.000000,0.477354,0.902488,0.024631,-0.477354,0.463048,0.164040,0.728121,0.000000,0.902488,0.728121,106.262768,28.557159,60.083478,0.299707,1,449.74
20260607_204649,1091.386,1,Left,373,96.246649,0.000000,96.246649,0.000000,0.012207,0.009861,0.027534,17,0.000000,0.000000,0.682549,0.900000,0.023026,-0.455502,0.682549,0.055693,0.754591,0.000000,0.900000,0.754591,129.003429,36.710994,81.988568,0.261131,0,467.23
20260607_204649,1091.386,1,Right,368,96.195652,0.000000,96.195652,0.000000,0.024571,0.011310,0.062948,19,0.000000,0.000000,0.477354,0.902488,0.024631,-0.477354,0.463048,0.164040,0.728121,0.000000,0.902488,0.728121,106.262768,28.557159,60.083478,0.299707,1,467.23
20260607_204649,1096.398,1,Left,373,96.246649,0.000000,96.246649,0.000000,0.012207,0.009861,0.027534,17,0.000000,0.000000,0.682549,0.900000,0.023026,-0.455502,0.682549,0.055693,0.754591,0.000000,0.900000,0.754591,129.003429,36.710994,81.988568,0.261131,0,470.74
20260607_204649,1096.398,1,Right,368,96.195652,0.000000,96.195652,0.000000,0.024571,0.011310,0.062948,19,0.000000,0.000000,0.477354,0.902488,0.024631,-0.477354,0.463048,0.164040,0.728121,0.000000,0.902488,0.728121,106.262768,28.557159,60.083478,0.299707,1,470.74
20260607_204649,1101.405,1,Left,373,96.246649,0.000000,96.246649,0.000000,0.012207,0.009861,0.027534,17,0.000000,0.000000,0.682549,0.900000,0.023026,-0.455502,0.682549,0.055693,0.754591,0.000000,0.900000,0.754591,129.003429,36.710994,81.988568,0.261131,0,434.96
20260607_204649,1101.405,1,Right,368,96.195652,0.000000,96.195652,0.000000,0.024571,0.011310,0.062948,19,0.000000,0.000000,0.477354,0.902488,0.024631,-0.477354,0.463048,0.164040,0.728121,0.000000,0.902488,0.728121,106.262768,28.557159,60.083478,0.299707,1,434.96
20260607_204649,1106.416,1,Left,373,96.246649,0.000000,96.246649,0.000000,0.012207,0.009861,0.027534,17,0.000000,0.000000,0.682549,0.900000,0.023026,-0.455502,0.682549,0.055693,0.754591,0.000000,0.900000,0.754591,129.003429,36.710994,81.988568,0.261131,0,461.27
20260607_204649,1106.416,1,Right,368,96.195652,0.000000,96.195652,0.000000,0.024571,0.011310,0.062948,19,0.000000,0.000000,0.477354,0.902488,0.024631,-0.477354,0.463048,0.164040,0.728121,0.000000,0.902488,0.728121,106.262768,28.557159,60.083478,0.299707,1,461.27
20260607_204649,1111.420,1,Left,373,96.246649,0.000000,96.246649,0.000000,0.012207,0.009861,0.027534,17,0.000000,0.000000,0.682549,0.900000,0.023026,-0.455502,0.682549,0.055693,0.754591,0.000000,0.900000,0.754591,129.003429,36.710994,81.988568,0.261131,0,460.86
20260607_204649,1111.420,1,Right,368,96.195652,0.000000,96.195652,0.000000,0.024571,0.011310,0.062948,19,0.000000,0.000000,0.477354,0.902488,0.024631,-0.477354,0.463048,0.164040,0.728121,0.000000,0.902488,0.728121,106.262768,28.557159,60.083478,0.299707,1,460.86
20260607_204649,1116.421,1,Left,373,96.246649,0.000000,96.246649,0.000000,0.012207,0.009861,0.027534,17,0.000000,0.000000,0.682549,0.900000,0.023026,-0.455502,0.682549,0.055693,0.754591,0.000000,0.900000,0.754591,129.003429,36.710994,81.988568,0.261131,0,449.31
20260607_204649,1116.421,1,Right,368,96.195652,0.000000,96.195652,0.000000,0.024571,0.011310,0.062948,19,0.000000,0.000000,0.477354,0.902488,0.024631,-0.477354,0.463048,0.164040,0.728121,0.000000,0.902488,0.728121,106.262768,28.557159,60.083478,0.299707,1,449.31
20260607_204649,1121.421,1,Left,373,96.246649,0.000000,96.246649,0.000000,0.012207,0.009861,0.027534,17,0.000000,0.000000,0.682549,0.900000,0.023026,-0.455502,0.682549,0.055693,0.754591,0.000000,0.900000,0.754591,129.003429,36.710994,81.988568,0.261131,0,442.06
20260607_204649,1121.421,1,Right,368,96.195652,0.000000,96.195652,0.000000,0.024571,0.011310,0.062948,19,0.000000,0.000000,0.477354,0.902488,0.024631,-0.477354,0.463048,0.164040,0.728121,0.000000,0.902488,0.728121,106.262768,28.557159,60.083478,0.299707,1,442.06
20260607_204649,1126.426,1,Left,373,96.246649,0.000000,96.246649,0.000000,0.012207,0.009861,0.027534,17,0.000000,0.000000,0.682549,0.900000,0.023026,-0.455502,0.682549,0.055693,0.754591,0.000000,0.900000,0.754591,129.003429,36.710994,81.988568,0.261131,0,464.28
20260607_204649,1126.426,1,Right,368,96.195652,0.000000,96.195652,0.000000,0.024571,0.011310,0.062948,19,0.000000,0.000000,0.477354,0.902488,0.024631,-0.477354,0.463048,0.164040,0.728121,0.000000,0.902488,0.728121,106.262768,28.557159,60.083478,0.299707,1,464.28
20260607_204649,1131.435,1,Left,373,96.246649,0.000000,96.246649,0.000000,0.012207,0.009861,0.027534,17,0.000000,0.000000,0.682549,0.900000,0.023026,-0.455502,0.682549,0.055693,0.754591,0.000000,0.900000,0.754591,129.003429,36.710994,81.988568,0.261131,0,457.79
20260607_204649,1131.435,1,Right,368,96.195652,0.000000,96.195652,0.000000,0.024571,0.011310,0.062948,19,0.000000,0.000000,0.477354,0.902488,0.024631,-0.477354,0.463048,0.164040,0.728121,0.000000,0.902488,0.728121,106.262768,28.557159,60.083478,0.299707,1,457.79
20260607_204649,1136.446,1,Left,373,96.246649,0.000000,96.246649,0.000000,0.012207,0.009861,0.027534,17,0.000000,0.000000,0.682549,0.900000,0.023026,-0.455502,0.682549,0.055693,0.754591,0.000000,0.900000,0.754591,129.003429,36.710994,81.988568,0.261131,0,462.13
20260607_204649,1136.446,1,Right,368,96.195652,0.000000,96.195652,0.000000,0.024571,0.011310,0.062948,19,0.000000,0.000000,0.477354,0.902488,0.024631,-0.477354,0.463048,0.164040,0.728121,0.000000,0.902488,0.728121,106.262768,28.557159,60.083478,0.299707,1,462.13
20260607_204649,1141.454,1,Left,373,96.246649,0.000000,96.246649,0.000000,0.012207,0.009861,0.027534,17,0.000000,0.000000,0.682549,0.900000,0.023026,-0.455502,0.682549,0.055693,0.754591,0.000000,0.900000,0.754591,129.003429,36.710994,81.988568,0.261131,0,462.49
20260607_204649,1141.454,1,Right,368,96.195652,0.000000,96.195652,0.000000,0.024571,0.011310,0.062948,19,0.000000,0.000000,0.477354,0.902488,0.024631,-0.477354,0.463048,0.164040,0.728121,0.000000,0.902488,0.728121,106.262768,28.557159,60.083478,0.299707,1,462.49
20260607_204649,1146.457,1,Left,373,96.246649,0.000000,96.246649,0.000000,0.012207,0.009861,0.027534,17,0.000000,0.000000,0.682549,0.900000,0.023026,-0.455502,0.682549,0.055693,0.754591,0.000000,0.900000,0.754591,129.003429,36.710994,81.988568,0.261131,0,461.62
20260607_204649,1146.457,1,Right,368,96.195652,0.000000,96.195652,0.000000,0.024571,0.011310,0.062948,19,0.000000,0.000000,0.477354,0.902488,0.024631,-0.477354,0.463048,0.164040,0.728121,0.000000,0.902488,0.728121,106.262768,28.557159,60.083478,0.299707,1,461.62
20260607_204649,1151.469,1,Left,373,96.246649,0.000000,96.246649,0.000000,0.012207,0.009861,0.027534,17,0.000000,0.000000,0.682549,0.900000,0.023026,-0.455502,0.682549,0.055693,0.754591,0.000000,0.900000,0.754591,129.003429,36.710994,81.988568,0.261131,0,454.17
20260607_204649,1151.469,1,Right,368,96.195652,0.000000,96.195652,0.000000,0.024571,0.011310,0.062948,19,0.000000,0.000000,0.477354,0.902488,0.024631,-0.477354,0.463048,0.164040,0.728121,0.000000,0.902488,0.728121,106.262768,28.557159,60.083478,0.299707,1,454.17
20260607_204649,1156.476,1,Left,373,96.246649,0.000000,96.246649,0.000000,0.012207,0.009861,0.027534,17,0.000000,0.000000,0.682549,0.900000,0.023026,-0.455502,0.682549,0.055693,0.754591,0.000000,0.900000,0.754591,129.003429,36.710994,81.988568,0.261131,0,454.52
20260607_204649,1156.476,1,Right,368,96.195652,0.000000,96.195652,0.000000,0.024571,0.011310,0.062948,19,0.000000,0.000000,0.477354,0.902488,0.024631,-0.477354,0.463048,0.164040,0.728121,0.000000,0.902488,0.728121,106.262768,28.557159,60.083478,0.299707,1,454.52
20260607_204649,1161.481,1,Left,373,96.246649,0.000000,96.246649,0.000000,0.012207,0.009861,0.027534,17,0.000000,0.000000,0.682549,0.900000,0.023026,-0.455502,0.682549,0.055693,0.754591,0.000000,0.900000,0.754591,129.003429,36.710994,81.988568,0.261131,0,465.52
20260607_204649,1161.481,1,Right,368,96.195652,0.000000,96.195652,0.000000,0.024571,0.011310,0.062948,19,0.000000,0.000000,0.477354,0.902488,0.024631,-0.477354,0.463048,0.164040,0.728121,0.000000,0.902488,0.728121,106.262768,28.557159,60.083478,0.299707,1,465.52
20260607_204649,1166.492,1,Left,373,96.246649,0.000000,96.246649,0.000000,0.012207,0.009861,0.027534,17,0.000000,0.000000,0.682549,0.900000,0.023026,-0.455502,0.682549,0.055693,0.754591,0.000000,0.900000,0.754591,129.003429,36.710994,81.988568,0.261131,0,450.42
20260607_204649,1166.492,1,Right,368,96.195652,0.000000,96.195652,0.000000,0.024571,0.011310,0.062948,19,0.000000,0.000000,0.477354,0.902488,0.024631,-0.477354,0.463048,0.164040,0.728121,0.000000,0.902488,0.728121,106.262768,28.557159,60.083478,0.299707,1,450.42
20260607_204649,1171.498,1,Left,373,96.246649,0.000000,96.246649,0.000000,0.012207,0.009861,0.027534,17,0.000000,0.000000,0.682549,0.900000,0.023026,-0.455502,0.682549,0.055693,0.754591,0.000000,0.900000,0.754591,129.003429,36.710994,81.988568,0.261131,0,451.63
20260607_204649,1171.498,1,Right,368,96.195652,0.000000,96.195652,0.000000,0.024571,0.011310,0.062948,19,0.000000,0.000000,0.477354,0.902488,0.024631,-0.477354,0.463048,0.164040,0.728121,0.000000,0.902488,0.728121,106.262768,28.557159,60.083478,0.299707,1,451.63
20260607_204649,1176.501,1,Left,373,96.246649,0.000000,96.246649,0.000000,0.012207,0.009861,0.027534,17,0.000000,0.000000,0.682549,0.900000,0.023026,-0.455502,0.682549,0.055693,0.754591,0.000000,0.900000,0.754591,129.003429,36.710994,81.988568,0.261131,0,460.26
20260607_204649,1176.501,1,Right,368,96.195652,0.000000,96.195652,0.000000,0.024571,0.011310,0.062948,19,0.000000,0.000000,0.477354,0.902488,0.024631,-0.477354,0.463048,0.164040,0.728121,0.000000,0.902488,0.728121,106.262768,28.557159,60.083478,0.299707,1,460.26
20260607_204649,1181.512,1,Left,373,96.246649,0.000000,96.246649,0.000000,0.012207,0.009861,0.027534,17,0.000000,0.000000,0.682549,0.900000,0.023026,-0.455502,0.682549,0.055693,0.754591,0.000000,0.900000,0.754591,129.003429,36.710994,81.988568,0.261131,0,434.37
20260607_204649,1181.512,1,Right,368,96.195652,0.000000,96.195652,0.000000,0.024571,0.011310,0.062948,19,0.000000,0.000000,0.477354,0.902488,0.024631,-0.477354,0.463048,0.164040,0.728121,0.000000,0.902488,0.728121,106.262768,28.557159,60.083478,0.299707,1,434.37
20260607_204649,1186.523,1,Left,373,96.246649,0.000000,96.246649,0.000000,0.012207,0.009861,0.027534,17,0.000000,0.000000,0.682549,0.900000,0.023026,-0.455502,0.682549,0.055693,0.754591,0.000000,0.900000,0.754591,129.003429,36.710994,81.988568,0.261131,0,455.75
20260607_204649,1186.523,1,Right,368,96.195652,0.000000,96.195652,0.000000,0.024571,0.011310,0.062948,19,0.000000,0.000000,0.477354,0.902488,0.024631,-0.477354,0.463048,0.164040,0.728121,0.000000,0.902488,0.728121,106.262768,28.557159,60.083478,0.299707,1,455.75
20260607_204649,1191.531,1,Left,373,96.246649,0.000000,96.246649,0.000000,0.012207,0.009861,0.027534,17,0.000000,0.000000,0.682549,0.900000,0.023026,-0.455502,0.682549,0.055693,0.754591,0.000000,0.900000,0.754591,129.003429,36.710994,81.988568,0.261131,0,461.01
20260607_204649,1191.531,1,Right,368,96.195652,0.000000,96.195652,0.000000,0.024571,0.011310,0.062948,19,0.000000,0.000000,0.477354,0.902488,0.024631,-0.477354,0.463048,0.164040,0.728121,0.000000,0.902488,0.728121,106.262768,28.557159,60.083478,0.299707,1,461.01
20260607_204649,1196.536,1,Left,373,96.246649,0.000000,96.246649,0.000000,0.012207,0.009861,0.027534,17,0.000000,0.000000,0.682549,0.900000,0.023026,-0.455502,0.682549,0.055693,0.754591,0.000000,0.900000,0.754591,129.003429,36.710994,81.988568,0.261131,0,457.99
20260607_204649,1196.536,1,Right,368,96.195652,0.000000,96.195652,0.000000,0.024571,0.011310,0.062948,19,0.000000,0.000000,0.477354,0.902488,0.024631,-0.477354,0.463048,0.164040,0.728121,0.000000,0.902488,0.728121,106.262768,28.557159,60.083478,0.299707,1,457.99
20260607_204649,1201.540,1,Left,373,96.246649,0.000000,96.246649,0.000000,0.012207,0.009861,0.027534,17,0.000000,0.000000,0.682549,0.900000,0.023026,-0.455502,0.682549,0.055693,0.754591,0.000000,0.900000,0.754591,129.003429,36.710994,81.988568,0.261131,0,439.52
20260607_204649,1201.540,1,Right,368,96.195652,0.000000,96.195652,0.000000,0.024571,0.011310,0.062948,19,0.000000,0.000000,0.477354,0.902488,0.024631,-0.477354,0.463048,0.164040,0.728121,0.000000,0.902488,0.728121,106.262768,28.557159,60.083478,0.299707,1,439.52
20260607_204649,1206.551,1,Left,373,96.246649,0.000000,96.246649,0.000000,0.012207,0.009861,0.027534,17,0.000000,0.000000,0.682549,0.900000,0.023026,-0.455502,0.682549,0.055693,0.754591,0.000000,0.900000,0.754591,129.003429,36.710994,81.988568,0.261131,0,471.01
20260607_204649,1206.551,1,Right,368,96.195652,0.000000,96.195652,0.000000,0.024571,0.011310,0.062948,19,0.000000,0.000000,0.477354,0.902488,0.024631,-0.477354,0.463048,0.164040,0.728121,0.000000,0.902488,0.728121,106.262768,28.557159,60.083478,0.299707,1,471.01
20260607_204649,1211.558,1,Left,373,96.246649,0.000000,96.246649,0.000000,0.012207,0.009861,0.027534,17,0.000000,0.000000,0.682549,0.900000,0.023026,-0.455502,0.682549,0.055693,0.754591,0.000000,0.900000,0.754591,129.003429,36.710994,81.988568,0.261131,0,473.88
20260607_204649,1211.558,1,Right,368,96.195652,0.000000,96.195652,0.000000,0.024571,0.011310,0.062948,19,0.000000,0.000000,0.477354,0.902488,0.024631,-0.477354,0.463048,0.164040,0.728121,0.000000,0.902488,0.728121,106.262768,28.557159,60.083478,0.299707,1,473.88
20260607_204649,1216.563,1,Left,373,96.246649,0.000000,96.246649,0.000000,0.012207,0.009861,0.027534,17,0.000000,0.000000,0.682549,0.900000,0.023026,-0.455502,0.682549,0.055693,0.754591,0.000000,0.900000,0.754591,129.003429,36.710994,81.988568,0.261131,0,461.93
20260607_204649,1216.563,1,Right,368,96.195652,0.000000,96.195652,0.000000,0.024571,0.011310,0.062948,19,0.000000,0.000000,0.477354,0.902488,0.024631,-0.477354,0.463048,0.164040,0.728121,0.000000,0.902488,0.728121,106.262768,28.557159,60.083478,0.299707,1,461.93
20260607_204649,1221.575,1,Left,373,96.246649,0.000000,96.246649,0.000000,0.012207,0.009861,0.027534,17,0.000000,0.000000,0.682549,0.900000,0.023026,-0.455502,0.682549,0.055693,0.754591,0.000000,0.900000,0.754591,129.003429,36.710994,81.988568,0.261131,0,452.12
20260607_204649,1221.575,1,Right,368,96.195652,0.000000,96.195652,0.000000,0.024571,0.011310,0.062948,19,0.000000,0.000000,0.477354,0.902488,0.024631,-0.477354,0.463048,0.164040,0.728121,0.000000,0.902488,0.728121,106.262768,28.557159,60.083478,0.299707,1,452.12
20260607_204649,1226.575,1,Left,373,96.246649,0.000000,96.246649,0.000000,0.012207,0.009861,0.027534,17,0.000000,0.000000,0.682549,0.900000,0.023026,-0.455502,0.682549,0.055693,0.754591,0.000000,0.900000,0.754591,129.003429,36.710994,81.988568,0.261131,0,462.34
20260607_204649,1226.575,1,Right,368,96.195652,0.000000,96.195652,0.000000,0.024571,0.011310,0.062948,19,0.000000,0.000000,0.477354,0.902488,0.024631,-0.477354,0.463048,0.164040,0.728121,0.000000,0.902488,0.728121,106.262768,28.557159,60.083478,0.299707,1,462.34
20260607_204649,1231.582,1,Left,373,96.246649,0.000000,96.246649,0.000000,0.012207,0.009861,0.027534,17,0.000000,0.000000,0.682549,0.900000,0.023026,-0.455502,0.682549,0.055693,0.754591,0.000000,0.900000,0.754591,129.003429,36.710994,81.988568,0.261131,0,433.25
20260607_204649,1231.582,1,Right,368,96.195652,0.000000,96.195652,0.000000,0.024571,0.011310,0.062948,19,0.000000,0.000000,0.477354,0.902488,0.024631,-0.477354,0.463048,0.164040,0.728121,0.000000,0.902488,0.728121,106.262768,28.557159,60.083478,0.299707,1,433.25
20260607_204649,1236.582,1,Left,373,96.246649,0.000000,96.246649,0.000000,0.012207,0.009861,0.027534,17,0.000000,0.000000,0.682549,0.900000,0.023026,-0.455502,0.682549,0.055693,0.754591,0.000000,0.900000,0.754591,129.003429,36.710994,81.988568,0.261131,0,449.07
20260607_204649,1236.582,1,Right,368,96.195652,0.000000,96.195652,0.000000,0.024571,0.011310,0.062948,19,0.000000,0.000000,0.477354,0.902488,0.024631,-0.477354,0.463048,0.164040,0.728121,0.000000,0.902488,0.728121,106.262768,28.557159,60.083478,0.299707,1,449.07
20260607_204649,1241.586,1,Left,373,96.246649,0.000000,96.246649,0.000000,0.012207,0.009861,0.027534,17,0.000000,0.000000,0.682549,0.900000,0.023026,-0.455502,0.682549,0.055693,0.754591,0.000000,0.900000,0.754591,129.003429,36.710994,81.988568,0.261131,0,457.84
20260607_204649,1241.586,1,Right,368,96.195652,0.000000,96.195652,0.000000,0.024571,0.011310,0.062948,19,0.000000,0.000000,0.477354,0.902488,0.024631,-0.477354,0.463048,0.164040,0.728121,0.000000,0.902488,0.728121,106.262768,28.557159,60.083478,0.299707,1,457.84
20260607_204649,1246.595,1,Left,373,96.246649,0.000000,96.246649,0.000000,0.012207,0.009861,0.027534,17,0.000000,0.000000,0.682549,0.900000,0.023026,-0.455502,0.682549,0.055693,0.754591,0.000000,0.900000,0.754591,129.003429,36.710994,81.988568,0.261131,0,465.52
20260607_204649,1246.595,1,Right,368,96.195652,0.000000,96.195652,0.000000,0.024571,0.011310,0.062948,19,0.000000,0.000000,0.477354,0.902488,0.024631,-0.477354,0.463048,0.164040,0.728121,0.000000,0.902488,0.728121,106.262768,28.557159,60.083478,0.299707,1,465.52
20260607_204649,1251.600,1,Left,373,96.246649,0.000000,96.246649,0.000000,0.012207,0.009861,0.027534,17,0.000000,0.000000,0.682549,0.900000,0.023026,-0.455502,0.682549,0.055693,0.754591,0.000000,0.900000,0.754591,129.003429,36.710994,81.988568,0.261131,0,462.13
20260607_204649,1251.600,1,Right,368,96.195652,0.000000,96.195652,0.000000,0.024571,0.011310,0.062948,19,0.000000,0.000000,0.477354,0.902488,0.024631,-0.477354,0.463048,0.164040,0.728121,0.000000,0.902488,0.728121,106.262768,28.557159,60.083478,0.299707,1,462.13
20260607_204649,1256.611,1,Left,373,96.246649,0.000000,96.246649,0.000000,0.012207,0.009861,0.027534,17,0.000000,0.000000,0.682549,0.900000,0.023026,-0.455502,0.682549,0.055693,0.754591,0.000000,0.900000,0.754591,129.003429,36.710994,81.988568,0.261131,0,462.79
20260607_204649,1256.611,1,Right,368,96.195652,0.000000,96.195652,0.000000,0.024571,0.011310,0.062948,19,0.000000,0.000000,0.477354,0.902488,0.024631,-0.477354,0.463048,0.164040,0.728121,0.000000,0.902488,0.728121,106.262768,28.557159,60.083478,0.299707,1,462.79
20260607_204649,1261.621,1,Left,373,96.246649,0.000000,96.246649,0.000000,0.012207,0.009861,0.027534,17,0.000000,0.000000,0.682549,0.900000,0.023026,-0.455502,0.682549,0.055693,0.754591,0.000000,0.900000,0.754591,129.003429,36.710994,81.988568,0.261131,0,437.64
20260607_204649,1261.621,1,Right,368,96.195652,0.000000,96.195652,0.000000,0.024571,0.011310,0.062948,19,0.000000,0.000000,0.477354,0.902488,0.024631,-0.477354,0.463048,0.164040,0.728121,0.000000,0.902488,0.728121,106.262768,28.557159,60.083478,0.299707,1,437.64
20260607_204649,1266.621,1,Left,373,96.246649,0.000000,96.246649,0.000000,0.012207,0.009861,0.027534,17,0.000000,0.000000,0.682549,0.900000,0.023026,-0.455502,0.682549,0.055693,0.754591,0.000000,0.900000,0.754591,129.003429,36.710994,81.988568,0.261131,0,454.37
20260607_204649,1266.621,1,Right,368,96.195652,0.000000,96.195652,0.000000,0.024571,0.011310,0.062948,19,0.000000,0.000000,0.477354,0.902488,0.024631,-0.477354,0.463048,0.164040,0.728121,0.000000,0.902488,0.728121,106.262768,28.557159,60.083478,0.299707,1,454.37
20260607_204649,1271.632,1,Left,373,96.246649,0.000000,96.246649,0.000000,0.012207,0.009861,0.027534,17,0.000000,0.000000,0.682549,0.900000,0.023026,-0.455502,0.682549,0.055693,0.754591,0.000000,0.900000,0.754591,129.003429,36.710994,81.988568,0.261131,0,445.92
20260607_204649,1271.632,1,Right,368,96.195652,0.000000,96.195652,0.000000,0.024571,0.011310,0.062948,19,0.000000,0.000000,0.477354,0.902488,0.024631,-0.477354,0.463048,0.164040,0.728121,0.000000,0.902488,0.728121,106.262768,28.557159,60.083478,0.299707,1,445.92
20260607_204649,1276.643,1,Left,373,96.246649,0.000000,96.246649,0.000000,0.012207,0.009861,0.027534,17,0.000000,0.000000,0.682549,0.900000,0.023026,-0.455502,0.682549,0.055693,0.754591,0.000000,0.900000,0.754591,129.003429,36.710994,81.988568,0.261131,0,462.44
20260607_204649,1276.643,1,Right,368,96.195652,0.000000,96.195652,0.000000,0.024571,0.011310,0.062948,19,0.000000,0.000000,0.477354,0.902488,0.024631,-0.477354,0.463048,0.164040,0.728121,0.000000,0.902488,0.728121,106.262768,28.557159,60.083478,0.299707,1,462.44
20260607_204649,1281.654,1,Left,373,96.246649,0.000000,96.246649,0.000000,0.012207,0.009861,0.027534,17,0.000000,0.000000,0.682549,0.900000,0.023026,-0.455502,0.682549,0.055693,0.754591,0.000000,0.900000,0.754591,129.003429,36.710994,81.988568,0.261131,0,459.15
20260607_204649,1281.654,1,Right,368,96.195652,0.000000,96.195652,0.000000,0.024571,0.011310,0.062948,19,0.000000,0.000000,0.477354,0.902488,0.024631,-0.477354,0.463048,0.164040,0.728121,0.000000,0.902488,0.728121,106.262768,28.557159,60.083478,0.299707,1,459.15
20260607_204649,1286.657,1,Left,373,96.246649,0.000000,96.246649,0.000000,0.012207,0.009861,0.027534,17,0.000000,0.000000,0.682549,0.900000,0.023026,-0.455502,0.682549,0.055693,0.754591,0.000000,0.900000,0.754591,129.003429,36.710994,81.988568,0.261131,0,420.90
20260607_204649,1286.657,1,Right,368,96.195652,0.000000,96.195652,0.000000,0.024571,0.011310,0.062948,19,0.000000,0.000000,0.477354,0.902488,0.024631,-0.477354,0.463048,0.164040,0.728121,0.000000,0.902488,0.728121,106.262768,28.557159,60.083478,0.299707,1,420.90
20260607_204649,1291.668,1,Left,373,96.246649,0.000000,96.246649,0.000000,0.012207,0.009861,0.027534,17,0.000000,0.000000,0.682549,0.900000,0.023026,-0.455502,0.682549,0.055693,0.754591,0.000000,0.900000,0.754591,129.003429,36.710994,81.988568,0.261131,0,457.44
20260607_204649,1291.668,1,Right,368,96.195652,0.000000,96.195652,0.000000,0.024571,0.011310,0.062948,19,0.000000,0.000000,0.477354,0.902488,0.024631,-0.477354,0.463048,0.164040,0.728121,0.000000,0.902488,0.728121,106.262768,28.557159,60.083478,0.299707,1,457.44
20260607_204649,1296.670,1,Left,373,96.246649,0.000000,96.246649,0.000000,0.012207,0.009861,0.027534,17,0.000000,0.000000,0.682549,0.900000,0.023026,-0.455502,0.682549,0.055693,0.754591,0.000000,0.900000,0.754591,129.003429,36.710994,81.988568,0.261131,0,462.08
20260607_204649,1296.670,1,Right,368,96.195652,0.000000,96.195652,0.000000,0.024571,0.011310,0.062948,19,0.000000,0.000000,0.477354,0.902488,0.024631,-0.477354,0.463048,0.164040,0.728121,0.000000,0.902488,0.728121,106.262768,28.557159,60.083478,0.299707,1,462.08
20260607_204649,1301.682,1,Left,373,96.246649,0.000000,96.246649,0.000000,0.012207,0.009861,0.027534,17,0.000000,0.000000,0.682549,0.900000,0.023026,-0.455502,0.682549,0.055693,0.754591,0.000000,0.900000,0.754591,129.003429,36.710994,81.988568,0.261131,0,470.21
20260607_204649,1301.682,1,Right,368,96.195652,0.000000,96.195652,0.000000,0.024571,0.011310,0.062948,19,0.000000,0.000000,0.477354,0.902488,0.024631,-0.477354,0.463048,0.164040,0.728121,0.000000,0.902488,0.728121,106.262768,28.557159,60.083478,0.299707,1,470.21
20260607_204649,1306.682,1,Left,373,96.246649,0.000000,96.246649,0.000000,0.012207,0.009861,0.027534,17,0.000000,0.000000,0.682549,0.900000,0.023026,-0.455502,0.682549,0.055693,0.754591,0.000000,0.900000,0.754591,129.003429,36.710994,81.988568,0.261131,0,449.02
20260607_204649,1306.682,1,Right,368,96.195652,0.000000,96.195652,0.000000,0.024571,0.011310,0.062948,19,0.000000,0.000000,0.477354,0.902488,0.024631,-0.477354,0.463048,0.164040,0.728121,0.000000,0.902488,0.728121,106.262768,28.557159,60.083478,0.299707,1,449.02
20260607_204649,1311.689,1,Left,373,96.246649,0.000000,96.246649,0.000000,0.012207,0.009861,0.027534,17,0.000000,0.000000,0.682549,0.900000,0.023026,-0.455502,0.682549,0.055693,0.754591,0.000000,0.900000,0.754591,129.003429,36.710994,81.988568,0.261131,0,454.96
20260607_204649,1311.689,1,Right,368,96.195652,0.000000,96.195652,0.000000,0.024571,0.011310,0.062948,19,0.000000,0.000000,0.477354,0.902488,0.024631,-0.477354,0.463048,0.164040,0.728121,0.000000,0.902488,0.728121,106.262768,28.557159,60.083478,0.299707,1,454.96
20260607_204649,1316.701,1,Left,373,96.246649,0.000000,96.246649,0.000000,0.012207,0.009861,0.027534,17,0.000000,0.000000,0.682549,0.900000,0.023026,-0.455502,0.682549,0.055693,0.754591,0.000000,0.900000,0.754591,129.003429,36.710994,81.988568,0.261131,0,448.88
20260607_204649,1316.701,1,Right,368,96.195652,0.000000,96.195652,0.000000,0.024571,0.011310,0.062948,19,0.000000,0.000000,0.477354,0.902488,0.024631,-0.477354,0.463048,0.164040,0.728121,0.000000,0.902488,0.728121,106.262768,28.557159,60.083478,0.299707,1,448.88
20260607_204649,1321.704,1,Left,373,96.246649,0.000000,96.246649,0.000000,0.012207,0.009861,0.027534,17,0.000000,0.000000,0.682549,0.900000,0.023026,-0.455502,0.682549,0.055693,0.754591,0.000000,0.900000,0.754591,129.003429,36.710994,81.988568,0.261131,0,451.63
20260607_204649,1321.704,1,Right,368,96.195652,0.000000,96.195652,0.000000,0.024571,0.011310,0.062948,19,0.000000,0.000000,0.477354,0.902488,0.024631,-0.477354,0.463048,0.164040,0.728121,0.000000,0.902488,0.728121,106.262768,28.557159,60.083478,0.299707,1,451.63
20260607_204649,1326.710,1,Left,373,96.246649,0.000000,96.246649,0.000000,0.012207,0.009861,0.027534,17,0.000000,0.000000,0.682549,0.900000,0.023026,-0.455502,0.682549,0.055693,0.754591,0.000000,0.900000,0.754591,129.003429,36.710994,81.988568,0.261131,0,461.37
20260607_204649,1326.710,1,Right,368,96.195652,0.000000,96.195652,0.000000,0.024571,0.011310,0.062948,19,0.000000,0.000000,0.477354,0.902488,0.024631,-0.477354,0.463048,0.164040,0.728121,0.000000,0.902488,0.728121,106.262768,28.557159,60.083478,0.299707,1,461.37
20260607_204649,1331.722,1,Left,373,96.246649,0.000000,96.246649,0.000000,0.012207,0.009861,0.027534,17,0.000000,0.000000,0.682549,0.900000,0.023026,-0.455502,0.682549,0.055693,0.754591,0.000000,0.900000,0.754591,129.003429,36.710994,81.988568,0.261131,0,452.51
20260607_204649,1331.722,1,Right,368,96.195652,0.000000,96.195652,0.000000,0.024571,0.011310,0.062948,19,0.000000,0.000000,0.477354,0.902488,0.024631,-0.477354,0.463048,0.164040,0.728121,0.000000,0.902488,0.728121,106.262768,28.557159,60.083478,0.299707,1,452.51
20260607_204649,1336.725,1,Left,373,96.246649,0.000000,96.246649,0.000000,0.012207,0.009861,0.027534,17,0.000000,0.000000,0.682549,0.900000,0.023026,-0.455502,0.682549,0.055693,0.754591,0.000000,0.900000,0.754591,129.003429,36.710994,81.988568,0.261131,0,449.84
20260607_204649,1336.725,1,Right,368,96.195652,0.000000,96.195652,0.000000,0.024571,0.011310,0.062948,19,0.000000,0.000000,0.477354,0.902488,0.024631,-0.477354,0.463048,0.164040,0.728121,0.000000,0.902488,0.728121,106.262768,28.557159,60.083478,0.299707,1,449.84
20260607_204649,1341.734,1,Left,373,96.246649,0.000000,96.246649,0.000000,0.012207,0.009861,0.027534,17,0.000000,0.000000,0.682549,0.900000,0.023026,-0.455502,0.682549,0.055693,0.754591,0.000000,0.900000,0.754591,129.003429,36.710994,81.988568,0.261131,0,453.54
20260607_204649,1341.734,1,Right,368,96.195652,0.000000,96.195652,0.000000,0.024571,0.011310,0.062948,19,0.000000,0.000000,0.477354,0.902488,0.024631,-0.477354,0.463048,0.164040,0.728121,0.000000,0.902488,0.728121,106.262768,28.557159,60.083478,0.299707,1,453.54
20260607_204649,1346.745,1,Left,373,96.246649,0.000000,96.246649,0.000000,0.012207,0.009861,0.027534,17,0.000000,0.000000,0.682549,0.900000,0.023026,-0.455502,0.682549,0.055693,0.754591,0.000000,0.900000,0.754591,129.003429,36.710994,81.988568,0.261131,0,460.86
20260607_204649,1346.745,1,Right,368,96.195652,0.000000,96.195652,0.000000,0.024571,0.011310,0.062948,19,0.000000,0.000000,0.477354,0.902488,0.024631,-0.477354,0.463048,0.164040,0.728121,0.000000,0.902488,0.728121,106.262768,28.557159,60.083478,0.299707,1,460.86
20260607_204649,1351.757,1,Left,373,96.246649,0.000000,96.246649,0.000000,0.012207,0.009861,0.027534,17,0.000000,0.000000,0.682549,0.900000,0.023026,-0.455502,0.682549,0.055693,0.754591,0.000000,0.900000,0.754591,129.003429,36.710994,81.988568,0.261131,0,464.33
20260607_204649,1351.757,1,Right,368,96.195652,0.000000,96.195652,0.000000,0.024571,0.011310,0.062948,19,0.000000,0.000000,0.477354,0.902488,0.024631,-0.477354,0.463048,0.164040,0.728121,0.000000,0.902488,0.728121,106.262768,28.557159,60.083478,0.299707,1,464.33
20260607_204649,1356.759,1,Left,373,96.246649,0.000000,96.246649,0.000000,0.012207,0.009861,0.027534,17,0.000000,0.000000,0.682549,0.900000,0.023026,-0.455502,0.682549,0.055693,0.754591,0.000000,0.900000,0.754591,129.003429,36.710994,81.988568,0.261131,0,431.11
20260607_204649,1356.759,1,Right,368,96.195652,0.000000,96.195652,0.000000,0.024571,0.011310,0.062948,19,0.000000,0.000000,0.477354,0.902488,0.024631,-0.477354,0.463048,0.164040,0.728121,0.000000,0.902488,0.728121,106.262768,28.557159,60.083478,0.299707,1,431.11
20260607_204649,1361.765,1,Left,373,96.246649,0.000000,96.246649,0.000000,0.012207,0.009861,0.027534,17,0.000000,0.000000,0.682549,0.900000,0.023026,-0.455502,0.682549,0.055693,0.754591,0.000000,0.900000,0.754591,129.003429,36.710994,81.988568,0.261131,0,450.03
20260607_204649,1361.765,1,Right,368,96.195652,0.000000,96.195652,0.000000,0.024571,0.011310,0.062948,19,0.000000,0.000000,0.477354,0.902488,0.024631,-0.477354,0.463048,0.164040,0.728121,0.000000,0.902488,0.728121,106.262768,28.557159,60.083478,0.299707,1,450.03
20260607_204649,1366.768,1,Left,373,96.246649,0.000000,96.246649,0.000000,0.012207,0.009861,0.027534,17,0.000000,0.000000,0.682549,0.900000,0.023026,-0.455502,0.682549,0.055693,0.754591,0.000000,0.900000,0.754591,129.003429,36.710994,81.988568,0.261131,0,465.05
20260607_204649,1366.768,1,Right,368,96.195652,0.000000,96.195652,0.000000,0.024571,0.011310,0.062948,19,0.000000,0.000000,0.477354,0.902488,0.024631,-0.477354,0.463048,0.164040,0.728121,0.000000,0.902488,0.728121,106.262768,28.557159,60.083478,0.299707,1,465.05
20260607_204649,1371.776,1,Left,373,96.246649,0.000000,96.246649,0.000000,0.012207,0.009861,0.027534,17,0.000000,0.000000,0.682549,0.900000,0.023026,-0.455502,0.682549,0.055693,0.754591,0.000000,0.900000,0.754591,129.003429,36.710994,81.988568,0.261131,0,470.42
20260607_204649,1371.776,1,Right,368,96.195652,0.000000,96.195652,0.000000,0.024571,0.011310,0.062948,19,0.000000,0.000000,0.477354,0.902488,0.024631,-0.477354,0.463048,0.164040,0.728121,0.000000,0.902488,0.728121,106.262768,28.557159,60.083478,0.299707,1,470.42
20260607_204649,1376.788,1,Left,373,96.246649,0.000000,96.246649,0.000000,0.012207,0.009861,0.027534,17,0.000000,0.000000,0.682549,0.900000,0.023026,-0.455502,0.682549,0.055693,0.754591,0.000000,0.900000,0.754591,129.003429,36.710994,81.988568,0.261131,0,440.35
20260607_204649,1376.788,1,Right,368,96.195652,0.000000,96.195652,0.000000,0.024571,0.011310,0.062948,19,0.000000,0.000000,0.477354,0.902488,0.024631,-0.477354,0.463048,0.164040,0.728121,0.000000,0.902488,0.728121,106.262768,28.557159,60.083478,0.299707,1,440.35
20260607_204649,1381.791,1,Left,373,96.246649,0.000000,96.246649,0.000000,0.012207,0.009861,0.027534,17,0.000000,0.000000,0.682549,0.900000,0.023026,-0.455502,0.682549,0.055693,0.754591,0.000000,0.900000,0.754591,129.003429,36.710994,81.988568,0.261131,0,457.74
20260607_204649,1381.791,1,Right,368,96.195652,0.000000,96.195652,0.000000,0.024571,0.011310,0.062948,19,0.000000,0.000000,0.477354,0.902488,0.024631,-0.477354,0.463048,0.164040,0.728121,0.000000,0.902488,0.728121,106.262768,28.557159,60.083478,0.299707,1,457.74
20260607_204649,1386.794,1,Left,373,96.246649,0.000000,96.246649,0.000000,0.012207,0.009861,0.027534,17,0.000000,0.000000,0.682549,0.900000,0.023026,-0.455502,0.682549,0.055693,0.754591,0.000000,0.900000,0.754591,129.003429,36.710994,81.988568,0.261131,0,462.59
20260607_204649,1386.794,1,Right,368,96.195652,0.000000,96.195652,0.000000,0.024571,0.011310,0.062948,19,0.000000,0.000000,0.477354,0.902488,0.024631,-0.477354,0.463048,0.164040,0.728121,0.000000,0.902488,0.728121,106.262768,28.557159,60.083478,0.299707,1,462.59
20260607_204649,1391.797,1,Left,373,96.246649,0.000000,96.246649,0.000000,0.012207,0.009861,0.027534,17,0.000000,0.000000,0.682549,0.900000,0.023026,-0.455502,0.682549,0.055693,0.754591,0.000000,0.900000,0.754591,129.003429,36.710994,81.988568,0.261131,0,466.76
20260607_204649,1391.797,1,Right,368,96.195652,0.000000,96.195652,0.000000,0.024571,0.011310,0.062948,19,0.000000,0.000000,0.477354,0.902488,0.024631,-0.477354,0.463048,0.164040,0.728121,0.000000,0.902488,0.728121,106.262768,28.557159,60.083478,0.299707,1,466.76
20260607_204649,1396.805,1,Left,373,96.246649,0.000000,96.246649,0.000000,0.012207,0.009861,0.027534,17,0.000000,0.000000,0.682549,0.900000,0.023026,-0.455502,0.682549,0.055693,0.754591,0.000000,0.900000,0.754591,129.003429,36.710994,81.988568,0.261131,0,439.84
20260607_204649,1396.805,1,Right,368,96.195652,0.000000,96.195652,0.000000,0.024571,0.011310,0.062948,19,0.000000,0.000000,0.477354,0.902488,0.024631,-0.477354,0.463048,0.164040,0.728121,0.000000,0.902488,0.728121,106.262768,28.557159,60.083478,0.299707,1,439.84
20260607_204649,1401.814,1,Left,373,96.246649,0.000000,96.246649,0.000000,0.012207,0.009861,0.027534,17,0.000000,0.000000,0.682549,0.900000,0.023026,-0.455502,0.682549,0.055693,0.754591,0.000000,0.900000,0.754591,129.003429,36.710994,81.988568,0.261131,0,459.35
20260607_204649,1401.814,1,Right,368,96.195652,0.000000,96.195652,0.000000,0.024571,0.011310,0.062948,19,0.000000,0.000000,0.477354,0.902488,0.024631,-0.477354,0.463048,0.164040,0.728121,0.000000,0.902488,0.728121,106.262768,28.557159,60.083478,0.299707,1,459.35
20260607_204649,1406.822,1,Left,373,96.246649,0.000000,96.246649,0.000000,0.012207,0.009861,0.027534,17,0.000000,0.000000,0.682549,0.900000,0.023026,-0.455502,0.682549,0.055693,0.754591,0.000000,0.900000,0.754591,129.003429,36.710994,81.988568,0.261131,0,468.79
20260607_204649,1406.822,1,Right,368,96.195652,0.000000,96.195652,0.000000,0.024571,0.011310,0.062948,19,0.000000,0.000000,0.477354,0.902488,0.024631,-0.477354,0.463048,0.164040,0.728121,0.000000,0.902488,0.728121,106.262768,28.557159,60.083478,0.299707,1,468.79
20260607_204649,1411.831,1,Left,373,96.246649,0.000000,96.246649,0.000000,0.012207,0.009861,0.027534,17,0.000000,0.000000,0.682549,0.900000,0.023026,-0.455502,0.682549,0.055693,0.754591,0.000000,0.900000,0.754591,129.003429,36.710994,81.988568,0.261131,0,450.23
20260607_204649,1411.831,1,Right,368,96.195652,0.000000,96.195652,0.000000,0.024571,0.011310,0.062948,19,0.000000,0.000000,0.477354,0.902488,0.024631,-0.477354,0.463048,0.164040,0.728121,0.000000,0.902488,0.728121,106.262768,28.557159,60.083478,0.299707,1,450.23
20260607_204649,1416.843,1,Left,373,96.246649,0.000000,96.246649,0.000000,0.012207,0.009861,0.027534,17,0.000000,0.000000,0.682549,0.900000,0.023026,-0.455502,0.682549,0.055693,0.754591,0.000000,0.900000,0.754591,129.003429,36.710994,81.988568,0.261131,0,444.03
20260607_204649,1416.843,1,Right,368,96.195652,0.000000,96.195652,0.000000,0.024571,0.011310,0.062948,19,0.000000,0.000000,0.477354,0.902488,0.024631,-0.477354,0.463048,0.164040,0.728121,0.000000,0.902488,0.728121,106.262768,28.557159,60.083478,0.299707,1,444.03
20260607_204649,1421.849,1,Left,373,96.246649,0.000000,96.246649,0.000000,0.012207,0.009861,0.027534,17,0.000000,0.000000,0.682549,0.900000,0.023026,-0.455502,0.682549,0.055693,0.754591,0.000000,0.900000,0.754591,129.003429,36.710994,81.988568,0.261131,0,458.69
20260607_204649,1421.849,1,Right,368,96.195652,0.000000,96.195652,0.000000,0.024571,0.011310,0.062948,19,0.000000,0.000000,0.477354,0.902488,0.024631,-0.477354,0.463048,0.164040,0.728121,0.000000,0.902488,0.728121,106.262768,28.557159,60.083478,0.299707,1,458.69
20260607_204649,1426.850,1,Left,373,96.246649,0.000000,96.246649,0.000000,0.012207,0.009861,0.027534,17,0.000000,0.000000,0.682549,0.900000,0.023026,-0.455502,0.682549,0.055693,0.754591,0.000000,0.900000,0.754591,129.003429,36.710994,81.988568,0.261131,0,456.20
20260607_204649,1426.850,1,Right,368,96.195652,0.000000,96.195652,0.000000,0.024571,0.011310,0.062948,19,0.000000,0.000000,0.477354,0.902488,0.024631,-0.477354,0.463048,0.164040,0.728121,0.000000,0.902488,0.728121,106.262768,28.557159,60.083478,0.299707,1,456.20
20260607_204649,1431.859,1,Left,373,96.246649,0.000000,96.246649,0.000000,0.012207,0.009861,0.027534,17,0.000000,0.000000,0.682549,0.900000,0.023026,-0.455502,0.682549,0.055693,0.754591,0.000000,0.900000,0.754591,129.003429,36.710994,81.988568,0.261131,0,451.73
20260607_204649,1431.859,1,Right,368,96.195652,0.000000,96.195652,0.000000,0.024571,0.011310,0.062948,19,0.000000,0.000000,0.477354,0.902488,0.024631,-0.477354,0.463048,0.164040,0.728121,0.000000,0.902488,0.728121,106.262768,28.557159,60.083478,0.299707,1,451.73
20260607_204649,1436.862,1,Left,373,96.246649,0.000000,96.246649,0.000000,0.012207,0.009861,0.027534,17,0.000000,0.000000,0.682549,0.900000,0.023026,-0.455502,0.682549,0.055693,0.754591,0.000000,0.900000,0.754591,129.003429,36.710994,81.988568,0.261131,0,461.88
20260607_204649,1436.862,1,Right,368,96.195652,0.000000,96.195652,0.000000,0.024571,0.011310,0.062948,19,0.000000,0.000000,0.477354,0.902488,0.024631,-0.477354,0.463048,0.164040,0.728121,0.000000,0.902488,0.728121,106.262768,28.557159,60.083478,0.299707,1,461.88
20260607_204649,1441.864,1,Left,373,96.246649,0.000000,96.246649,0.000000,0.012207,0.009861,0.027534,17,0.000000,0.000000,0.682549,0.900000,0.023026,-0.455502,0.682549,0.055693,0.754591,0.000000,0.900000,0.754591,129.003429,36.710994,81.988568,0.261131,0,424.57
20260607_204649,1441.864,1,Right,368,96.195652,0.000000,96.195652,0.000000,0.024571,0.011310,0.062948,19,0.000000,0.000000,0.477354,0.902488,0.024631,-0.477354,0.463048,0.164040,0.728121,0.000000,0.902488,0.728121,106.262768,28.557159,60.083478,0.299707,1,424.57
20260607_204649,1446.874,1,Left,373,96.246649,0.000000,96.246649,0.000000,0.012207,0.009861,0.027534,17,0.000000,0.000000,0.682549,0.900000,0.023026,-0.455502,0.682549,0.055693,0.754591,0.000000,0.900000,0.754591,129.003429,36.710994,81.988568,0.261131,0,450.47
20260607_204649,1446.874,1,Right,368,96.195652,0.000000,96.195652,0.000000,0.024571,0.011310,0.062948,19,0.000000,0.000000,0.477354,0.902488,0.024631,-0.477354,0.463048,0.164040,0.728121,0.000000,0.902488,0.728121,106.262768,28.557159,60.083478,0.299707,1,450.47
20260607_204649,1451.886,1,Left,373,96.246649,0.000000,96.246649,0.000000,0.012207,0.009861,0.027534,17,0.000000,0.000000,0.682549,0.900000,0.023026,-0.455502,0.682549,0.055693,0.754591,0.000000,0.900000,0.754591,129.003429,36.710994,81.988568,0.261131,0,416.76
20260607_204649,1451.886,1,Right,368,96.195652,0.000000,96.195652,0.000000,0.024571,0.011310,0.062948,19,0.000000,0.000000,0.477354,0.902488,0.024631,-0.477354,0.463048,0.164040,0.728121,0.000000,0.902488,0.728121,106.262768,28.557159,60.083478,0.299707,1,416.76
20260607_204649,1456.888,1,Left,373,96.246649,0.000000,96.246649,0.000000,0.012207,0.009861,0.027534,17,0.000000,0.000000,0.682549,0.900000,0.023026,-0.455502,0.682549,0.055693,0.754591,0.000000,0.900000,0.754591,129.003429,36.710994,81.988568,0.261131,0,453.73
20260607_204649,1456.888,1,Right,368,96.195652,0.000000,96.195652,0.000000,0.024571,0.011310,0.062948,19,0.000000,0.000000,0.477354,0.902488,0.024631,-0.477354,0.463048,0.164040,0.728121,0.000000,0.902488,0.728121,106.262768,28.557159,60.083478,0.299707,1,453.73
20260607_204649,1461.888,1,Left,373,96.246649,0.000000,96.246649,0.000000,0.012207,0.009861,0.027534,17,0.000000,0.000000,0.682549,0.900000,0.023026,-0.455502,0.682549,0.055693,0.754591,0.000000,0.900000,0.754591,129.003429,36.710994,81.988568,0.261131,0,452.26
20260607_204649,1461.888,1,Right,368,96.195652,0.000000,96.195652,0.000000,0.024571,0.011310,0.062948,19,0.000000,0.000000,0.477354,0.902488,0.024631,-0.477354,0.463048,0.164040,0.728121,0.000000,0.902488,0.728121,106.262768,28.557159,60.083478,0.299707,1,452.26
20260607_204649,1466.898,1,Left,373,96.246649,0.000000,96.246649,0.000000,0.012207,0.009861,0.027534,17,0.000000,0.000000,0.682549,0.900000,0.023026,-0.455502,0.682549,0.055693,0.754591,0.000000,0.900000,0.754591,129.003429,36.710994,81.988568,0.261131,0,449.60
20260607_204649,1466.898,1,Right,368,96.195652,0.000000,96.195652,0.000000,0.024571,0.011310,0.062948,19,0.000000,0.000000,0.477354,0.902488,0.024631,-0.477354,0.463048,0.164040,0.728121,0.000000,0.902488,0.728121,106.262768,28.557159,60.083478,0.299707,1,449.60
20260607_204649,1471.901,1,Left,373,96.246649,0.000000,96.246649,0.000000,0.012207,0.009861,0.027534,17,0.000000,0.000000,0.682549,0.900000,0.023026,-0.455502,0.682549,0.055693,0.754591,0.000000,0.900000,0.754591,129.003429,36.710994,81.988568,0.261131,0,435.46
20260607_204649,1471.901,1,Right,368,96.195652,0.000000,96.195652,0.000000,0.024571,0.011310,0.062948,19,0.000000,0.000000,0.477354,0.902488,0.024631,-0.477354,0.463048,0.164040,0.728121,0.000000,0.902488,0.728121,106.262768,28.557159,60.083478,0.299707,1,435.46
20260607_204649,1476.912,1,Left,373,96.246649,0.000000,96.246649,0.000000,0.012207,0.009861,0.027534,17,0.000000,0.000000,0.682549,0.900000,0.023026,-0.455502,0.682549,0.055693,0.754591,0.000000,0.900000,0.754591,129.003429,36.710994,81.988568,0.261131,0,465.05
20260607_204649,1476.912,1,Right,368,96.195652,0.000000,96.195652,0.000000,0.024571,0.011310,0.062948,19,0.000000,0.000000,0.477354,0.902488,0.024631,-0.477354,0.463048,0.164040,0.728121,0.000000,0.902488,0.728121,106.262768,28.557159,60.083478,0.299707,1,465.05
20260607_204649,1481.921,1,Left,373,96.246649,0.000000,96.246649,0.000000,0.012207,0.009861,0.027534,17,0.000000,0.000000,0.682549,0.900000,0.023026,-0.455502,0.682549,0.055693,0.754591,0.000000,0.900000,0.754591,129.003429,36.710994,81.988568,0.261131,0,465.21
20260607_204649,1481.921,1,Right,368,96.195652,0.000000,96.195652,0.000000,0.024571,0.011310,0.062948,19,0.000000,0.000000,0.477354,0.902488,0.024631,-0.477354,0.463048,0.164040,0.728121,0.000000,0.902488,0.728121,106.262768,28.557159,60.083478,0.299707,1,465.21
20260607_204649,1486.928,1,Left,373,96.246649,0.000000,96.246649,0.000000,0.012207,0.009861,0.027534,17,0.000000,0.000000,0.682549,0.900000,0.023026,-0.455502,0.682549,0.055693,0.754591,0.000000,0.900000,0.754591,129.003429,36.710994,81.988568,0.261131,0,449.55
20260607_204649,1486.928,1,Right,368,96.195652,0.000000,96.195652,0.000000,0.024571,0.011310,0.062948,19,0.000000,0.000000,0.477354,0.902488,0.024631,-0.477354,0.463048,0.164040,0.728121,0.000000,0.902488,0.728121,106.262768,28.557159,60.083478,0.299707,1,449.55
20260607_204649,1491.931,1,Left,373,96.246649,0.000000,96.246649,0.000000,0.012207,0.009861,0.027534,17,0.000000,0.000000,0.682549,0.900000,0.023026,-0.455502,0.682549,0.055693,0.754591,0.000000,0.900000,0.754591,129.003429,36.710994,81.988568,0.261131,0,432.94
20260607_204649,1491.931,1,Right,368,96.195652,0.000000,96.195652,0.000000,0.024571,0.011310,0.062948,19,0.000000,0.000000,0.477354,0.902488,0.024631,-0.477354,0.463048,0.164040,0.728121,0.000000,0.902488,0.728121,106.262768,28.557159,60.083478,0.299707,1,432.94
20260607_204649,1496.935,1,Left,373,96.246649,0.000000,96.246649,0.000000,0.012207,0.009861,0.027534,17,0.000000,0.000000,0.682549,0.900000,0.023026,-0.455502,0.682549,0.055693,0.754591,0.000000,0.900000,0.754591,129.003429,36.710994,81.988568,0.261131,0,443.79
20260607_204649,1496.935,1,Right,368,96.195652,0.000000,96.195652,0.000000,0.024571,0.011310,0.062948,19,0.000000,0.000000,0.477354,0.902488,0.024631,-0.477354,0.463048,0.164040,0.728121,0.000000,0.902488,0.728121,106.262768,28.557159,60.083478,0.299707,1,443.79
20260607_204649,1501.943,1,Left,373,96.246649,0.000000,96.246649,0.000000,0.012207,0.009861,0.027534,17,0.000000,0.000000,0.682549,0.900000,0.023026,-0.455502,0.682549,0.055693,0.754591,0.000000,0.900000,0.754591,129.003429,36.710994,81.988568,0.261131,0,471.85
20260607_204649,1501.943,1,Right,368,96.195652,0.000000,96.195652,0.000000,0.024571,0.011310,0.062948,19,0.000000,0.000000,0.477354,0.902488,0.024631,-0.477354,0.463048,0.164040,0.728121,0.000000,0.902488,0.728121,106.262768,28.557159,60.083478,0.299707,1,471.85
20260607_204649,1506.952,1,Left,373,96.246649,0.000000,96.246649,0.000000,0.012207,0.009861,0.027534,17,0.000000,0.000000,0.682549,0.900000,0.023026,-0.455502,0.682549,0.055693,0.754591,0.000000,0.900000,0.754591,129.003429,36.710994,81.988568,0.261131,0,422.17
20260607_204649,1506.952,1,Right,368,96.195652,0.000000,96.195652,0.000000,0.024571,0.011310,0.062948,19,0.000000,0.000000,0.477354,0.902488,0.024631,-0.477354,0.463048,0.164040,0.728121,0.000000,0.902488,0.728121,106.262768,28.557159,60.083478,0.299707,1,422.17
20260607_204649,1511.956,1,Left,373,96.246649,0.000000,96.246649,0.000000,0.012207,0.009861,0.027534,17,0.000000,0.000000,0.682549,0.900000,0.023026,-0.455502,0.682549,0.055693,0.754591,0.000000,0.900000,0.754591,129.003429,36.710994,81.988568,0.261131,0,474.04
20260607_204649,1511.956,1,Right,368,96.195652,0.000000,96.195652,0.000000,0.024571,0.011310,0.062948,19,0.000000,0.000000,0.477354,0.902488,0.024631,-0.477354,0.463048,0.164040,0.728121,0.000000,0.902488,0.728121,106.262768,28.557159,60.083478,0.299707,1,474.04
20260607_204649,1516.959,1,Left,373,96.246649,0.000000,96.246649,0.000000,0.012207,0.009861,0.027534,17,0.000000,0.000000,0.682549,0.900000,0.023026,-0.455502,0.682549,0.055693,0.754591,0.000000,0.900000,0.754591,129.003429,36.710994,81.988568,0.261131,0,453.98
20260607_204649,1516.959,1,Right,368,96.195652,0.000000,96.195652,0.000000,0.024571,0.011310,0.062948,19,0.000000,0.000000,0.477354,0.902488,0.024631,-0.477354,0.463048,0.164040,0.728121,0.000000,0.902488,0.728121,106.262768,28.557159,60.083478,0.299707,1,453.98
20260607_204649,1521.965,1,Left,373,96.246649,0.000000,96.246649,0.000000,0.012207,0.009861,0.027534,17,0.000000,0.000000,0.682549,0.900000,0.023026,-0.455502,0.682549,0.055693,0.754591,0.000000,0.900000,0.754591,129.003429,36.710994,81.988568,0.261131,0,450.52
20260607_204649,1521.965,1,Right,368,96.195652,0.000000,96.195652,0.000000,0.024571,0.011310,0.062948,19,0.000000,0.000000,0.477354,0.902488,0.024631,-0.477354,0.463048,0.164040,0.728121,0.000000,0.902488,0.728121,106.262768,28.557159,60.083478,0.299707,1,450.52
20260607_204649,1526.968,1,Left,373,96.246649,0.000000,96.246649,0.000000,0.012207,0.009861,0.027534,17,0.000000,0.000000,0.682549,0.900000,0.023026,-0.455502,0.682549,0.055693,0.754591,0.000000,0.900000,0.754591,129.003429,36.710994,81.988568,0.261131,0,467.07
20260607_204649,1526.968,1,Right,368,96.195652,0.000000,96.195652,0.000000,0.024571,0.011310,0.062948,19,0.000000,0.000000,0.477354,0.902488,0.024631,-0.477354,0.463048,0.164040,0.728121,0.000000,0.902488,0.728121,106.262768,28.557159,60.083478,0.299707,1,467.07
20260607_204649,1531.974,1,Left,373,96.246649,0.000000,96.246649,0.000000,0.012207,0.009861,0.027534,17,0.000000,0.000000,0.682549,0.900000,0.023026,-0.455502,0.682549,0.055693,0.754591,0.000000,0.900000,0.754591,129.003429,36.710994,81.988568,0.261131,0,479.95
20260607_204649,1531.974,1,Right,368,96.195652,0.000000,96.195652,0.000000,0.024571,0.011310,0.062948,19,0.000000,0.000000,0.477354,0.902488,0.024631,-0.477354,0.463048,0.164040,0.728121,0.000000,0.902488,0.728121,106.262768,28.557159,60.083478,0.299707,1,479.95
20260607_204649,1536.984,1,Left,373,96.246649,0.000000,96.246649,0.000000,0.012207,0.009861,0.027534,17,0.000000,0.000000,0.682549,0.900000,0.023026,-0.455502,0.682549,0.055693,0.754591,0.000000,0.900000,0.754591,129.003429,36.710994,81.988568,0.261131,0,429.70
20260607_204649,1536.984,1,Right,368,96.195652,0.000000,96.195652,0.000000,0.024571,0.011310,0.062948,19,0.000000,0.000000,0.477354,0.902488,0.024631,-0.477354,0.463048,0.164040,0.728121,0.000000,0.902488,0.728121,106.262768,28.557159,60.083478,0.299707,1,429.70
20260607_204649,1541.985,1,Left,373,96.246649,0.000000,96.246649,0.000000,0.012207,0.009861,0.027534,17,0.000000,0.000000,0.682549,0.900000,0.023026,-0.455502,0.682549,0.055693,0.754591,0.000000,0.900000,0.754591,129.003429,36.710994,81.988568,0.261131,0,433.56
20260607_204649,1541.985,1,Right,368,96.195652,0.000000,96.195652,0.000000,0.024571,0.011310,0.062948,19,0.000000,0.000000,0.477354,0.902488,0.024631,-0.477354,0.463048,0.164040,0.728121,0.000000,0.902488,0.728121,106.262768,28.557159,60.083478,0.299707,1,433.56
20260607_204649,1546.990,1,Left,373,96.246649,0.000000,96.246649,0.000000,0.012207,0.009861,0.027534,17,0.000000,0.000000,0.682549,0.900000,0.023026,-0.455502,0.682549,0.055693,0.754591,0.000000,0.900000,0.754591,129.003429,36.710994,81.988568,0.261131,0,456.80
20260607_204649,1546.990,1,Right,368,96.195652,0.000000,96.195652,0.000000,0.024571,0.011310,0.062948,19,0.000000,0.000000,0.477354,0.902488,0.024631,-0.477354,0.463048,0.164040,0.728121,0.000000,0.902488,0.728121,106.262768,28.557159,60.083478,0.299707,1,456.80
20260607_204649,1551.992,1,Left,373,96.246649,0.000000,96.246649,0.000000,0.012207,0.009861,0.027534,17,0.000000,0.000000,0.682549,0.900000,0.023026,-0.455502,0.682549,0.055693,0.754591,0.000000,0.900000,0.754591,129.003429,36.710994,81.988568,0.261131,0,419.72
20260607_204649,1551.992,1,Right,368,96.195652,0.000000,96.195652,0.000000,0.024571,0.011310,0.062948,19,0.000000,0.000000,0.477354,0.902488,0.024631,-0.477354,0.463048,0.164040,0.728121,0.000000,0.902488,0.728121,106.262768,28.557159,60.083478,0.299707,1,419.72
20260607_204649,1557.004,1,Left,373,96.246649,0.000000,96.246649,0.000000,0.012207,0.009861,0.027534,17,0.000000,0.000000,0.682549,0.900000,0.023026,-0.455502,0.682549,0.055693,0.754591,0.000000,0.900000,0.754591,129.003429,36.710994,81.988568,0.261131,0,453.59
20260607_204649,1557.004,1,Right,368,96.195652,0.000000,96.195652,0.000000,0.024571,0.011310,0.062948,19,0.000000,0.000000,0.477354,0.902488,0.024631,-0.477354,0.463048,0.164040,0.728121,0.000000,0.902488,0.728121,106.262768,28.557159,60.083478,0.299707,1,453.59
20260607_204649,1562.008,1,Left,373,96.246649,0.000000,96.246649,0.000000,0.012207,0.009861,0.027534,17,0.000000,0.000000,0.682549,0.900000,0.023026,-0.455502,0.682549,0.055693,0.754591,0.000000,0.900000,0.754591,129.003429,36.710994,81.988568,0.261131,0,430.05
20260607_204649,1562.008,1,Right,368,96.195652,0.000000,96.195652,0.000000,0.024571,0.011310,0.062948,19,0.000000,0.000000,0.477354,0.902488,0.024631,-0.477354,0.463048,0.164040,0.728121,0.000000,0.902488,0.728121,106.262768,28.557159,60.083478,0.299707,1,430.05
20260607_204649,1567.010,1,Left,373,96.246649,0.000000,96.246649,0.000000,0.012207,0.009861,0.027534,17,0.000000,0.000000,0.682549,0.900000,0.023026,-0.455502,0.682549,0.055693,0.754591,0.000000,0.900000,0.754591,129.003429,36.710994,81.988568,0.261131,0,455.01
20260607_204649,1567.010,1,Right,368,96.195652,0.000000,96.195652,0.000000,0.024571,0.011310,0.062948,19,0.000000,0.000000,0.477354,0.902488,0.024631,-0.477354,0.463048,0.164040,0.728121,0.000000,0.902488,0.728121,106.262768,28.557159,60.083478,0.299707,1,455.01
20260607_204649,1572.015,1,Left,373,96.246649,0.000000,96.246649,0.000000,0.012207,0.009861,0.027534,17,0.000000,0.000000,0.682549,0.900000,0.023026,-0.455502,0.682549,0.055693,0.754591,0.000000,0.900000,0.754591,129.003429,36.710994,81.988568,0.261131,0,447.44
20260607_204649,1572.015,1,Right,368,96.195652,0.000000,96.195652,0.000000,0.024571,0.011310,0.062948,19,0.000000,0.000000,0.477354,0.902488,0.024631,-0.477354,0.463048,0.164040,0.728121,0.000000,0.902488,0.728121,106.262768,28.557159,60.083478,0.299707,1,447.44
20260607_204649,1577.021,1,Left,373,96.246649,0.000000,96.246649,0.000000,0.012207,0.009861,0.027534,17,0.000000,0.000000,0.682549,0.900000,0.023026,-0.455502,0.682549,0.055693,0.754591,0.000000,0.900000,0.754591,129.003429,36.710994,81.988568,0.261131,0,448.92
20260607_204649,1577.021,1,Right,368,96.195652,0.000000,96.195652,0.000000,0.024571,0.011310,0.062948,19,0.000000,0.000000,0.477354,0.902488,0.024631,-0.477354,0.463048,0.164040,0.728121,0.000000,0.902488,0.728121,106.262768,28.557159,60.083478,0.299707,1,448.92
20260607_204649,1582.026,1,Left,373,96.246649,0.000000,96.246649,0.000000,0.012207,0.009861,0.027534,17,0.000000,0.000000,0.682549,0.900000,0.023026,-0.455502,0.682549,0.055693,0.754591,0.000000,0.900000,0.754591,129.003429,36.710994,81.988568,0.261131,0,458.69
20260607_204649,1582.026,1,Right,368,96.195652,0.000000,96.195652,0.000000,0.024571,0.011310,0.062948,19,0.000000,0.000000,0.477354,0.902488,0.024631,-0.477354,0.463048,0.164040,0.728121,0.000000,0.902488,0.728121,106.262768,28.557159,60.083478,0.299707,1,458.69
20260607_204649,1587.030,1,Left,373,96.246649,0.000000,96.246649,0.000000,0.012207,0.009861,0.027534,17,0.000000,0.000000,0.682549,0.900000,0.023026,-0.455502,0.682549,0.055693,0.754591,0.000000,0.900000,0.754591,129.003429,36.710994,81.988568,0.261131,0,449.45
20260607_204649,1587.030,1,Right,368,96.195652,0.000000,96.195652,0.000000,0.024571,0.011310,0.062948,19,0.000000,0.000000,0.477354,0.902488,0.024631,-0.477354,0.463048,0.164040,0.728121,0.000000,0.902488,0.728121,106.262768,28.557159,60.083478,0.299707,1,449.45
20260607_204649,1592.039,1,Left,373,96.246649,0.000000,96.246649,0.000000,0.012207,0.009861,0.027534,17,0.000000,0.000000,0.682549,0.900000,0.023026,-0.455502,0.682549,0.055693,0.754591,0.000000,0.900000,0.754591,129.003429,36.710994,81.988568,0.261131,0,439.93
20260607_204649,1592.039,1,Right,368,96.195652,0.000000,96.195652,0.000000,0.024571,0.011310,0.062948,19,0.000000,0.000000,0.477354,0.902488,0.024631,-0.477354,0.463048,0.164040,0.728121,0.000000,0.902488,0.728121,106.262768,28.557159,60.083478,0.299707,1,439.93
20260607_204649,1597.039,1,Left,373,96.246649,0.000000,96.246649,0.000000,0.012207,0.009861,0.027534,17,0.000000,0.000000,0.682549,0.900000,0.023026,-0.455502,0.682549,0.055693,0.754591,0.000000,0.900000,0.754591,129.003429,36.710994,81.988568,0.261131,0,449.17
20260607_204649,1597.039,1,Right,368,96.195652,0.000000,96.195652,0.000000,0.024571,0.011310,0.062948,19,0.000000,0.000000,0.477354,0.902488,0.024631,-0.477354,0.463048,0.164040,0.728121,0.000000,0.902488,0.728121,106.262768,28.557159,60.083478,0.299707,1,449.17
20260607_204649,1602.046,1,Left,373,96.246649,0.000000,96.246649,0.000000,0.012207,0.009861,0.027534,17,0.000000,0.000000,0.682549,0.900000,0.023026,-0.455502,0.682549,0.055693,0.754591,0.000000,0.900000,0.754591,129.003429,36.710994,81.988568,0.261131,0,456.05
20260607_204649,1602.046,1,Right,368,96.195652,0.000000,96.195652,0.000000,0.024571,0.011310,0.062948,19,0.000000,0.000000,0.477354,0.902488,0.024631,-0.477354,0.463048,0.164040,0.728121,0.000000,0.902488,0.728121,106.262768,28.557159,60.083478,0.299707,1,456.05
20260607_204649,1607.053,1,Left,373,96.246649,0.000000,96.246649,0.000000,0.012207,0.009861,0.027534,17,0.000000,0.000000,0.682549,0.900000,0.023026,-0.455502,0.682549,0.055693,0.754591,0.000000,0.900000,0.754591,129.003429,36.710994,81.988568,0.261131,0,454.57
20260607_204649,1607.053,1,Right,368,96.195652,0.000000,96.195652,0.000000,0.024571,0.011310,0.062948,19,0.000000,0.000000,0.477354,0.902488,0.024631,-0.477354,0.463048,0.164040,0.728121,0.000000,0.902488,0.728121,106.262768,28.557159,60.083478,0.299707,1,454.57
20260607_204649,1612.057,1,Left,373,96.246649,0.000000,96.246649,0.000000,0.012207,0.009861,0.027534,17,0.000000,0.000000,0.682549,0.900000,0.023026,-0.455502,0.682549,0.055693,0.754591,0.000000,0.900000,0.754591,129.003429,36.710994,81.988568,0.261131,0,472.81
20260607_204649,1612.057,1,Right,368,96.195652,0.000000,96.195652,0.000000,0.024571,0.011310,0.062948,19,0.000000,0.000000,0.477354,0.902488,0.024631,-0.477354,0.463048,0.164040,0.728121,0.000000,0.902488,0.728121,106.262768,28.557159,60.083478,0.299707,1,472.81
20260607_204649,1617.058,1,Left,373,96.246649,0.000000,96.246649,0.000000,0.012207,0.009861,0.027534,17,0.000000,0.000000,0.682549,0.900000,0.023026,-0.455502,0.682549,0.055693,0.754591,0.000000,0.900000,0.754591,129.003429,36.710994,81.988568,0.261131,0,451.78
20260607_204649,1617.058,1,Right,368,96.195652,0.000000,96.195652,0.000000,0.024571,0.011310,0.062948,19,0.000000,0.000000,0.477354,0.902488,0.024631,-0.477354,0.463048,0.164040,0.728121,0.000000,0.902488,0.728121,106.262768,28.557159,60.083478,0.299707,1,451.78
20260607_204649,1622.070,1,Left,373,96.246649,0.000000,96.246649,0.000000,0.012207,0.009861,0.027534,17,0.000000,0.000000,0.682549,0.900000,0.023026,-0.455502,0.682549,0.055693,0.754591,0.000000,0.900000,0.754591,129.003429,36.710994,81.988568,0.261131,0,469.79
20260607_204649,1622.070,1,Right,368,96.195652,0.000000,96.195652,0.000000,0.024571,0.011310,0.062948,19,0.000000,0.000000,0.477354,0.902488,0.024631,-0.477354,0.463048,0.164040,0.728121,0.000000,0.902488,0.728121,106.262768,28.557159,60.083478,0.299707,1,469.79
20260607_204649,1627.073,1,Left,373,96.246649,0.000000,96.246649,0.000000,0.012207,0.009861,0.027534,17,0.000000,0.000000,0.682549,0.900000,0.023026,-0.455502,0.682549,0.055693,0.754591,0.000000,0.900000,0.754591,129.003429,36.710994,81.988568,0.261131,0,451.63
20260607_204649,1627.073,1,Right,368,96.195652,0.000000,96.195652,0.000000,0.024571,0.011310,0.062948,19,0.000000,0.000000,0.477354,0.902488,0.024631,-0.477354,0.463048,0.164040,0.728121,0.000000,0.902488,0.728121,106.262768,28.557159,60.083478,0.299707,1,451.63
20260607_204649,1632.076,1,Left,373,96.246649,0.000000,96.246649,0.000000,0.012207,0.009861,0.027534,17,0.000000,0.000000,0.682549,0.900000,0.023026,-0.455502,0.682549,0.055693,0.754591,0.000000,0.900000,0.754591,129.003429,36.710994,81.988568,0.261131,0,460.15
20260607_204649,1632.076,1,Right,368,96.195652,0.000000,96.195652,0.000000,0.024571,0.011310,0.062948,19,0.000000,0.000000,0.477354,0.902488,0.024631,-0.477354,0.463048,0.164040,0.728121,0.000000,0.902488,0.728121,106.262768,28.557159,60.083478,0.299707,1,460.15
20260607_204649,1637.086,1,Left,373,96.246649,0.000000,96.246649,0.000000,0.012207,0.009861,0.027534,17,0.000000,0.000000,0.682549,0.900000,0.023026,-0.455502,0.682549,0.055693,0.754591,0.000000,0.900000,0.754591,129.003429,36.710994,81.988568,0.261131,0,446.01
20260607_204649,1637.086,1,Right,368,96.195652,0.000000,96.195652,0.000000,0.024571,0.011310,0.062948,19,0.000000,0.000000,0.477354,0.902488,0.024631,-0.477354,0.463048,0.164040,0.728121,0.000000,0.902488,0.728121,106.262768,28.557159,60.083478,0.299707,1,446.01
20260607_204649,1642.087,1,Left,373,96.246649,0.000000,96.246649,0.000000,0.012207,0.009861,0.027534,17,0.000000,0.000000,0.682549,0.900000,0.023026,-0.455502,0.682549,0.055693,0.754591,0.000000,0.900000,0.754591,129.003429,36.710994,81.988568,0.261131,0,462.85
20260607_204649,1642.087,1,Right,368,96.195652,0.000000,96.195652,0.000000,0.024571,0.011310,0.062948,19,0.000000,0.000000,0.477354,0.902488,0.024631,-0.477354,0.463048,0.164040,0.728121,0.000000,0.902488,0.728121,106.262768,28.557159,60.083478,0.299707,1,462.85
20260607_204649,1647.098,1,Left,373,96.246649,0.000000,96.246649,0.000000,0.012207,0.009861,0.027534,17,0.000000,0.000000,0.682549,0.900000,0.023026,-0.455502,0.682549,0.055693,0.754591,0.000000,0.900000,0.754591,129.003429,36.710994,81.988568,0.261131,0,455.21
20260607_204649,1647.098,1,Right,368,96.195652,0.000000,96.195652,0.000000,0.024571,0.011310,0.062948,19,0.000000,0.000000,0.477354,0.902488,0.024631,-0.477354,0.463048,0.164040,0.728121,0.000000,0.902488,0.728121,106.262768,28.557159,60.083478,0.299707,1,455.21
20260607_204649,1652.110,1,Left,373,96.246649,0.000000,96.246649,0.000000,0.012207,0.009861,0.027534,17,0.000000,0.000000,0.682549,0.900000,0.023026,-0.455502,0.682549,0.055693,0.754591,0.000000,0.900000,0.754591,129.003429,36.710994,81.988568,0.261131,0,458.04
20260607_204649,1652.110,1,Right,368,96.195652,0.000000,96.195652,0.000000,0.024571,0.011310,0.062948,19,0.000000,0.000000,0.477354,0.902488,0.024631,-0.477354,0.463048,0.164040,0.728121,0.000000,0.902488,0.728121,106.262768,28.557159,60.083478,0.299707,1,458.04
20260607_204649,1657.114,1,Left,373,96.246649,0.000000,96.246649,0.000000,0.012207,0.009861,0.027534,17,0.000000,0.000000,0.682549,0.900000,0.023026,-0.455502,0.682549,0.055693,0.754591,0.000000,0.900000,0.754591,129.003429,36.710994,81.988568,0.261131,0,451.97
20260607_204649,1657.114,1,Right,368,96.195652,0.000000,96.195652,0.000000,0.024571,0.011310,0.062948,19,0.000000,0.000000,0.477354,0.902488,0.024631,-0.477354,0.463048,0.164040,0.728121,0.000000,0.902488,0.728121,106.262768,28.557159,60.083478,0.299707,1,451.97
20260607_204649,1662.125,1,Left,373,96.246649,0.000000,96.246649,0.000000,0.012207,0.009861,0.027534,17,0.000000,0.000000,0.682549,0.900000,0.023026,-0.455502,0.682549,0.055693,0.754591,0.000000,0.900000,0.754591,129.003429,36.710994,81.988568,0.261131,0,458.04
20260607_204649,1662.125,1,Right,368,96.195652,0.000000,96.195652,0.000000,0.024571,0.011310,0.062948,19,0.000000,0.000000,0.477354,0.902488,0.024631,-0.477354,0.463048,0.164040,0.728121,0.000000,0.902488,0.728121,106.262768,28.557159,60.083478,0.299707,1,458.04
20260607_204649,1667.136,1,Left,373,96.246649,0.000000,96.246649,0.000000,0.012207,0.009861,0.027534,17,0.000000,0.000000,0.682549,0.900000,0.023026,-0.455502,0.682549,0.055693,0.754591,0.000000,0.900000,0.754591,129.003429,36.710994,81.988568,0.261131,0,464.07
20260607_204649,1667.136,1,Right,368,96.195652,0.000000,96.195652,0.000000,0.024571,0.011310,0.062948,19,0.000000,0.000000,0.477354,0.902488,0.024631,-0.477354,0.463048,0.164040,0.728121,0.000000,0.902488,0.728121,106.262768,28.557159,60.083478,0.299707,1,464.07
20260607_204649,1672.142,1,Left,373,96.246649,0.000000,96.246649,0.000000,0.012207,0.009861,0.027534,17,0.000000,0.000000,0.682549,0.900000,0.023026,-0.455502,0.682549,0.055693,0.754591,0.000000,0.900000,0.754591,129.003429,36.710994,81.988568,0.261131,0,468.38
20260607_204649,1672.142,1,Right,368,96.195652,0.000000,96.195652,0.000000,0.024571,0.011310,0.062948,19,0.000000,0.000000,0.477354,0.902488,0.024631,-0.477354,0.463048,0.164040,0.728121,0.000000,0.902488,0.728121,106.262768,28.557159,60.083478,0.299707,1,468.38
20260607_204649,1677.154,1,Left,373,96.246649,0.000000,96.246649,0.000000,0.012207,0.009861,0.027534,17,0.000000,0.000000,0.682549,0.900000,0.023026,-0.455502,0.682549,0.055693,0.754591,0.000000,0.900000,0.754591,129.003429,36.710994,81.988568,0.261131,0,457.44
20260607_204649,1677.154,1,Right,368,96.195652,0.000000,96.195652,0.000000,0.024571,0.011310,0.062948,19,0.000000,0.000000,0.477354,0.902488,0.024631,-0.477354,0.463048,0.164040,0.728121,0.000000,0.902488,0.728121,106.262768,28.557159,60.083478,0.299707,1,457.44
20260607_204649,1682.155,1,Left,373,96.246649,0.000000,96.246649,0.000000,0.012207,0.009861,0.027534,17,0.000000,0.000000,0.682549,0.900000,0.023026,-0.455502,0.682549,0.055693,0.754591,0.000000,0.900000,0.754591,129.003429,36.710994,81.988568,0.261131,0,469.95
20260607_204649,1682.155,1,Right,368,96.195652,0.000000,96.195652,0.000000,0.024571,0.011310,0.062948,19,0.000000,0.000000,0.477354,0.902488,0.024631,-0.477354,0.463048,0.164040,0.728121,0.000000,0.902488,0.728121,106.262768,28.557159,60.083478,0.299707,1,469.95
20260607_204649,1687.159,1,Left,373,96.246649,0.000000,96.246649,0.000000,0.012207,0.009861,0.027534,17,0.000000,0.000000,0.682549,0.900000,0.023026,-0.455502,0.682549,0.055693,0.754591,0.000000,0.900000,0.754591,129.003429,36.710994,81.988568,0.261131,0,461.42
20260607_204649,1687.159,1,Right,368,96.195652,0.000000,96.195652,0.000000,0.024571,0.011310,0.062948,19,0.000000,0.000000,0.477354,0.902488,0.024631,-0.477354,0.463048,0.164040,0.728121,0.000000,0.902488,0.728121,106.262768,28.557159,60.083478,0.299707,1,461.42
20260607_204649,1692.164,1,Left,373,96.246649,0.000000,96.246649,0.000000,0.012207,0.009861,0.027534,17,0.000000,0.000000,0.682549,0.900000,0.023026,-0.455502,0.682549,0.055693,0.754591,0.000000,0.900000,0.754591,129.003429,36.710994,81.988568,0.261131,0,461.17
20260607_204649,1692.164,1,Right,368,96.195652,0.000000,96.195652,0.000000,0.024571,0.011310,0.062948,19,0.000000,0.000000,0.477354,0.902488,0.024631,-0.477354,0.463048,0.164040,0.728121,0.000000,0.902488,0.728121,106.262768,28.557159,60.083478,0.299707,1,461.17
20260607_204649,1697.171,1,Left,373,96.246649,0.000000,96.246649,0.000000,0.012207,0.009861,0.027534,17,0.000000,0.000000,0.682549,0.900000,0.023026,-0.455502,0.682549,0.055693,0.754591,0.000000,0.900000,0.754591,129.003429,36.710994,81.988568,0.261131,0,465.36
20260607_204649,1697.171,1,Right,368,96.195652,0.000000,96.195652,0.000000,0.024571,0.011310,0.062948,19,0.000000,0.000000,0.477354,0.902488,0.024631,-0.477354,0.463048,0.164040,0.728121,0.000000,0.902488,0.728121,106.262768,28.557159,60.083478,0.299707,1,465.36
20260607_204649,1702.181,1,Left,373,96.246649,0.000000,96.246649,0.000000,0.012207,0.009861,0.027534,17,0.000000,0.000000,0.682549,0.900000,0.023026,-0.455502,0.682549,0.055693,0.754591,0.000000,0.900000,0.754591,129.003429,36.710994,81.988568,0.261131,0,456.70
20260607_204649,1702.181,1,Right,368,96.195652,0.000000,96.195652,0.000000,0.024571,0.011310,0.062948,19,0.000000,0.000000,0.477354,0.902488,0.024631,-0.477354,0.463048,0.164040,0.728121,0.000000,0.902488,0.728121,106.262768,28.557159,60.083478,0.299707,1,456.70
20260607_204649,1707.192,1,Left,373,96.246649,0.000000,96.246649,0.000000,0.012207,0.009861,0.027534,17,0.000000,0.000000,0.682549,0.900000,0.023026,-0.455502,0.682549,0.055693,0.754591,0.000000,0.900000,0.754591,129.003429,36.710994,81.988568,0.261131,0,438.60
20260607_204649,1707.192,1,Right,368,96.195652,0.000000,96.195652,0.000000,0.024571,0.011310,0.062948,19,0.000000,0.000000,0.477354,0.902488,0.024631,-0.477354,0.463048,0.164040,0.728121,0.000000,0.902488,0.728121,106.262768,28.557159,60.083478,0.299707,1,438.60
20260607_204649,1712.201,1,Left,373,96.246649,0.000000,96.246649,0.000000,0.012207,0.009861,0.027534,17,0.000000,0.000000,0.682549,0.900000,0.023026,-0.455502,0.682549,0.055693,0.754591,0.000000,0.900000,0.754591,129.003429,36.710994,81.988568,0.261131,0,462.39
20260607_204649,1712.201,1,Right,368,96.195652,0.000000,96.195652,0.000000,0.024571,0.011310,0.062948,19,0.000000,0.000000,0.477354,0.902488,0.024631,-0.477354,0.463048,0.164040,0.728121,0.000000,0.902488,0.728121,106.262768,28.557159,60.083478,0.299707,1,462.39
20260607_204649,1717.204,1,Left,373,96.246649,0.000000,96.246649,0.000000,0.012207,0.009861,0.027534,17,0.000000,0.000000,0.682549,0.900000,0.023026,-0.455502,0.682549,0.055693,0.754591,0.000000,0.900000,0.754591,129.003429,36.710994,81.988568,0.261131,0,448.11
20260607_204649,1717.204,1,Right,368,96.195652,0.000000,96.195652,0.000000,0.024571,0.011310,0.062948,19,0.000000,0.000000,0.477354,0.902488,0.024631,-0.477354,0.463048,0.164040,0.728121,0.000000,0.902488,0.728121,106.262768,28.557159,60.083478,0.299707,1,448.11
20260607_204649,1722.205,1,Left,373,96.246649,0.000000,96.246649,0.000000,0.012207,0.009861,0.027534,17,0.000000,0.000000,0.682549,0.900000,0.023026,-0.455502,0.682549,0.055693,0.754591,0.000000,0.900000,0.754591,129.003429,36.710994,81.988568,0.261131,0,457.64
20260607_204649,1722.205,1,Right,368,96.195652,0.000000,96.195652,0.000000,0.024571,0.011310,0.062948,19,0.000000,0.000000,0.477354,0.902488,0.024631,-0.477354,0.463048,0.164040,0.728121,0.000000,0.902488,0.728121,106.262768,28.557159,60.083478,0.299707,1,457.64
20260607_204649,1727.205,1,Left,373,96.246649,0.000000,96.246649,0.000000,0.012207,0.009861,0.027534,17,0.000000,0.000000,0.682549,0.900000,0.023026,-0.455502,0.682549,0.055693,0.754591,0.000000,0.900000,0.754591,129.003429,36.710994,81.988568,0.261131,0,447.54
20260607_204649,1727.205,1,Right,368,96.195652,0.000000,96.195652,0.000000,0.024571,0.011310,0.062948,19,0.000000,0.000000,0.477354,0.902488,0.024631,-0.477354,0.463048,0.164040,0.728121,0.000000,0.902488,0.728121,106.262768,28.557159,60.083478,0.299707,1,447.54
20260607_204649,1732.216,1,Left,373,96.246649,0.000000,96.246649,0.000000,0.012207,0.009861,0.027534,17,0.000000,0.000000,0.682549,0.900000,0.023026,-0.455502,0.682549,0.055693,0.754591,0.000000,0.900000,0.754591,129.003429,36.710994,81.988568,0.261131,0,448.35
20260607_204649,1732.216,1,Right,368,96.195652,0.000000,96.195652,0.000000,0.024571,0.011310,0.062948,19,0.000000,0.000000,0.477354,0.902488,0.024631,-0.477354,0.463048,0.164040,0.728121,0.000000,0.902488,0.728121,106.262768,28.557159,60.083478,0.299707,1,448.35
20260607_204649,1737.218,1,Left,373,96.246649,0.000000,96.246649,0.000000,0.012207,0.009861,0.027534,17,0.000000,0.000000,0.682549,0.900000,0.023026,-0.455502,0.682549,0.055693,0.754591,0.000000,0.900000,0.754591,129.003429,36.710994,81.988568,0.261131,0,450.95
20260607_204649,1737.218,1,Right,368,96.195652,0.000000,96.195652,0.000000,0.024571,0.011310,0.062948,19,0.000000,0.000000,0.477354,0.902488,0.024631,-0.477354,0.463048,0.164040,0.728121,0.000000,0.902488,0.728121,106.262768,28.557159,60.083478,0.299707,1,450.95
20260607_204649,1742.221,1,Left,373,96.246649,0.000000,96.246649,0.000000,0.012207,0.009861,0.027534,17,0.000000,0.000000,0.682549,0.900000,0.023026,-0.455502,0.682549,0.055693,0.754591,0.000000,0.900000,0.754591,129.003429,36.710994,81.988568,0.261131,0,469.74
20260607_204649,1742.221,1,Right,368,96.195652,0.000000,96.195652,0.000000,0.024571,0.011310,0.062948,19,0.000000,0.000000,0.477354,0.902488,0.024631,-0.477354,0.463048,0.164040,0.728121,0.000000,0.902488,0.728121,106.262768,28.557159,60.083478,0.299707,1,469.74
20260607_204649,1747.226,1,Left,373,96.246649,0.000000,96.246649,0.000000,0.012207,0.009861,0.027534,17,0.000000,0.000000,0.682549,0.900000,0.023026,-0.455502,0.682549,0.055693,0.754591,0.000000,0.900000,0.754591,129.003429,36.710994,81.988568,0.261131,0,457.84
20260607_204649,1747.226,1,Right,368,96.195652,0.000000,96.195652,0.000000,0.024571,0.011310,0.062948,19,0.000000,0.000000,0.477354,0.902488,0.024631,-0.477354,0.463048,0.164040,0.728121,0.000000,0.902488,0.728121,106.262768,28.557159,60.083478,0.299707,1,457.84
20260607_204649,1752.238,1,Left,373,96.246649,0.000000,96.246649,0.000000,0.012207,0.009861,0.027534,17,0.000000,0.000000,0.682549,0.900000,0.023026,-0.455502,0.682549,0.055693,0.754591,0.000000,0.900000,0.754591,129.003429,36.710994,81.988568,0.261131,0,427.16
20260607_204649,1752.238,1,Right,368,96.195652,0.000000,96.195652,0.000000,0.024571,0.011310,0.062948,19,0.000000,0.000000,0.477354,0.902488,0.024631,-0.477354,0.463048,0.164040,0.728121,0.000000,0.902488,0.728121,106.262768,28.557159,60.083478,0.299707,1,427.16
20260607_204649,1757.242,1,Left,373,96.246649,0.000000,96.246649,0.000000,0.012207,0.009861,0.027534,17,0.000000,0.000000,0.682549,0.900000,0.023026,-0.455502,0.682549,0.055693,0.754591,0.000000,0.900000,0.754591,129.003429,36.710994,81.988568,0.261131,0,473.34
20260607_204649,1757.242,1,Right,368,96.195652,0.000000,96.195652,0.000000,0.024571,0.011310,0.062948,19,0.000000,0.000000,0.477354,0.902488,0.024631,-0.477354,0.463048,0.164040,0.728121,0.000000,0.902488,0.728121,106.262768,28.557159,60.083478,0.299707,1,473.34
20260607_204649,1762.254,1,Left,373,96.246649,0.000000,96.246649,0.000000,0.012207,0.009861,0.027534,17,0.000000,0.000000,0.682549,0.900000,0.023026,-0.455502,0.682549,0.055693,0.754591,0.000000,0.900000,0.754591,129.003429,36.710994,81.988568,0.261131,0,427.90
20260607_204649,1762.254,1,Right,368,96.195652,0.000000,96.195652,0.000000,0.024571,0.011310,0.062948,19,0.000000,0.000000,0.477354,0.902488,0.024631,-0.477354,0.463048,0.164040,0.728121,0.000000,0.902488,0.728121,106.262768,28.557159,60.083478,0.299707,1,427.90
20260607_204649,1767.257,1,Left,373,96.246649,0.000000,96.246649,0.000000,0.012207,0.009861,0.027534,17,0.000000,0.000000,0.682549,0.900000,0.023026,-0.455502,0.682549,0.055693,0.754591,0.000000,0.900000,0.754591,129.003429,36.710994,81.988568,0.261131,0,446.63
20260607_204649,1767.257,1,Right,368,96.195652,0.000000,96.195652,0.000000,0.024571,0.011310,0.062948,19,0.000000,0.000000,0.477354,0.902488,0.024631,-0.477354,0.463048,0.164040,0.728121,0.000000,0.902488,0.728121,106.262768,28.557159,60.083478,0.299707,1,446.63
20260607_204649,1772.258,1,Left,373,96.246649,0.000000,96.246649,0.000000,0.012207,0.009861,0.027534,17,0.000000,0.000000,0.682549,0.900000,0.023026,-0.455502,0.682549,0.055693,0.754591,0.000000,0.900000,0.754591,129.003429,36.710994,81.988568,0.261131,0,459.70
20260607_204649,1772.258,1,Right,368,96.195652,0.000000,96.195652,0.000000,0.024571,0.011310,0.062948,19,0.000000,0.000000,0.477354,0.902488,0.024631,-0.477354,0.463048,0.164040,0.728121,0.000000,0.902488,0.728121,106.262768,28.557159,60.083478,0.299707,1,459.70
20260607_204649,1777.268,1,Left,373,96.246649,0.000000,96.246649,0.000000,0.012207,0.009861,0.027534,17,0.000000,0.000000,0.682549,0.900000,0.023026,-0.455502,0.682549,0.055693,0.754591,0.000000,0.900000,0.754591,129.003429,36.710994,81.988568,0.261131,0,463.92
20260607_204649,1777.268,1,Right,368,96.195652,0.000000,96.195652,0.000000,0.024571,0.011310,0.062948,19,0.000000,0.000000,0.477354,0.902488,0.024631,-0.477354,0.463048,0.164040,0.728121,0.000000,0.902488,0.728121,106.262768,28.557159,60.083478,0.299707,1,463.92
20260607_204649,1782.274,1,Left,373,96.246649,0.000000,96.246649,0.000000,0.012207,0.009861,0.027534,17,0.000000,0.000000,0.682549,0.900000,0.023026,-0.455502,0.682549,0.055693,0.754591,0.000000,0.900000,0.754591,129.003429,36.710994,81.988568,0.261131,0,451.92
20260607_204649,1782.274,1,Right,368,96.195652,0.000000,96.195652,0.000000,0.024571,0.011310,0.062948,19,0.000000,0.000000,0.477354,0.902488,0.024631,-0.477354,0.463048,0.164040,0.728121,0.000000,0.902488,0.728121,106.262768,28.557159,60.083478,0.299707,1,451.92
20260607_204649,1787.286,1,Left,373,96.246649,0.000000,96.246649,0.000000,0.012207,0.009861,0.027534,17,0.000000,0.000000,0.682549,0.900000,0.023026,-0.455502,0.682549,0.055693,0.754591,0.000000,0.900000,0.754591,129.003429,36.710994,81.988568,0.261131,0,461.27
20260607_204649,1787.286,1,Right,368,96.195652,0.000000,96.195652,0.000000,0.024571,0.011310,0.062948,19,0.000000,0.000000,0.477354,0.902488,0.024631,-0.477354,0.463048,0.164040,0.728121,0.000000,0.902488,0.728121,106.262768,28.557159,60.083478,0.299707,1,461.27
20260607_204649,1792.290,1,Left,373,96.246649,0.000000,96.246649,0.000000,0.012207,0.009861,0.027534,17,0.000000,0.000000,0.682549,0.900000,0.023026,-0.455502,0.682549,0.055693,0.754591,0.000000,0.900000,0.754591,129.003429,36.710994,81.988568,0.261131,0,473.40
20260607_204649,1792.290,1,Right,368,96.195652,0.000000,96.195652,0.000000,0.024571,0.011310,0.062948,19,0.000000,0.000000,0.477354,0.902488,0.024631,-0.477354,0.463048,0.164040,0.728121,0.000000,0.902488,0.728121,106.262768,28.557159,60.083478,0.299707,1,473.40
20260607_204649,1797.300,1,Left,373,96.246649,0.000000,96.246649,0.000000,0.012207,0.009861,0.027534,17,0.000000,0.000000,0.682549,0.900000,0.023026,-0.455502,0.682549,0.055693,0.754591,0.000000,0.900000,0.754591,129.003429,36.710994,81.988568,0.261131,0,460.31
20260607_204649,1797.300,1,Right,368,96.195652,0.000000,96.195652,0.000000,0.024571,0.011310,0.062948,19,0.000000,0.000000,0.477354,0.902488,0.024631,-0.477354,0.463048,0.164040,0.728121,0.000000,0.902488,0.728121,106.262768,28.557159,60.083478,0.299707,1,460.31
20260607_204649,1802.303,1,Left,373,96.246649,0.000000,96.246649,0.000000,0.012207,0.009861,0.027534,17,0.000000,0.000000,0.682549,0.900000,0.023026,-0.455502,0.682549,0.055693,0.754591,0.000000,0.900000,0.754591,129.003429,36.710994,81.988568,0.261131,0,457.00
20260607_204649,1802.303,1,Right,368,96.195652,0.000000,96.195652,0.000000,0.024571,0.011310,0.062948,19,0.000000,0.000000,0.477354,0.902488,0.024631,-0.477354,0.463048,0.164040,0.728121,0.000000,0.902488,0.728121,106.262768,28.557159,60.083478,0.299707,1,457.00
20260607_204649,1807.303,1,Left,373,96.246649,0.000000,96.246649,0.000000,0.012207,0.009861,0.027534,17,0.000000,0.000000,0.682549,0.900000,0.023026,-0.455502,0.682549,0.055693,0.754591,0.000000,0.900000,0.754591,129.003429,36.710994,81.988568,0.261131,0,468.11
20260607_204649,1807.303,1,Right,368,96.195652,0.000000,96.195652,0.000000,0.024571,0.011310,0.062948,19,0.000000,0.000000,0.477354,0.902488,0.024631,-0.477354,0.463048,0.164040,0.728121,0.000000,0.902488,0.728121,106.262768,28.557159,60.083478,0.299707,1,468.11
20260607_204649,1812.313,1,Left,373,96.246649,0.000000,96.246649,0.000000,0.012207,0.009861,0.027534,17,0.000000,0.000000,0.682549,0.900000,0.023026,-0.455502,0.682549,0.055693,0.754591,0.000000,0.900000,0.754591,129.003429,36.710994,81.988568,0.261131,0,446.01
20260607_204649,1812.313,1,Right,368,96.195652,0.000000,96.195652,0.000000,0.024571,0.011310,0.062948,19,0.000000,0.000000,0.477354,0.902488,0.024631,-0.477354,0.463048,0.164040,0.728121,0.000000,0.902488,0.728121,106.262768,28.557159,60.083478,0.299707,1,446.01
20260607_204649,1817.314,1,Left,373,96.246649,0.000000,96.246649,0.000000,0.012207,0.009861,0.027534,17,0.000000,0.000000,0.682549,0.900000,0.023026,-0.455502,0.682549,0.055693,0.754591,0.000000,0.900000,0.754591,129.003429,36.710994,81.988568,0.261131,0,438.05
20260607_204649,1817.314,1,Right,368,96.195652,0.000000,96.195652,0.000000,0.024571,0.011310,0.062948,19,0.000000,0.000000,0.477354,0.902488,0.024631,-0.477354,0.463048,0.164040,0.728121,0.000000,0.902488,0.728121,106.262768,28.557159,60.083478,0.299707,1,438.05
20260607_204649,1822.320,1,Left,373,96.246649,0.000000,96.246649,0.000000,0.012207,0.009861,0.027534,17,0.000000,0.000000,0.682549,0.900000,0.023026,-0.455502,0.682549,0.055693,0.754591,0.000000,0.900000,0.754591,129.003429,36.710994,81.988568,0.261131,0,441.78
20260607_204649,1822.320,1,Right,368,96.195652,0.000000,96.195652,0.000000,0.024571,0.011310,0.062948,19,0.000000,0.000000,0.477354,0.902488,0.024631,-0.477354,0.463048,0.164040,0.728121,0.000000,0.902488,0.728121,106.262768,28.557159,60.083478,0.299707,1,441.78
20260607_204649,1827.323,1,Left,373,96.246649,0.000000,96.246649,0.000000,0.012207,0.009861,0.027534,17,0.000000,0.000000,0.682549,0.900000,0.023026,-0.455502,0.682549,0.055693,0.754591,0.000000,0.900000,0.754591,129.003429,36.710994,81.988568,0.261131,0,459.55
20260607_204649,1827.323,1,Right,368,96.195652,0.000000,96.195652,0.000000,0.024571,0.011310,0.062948,19,0.000000,0.000000,0.477354,0.902488,0.024631,-0.477354,0.463048,0.164040,0.728121,0.000000,0.902488,0.728121,106.262768,28.557159,60.083478,0.299707,1,459.55
20260607_204649,1832.328,1,Left,373,96.246649,0.000000,96.246649,0.000000,0.012207,0.009861,0.027534,17,0.000000,0.000000,0.682549,0.900000,0.023026,-0.455502,0.682549,0.055693,0.754591,0.000000,0.900000,0.754591,129.003429,36.710994,81.988568,0.261131,0,456.65
20260607_204649,1832.328,1,Right,368,96.195652,0.000000,96.195652,0.000000,0.024571,0.011310,0.062948,19,0.000000,0.000000,0.477354,0.902488,0.024631,-0.477354,0.463048,0.164040,0.728121,0.000000,0.902488,0.728121,106.262768,28.557159,60.083478,0.299707,1,456.65
20260607_204649,1837.330,1,Left,373,96.246649,0.000000,96.246649,0.000000,0.012207,0.009861,0.027534,17,0.000000,0.000000,0.682549,0.900000,0.023026,-0.455502,0.682549,0.055693,0.754591,0.000000,0.900000,0.754591,129.003429,36.710994,81.988568,0.261131,0,461.06
20260607_204649,1837.330,1,Right,368,96.195652,0.000000,96.195652,0.000000,0.024571,0.011310,0.062948,19,0.000000,0.000000,0.477354,0.902488,0.024631,-0.477354,0.463048,0.164040,0.728121,0.000000,0.902488,0.728121,106.262768,28.557159,60.083478,0.299707,1,461.06
20260607_204649,1842.340,1,Left,373,96.246649,0.000000,96.246649,0.000000,0.012207,0.009861,0.027534,17,0.000000,0.000000,0.682549,0.900000,0.023026,-0.455502,0.682549,0.055693,0.754591,0.000000,0.900000,0.754591,129.003429,36.710994,81.988568,0.261131,0,451.88
20260607_204649,1842.340,1,Right,368,96.195652,0.000000,96.195652,0.000000,0.024571,0.011310,0.062948,19,0.000000,0.000000,0.477354,0.902488,0.024631,-0.477354,0.463048,0.164040,0.728121,0.000000,0.902488,0.728121,106.262768,28.557159,60.083478,0.299707,1,451.88
20260607_204649,1847.343,1,Left,373,96.246649,0.000000,96.246649,0.000000,0.012207,0.009861,0.027534,17,0.000000,0.000000,0.682549,0.900000,0.023026,-0.455502,0.682549,0.055693,0.754591,0.000000,0.900000,0.754591,129.003429,36.710994,81.988568,0.261131,0,470.27
20260607_204649,1847.343,1,Right,368,96.195652,0.000000,96.195652,0.000000,0.024571,0.011310,0.062948,19,0.000000,0.000000,0.477354,0.902488,0.024631,-0.477354,0.463048,0.164040,0.728121,0.000000,0.902488,0.728121,106.262768,28.557159,60.083478,0.299707,1,470.27
20260607_204649,1852.344,1,Left,373,96.246649,0.000000,96.246649,0.000000,0.012207,0.009861,0.027534,17,0.000000,0.000000,0.682549,0.900000,0.023026,-0.455502,0.682549,0.055693,0.754591,0.000000,0.900000,0.754591,129.003429,36.710994,81.988568,0.261131,0,460.96
20260607_204649,1852.344,1,Right,368,96.195652,0.000000,96.195652,0.000000,0.024571,0.011310,0.062948,19,0.000000,0.000000,0.477354,0.902488,0.024631,-0.477354,0.463048,0.164040,0.728121,0.000000,0.902488,0.728121,106.262768,28.557159,60.083478,0.299707,1,460.96
20260607_204649,1857.348,1,Left,373,96.246649,0.000000,96.246649,0.000000,0.012207,0.009861,0.027534,17,0.000000,0.000000,0.682549,0.900000,0.023026,-0.455502,0.682549,0.055693,0.754591,0.000000,0.900000,0.754591,129.003429,36.710994,81.988568,0.261131,0,435.36
20260607_204649,1857.348,1,Right,368,96.195652,0.000000,96.195652,0.000000,0.024571,0.011310,0.062948,19,0.000000,0.000000,0.477354,0.902488,0.024631,-0.477354,0.463048,0.164040,0.728121,0.000000,0.902488,0.728121,106.262768,28.557159,60.083478,0.299707,1,435.36
20260607_204649,1862.357,1,Left,373,96.246649,0.000000,96.246649,0.000000,0.012207,0.009861,0.027534,17,0.000000,0.000000,0.682549,0.900000,0.023026,-0.455502,0.682549,0.055693,0.754591,0.000000,0.900000,0.754591,129.003429,36.710994,81.988568,0.261131,0,449.84
20260607_204649,1862.357,1,Right,368,96.195652,0.000000,96.195652,0.000000,0.024571,0.011310,0.062948,19,0.000000,0.000000,0.477354,0.902488,0.024631,-0.477354,0.463048,0.164040,0.728121,0.000000,0.902488,0.728121,106.262768,28.557159,60.083478,0.299707,1,449.84
20260607_204649,1867.368,1,Left,373,96.246649,0.000000,96.246649,0.000000,0.012207,0.009861,0.027534,17,0.000000,0.000000,0.682549,0.900000,0.023026,-0.455502,0.682549,0.055693,0.754591,0.000000,0.900000,0.754591,129.003429,36.710994,81.988568,0.261131,0,443.75
20260607_204649,1867.368,1,Right,368,96.195652,0.000000,96.195652,0.000000,0.024571,0.011310,0.062948,19,0.000000,0.000000,0.477354,0.902488,0.024631,-0.477354,0.463048,0.164040,0.728121,0.000000,0.902488,0.728121,106.262768,28.557159,60.083478,0.299707,1,443.75
20260607_204649,1872.371,1,Left,373,96.246649,0.000000,96.246649,0.000000,0.012207,0.009861,0.027534,17,0.000000,0.000000,0.682549,0.900000,0.023026,-0.455502,0.682549,0.055693,0.754591,0.000000,0.900000,0.754591,129.003429,36.710994,81.988568,0.261131,0,447.97
20260607_204649,1872.371,1,Right,368,96.195652,0.000000,96.195652,0.000000,0.024571,0.011310,0.062948,19,0.000000,0.000000,0.477354,0.902488,0.024631,-0.477354,0.463048,0.164040,0.728121,0.000000,0.902488,0.728121,106.262768,28.557159,60.083478,0.299707,1,447.97
20260607_204649,1877.377,1,Left,373,96.246649,0.000000,96.246649,0.000000,0.012207,0.009861,0.027534,17,0.000000,0.000000,0.682549,0.900000,0.023026,-0.455502,0.682549,0.055693,0.754591,0.000000,0.900000,0.754591,129.003429,36.710994,81.988568,0.261131,0,468.32
20260607_204649,1877.377,1,Right,368,96.195652,0.000000,96.195652,0.000000,0.024571,0.011310,0.062948,19,0.000000,0.000000,0.477354,0.902488,0.024631,-0.477354,0.463048,0.164040,0.728121,0.000000,0.902488,0.728121,106.262768,28.557159,60.083478,0.299707,1,468.32
20260607_204649,1882.381,1,Left,373,96.246649,0.000000,96.246649,0.000000,0.012207,0.009861,0.027534,17,0.000000,0.000000,0.682549,0.900000,0.023026,-0.455502,0.682549,0.055693,0.754591,0.000000,0.900000,0.754591,129.003429,36.710994,81.988568,0.261131,0,392.65
20260607_204649,1882.381,1,Right,368,96.195652,0.000000,96.195652,0.000000,0.024571,0.011310,0.062948,19,0.000000,0.000000,0.477354,0.902488,0.024631,-0.477354,0.463048,0.164040,0.728121,0.000000,0.902488,0.728121,106.262768,28.557159,60.083478,0.299707,1,392.65
20260607_204649,1887.389,1,Left,373,96.246649,0.000000,96.246649,0.000000,0.012207,0.009861,0.027534,17,0.000000,0.000000,0.682549,0.900000,0.023026,-0.455502,0.682549,0.055693,0.754591,0.000000,0.900000,0.754591,129.003429,36.710994,81.988568,0.261131,0,469.48
20260607_204649,1887.389,1,Right,368,96.195652,0.000000,96.195652,0.000000,0.024571,0.011310,0.062948,19,0.000000,0.000000,0.477354,0.902488,0.024631,-0.477354,0.463048,0.164040,0.728121,0.000000,0.902488,0.728121,106.262768,28.557159,60.083478,0.299707,1,469.48
20260607_204649,1892.394,1,Left,373,96.246649,0.000000,96.246649,0.000000,0.012207,0.009861,0.027534,17,0.000000,0.000000,0.682549,0.900000,0.023026,-0.455502,0.682549,0.055693,0.754591,0.000000,0.900000,0.754591,129.003429,36.710994,81.988568,0.261131,0,454.62
20260607_204649,1892.394,1,Right,368,96.195652,0.000000,96.195652,0.000000,0.024571,0.011310,0.062948,19,0.000000,0.000000,0.477354,0.902488,0.024631,-0.477354,0.463048,0.164040,0.728121,0.000000,0.902488,0.728121,106.262768,28.557159,60.083478,0.299707,1,454.62
20260607_204649,1897.397,1,Left,373,96.246649,0.000000,96.246649,0.000000,0.012207,0.009861,0.027534,17,0.000000,0.000000,0.682549,0.900000,0.023026,-0.455502,0.682549,0.055693,0.754591,0.000000,0.900000,0.754591,129.003429,36.710994,81.988568,0.261131,0,460.56
20260607_204649,1897.397,1,Right,368,96.195652,0.000000,96.195652,0.000000,0.024571,0.011310,0.062948,19,0.000000,0.000000,0.477354,0.902488,0.024631,-0.477354,0.463048,0.164040,0.728121,0.000000,0.902488,0.728121,106.262768,28.557159,60.083478,0.299707,1,460.56
20260607_204649,1902.403,1,Left,373,96.246649,0.000000,96.246649,0.000000,0.012207,0.009861,0.027534,17,0.000000,0.000000,0.682549,0.900000,0.023026,-0.455502,0.682549,0.055693,0.754591,0.000000,0.900000,0.754591,129.003429,36.710994,81.988568,0.261131,0,458.85
20260607_204649,1902.403,1,Right,368,96.195652,0.000000,96.195652,0.000000,0.024571,0.011310,0.062948,19,0.000000,0.000000,0.477354,0.902488,0.024631,-0.477354,0.463048,0.164040,0.728121,0.000000,0.902488,0.728121,106.262768,28.557159,60.083478,0.299707,1,458.85
20260607_204649,1907.404,1,Left,373,96.246649,0.000000,96.246649,0.000000,0.012207,0.009861,0.027534,17,0.000000,0.000000,0.682549,0.900000,0.023026,-0.455502,0.682549,0.055693,0.754591,0.000000,0.900000,0.754591,129.003429,36.710994,81.988568,0.261131,0,446.82
20260607_204649,1907.404,1,Right,368,96.195652,0.000000,96.195652,0.000000,0.024571,0.011310,0.062948,19,0.000000,0.000000,0.477354,0.902488,0.024631,-0.477354,0.463048,0.164040,0.728121,0.000000,0.902488,0.728121,106.262768,28.557159,60.083478,0.299707,1,446.82
20260607_204649,1912.412,1,Left,373,96.246649,0.000000,96.246649,0.000000,0.012207,0.009861,0.027534,17,0.000000,0.000000,0.682549,0.900000,0.023026,-0.455502,0.682549,0.055693,0.754591,0.000000,0.900000,0.754591,129.003429,36.710994,81.988568,0.261131,0,453.59
20260607_204649,1912.412,1,Right,368,96.195652,0.000000,96.195652,0.000000,0.024571,0.011310,0.062948,19,0.000000,0.000000,0.477354,0.902488,0.024631,-0.477354,0.463048,0.164040,0.728121,0.000000,0.902488,0.728121,106.262768,28.557159,60.083478,0.299707,1,453.59
20260607_204649,1917.423,1,Left,373,96.246649,0.000000,96.246649,0.000000,0.012207,0.009861,0.027534,17,0.000000,0.000000,0.682549,0.900000,0.023026,-0.455502,0.682549,0.055693,0.754591,0.000000,0.900000,0.754591,129.003429,36.710994,81.988568,0.261131,0,441.51
20260607_204649,1917.423,1,Right,368,96.195652,0.000000,96.195652,0.000000,0.024571,0.011310,0.062948,19,0.000000,0.000000,0.477354,0.902488,0.024631,-0.477354,0.463048,0.164040,0.728121,0.000000,0.902488,0.728121,106.262768,28.557159,60.083478,0.299707,1,441.51
20260607_204649,1922.432,1,Left,373,96.246649,0.000000,96.246649,0.000000,0.012207,0.009861,0.027534,17,0.000000,0.000000,0.682549,0.900000,0.023026,-0.455502,0.682549,0.055693,0.754591,0.000000,0.900000,0.754591,129.003429,36.710994,81.988568,0.261131,0,451.29
20260607_204649,1922.432,1,Right,368,96.195652,0.000000,96.195652,0.000000,0.024571,0.011310,0.062948,19,0.000000,0.000000,0.477354,0.902488,0.024631,-0.477354,0.463048,0.164040,0.728121,0.000000,0.902488,0.728121,106.262768,28.557159,60.083478,0.299707,1,451.29
20260607_204649,1927.435,1,Left,373,96.246649,0.000000,96.246649,0.000000,0.012207,0.009861,0.027534,17,0.000000,0.000000,0.682549,0.900000,0.023026,-0.455502,0.682549,0.055693,0.754591,0.000000,0.900000,0.754591,129.003429,36.710994,81.988568,0.261131,0,458.19
20260607_204649,1927.435,1,Right,368,96.195652,0.000000,96.195652,0.000000,0.024571,0.011310,0.062948,19,0.000000,0.000000,0.477354,0.902488,0.024631,-0.477354,0.463048,0.164040,0.728121,0.000000,0.902488,0.728121,106.262768,28.557159,60.083478,0.299707,1,458.19
20260607_204649,1932.440,1,Left,373,96.246649,0.000000,96.246649,0.000000,0.012207,0.009861,0.027534,17,0.000000,0.000000,0.682549,0.900000,0.023026,-0.455502,0.682549,0.055693,0.754591,0.000000,0.900000,0.754591,129.003429,36.710994,81.988568,0.261131,0,432.58
20260607_204649,1932.440,1,Right,368,96.195652,0.000000,96.195652,0.000000,0.024571,0.011310,0.062948,19,0.000000,0.000000,0.477354,0.902488,0.024631,-0.477354,0.463048,0.164040,0.728121,0.000000,0.902488,0.728121,106.262768,28.557159,60.083478,0.299707,1,432.58
20260607_204649,1937.446,1,Left,373,96.246649,0.000000,96.246649,0.000000,0.012207,0.009861,0.027534,17,0.000000,0.000000,0.682549,0.900000,0.023026,-0.455502,0.682549,0.055693,0.754591,0.000000,0.900000,0.754591,129.003429,36.710994,81.988568,0.261131,0,459.00
20260607_204649,1937.446,1,Right,368,96.195652,0.000000,96.195652,0.000000,0.024571,0.011310,0.062948,19,0.000000,0.000000,0.477354,0.902488,0.024631,-0.477354,0.463048,0.164040,0.728121,0.000000,0.902488,0.728121,106.262768,28.557159,60.083478,0.299707,1,459.00
20260607_204649,1942.456,1,Left,373,96.246649,0.000000,96.246649,0.000000,0.012207,0.009861,0.027534,17,0.000000,0.000000,0.682549,0.900000,0.023026,-0.455502,0.682549,0.055693,0.754591,0.000000,0.900000,0.754591,129.003429,36.710994,81.988568,0.261131,0,449.79
20260607_204649,1942.456,1,Right,368,96.195652,0.000000,96.195652,0.000000,0.024571,0.011310,0.062948,19,0.000000,0.000000,0.477354,0.902488,0.024631,-0.477354,0.463048,0.164040,0.728121,0.000000,0.902488,0.728121,106.262768,28.557159,60.083478,0.299707,1,449.79
20260607_204649,1947.460,1,Left,373,96.246649,0.000000,96.246649,0.000000,0.012207,0.009861,0.027534,17,0.000000,0.000000,0.682549,0.900000,0.023026,-0.455502,0.682549,0.055693,0.754591,0.000000,0.900000,0.754591,129.003429,36.710994,81.988568,0.261131,0,451.63
20260607_204649,1947.460,1,Right,368,96.195652,0.000000,96.195652,0.000000,0.024571,0.011310,0.062948,19,0.000000,0.000000,0.477354,0.902488,0.024631,-0.477354,0.463048,0.164040,0.728121,0.000000,0.902488,0.728121,106.262768,28.557159,60.083478,0.299707,1,451.63
20260607_204649,1952.471,1,Left,373,96.246649,0.000000,96.246649,0.000000,0.012207,0.009861,0.027534,17,0.000000,0.000000,0.682549,0.900000,0.023026,-0.455502,0.682549,0.055693,0.754591,0.000000,0.900000,0.754591,129.003429,36.710994,81.988568,0.261131,0,433.07
20260607_204649,1952.471,1,Right,368,96.195652,0.000000,96.195652,0.000000,0.024571,0.011310,0.062948,19,0.000000,0.000000,0.477354,0.902488,0.024631,-0.477354,0.463048,0.164040,0.728121,0.000000,0.902488,0.728121,106.262768,28.557159,60.083478,0.299707,1,433.07
20260607_204649,1957.479,1,Left,373,96.246649,0.000000,96.246649,0.000000,0.012207,0.009861,0.027534,17,0.000000,0.000000,0.682549,0.900000,0.023026,-0.455502,0.682549,0.055693,0.754591,0.000000,0.900000,0.754591,129.003429,36.710994,81.988568,0.261131,0,455.56
20260607_204649,1957.479,1,Right,368,96.195652,0.000000,96.195652,0.000000,0.024571,0.011310,0.062948,19,0.000000,0.000000,0.477354,0.902488,0.024631,-0.477354,0.463048,0.164040,0.728121,0.000000,0.902488,0.728121,106.262768,28.557159,60.083478,0.299707,1,455.56
20260607_204649,1962.482,1,Left,373,96.246649,0.000000,96.246649,0.000000,0.012207,0.009861,0.027534,17,0.000000,0.000000,0.682549,0.900000,0.023026,-0.455502,0.682549,0.055693,0.754591,0.000000,0.900000,0.754591,129.003429,36.710994,81.988568,0.261131,0,469.84
20260607_204649,1962.482,1,Right,368,96.195652,0.000000,96.195652,0.000000,0.024571,0.011310,0.062948,19,0.000000,0.000000,0.477354,0.902488,0.024631,-0.477354,0.463048,0.164040,0.728121,0.000000,0.902488,0.728121,106.262768,28.557159,60.083478,0.299707,1,469.84
20260607_204649,1967.491,1,Left,373,96.246649,0.000000,96.246649,0.000000,0.012207,0.009861,0.027534,17,0.000000,0.000000,0.682549,0.900000,0.023026,-0.455502,0.682549,0.055693,0.754591,0.000000,0.900000,0.754591,129.003429,36.710994,81.988568,0.261131,0,458.14
20260607_204649,1967.491,1,Right,368,96.195652,0.000000,96.195652,0.000000,0.024571,0.011310,0.062948,19,0.000000,0.000000,0.477354,0.902488,0.024631,-0.477354,0.463048,0.164040,0.728121,0.000000,0.902488,0.728121,106.262768,28.557159,60.083478,0.299707,1,458.14
20260607_204649,1972.493,1,Left,373,96.246649,0.000000,96.246649,0.000000,0.012207,0.009861,0.027534,17,0.000000,0.000000,0.682549,0.900000,0.023026,-0.455502,0.682549,0.055693,0.754591,0.000000,0.900000,0.754591,129.003429,36.710994,81.988568,0.261131,0,456.55
20260607_204649,1972.493,1,Right,368,96.195652,0.000000,96.195652,0.000000,0.024571,0.011310,0.062948,19,0.000000,0.000000,0.477354,0.902488,0.024631,-0.477354,0.463048,0.164040,0.728121,0.000000,0.902488,0.728121,106.262768,28.557159,60.083478,0.299707,1,456.55
20260607_204649,1977.501,1,Left,373,96.246649,0.000000,96.246649,0.000000,0.012207,0.009861,0.027534,17,0.000000,0.000000,0.682549,0.900000,0.023026,-0.455502,0.682549,0.055693,0.754591,0.000000,0.900000,0.754591,129.003429,36.710994,81.988568,0.261131,0,467.96
20260607_204649,1977.501,1,Right,368,96.195652,0.000000,96.195652,0.000000,0.024571,0.011310,0.062948,19,0.000000,0.000000,0.477354,0.902488,0.024631,-0.477354,0.463048,0.164040,0.728121,0.000000,0.902488,0.728121,106.262768,28.557159,60.083478,0.299707,1,467.96
20260607_204649,1982.503,1,Left,373,96.246649,0.000000,96.246649,0.000000,0.012207,0.009861,0.027534,17,0.000000,0.000000,0.682549,0.900000,0.023026,-0.455502,0.682549,0.055693,0.754591,0.000000,0.900000,0.754591,129.003429,36.710994,81.988568,0.261131,0,448.21
20260607_204649,1982.503,1,Right,368,96.195652,0.000000,96.195652,0.000000,0.024571,0.011310,0.062948,19,0.000000,0.000000,0.477354,0.902488,0.024631,-0.477354,0.463048,0.164040,0.728121,0.000000,0.902488,0.728121,106.262768,28.557159,60.083478,0.299707,1,448.21
20260607_204649,1987.507,1,Left,373,96.246649,0.000000,96.246649,0.000000,0.012207,0.009861,0.027534,17,0.000000,0.000000,0.682549,0.900000,0.023026,-0.455502,0.682549,0.055693,0.754591,0.000000,0.900000,0.754591,129.003429,36.710994,81.988568,0.261131,0,456.55
20260607_204649,1987.507,1,Right,368,96.195652,0.000000,96.195652,0.000000,0.024571,0.011310,0.062948,19,0.000000,0.000000,0.477354,0.902488,0.024631,-0.477354,0.463048,0.164040,0.728121,0.000000,0.902488,0.728121,106.262768,28.557159,60.083478,0.299707,1,456.55
20260607_204649,1992.507,1,Left,373,96.246649,0.000000,96.246649,0.000000,0.012207,0.009861,0.027534,17,0.000000,0.000000,0.682549,0.900000,0.023026,-0.455502,0.682549,0.055693,0.754591,0.000000,0.900000,0.754591,129.003429,36.710994,81.988568,0.261131,0,433.56
20260607_204649,1992.507,1,Right,368,96.195652,0.000000,96.195652,0.000000,0.024571,0.011310,0.062948,19,0.000000,0.000000,0.477354,0.902488,0.024631,-0.477354,0.463048,0.164040,0.728121,0.000000,0.902488,0.728121,106.262768,28.557159,60.083478,0.299707,1,433.56
20260607_204649,1997.518,1,Left,373,96.246649,0.000000,96.246649,0.000000,0.012207,0.009861,0.027534,17,0.000000,0.000000,0.682549,0.900000,0.023026,-0.455502,0.682549,0.055693,0.754591,0.000000,0.900000,0.754591,129.003429,36.710994,81.988568,0.261131,0,467.18
20260607_204649,1997.518,1,Right,368,96.195652,0.000000,96.195652,0.000000,0.024571,0.011310,0.062948,19,0.000000,0.000000,0.477354,0.902488,0.024631,-0.477354,0.463048,0.164040,0.728121,0.000000,0.902488,0.728121,106.262768,28.557159,60.083478,0.299707,1,467.18
20260607_204649,2002.521,1,Left,373,96.246649,0.000000,96.246649,0.000000,0.012207,0.009861,0.027534,17,0.000000,0.000000,0.682549,0.900000,0.023026,-0.455502,0.682549,0.055693,0.754591,0.000000,0.900000,0.754591,129.003429,36.710994,81.988568,0.261131,0,460.20
20260607_204649,2002.521,1,Right,368,96.195652,0.000000,96.195652,0.000000,0.024571,0.011310,0.062948,19,0.000000,0.000000,0.477354,0.902488,0.024631,-0.477354,0.463048,0.164040,0.728121,0.000000,0.902488,0.728121,106.262768,28.557159,60.083478,0.299707,1,460.20
20260607_204649,2007.532,1,Left,373,96.246649,0.000000,96.246649,0.000000,0.012207,0.009861,0.027534,17,0.000000,0.000000,0.682549,0.900000,0.023026,-0.455502,0.682549,0.055693,0.754591,0.000000,0.900000,0.754591,129.003429,36.710994,81.988568,0.261131,0,460.41
20260607_204649,2007.532,1,Right,368,96.195652,0.000000,96.195652,0.000000,0.024571,0.011310,0.062948,19,0.000000,0.000000,0.477354,0.902488,0.024631,-0.477354,0.463048,0.164040,0.728121,0.000000,0.902488,0.728121,106.262768,28.557159,60.083478,0.299707,1,460.41
20260607_204649,2012.543,1,Left,373,96.246649,0.000000,96.246649,0.000000,0.012207,0.009861,0.027534,17,0.000000,0.000000,0.682549,0.900000,0.023026,-0.455502,0.682549,0.055693,0.754591,0.000000,0.900000,0.754591,129.003429,36.710994,81.988568,0.261131,0,461.62
20260607_204649,2012.543,1,Right,368,96.195652,0.000000,96.195652,0.000000,0.024571,0.011310,0.062948,19,0.000000,0.000000,0.477354,0.902488,0.024631,-0.477354,0.463048,0.164040,0.728121,0.000000,0.902488,0.728121,106.262768,28.557159,60.083478,0.299707,1,461.62
20260607_204649,2017.554,1,Left,373,96.246649,0.000000,96.246649,0.000000,0.012207,0.009861,0.027534,17,0.000000,0.000000,0.682549,0.900000,0.023026,-0.455502,0.682549,0.055693,0.754591,0.000000,0.900000,0.754591,129.003429,36.710994,81.988568,0.261131,0,470.95
20260607_204649,2017.554,1,Right,368,96.195652,0.000000,96.195652,0.000000,0.024571,0.011310,0.062948,19,0.000000,0.000000,0.477354,0.902488,0.024631,-0.477354,0.463048,0.164040,0.728121,0.000000,0.902488,0.728121,106.262768,28.557159,60.083478,0.299707,1,470.95
20260607_204649,2022.561,1,Left,373,96.246649,0.000000,96.246649,0.000000,0.012207,0.009861,0.027534,17,0.000000,0.000000,0.682549,0.900000,0.023026,-0.455502,0.682549,0.055693,0.754591,0.000000,0.900000,0.754591,129.003429,36.710994,81.988568,0.261131,0,467.18
20260607_204649,2022.561,1,Right,368,96.195652,0.000000,96.195652,0.000000,0.024571,0.011310,0.062948,19,0.000000,0.000000,0.477354,0.902488,0.024631,-0.477354,0.463048,0.164040,0.728121,0.000000,0.902488,0.728121,106.262768,28.557159,60.083478,0.299707,1,467.18
20260607_204649,2027.563,1,Left,373,96.246649,0.000000,96.246649,0.000000,0.012207,0.009861,0.027534,17,0.000000,0.000000,0.682549,0.900000,0.023026,-0.455502,0.682549,0.055693,0.754591,0.000000,0.900000,0.754591,129.003429,36.710994,81.988568,0.261131,0,467.33
20260607_204649,2027.563,1,Right,368,96.195652,0.000000,96.195652,0.000000,0.024571,0.011310,0.062948,19,0.000000,0.000000,0.477354,0.902488,0.024631,-0.477354,0.463048,0.164040,0.728121,0.000000,0.902488,0.728121,106.262768,28.557159,60.083478,0.299707,1,467.33
20260607_204649,2032.573,1,Left,373,96.246649,0.000000,96.246649,0.000000,0.012207,0.009861,0.027534,17,0.000000,0.000000,0.682549,0.900000,0.023026,-0.455502,0.682549,0.055693,0.754591,0.000000,0.900000,0.754591,129.003429,36.710994,81.988568,0.261131,0,461.22
20260607_204649,2032.573,1,Right,368,96.195652,0.000000,96.195652,0.000000,0.024571,0.011310,0.062948,19,0.000000,0.000000,0.477354,0.902488,0.024631,-0.477354,0.463048,0.164040,0.728121,0.000000,0.902488,0.728121,106.262768,28.557159,60.083478,0.299707,1,461.22
20260607_204649,2037.580,1,Left,373,96.246649,0.000000,96.246649,0.000000,0.012207,0.009861,0.027534,17,0.000000,0.000000,0.682549,0.900000,0.023026,-0.455502,0.682549,0.055693,0.754591,0.000000,0.900000,0.754591,129.003429,36.710994,81.988568,0.261131,0,454.08
20260607_204649,2037.580,1,Right,368,96.195652,0.000000,96.195652,0.000000,0.024571,0.011310,0.062948,19,0.000000,0.000000,0.477354,0.902488,0.024631,-0.477354,0.463048,0.164040,0.728121,0.000000,0.902488,0.728121,106.262768,28.557159,60.083478,0.299707,1,454.08
20260607_204649,2042.590,1,Left,373,96.246649,0.000000,96.246649,0.000000,0.012207,0.009861,0.027534,17,0.000000,0.000000,0.682549,0.900000,0.023026,-0.455502,0.682549,0.055693,0.754591,0.000000,0.900000,0.754591,129.003429,36.710994,81.988568,0.261131,0,340.94
20260607_204649,2042.590,1,Right,368,96.195652,0.000000,96.195652,0.000000,0.024571,0.011310,0.062948,19,0.000000,0.000000,0.477354,0.902488,0.024631,-0.477354,0.463048,0.164040,0.728121,0.000000,0.902488,0.728121,106.262768,28.557159,60.083478,0.299707,1,340.94
20260607_204649,2047.601,1,Left,373,96.246649,0.000000,96.246649,0.000000,0.012207,0.009861,0.027534,17,0.000000,0.000000,0.682549,0.900000,0.023026,-0.455502,0.682549,0.055693,0.754591,0.000000,0.900000,0.754591,129.003429,36.710994,81.988568,0.261131,0,463.77
20260607_204649,2047.601,1,Right,368,96.195652,0.000000,96.195652,0.000000,0.024571,0.011310,0.062948,19,0.000000,0.000000,0.477354,0.902488,0.024631,-0.477354,0.463048,0.164040,0.728121,0.000000,0.902488,0.728121,106.262768,28.557159,60.083478,0.299707,1,463.77
20260607_204649,2052.611,1,Left,373,96.246649,0.000000,96.246649,0.000000,0.012207,0.009861,0.027534,17,0.000000,0.000000,0.682549,0.900000,0.023026,-0.455502,0.682549,0.055693,0.754591,0.000000,0.900000,0.754591,129.003429,36.710994,81.988568,0.261131,0,462.39
20260607_204649,2052.611,1,Right,368,96.195652,0.000000,96.195652,0.000000,0.024571,0.011310,0.062948,19,0.000000,0.000000,0.477354,0.902488,0.024631,-0.477354,0.463048,0.164040,0.728121,0.000000,0.902488,0.728121,106.262768,28.557159,60.083478,0.299707,1,462.39
20260607_204649,2057.613,1,Left,373,96.246649,0.000000,96.246649,0.000000,0.012207,0.009861,0.027534,17,0.000000,0.000000,0.682549,0.900000,0.023026,-0.455502,0.682549,0.055693,0.754591,0.000000,0.900000,0.754591,129.003429,36.710994,81.988568,0.261131,0,453.19
20260607_204649,2057.613,1,Right,368,96.195652,0.000000,96.195652,0.000000,0.024571,0.011310,0.062948,19,0.000000,0.000000,0.477354,0.902488,0.024631,-0.477354,0.463048,0.164040,0.728121,0.000000,0.902488,0.728121,106.262768,28.557159,60.083478,0.299707,1,453.19
20260607_204649,2062.618,1,Left,373,96.246649,0.000000,96.246649,0.000000,0.012207,0.009861,0.027534,17,0.000000,0.000000,0.682549,0.900000,0.023026,-0.455502,0.682549,0.055693,0.754591,0.000000,0.900000,0.754591,129.003429,36.710994,81.988568,0.261131,0,454.08
20260607_204649,2062.618,1,Right,368,96.195652,0.000000,96.195652,0.000000,0.024571,0.011310,0.062948,19,0.000000,0.000000,0.477354,0.902488,0.024631,-0.477354,0.463048,0.164040,0.728121,0.000000,0.902488,0.728121,106.262768,28.557159,60.083478,0.299707,1,454.08
20260607_204649,2067.619,1,Left,373,96.246649,0.000000,96.246649,0.000000,0.012207,0.009861,0.027534,17,0.000000,0.000000,0.682549,0.900000,0.023026,-0.455502,0.682549,0.055693,0.754591,0.000000,0.900000,0.754591,129.003429,36.710994,81.988568,0.261131,0,451.53
20260607_204649,2067.619,1,Right,368,96.195652,0.000000,96.195652,0.000000,0.024571,0.011310,0.062948,19,0.000000,0.000000,0.477354,0.902488,0.024631,-0.477354,0.463048,0.164040,0.728121,0.000000,0.902488,0.728121,106.262768,28.557159,60.083478,0.299707,1,451.53
20260607_204649,2072.628,1,Left,373,96.246649,0.000000,96.246649,0.000000,0.012207,0.009861,0.027534,17,0.000000,0.000000,0.682549,0.900000,0.023026,-0.455502,0.682549,0.055693,0.754591,0.000000,0.900000,0.754591,129.003429,36.710994,81.988568,0.261131,0,433.39
20260607_204649,2072.628,1,Right,368,96.195652,0.000000,96.195652,0.000000,0.024571,0.011310,0.062948,19,0.000000,0.000000,0.477354,0.902488,0.024631,-0.477354,0.463048,0.164040,0.728121,0.000000,0.902488,0.728121,106.262768,28.557159,60.083478,0.299707,1,433.39
20260607_204649,2077.634,1,Left,373,96.246649,0.000000,96.246649,0.000000,0.012207,0.009861,0.027534,17,0.000000,0.000000,0.682549,0.900000,0.023026,-0.455502,0.682549,0.055693,0.754591,0.000000,0.900000,0.754591,129.003429,36.710994,81.988568,0.261131,0,455.21
20260607_204649,2077.634,1,Right,368,96.195652,0.000000,96.195652,0.000000,0.024571,0.011310,0.062948,19,0.000000,0.000000,0.477354,0.902488,0.024631,-0.477354,0.463048,0.164040,0.728121,0.000000,0.902488,0.728121,106.262768,28.557159,60.083478,0.299707,1,455.21
20260607_204649,2082.634,1,Left,373,96.246649,0.000000,96.246649,0.000000,0.012207,0.009861,0.027534,17,0.000000,0.000000,0.682549,0.900000,0.023026,-0.455502,0.682549,0.055693,0.754591,0.000000,0.900000,0.754591,129.003429,36.710994,81.988568,0.261131,0,456.25
20260607_204649,2082.634,1,Right,368,96.195652,0.000000,96.195652,0.000000,0.024571,0.011310,0.062948,19,0.000000,0.000000,0.477354,0.902488,0.024631,-0.477354,0.463048,0.164040,0.728121,0.000000,0.902488,0.728121,106.262768,28.557159,60.083478,0.299707,1,456.25
20260607_204649,2087.643,1,Left,373,96.246649,0.000000,96.246649,0.000000,0.012207,0.009861,0.027534,17,0.000000,0.000000,0.682549,0.900000,0.023026,-0.455502,0.682549,0.055693,0.754591,0.000000,0.900000,0.754591,129.003429,36.710994,81.988568,0.261131,0,461.72
20260607_204649,2087.643,1,Right,368,96.195652,0.000000,96.195652,0.000000,0.024571,0.011310,0.062948,19,0.000000,0.000000,0.477354,0.902488,0.024631,-0.477354,0.463048,0.164040,0.728121,0.000000,0.902488,0.728121,106.262768,28.557159,60.083478,0.299707,1,461.72
20260607_204649,2092.655,1,Left,373,96.246649,0.000000,96.246649,0.000000,0.012207,0.009861,0.027534,17,0.000000,0.000000,0.682549,0.900000,0.023026,-0.455502,0.682549,0.055693,0.754591,0.000000,0.900000,0.754591,129.003429,36.710994,81.988568,0.261131,0,439.10
20260607_204649,2092.655,1,Right,368,96.195652,0.000000,96.195652,0.000000,0.024571,0.011310,0.062948,19,0.000000,0.000000,0.477354,0.902488,0.024631,-0.477354,0.463048,0.164040,0.728121,0.000000,0.902488,0.728121,106.262768,28.557159,60.083478,0.299707,1,439.10
20260607_204649,2097.658,1,Left,373,96.246649,0.000000,96.246649,0.000000,0.012207,0.009861,0.027534,17,0.000000,0.000000,0.682549,0.900000,0.023026,-0.455502,0.682549,0.055693,0.754591,0.000000,0.900000,0.754591,129.003429,36.710994,81.988568,0.261131,0,462.23
20260607_204649,2097.658,1,Right,368,96.195652,0.000000,96.195652,0.000000,0.024571,0.011310,0.062948,19,0.000000,0.000000,0.477354,0.902488,0.024631,-0.477354,0.463048,0.164040,0.728121,0.000000,0.902488,0.728121,106.262768,28.557159,60.083478,0.299707,1,462.23
20260607_204649,2102.660,1,Left,373,96.246649,0.000000,96.246649,0.000000,0.012207,0.009861,0.027534,17,0.000000,0.000000,0.682549,0.900000,0.023026,-0.455502,0.682549,0.055693,0.754591,0.000000,0.900000,0.754591,129.003429,36.710994,81.988568,0.261131,0,465.57
20260607_204649,2102.660,1,Right,368,96.195652,0.000000,96.195652,0.000000,0.024571,0.011310,0.062948,19,0.000000,0.000000,0.477354,0.902488,0.024631,-0.477354,0.463048,0.164040,0.728121,0.000000,0.902488,0.728121,106.262768,28.557159,60.083478,0.299707,1,465.57
20260607_204649,2107.662,1,Left,373,96.246649,0.000000,96.246649,0.000000,0.012207,0.009861,0.027534,17,0.000000,0.000000,0.682549,0.900000,0.023026,-0.455502,0.682549,0.055693,0.754591,0.000000,0.900000,0.754591,129.003429,36.710994,81.988568,0.261131,0,469.84
20260607_204649,2107.662,1,Right,368,96.195652,0.000000,96.195652,0.000000,0.024571,0.011310,0.062948,19,0.000000,0.000000,0.477354,0.902488,0.024631,-0.477354,0.463048,0.164040,0.728121,0.000000,0.902488,0.728121,106.262768,28.557159,60.083478,0.299707,1,469.84
20260607_204649,2112.670,1,Left,373,96.246649,0.000000,96.246649,0.000000,0.012207,0.009861,0.027534,17,0.000000,0.000000,0.682549,0.900000,0.023026,-0.455502,0.682549,0.055693,0.754591,0.000000,0.900000,0.754591,129.003429,36.710994,81.988568,0.261131,0,449.50
20260607_204649,2112.670,1,Right,368,96.195652,0.000000,96.195652,0.000000,0.024571,0.011310,0.062948,19,0.000000,0.000000,0.477354,0.902488,0.024631,-0.477354,0.463048,0.164040,0.728121,0.000000,0.902488,0.728121,106.262768,28.557159,60.083478,0.299707,1,449.50
20260607_204649,2117.681,1,Left,373,96.246649,0.000000,96.246649,0.000000,0.012207,0.009861,0.027534,17,0.000000,0.000000,0.682549,0.900000,0.023026,-0.455502,0.682549,0.055693,0.754591,0.000000,0.900000,0.754591,129.003429,36.710994,81.988568,0.261131,0,450.85
20260607_204649,2117.681,1,Right,368,96.195652,0.000000,96.195652,0.000000,0.024571,0.011310,0.062948,19,0.000000,0.000000,0.477354,0.902488,0.024631,-0.477354,0.463048,0.164040,0.728121,0.000000,0.902488,0.728121,106.262768,28.557159,60.083478,0.299707,1,450.85
20260607_204649,2122.691,1,Left,373,96.246649,0.000000,96.246649,0.000000,0.012207,0.009861,0.027534,17,0.000000,0.000000,0.682549,0.900000,0.023026,-0.455502,0.682549,0.055693,0.754591,0.000000,0.900000,0.754591,129.003429,36.710994,81.988568,0.261131,0,464.69
20260607_204649,2122.691,1,Right,368,96.195652,0.000000,96.195652,0.000000,0.024571,0.011310,0.062948,19,0.000000,0.000000,0.477354,0.902488,0.024631,-0.477354,0.463048,0.164040,0.728121,0.000000,0.902488,0.728121,106.262768,28.557159,60.083478,0.299707,1,464.69
20260607_204649,2127.699,1,Left,373,96.246649,0.000000,96.246649,0.000000,0.012207,0.009861,0.027534,17,0.000000,0.000000,0.682549,0.900000,0.023026,-0.455502,0.682549,0.055693,0.754591,0.000000,0.900000,0.754591,129.003429,36.710994,81.988568,0.261131,0,467.44
20260607_204649,2127.699,1,Right,368,96.195652,0.000000,96.195652,0.000000,0.024571,0.011310,0.062948,19,0.000000,0.000000,0.477354,0.902488,0.024631,-0.477354,0.463048,0.164040,0.728121,0.000000,0.902488,0.728121,106.262768,28.557159,60.083478,0.299707,1,467.44
20260607_204649,2132.701,1,Left,373,96.246649,0.000000,96.246649,0.000000,0.012207,0.009861,0.027534,17,0.000000,0.000000,0.682549,0.900000,0.023026,-0.455502,0.682549,0.055693,0.754591,0.000000,0.900000,0.754591,129.003429,36.710994,81.988568,0.261131,0,465.72
20260607_204649,2132.701,1,Right,368,96.195652,0.000000,96.195652,0.000000,0.024571,0.011310,0.062948,19,0.000000,0.000000,0.477354,0.902488,0.024631,-0.477354,0.463048,0.164040,0.728121,0.000000,0.902488,0.728121,106.262768,28.557159,60.083478,0.299707,1,465.72
20260607_204649,2137.703,1,Left,373,96.246649,0.000000,96.246649,0.000000,0.012207,0.009861,0.027534,17,0.000000,0.000000,0.682549,0.900000,0.023026,-0.455502,0.682549,0.055693,0.754591,0.000000,0.900000,0.754591,129.003429,36.710994,81.988568,0.261131,0,468.43
20260607_204649,2137.703,1,Right,368,96.195652,0.000000,96.195652,0.000000,0.024571,0.011310,0.062948,19,0.000000,0.000000,0.477354,0.902488,0.024631,-0.477354,0.463048,0.164040,0.728121,0.000000,0.902488,0.728121,106.262768,28.557159,60.083478,0.299707,1,468.43
20260607_204649,2142.704,1,Left,373,96.246649,0.000000,96.246649,0.000000,0.012207,0.009861,0.027534,17,0.000000,0.000000,0.682549,0.900000,0.023026,-0.455502,0.682549,0.055693,0.754591,0.000000,0.900000,0.754591,129.003429,36.710994,81.988568,0.261131,0,439.15
20260607_204649,2142.704,1,Right,368,96.195652,0.000000,96.195652,0.000000,0.024571,0.011310,0.062948,19,0.000000,0.000000,0.477354,0.902488,0.024631,-0.477354,0.463048,0.164040,0.728121,0.000000,0.902488,0.728121,106.262768,28.557159,60.083478,0.299707,1,439.15
20260607_204649,2147.714,1,Left,373,96.246649,0.000000,96.246649,0.000000,0.012207,0.009861,0.027534,17,0.000000,0.000000,0.682549,0.900000,0.023026,-0.455502,0.682549,0.055693,0.754591,0.000000,0.900000,0.754591,129.003429,36.710994,81.988568,0.261131,0,441.51
20260607_204649,2147.714,1,Right,368,96.195652,0.000000,96.195652,0.000000,0.024571,0.011310,0.062948,19,0.000000,0.000000,0.477354,0.902488,0.024631,-0.477354,0.463048,0.164040,0.728121,0.000000,0.902488,0.728121,106.262768,28.557159,60.083478,0.299707,1,441.51
20260607_204649,2152.725,1,Left,373,96.246649,0.000000,96.246649,0.000000,0.012207,0.009861,0.027534,17,0.000000,0.000000,0.682549,0.900000,0.023026,-0.455502,0.682549,0.055693,0.754591,0.000000,0.900000,0.754591,129.003429,36.710994,81.988568,0.261131,0,441.37
20260607_204649,2152.725,1,Right,368,96.195652,0.000000,96.195652,0.000000,0.024571,0.011310,0.062948,19,0.000000,0.000000,0.477354,0.902488,0.024631,-0.477354,0.463048,0.164040,0.728121,0.000000,0.902488,0.728121,106.262768,28.557159,60.083478,0.299707,1,441.37
20260607_204649,2157.730,1,Left,373,96.246649,0.000000,96.246649,0.000000,0.012207,0.009861,0.027534,17,0.000000,0.000000,0.682549,0.900000,0.023026,-0.455502,0.682549,0.055693,0.754591,0.000000,0.900000,0.754591,129.003429,36.710994,81.988568,0.261131,0,470.27
20260607_204649,2157.730,1,Right,368,96.195652,0.000000,96.195652,0.000000,0.024571,0.011310,0.062948,19,0.000000,0.000000,0.477354,0.902488,0.024631,-0.477354,0.463048,0.164040,0.728121,0.000000,0.902488,0.728121,106.262768,28.557159,60.083478,0.299707,1,470.27
20260607_204649,2162.731,1,Left,373,96.246649,0.000000,96.246649,0.000000,0.012207,0.009861,0.027534,17,0.000000,0.000000,0.682549,0.900000,0.023026,-0.455502,0.682549,0.055693,0.754591,0.000000,0.900000,0.754591,129.003429,36.710994,81.988568,0.261131,0,452.17
20260607_204649,2162.731,1,Right,368,96.195652,0.000000,96.195652,0.000000,0.024571,0.011310,0.062948,19,0.000000,0.000000,0.477354,0.902488,0.024631,-0.477354,0.463048,0.164040,0.728121,0.000000,0.902488,0.728121,106.262768,28.557159,60.083478,0.299707,1,452.17
20260607_204649,2167.737,1,Left,373,96.246649,0.000000,96.246649,0.000000,0.012207,0.009861,0.027534,17,0.000000,0.000000,0.682549,0.900000,0.023026,-0.455502,0.682549,0.055693,0.754591,0.000000,0.900000,0.754591,129.003429,36.710994,81.988568,0.261131,0,462.64
20260607_204649,2167.737,1,Right,368,96.195652,0.000000,96.195652,0.000000,0.024571,0.011310,0.062948,19,0.000000,0.000000,0.477354,0.902488,0.024631,-0.477354,0.463048,0.164040,0.728121,0.000000,0.902488,0.728121,106.262768,28.557159,60.083478,0.299707,1,462.64
20260607_204649,2172.744,1,Left,373,96.246649,0.000000,96.246649,0.000000,0.012207,0.009861,0.027534,17,0.000000,0.000000,0.682549,0.900000,0.023026,-0.455502,0.682549,0.055693,0.754591,0.000000,0.900000,0.754591,129.003429,36.710994,81.988568,0.261131,0,463.36
20260607_204649,2172.744,1,Right,368,96.195652,0.000000,96.195652,0.000000,0.024571,0.011310,0.062948,19,0.000000,0.000000,0.477354,0.902488,0.024631,-0.477354,0.463048,0.164040,0.728121,0.000000,0.902488,0.728121,106.262768,28.557159,60.083478,0.299707,1,463.36
20260607_204649,2177.751,1,Left,373,96.246649,0.000000,96.246649,0.000000,0.012207,0.009861,0.027534,17,0.000000,0.000000,0.682549,0.900000,0.023026,-0.455502,0.682549,0.055693,0.754591,0.000000,0.900000,0.754591,129.003429,36.710994,81.988568,0.261131,0,460.20
20260607_204649,2177.751,1,Right,368,96.195652,0.000000,96.195652,0.000000,0.024571,0.011310,0.062948,19,0.000000,0.000000,0.477354,0.902488,0.024631,-0.477354,0.463048,0.164040,0.728121,0.000000,0.902488,0.728121,106.262768,28.557159,60.083478,0.299707,1,460.20
20260607_204649,2182.763,1,Left,373,96.246649,0.000000,96.246649,0.000000,0.012207,0.009861,0.027534,17,0.000000,0.000000,0.682549,0.900000,0.023026,-0.455502,0.682549,0.055693,0.754591,0.000000,0.900000,0.754591,129.003429,36.710994,81.988568,0.261131,0,445.26
20260607_204649,2182.763,1,Right,368,96.195652,0.000000,96.195652,0.000000,0.024571,0.011310,0.062948,19,0.000000,0.000000,0.477354,0.902488,0.024631,-0.477354,0.463048,0.164040,0.728121,0.000000,0.902488,0.728121,106.262768,28.557159,60.083478,0.299707,1,445.26
20260607_204649,2187.771,1,Left,373,96.246649,0.000000,96.246649,0.000000,0.012207,0.009861,0.027534,17,0.000000,0.000000,0.682549,0.900000,0.023026,-0.455502,0.682549,0.055693,0.754591,0.000000,0.900000,0.754591,129.003429,36.710994,81.988568,0.261131,0,453.59
20260607_204649,2187.771,1,Right,368,96.195652,0.000000,96.195652,0.000000,0.024571,0.011310,0.062948,19,0.000000,0.000000,0.477354,0.902488,0.024631,-0.477354,0.463048,0.164040,0.728121,0.000000,0.902488,0.728121,106.262768,28.557159,60.083478,0.299707,1,453.59
20260607_204649,2192.771,1,Left,373,96.246649,0.000000,96.246649,0.000000,0.012207,0.009861,0.027534,17,0.000000,0.000000,0.682549,0.900000,0.023026,-0.455502,0.682549,0.055693,0.754591,0.000000,0.900000,0.754591,129.003429,36.710994,81.988568,0.261131,0,456.20
20260607_204649,2192.771,1,Right,368,96.195652,0.000000,96.195652,0.000000,0.024571,0.011310,0.062948,19,0.000000,0.000000,0.477354,0.902488,0.024631,-0.477354,0.463048,0.164040,0.728121,0.000000,0.902488,0.728121,106.262768,28.557159,60.083478,0.299707,1,456.20
20260607_204649,2197.773,1,Left,373,96.246649,0.000000,96.246649,0.000000,0.012207,0.009861,0.027534,17,0.000000,0.000000,0.682549,0.900000,0.023026,-0.455502,0.682549,0.055693,0.754591,0.000000,0.900000,0.754591,129.003429,36.710994,81.988568,0.261131,0,458.34
20260607_204649,2197.773,1,Right,368,96.195652,0.000000,96.195652,0.000000,0.024571,0.011310,0.062948,19,0.000000,0.000000,0.477354,0.902488,0.024631,-0.477354,0.463048,0.164040,0.728121,0.000000,0.902488,0.728121,106.262768,28.557159,60.083478,0.299707,1,458.34
20260607_204649,2202.777,1,Left,373,96.246649,0.000000,96.246649,0.000000,0.012207,0.009861,0.027534,17,0.000000,0.000000,0.682549,0.900000,0.023026,-0.455502,0.682549,0.055693,0.754591,0.000000,0.900000,0.754591,129.003429,36.710994,81.988568,0.261131,0,435.32
20260607_204649,2202.777,1,Right,368,96.195652,0.000000,96.195652,0.000000,0.024571,0.011310,0.062948,19,0.000000,0.000000,0.477354,0.902488,0.024631,-0.477354,0.463048,0.164040,0.728121,0.000000,0.902488,0.728121,106.262768,28.557159,60.083478,0.299707,1,435.32
20260607_204649,2207.783,1,Left,373,96.246649,0.000000,96.246649,0.000000,0.012207,0.009861,0.027534,17,0.000000,0.000000,0.682549,0.900000,0.023026,-0.455502,0.682549,0.055693,0.754591,0.000000,0.900000,0.754591,129.003429,36.710994,81.988568,0.261131,0,416.85
20260607_204649,2207.783,1,Right,368,96.195652,0.000000,96.195652,0.000000,0.024571,0.011310,0.062948,19,0.000000,0.000000,0.477354,0.902488,0.024631,-0.477354,0.463048,0.164040,0.728121,0.000000,0.902488,0.728121,106.262768,28.557159,60.083478,0.299707,1,416.85
20260607_204649,2212.784,1,Left,373,96.246649,0.000000,96.246649,0.000000,0.012207,0.009861,0.027534,17,0.000000,0.000000,0.682549,0.900000,0.023026,-0.455502,0.682549,0.055693,0.754591,0.000000,0.900000,0.754591,129.003429,36.710994,81.988568,0.261131,0,463.77
20260607_204649,2212.784,1,Right,368,96.195652,0.000000,96.195652,0.000000,0.024571,0.011310,0.062948,19,0.000000,0.000000,0.477354,0.902488,0.024631,-0.477354,0.463048,0.164040,0.728121,0.000000,0.902488,0.728121,106.262768,28.557159,60.083478,0.299707,1,463.77
20260607_204649,2217.789,1,Left,373,96.246649,0.000000,96.246649,0.000000,0.012207,0.009861,0.027534,17,0.000000,0.000000,0.682549,0.900000,0.023026,-0.455502,0.682549,0.055693,0.754591,0.000000,0.900000,0.754591,129.003429,36.710994,81.988568,0.261131,0,459.80
20260607_204649,2217.789,1,Right,368,96.195652,0.000000,96.195652,0.000000,0.024571,0.011310,0.062948,19,0.000000,0.000000,0.477354,0.902488,0.024631,-0.477354,0.463048,0.164040,0.728121,0.000000,0.902488,0.728121,106.262768,28.557159,60.083478,0.299707,1,459.80
20260607_204649,2222.797,1,Left,373,96.246649,0.000000,96.246649,0.000000,0.012207,0.009861,0.027534,17,0.000000,0.000000,0.682549,0.900000,0.023026,-0.455502,0.682549,0.055693,0.754591,0.000000,0.900000,0.754591,129.003429,36.710994,81.988568,0.261131,0,441.18
20260607_204649,2222.797,1,Right,368,96.195652,0.000000,96.195652,0.000000,0.024571,0.011310,0.062948,19,0.000000,0.000000,0.477354,0.902488,0.024631,-0.477354,0.463048,0.164040,0.728121,0.000000,0.902488,0.728121,106.262768,28.557159,60.083478,0.299707,1,441.18
20260607_204649,2227.802,1,Left,373,96.246649,0.000000,96.246649,0.000000,0.012207,0.009861,0.027534,17,0.000000,0.000000,0.682549,0.900000,0.023026,-0.455502,0.682549,0.055693,0.754591,0.000000,0.900000,0.754591,129.003429,36.710994,81.988568,0.261131,0,456.05
20260607_204649,2227.802,1,Right,368,96.195652,0.000000,96.195652,0.000000,0.024571,0.011310,0.062948,19,0.000000,0.000000,0.477354,0.902488,0.024631,-0.477354,0.463048,0.164040,0.728121,0.000000,0.902488,0.728121,106.262768,28.557159,60.083478,0.299707,1,456.05
20260607_204649,2232.810,1,Left,373,96.246649,0.000000,96.246649,0.000000,0.012207,0.009861,0.027534,17,0.000000,0.000000,0.682549,0.900000,0.023026,-0.455502,0.682549,0.055693,0.754591,0.000000,0.900000,0.754591,129.003429,36.710994,81.988568,0.261131,0,442.53
20260607_204649,2232.810,1,Right,368,96.195652,0.000000,96.195652,0.000000,0.024571,0.011310,0.062948,19,0.000000,0.000000,0.477354,0.902488,0.024631,-0.477354,0.463048,0.164040,0.728121,0.000000,0.902488,0.728121,106.262768,28.557159,60.083478,0.299707,1,442.53
20260607_204649,2237.822,1,Left,373,96.246649,0.000000,96.246649,0.000000,0.012207,0.009861,0.027534,17,0.000000,0.000000,0.682549,0.900000,0.023026,-0.455502,0.682549,0.055693,0.754591,0.000000,0.900000,0.754591,129.003429,36.710994,81.988568,0.261131,0,459.65
20260607_204649,2237.822,1,Right,368,96.195652,0.000000,96.195652,0.000000,0.024571,0.011310,0.062948,19,0.000000,0.000000,0.477354,0.902488,0.024631,-0.477354,0.463048,0.164040,0.728121,0.000000,0.902488,0.728121,106.262768,28.557159,60.083478,0.299707,1,459.65
20260607_204649,2242.830,1,Left,373,96.246649,0.000000,96.246649,0.000000,0.012207,0.009861,0.027534,17,0.000000,0.000000,0.682549,0.900000,0.023026,-0.455502,0.682549,0.055693,0.754591,0.000000,0.900000,0.754591,129.003429,36.710994,81.988568,0.261131,0,456.65
20260607_204649,2242.830,1,Right,368,96.195652,0.000000,96.195652,0.000000,0.024571,0.011310,0.062948,19,0.000000,0.000000,0.477354,0.902488,0.024631,-0.477354,0.463048,0.164040,0.728121,0.000000,0.902488,0.728121,106.262768,28.557159,60.083478,0.299707,1,456.65
20260607_204649,2247.841,1,Left,373,96.246649,0.000000,96.246649,0.000000,0.012207,0.009861,0.027534,17,0.000000,0.000000,0.682549,0.900000,0.023026,-0.455502,0.682549,0.055693,0.754591,0.000000,0.900000,0.754591,129.003429,36.710994,81.988568,0.261131,0,390.10
20260607_204649,2247.841,1,Right,368,96.195652,0.000000,96.195652,0.000000,0.024571,0.011310,0.062948,19,0.000000,0.000000,0.477354,0.902488,0.024631,-0.477354,0.463048,0.164040,0.728121,0.000000,0.902488,0.728121,106.262768,28.557159,60.083478,0.299707,1,390.10
20260607_204649,2252.851,1,Left,373,96.246649,0.000000,96.246649,0.000000,0.012207,0.009861,0.027534,17,0.000000,0.000000,0.682549,0.900000,0.023026,-0.455502,0.682549,0.055693,0.754591,0.000000,0.900000,0.754591,129.003429,36.710994,81.988568,0.261131,0,451.24
20260607_204649,2252.851,1,Right,368,96.195652,0.000000,96.195652,0.000000,0.024571,0.011310,0.062948,19,0.000000,0.000000,0.477354,0.902488,0.024631,-0.477354,0.463048,0.164040,0.728121,0.000000,0.902488,0.728121,106.262768,28.557159,60.083478,0.299707,1,451.24
20260607_204649,2257.862,1,Left,373,96.246649,0.000000,96.246649,0.000000,0.012207,0.009861,0.027534,17,0.000000,0.000000,0.682549,0.900000,0.023026,-0.455502,0.682549,0.055693,0.754591,0.000000,0.900000,0.754591,129.003429,36.710994,81.988568,0.261131,0,463.05
20260607_204649,2257.862,1,Right,368,96.195652,0.000000,96.195652,0.000000,0.024571,0.011310,0.062948,19,0.000000,0.000000,0.477354,0.902488,0.024631,-0.477354,0.463048,0.164040,0.728121,0.000000,0.902488,0.728121,106.262768,28.557159,60.083478,0.299707,1,463.05
20260607_204649,2262.873,1,Left,373,96.246649,0.000000,96.246649,0.000000,0.012207,0.009861,0.027534,17,0.000000,0.000000,0.682549,0.900000,0.023026,-0.455502,0.682549,0.055693,0.754591,0.000000,0.900000,0.754591,129.003429,36.710994,81.988568,0.261131,0,453.98
20260607_204649,2262.873,1,Right,368,96.195652,0.000000,96.195652,0.000000,0.024571,0.011310,0.062948,19,0.000000,0.000000,0.477354,0.902488,0.024631,-0.477354,0.463048,0.164040,0.728121,0.000000,0.902488,0.728121,106.262768,28.557159,60.083478,0.299707,1,453.98
20260607_204649,2267.884,1,Left,373,96.246649,0.000000,96.246649,0.000000,0.012207,0.009861,0.027534,17,0.000000,0.000000,0.682549,0.900000,0.023026,-0.455502,0.682549,0.055693,0.754591,0.000000,0.900000,0.754591,129.003429,36.710994,81.988568,0.261131,0,444.83
20260607_204649,2267.884,1,Right,368,96.195652,0.000000,96.195652,0.000000,0.024571,0.011310,0.062948,19,0.000000,0.000000,0.477354,0.902488,0.024631,-0.477354,0.463048,0.164040,0.728121,0.000000,0.902488,0.728121,106.262768,28.557159,60.083478,0.299707,1,444.83
20260607_204649,2272.888,1,Left,373,96.246649,0.000000,96.246649,0.000000,0.012207,0.009861,0.027534,17,0.000000,0.000000,0.682549,0.900000,0.023026,-0.455502,0.682549,0.055693,0.754591,0.000000,0.900000,0.754591,129.003429,36.710994,81.988568,0.261131,0,405.83
20260607_204649,2272.888,1,Right,368,96.195652,0.000000,96.195652,0.000000,0.024571,0.011310,0.062948,19,0.000000,0.000000,0.477354,0.902488,0.024631,-0.477354,0.463048,0.164040,0.728121,0.000000,0.902488,0.728121,106.262768,28.557159,60.083478,0.299707,1,405.83
20260607_204649,2277.890,1,Left,373,96.246649,0.000000,96.246649,0.000000,0.012207,0.009861,0.027534,17,0.000000,0.000000,0.682549,0.900000,0.023026,-0.455502,0.682549,0.055693,0.754591,0.000000,0.900000,0.754591,129.003429,36.710994,81.988568,0.261131,0,425.52
20260607_204649,2277.890,1,Right,368,96.195652,0.000000,96.195652,0.000000,0.024571,0.011310,0.062948,19,0.000000,0.000000,0.477354,0.902488,0.024631,-0.477354,0.463048,0.164040,0.728121,0.000000,0.902488,0.728121,106.262768,28.557159,60.083478,0.299707,1,425.52
20260607_204649,2282.895,1,Left,373,96.246649,0.000000,96.246649,0.000000,0.012207,0.009861,0.027534,17,0.000000,0.000000,0.682549,0.900000,0.023026,-0.455502,0.682549,0.055693,0.754591,0.000000,0.900000,0.754591,129.003429,36.710994,81.988568,0.261131,0,467.64
20260607_204649,2282.895,1,Right,368,96.195652,0.000000,96.195652,0.000000,0.024571,0.011310,0.062948,19,0.000000,0.000000,0.477354,0.902488,0.024631,-0.477354,0.463048,0.164040,0.728121,0.000000,0.902488,0.728121,106.262768,28.557159,60.083478,0.299707,1,467.64
20260607_204649,2287.906,1,Left,373,96.246649,0.000000,96.246649,0.000000,0.012207,0.009861,0.027534,17,0.000000,0.000000,0.682549,0.900000,0.023026,-0.455502,0.682549,0.055693,0.754591,0.000000,0.900000,0.754591,129.003429,36.710994,81.988568,0.261131,0,445.44
20260607_204649,2287.906,1,Right,368,96.195652,0.000000,96.195652,0.000000,0.024571,0.011310,0.062948,19,0.000000,0.000000,0.477354,0.902488,0.024631,-0.477354,0.463048,0.164040,0.728121,0.000000,0.902488,0.728121,106.262768,28.557159,60.083478,0.299707,1,445.44
20260607_204649,2292.906,1,Left,373,96.246649,0.000000,96.246649,0.000000,0.012207,0.009861,0.027534,17,0.000000,0.000000,0.682549,0.900000,0.023026,-0.455502,0.682549,0.055693,0.754591,0.000000,0.900000,0.754591,129.003429,36.710994,81.988568,0.261131,0,463.72
20260607_204649,2292.906,1,Right,368,96.195652,0.000000,96.195652,0.000000,0.024571,0.011310,0.062948,19,0.000000,0.000000,0.477354,0.902488,0.024631,-0.477354,0.463048,0.164040,0.728121,0.000000,0.902488,0.728121,106.262768,28.557159,60.083478,0.299707,1,463.72
20260607_204649,2297.908,1,Left,373,96.246649,0.000000,96.246649,0.000000,0.012207,0.009861,0.027534,17,0.000000,0.000000,0.682549,0.900000,0.023026,-0.455502,0.682549,0.055693,0.754591,0.000000,0.900000,0.754591,129.003429,36.710994,81.988568,0.261131,0,460.76
20260607_204649,2297.908,1,Right,368,96.195652,0.000000,96.195652,0.000000,0.024571,0.011310,0.062948,19,0.000000,0.000000,0.477354,0.902488,0.024631,-0.477354,0.463048,0.164040,0.728121,0.000000,0.902488,0.728121,106.262768,28.557159,60.083478,0.299707,1,460.76
20260607_204649,2302.911,1,Left,373,96.246649,0.000000,96.246649,0.000000,0.012207,0.009861,0.027534,17,0.000000,0.000000,0.682549,0.900000,0.023026,-0.455502,0.682549,0.055693,0.754591,0.000000,0.900000,0.754591,129.003429,36.710994,81.988568,0.261131,0,470.48
20260607_204649,2302.911,1,Right,368,96.195652,0.000000,96.195652,0.000000,0.024571,0.011310,0.062948,19,0.000000,0.000000,0.477354,0.902488,0.024631,-0.477354,0.463048,0.164040,0.728121,0.000000,0.902488,0.728121,106.262768,28.557159,60.083478,0.299707,1,470.48
20260607_204649,2307.921,1,Left,373,96.246649,0.000000,96.246649,0.000000,0.012207,0.009861,0.027534,17,0.000000,0.000000,0.682549,0.900000,0.023026,-0.455502,0.682549,0.055693,0.754591,0.000000,0.900000,0.754591,129.003429,36.710994,81.988568,0.261131,0,473.34
20260607_204649,2307.921,1,Right,368,96.195652,0.000000,96.195652,0.000000,0.024571,0.011310,0.062948,19,0.000000,0.000000,0.477354,0.902488,0.024631,-0.477354,0.463048,0.164040,0.728121,0.000000,0.902488,0.728121,106.262768,28.557159,60.083478,0.299707,1,473.34
20260607_204649,2312.925,1,Left,373,96.246649,0.000000,96.246649,0.000000,0.012207,0.009861,0.027534,17,0.000000,0.000000,0.682549,0.900000,0.023026,-0.455502,0.682549,0.055693,0.754591,0.000000,0.900000,0.754591,129.003429,36.710994,81.988568,0.261131,0,465.88
20260607_204649,2312.925,1,Right,368,96.195652,0.000000,96.195652,0.000000,0.024571,0.011310,0.062948,19,0.000000,0.000000,0.477354,0.902488,0.024631,-0.477354,0.463048,0.164040,0.728121,0.000000,0.902488,0.728121,106.262768,28.557159,60.083478,0.299707,1,465.88
20260607_204649,2317.936,1,Left,373,96.246649,0.000000,96.246649,0.000000,0.012207,0.009861,0.027534,17,0.000000,0.000000,0.682549,0.900000,0.023026,-0.455502,0.682549,0.055693,0.754591,0.000000,0.900000,0.754591,129.003429,36.710994,81.988568,0.261131,0,458.14
20260607_204649,2317.936,1,Right,368,96.195652,0.000000,96.195652,0.000000,0.024571,0.011310,0.062948,19,0.000000,0.000000,0.477354,0.902488,0.024631,-0.477354,0.463048,0.164040,0.728121,0.000000,0.902488,0.728121,106.262768,28.557159,60.083478,0.299707,1,458.14
20260607_204649,2322.941,1,Left,373,96.246649,0.000000,96.246649,0.000000,0.012207,0.009861,0.027534,17,0.000000,0.000000,0.682549,0.900000,0.023026,-0.455502,0.682549,0.055693,0.754591,0.000000,0.900000,0.754591,129.003429,36.710994,81.988568,0.261131,0,439.42
20260607_204649,2322.941,1,Right,368,96.195652,0.000000,96.195652,0.000000,0.024571,0.011310,0.062948,19,0.000000,0.000000,0.477354,0.902488,0.024631,-0.477354,0.463048,0.164040,0.728121,0.000000,0.902488,0.728121,106.262768,28.557159,60.083478,0.299707,1,439.42
20260607_204649,2327.946,1,Left,373,96.246649,0.000000,96.246649,0.000000,0.012207,0.009861,0.027534,17,0.000000,0.000000,0.682549,0.900000,0.023026,-0.455502,0.682549,0.055693,0.754591,0.000000,0.900000,0.754591,129.003429,36.710994,81.988568,0.261131,0,455.56
20260607_204649,2327.946,1,Right,368,96.195652,0.000000,96.195652,0.000000,0.024571,0.011310,0.062948,19,0.000000,0.000000,0.477354,0.902488,0.024631,-0.477354,0.463048,0.164040,0.728121,0.000000,0.902488,0.728121,106.262768,28.557159,60.083478,0.299707,1,455.56
20260607_204649,2332.952,1,Left,373,96.246649,0.000000,96.246649,0.000000,0.012207,0.009861,0.027534,17,0.000000,0.000000,0.682549,0.900000,0.023026,-0.455502,0.682549,0.055693,0.754591,0.000000,0.900000,0.754591,129.003429,36.710994,81.988568,0.261131,0,451.29
20260607_204649,2332.952,1,Right,368,96.195652,0.000000,96.195652,0.000000,0.024571,0.011310,0.062948,19,0.000000,0.000000,0.477354,0.902488,0.024631,-0.477354,0.463048,0.164040,0.728121,0.000000,0.902488,0.728121,106.262768,28.557159,60.083478,0.299707,1,451.29
20260607_204649,2337.964,1,Left,373,96.246649,0.000000,96.246649,0.000000,0.012207,0.009861,0.027534,17,0.000000,0.000000,0.682549,0.900000,0.023026,-0.455502,0.682549,0.055693,0.754591,0.000000,0.900000,0.754591,129.003429,36.710994,81.988568,0.261131,0,451.63
20260607_204649,2337.964,1,Right,368,96.195652,0.000000,96.195652,0.000000,0.024571,0.011310,0.062948,19,0.000000,0.000000,0.477354,0.902488,0.024631,-0.477354,0.463048,0.164040,0.728121,0.000000,0.902488,0.728121,106.262768,28.557159,60.083478,0.299707,1,451.63
20260607_204649,2342.973,1,Left,373,96.246649,0.000000,96.246649,0.000000,0.012207,0.009861,0.027534,17,0.000000,0.000000,0.682549,0.900000,0.023026,-0.455502,0.682549,0.055693,0.754591,0.000000,0.900000,0.754591,129.003429,36.710994,81.988568,0.261131,0,463.66
20260607_204649,2342.973,1,Right,368,96.195652,0.000000,96.195652,0.000000,0.024571,0.011310,0.062948,19,0.000000,0.000000,0.477354,0.902488,0.024631,-0.477354,0.463048,0.164040,0.728121,0.000000,0.902488,0.728121,106.262768,28.557159,60.083478,0.299707,1,463.66
20260607_204649,2347.984,1,Left,373,96.246649,0.000000,96.246649,0.000000,0.012207,0.009861,0.027534,17,0.000000,0.000000,0.682549,0.900000,0.023026,-0.455502,0.682549,0.055693,0.754591,0.000000,0.900000,0.754591,129.003429,36.710994,81.988568,0.261131,0,449.55
20260607_204649,2347.984,1,Right,368,96.195652,0.000000,96.195652,0.000000,0.024571,0.011310,0.062948,19,0.000000,0.000000,0.477354,0.902488,0.024631,-0.477354,0.463048,0.164040,0.728121,0.000000,0.902488,0.728121,106.262768,28.557159,60.083478,0.299707,1,449.55
20260607_204649,2352.988,1,Left,373,96.246649,0.000000,96.246649,0.000000,0.012207,0.009861,0.027534,17,0.000000,0.000000,0.682549,0.900000,0.023026,-0.455502,0.682549,0.055693,0.754591,0.000000,0.900000,0.754591,129.003429,36.710994,81.988568,0.261131,0,466.92
20260607_204649,2352.988,1,Right,368,96.195652,0.000000,96.195652,0.000000,0.024571,0.011310,0.062948,19,0.000000,0.000000,0.477354,0.902488,0.024631,-0.477354,0.463048,0.164040,0.728121,0.000000,0.902488,0.728121,106.262768,28.557159,60.083478,0.299707,1,466.92
20260607_204649,2357.993,1,Left,373,96.246649,0.000000,96.246649,0.000000,0.012207,0.009861,0.027534,17,0.000000,0.000000,0.682549,0.900000,0.023026,-0.455502,0.682549,0.055693,0.754591,0.000000,0.900000,0.754591,129.003429,36.710994,81.988568,0.261131,0,457.49
20260607_204649,2357.993,1,Right,368,96.195652,0.000000,96.195652,0.000000,0.024571,0.011310,0.062948,19,0.000000,0.000000,0.477354,0.902488,0.024631,-0.477354,0.463048,0.164040,0.728121,0.000000,0.902488,0.728121,106.262768,28.557159,60.083478,0.299707,1,457.49
20260607_204649,2363.005,1,Left,373,96.246649,0.000000,96.246649,0.000000,0.012207,0.009861,0.027534,17,0.000000,0.000000,0.682549,0.900000,0.023026,-0.455502,0.682549,0.055693,0.754591,0.000000,0.900000,0.754591,129.003429,36.710994,81.988568,0.261131,0,463.20
20260607_204649,2363.005,1,Right,368,96.195652,0.000000,96.195652,0.000000,0.024571,0.011310,0.062948,19,0.000000,0.000000,0.477354,0.902488,0.024631,-0.477354,0.463048,0.164040,0.728121,0.000000,0.902488,0.728121,106.262768,28.557159,60.083478,0.299707,1,463.20
20260607_204649,2368.008,1,Left,373,96.246649,0.000000,96.246649,0.000000,0.012207,0.009861,0.027534,17,0.000000,0.000000,0.682549,0.900000,0.023026,-0.455502,0.682549,0.055693,0.754591,0.000000,0.900000,0.754591,129.003429,36.710994,81.988568,0.261131,0,455.65
20260607_204649,2368.008,1,Right,368,96.195652,0.000000,96.195652,0.000000,0.024571,0.011310,0.062948,19,0.000000,0.000000,0.477354,0.902488,0.024631,-0.477354,0.463048,0.164040,0.728121,0.000000,0.902488,0.728121,106.262768,28.557159,60.083478,0.299707,1,455.65
20260607_204649,2373.018,1,Left,373,96.246649,0.000000,96.246649,0.000000,0.012207,0.009861,0.027534,17,0.000000,0.000000,0.682549,0.900000,0.023026,-0.455502,0.682549,0.055693,0.754591,0.000000,0.900000,0.754591,129.003429,36.710994,81.988568,0.261131,0,457.10
20260607_204649,2373.018,1,Right,368,96.195652,0.000000,96.195652,0.000000,0.024571,0.011310,0.062948,19,0.000000,0.000000,0.477354,0.902488,0.024631,-0.477354,0.463048,0.164040,0.728121,0.000000,0.902488,0.728121,106.262768,28.557159,60.083478,0.299707,1,457.10
20260607_204649,2378.027,1,Left,373,96.246649,0.000000,96.246649,0.000000,0.012207,0.009861,0.027534,17,0.000000,0.000000,0.682549,0.900000,0.023026,-0.455502,0.682549,0.055693,0.754591,0.000000,0.900000,0.754591,129.003429,36.710994,81.988568,0.261131,0,442.06
20260607_204649,2378.027,1,Right,368,96.195652,0.000000,96.195652,0.000000,0.024571,0.011310,0.062948,19,0.000000,0.000000,0.477354,0.902488,0.024631,-0.477354,0.463048,0.164040,0.728121,0.000000,0.902488,0.728121,106.262768,28.557159,60.083478,0.299707,1,442.06
20260607_204649,2383.034,1,Left,373,96.246649,0.000000,96.246649,0.000000,0.012207,0.009861,0.027534,17,0.000000,0.000000,0.682549,0.900000,0.023026,-0.455502,0.682549,0.055693,0.754591,0.000000,0.900000,0.754591,129.003429,36.710994,81.988568,0.261131,0,468.17
20260607_204649,2383.034,1,Right,368,96.195652,0.000000,96.195652,0.000000,0.024571,0.011310,0.062948,19,0.000000,0.000000,0.477354,0.902488,0.024631,-0.477354,0.463048,0.164040,0.728121,0.000000,0.902488,0.728121,106.262768,28.557159,60.083478,0.299707,1,468.17
20260607_204649,2388.041,1,Left,373,96.246649,0.000000,96.246649,0.000000,0.012207,0.009861,0.027534,17,0.000000,0.000000,0.682549,0.900000,0.023026,-0.455502,0.682549,0.055693,0.754591,0.000000,0.900000,0.754591,129.003429,36.710994,81.988568,0.261131,0,446.35
20260607_204649,2388.041,1,Right,368,96.195652,0.000000,96.195652,0.000000,0.024571,0.011310,0.062948,19,0.000000,0.000000,0.477354,0.902488,0.024631,-0.477354,0.463048,0.164040,0.728121,0.000000,0.902488,0.728121,106.262768,28.557159,60.083478,0.299707,1,446.35
20260607_204649,2393.052,1,Left,373,96.246649,0.000000,96.246649,0.000000,0.012207,0.009861,0.027534,17,0.000000,0.000000,0.682549,0.900000,0.023026,-0.455502,0.682549,0.055693,0.754591,0.000000,0.900000,0.754591,129.003429,36.710994,81.988568,0.261131,0,451.73
20260607_204649,2393.052,1,Right,368,96.195652,0.000000,96.195652,0.000000,0.024571,0.011310,0.062948,19,0.000000,0.000000,0.477354,0.902488,0.024631,-0.477354,0.463048,0.164040,0.728121,0.000000,0.902488,0.728121,106.262768,28.557159,60.083478,0.299707,1,451.73
20260607_204649,2398.053,1,Left,373,96.246649,0.000000,96.246649,0.000000,0.012207,0.009861,0.027534,17,0.000000,0.000000,0.682549,0.900000,0.023026,-0.455502,0.682549,0.055693,0.754591,0.000000,0.900000,0.754591,129.003429,36.710994,81.988568,0.261131,0,441.23
20260607_204649,2398.053,1,Right,368,96.195652,0.000000,96.195652,0.000000,0.024571,0.011310,0.062948,19,0.000000,0.000000,0.477354,0.902488,0.024631,-0.477354,0.463048,0.164040,0.728121,0.000000,0.902488,0.728121,106.262768,28.557159,60.083478,0.299707,1,441.23
20260607_204649,2403.063,1,Left,373,96.246649,0.000000,96.246649,0.000000,0.012207,0.009861,0.027534,17,0.000000,0.000000,0.682549,0.900000,0.023026,-0.455502,0.682549,0.055693,0.754591,0.000000,0.900000,0.754591,129.003429,36.710994,81.988568,0.261131,0,453.54
20260607_204649,2403.063,1,Right,368,96.195652,0.000000,96.195652,0.000000,0.024571,0.011310,0.062948,19,0.000000,0.000000,0.477354,0.902488,0.024631,-0.477354,0.463048,0.164040,0.728121,0.000000,0.902488,0.728121,106.262768,28.557159,60.083478,0.299707,1,453.54
20260607_204649,2408.069,1,Left,373,96.246649,0.000000,96.246649,0.000000,0.012207,0.009861,0.027534,17,0.000000,0.000000,0.682549,0.900000,0.023026,-0.455502,0.682549,0.055693,0.754591,0.000000,0.900000,0.754591,129.003429,36.710994,81.988568,0.261131,0,452.41
20260607_204649,2408.069,1,Right,368,96.195652,0.000000,96.195652,0.000000,0.024571,0.011310,0.062948,19,0.000000,0.000000,0.477354,0.902488,0.024631,-0.477354,0.463048,0.164040,0.728121,0.000000,0.902488,0.728121,106.262768,28.557159,60.083478,0.299707,1,452.41
20260607_204649,2413.076,1,Left,373,96.246649,0.000000,96.246649,0.000000,0.012207,0.009861,0.027534,17,0.000000,0.000000,0.682549,0.900000,0.023026,-0.455502,0.682549,0.055693,0.754591,0.000000,0.900000,0.754591,129.003429,36.710994,81.988568,0.261131,0,457.10
20260607_204649,2413.076,1,Right,368,96.195652,0.000000,96.195652,0.000000,0.024571,0.011310,0.062948,19,0.000000,0.000000,0.477354,0.902488,0.024631,-0.477354,0.463048,0.164040,0.728121,0.000000,0.902488,0.728121,106.262768,28.557159,60.083478,0.299707,1,457.10
20260607_204649,2418.086,1,Left,373,96.246649,0.000000,96.246649,0.000000,0.012207,0.009861,0.027534,17,0.000000,0.000000,0.682549,0.900000,0.023026,-0.455502,0.682549,0.055693,0.754591,0.000000,0.900000,0.754591,129.003429,36.710994,81.988568,0.261131,0,446.87
20260607_204649,2418.086,1,Right,368,96.195652,0.000000,96.195652,0.000000,0.024571,0.011310,0.062948,19,0.000000,0.000000,0.477354,0.902488,0.024631,-0.477354,0.463048,0.164040,0.728121,0.000000,0.902488,0.728121,106.262768,28.557159,60.083478,0.299707,1,446.87
20260607_204649,2423.088,1,Left,373,96.246649,0.000000,96.246649,0.000000,0.012207,0.009861,0.027534,17,0.000000,0.000000,0.682549,0.900000,0.023026,-0.455502,0.682549,0.055693,0.754591,0.000000,0.900000,0.754591,129.003429,36.710994,81.988568,0.261131,0,415.15
20260607_204649,2423.088,1,Right,368,96.195652,0.000000,96.195652,0.000000,0.024571,0.011310,0.062948,19,0.000000,0.000000,0.477354,0.902488,0.024631,-0.477354,0.463048,0.164040,0.728121,0.000000,0.902488,0.728121,106.262768,28.557159,60.083478,0.299707,1,415.15
20260607_204649,2428.094,1,Left,373,96.246649,0.000000,96.246649,0.000000,0.012207,0.009861,0.027534,17,0.000000,0.000000,0.682549,0.900000,0.023026,-0.455502,0.682549,0.055693,0.754591,0.000000,0.900000,0.754591,129.003429,36.710994,81.988568,0.261131,0,464.54
20260607_204649,2428.094,1,Right,368,96.195652,0.000000,96.195652,0.000000,0.024571,0.011310,0.062948,19,0.000000,0.000000,0.477354,0.902488,0.024631,-0.477354,0.463048,0.164040,0.728121,0.000000,0.902488,0.728121,106.262768,28.557159,60.083478,0.299707,1,464.54
20260607_204649,2433.098,1,Left,373,96.246649,0.000000,96.246649,0.000000,0.012207,0.009861,0.027534,17,0.000000,0.000000,0.682549,0.900000,0.023026,-0.455502,0.682549,0.055693,0.754591,0.000000,0.900000,0.754591,129.003429,36.710994,81.988568,0.261131,0,473.24
20260607_204649,2433.098,1,Right,368,96.195652,0.000000,96.195652,0.000000,0.024571,0.011310,0.062948,19,0.000000,0.000000,0.477354,0.902488,0.024631,-0.477354,0.463048,0.164040,0.728121,0.000000,0.902488,0.728121,106.262768,28.557159,60.083478,0.299707,1,473.24
20260607_204649,2438.104,1,Left,373,96.246649,0.000000,96.246649,0.000000,0.012207,0.009861,0.027534,17,0.000000,0.000000,0.682549,0.900000,0.023026,-0.455502,0.682549,0.055693,0.754591,0.000000,0.900000,0.754591,129.003429,36.710994,81.988568,0.261131,0,455.75
20260607_204649,2438.104,1,Right,368,96.195652,0.000000,96.195652,0.000000,0.024571,0.011310,0.062948,19,0.000000,0.000000,0.477354,0.902488,0.024631,-0.477354,0.463048,0.164040,0.728121,0.000000,0.902488,0.728121,106.262768,28.557159,60.083478,0.299707,1,455.75
20260607_204649,2443.114,1,Left,373,96.246649,0.000000,96.246649,0.000000,0.012207,0.009861,0.027534,17,0.000000,0.000000,0.682549,0.900000,0.023026,-0.455502,0.682549,0.055693,0.754591,0.000000,0.900000,0.754591,129.003429,36.710994,81.988568,0.261131,0,444.45
20260607_204649,2443.114,1,Right,368,96.195652,0.000000,96.195652,0.000000,0.024571,0.011310,0.062948,19,0.000000,0.000000,0.477354,0.902488,0.024631,-0.477354,0.463048,0.164040,0.728121,0.000000,0.902488,0.728121,106.262768,28.557159,60.083478,0.299707,1,444.45
20260607_204649,2448.116,1,Left,373,96.246649,0.000000,96.246649,0.000000,0.012207,0.009861,0.027534,17,0.000000,0.000000,0.682549,0.900000,0.023026,-0.455502,0.682549,0.055693,0.754591,0.000000,0.900000,0.754591,129.003429,36.710994,81.988568,0.261131,0,461.98
20260607_204649,2448.116,1,Right,368,96.195652,0.000000,96.195652,0.000000,0.024571,0.011310,0.062948,19,0.000000,0.000000,0.477354,0.902488,0.024631,-0.477354,0.463048,0.164040,0.728121,0.000000,0.902488,0.728121,106.262768,28.557159,60.083478,0.299707,1,461.98
20260607_204649,2453.123,1,Left,373,96.246649,0.000000,96.246649,0.000000,0.012207,0.009861,0.027534,17,0.000000,0.000000,0.682549,0.900000,0.023026,-0.455502,0.682549,0.055693,0.754591,0.000000,0.900000,0.754591,129.003429,36.710994,81.988568,0.261131,0,453.49
20260607_204649,2453.123,1,Right,368,96.195652,0.000000,96.195652,0.000000,0.024571,0.011310,0.062948,19,0.000000,0.000000,0.477354,0.902488,0.024631,-0.477354,0.463048,0.164040,0.728121,0.000000,0.902488,0.728121,106.262768,28.557159,60.083478,0.299707,1,453.49
20260607_204649,2458.125,1,Left,373,96.246649,0.000000,96.246649,0.000000,0.012207,0.009861,0.027534,17,0.000000,0.000000,0.682549,0.900000,0.023026,-0.455502,0.682549,0.055693,0.754591,0.000000,0.900000,0.754591,129.003429,36.710994,81.988568,0.261131,0,446.06
20260607_204649,2458.125,1,Right,368,96.195652,0.000000,96.195652,0.000000,0.024571,0.011310,0.062948,19,0.000000,0.000000,0.477354,0.902488,0.024631,-0.477354,0.463048,0.164040,0.728121,0.000000,0.902488,0.728121,106.262768,28.557159,60.083478,0.299707,1,446.06
20260607_204649,2463.128,1,Left,373,96.246649,0.000000,96.246649,0.000000,0.012207,0.009861,0.027534,17,0.000000,0.000000,0.682549,0.900000,0.023026,-0.455502,0.682549,0.055693,0.754591,0.000000,0.900000,0.754591,129.003429,36.710994,81.988568,0.261131,0,455.46
20260607_204649,2463.128,1,Right,368,96.195652,0.000000,96.195652,0.000000,0.024571,0.011310,0.062948,19,0.000000,0.000000,0.477354,0.902488,0.024631,-0.477354,0.463048,0.164040,0.728121,0.000000,0.902488,0.728121,106.262768,28.557159,60.083478,0.299707,1,455.46
20260607_204649,2468.136,1,Left,373,96.246649,0.000000,96.246649,0.000000,0.012207,0.009861,0.027534,17,0.000000,0.000000,0.682549,0.900000,0.023026,-0.455502,0.682549,0.055693,0.754591,0.000000,0.900000,0.754591,129.003429,36.710994,81.988568,0.261131,0,435.73
20260607_204649,2468.136,1,Right,368,96.195652,0.000000,96.195652,0.000000,0.024571,0.011310,0.062948,19,0.000000,0.000000,0.477354,0.902488,0.024631,-0.477354,0.463048,0.164040,0.728121,0.000000,0.902488,0.728121,106.262768,28.557159,60.083478,0.299707,1,435.73
20260607_204649,2473.143,1,Left,373,96.246649,0.000000,96.246649,0.000000,0.012207,0.009861,0.027534,17,0.000000,0.000000,0.682549,0.900000,0.023026,-0.455502,0.682549,0.055693,0.754591,0.000000,0.900000,0.754591,129.003429,36.710994,81.988568,0.261131,0,457.39
20260607_204649,2473.143,1,Right,368,96.195652,0.000000,96.195652,0.000000,0.024571,0.011310,0.062948,19,0.000000,0.000000,0.477354,0.902488,0.024631,-0.477354,0.463048,0.164040,0.728121,0.000000,0.902488,0.728121,106.262768,28.557159,60.083478,0.299707,1,457.39
20260607_204649,2478.148,1,Left,373,96.246649,0.000000,96.246649,0.000000,0.012207,0.009861,0.027534,17,0.000000,0.000000,0.682549,0.900000,0.023026,-0.455502,0.682549,0.055693,0.754591,0.000000,0.900000,0.754591,129.003429,36.710994,81.988568,0.261131,0,468.01
20260607_204649,2478.148,1,Right,368,96.195652,0.000000,96.195652,0.000000,0.024571,0.011310,0.062948,19,0.000000,0.000000,0.477354,0.902488,0.024631,-0.477354,0.463048,0.164040,0.728121,0.000000,0.902488,0.728121,106.262768,28.557159,60.083478,0.299707,1,468.01
20260607_204649,2483.161,1,Left,373,96.246649,0.000000,96.246649,0.000000,0.012207,0.009861,0.027534,17,0.000000,0.000000,0.682549,0.900000,0.023026,-0.455502,0.682549,0.055693,0.754591,0.000000,0.900000,0.754591,129.003429,36.710994,81.988568,0.261131,0,463.25
20260607_204649,2483.161,1,Right,368,96.195652,0.000000,96.195652,0.000000,0.024571,0.011310,0.062948,19,0.000000,0.000000,0.477354,0.902488,0.024631,-0.477354,0.463048,0.164040,0.728121,0.000000,0.902488,0.728121,106.262768,28.557159,60.083478,0.299707,1,463.25
20260607_204649,2488.171,1,Left,373,96.246649,0.000000,96.246649,0.000000,0.012207,0.009861,0.027534,17,0.000000,0.000000,0.682549,0.900000,0.023026,-0.455502,0.682549,0.055693,0.754591,0.000000,0.900000,0.754591,129.003429,36.710994,81.988568,0.261131,0,451.92
20260607_204649,2488.171,1,Right,368,96.195652,0.000000,96.195652,0.000000,0.024571,0.011310,0.062948,19,0.000000,0.000000,0.477354,0.902488,0.024631,-0.477354,0.463048,0.164040,0.728121,0.000000,0.902488,0.728121,106.262768,28.557159,60.083478,0.299707,1,451.92
20260607_204649,2493.181,1,Left,373,96.246649,0.000000,96.246649,0.000000,0.012207,0.009861,0.027534,17,0.000000,0.000000,0.682549,0.900000,0.023026,-0.455502,0.682549,0.055693,0.754591,0.000000,0.900000,0.754591,129.003429,36.710994,81.988568,0.261131,0,470.11
20260607_204649,2493.181,1,Right,368,96.195652,0.000000,96.195652,0.000000,0.024571,0.011310,0.062948,19,0.000000,0.000000,0.477354,0.902488,0.024631,-0.477354,0.463048,0.164040,0.728121,0.000000,0.902488,0.728121,106.262768,28.557159,60.083478,0.299707,1,470.11
20260607_204649,2498.189,1,Left,373,96.246649,0.000000,96.246649,0.000000,0.012207,0.009861,0.027534,17,0.000000,0.000000,0.682549,0.900000,0.023026,-0.455502,0.682549,0.055693,0.754591,0.000000,0.900000,0.754591,129.003429,36.710994,81.988568,0.261131,0,453.24
20260607_204649,2498.189,1,Right,368,96.195652,0.000000,96.195652,0.000000,0.024571,0.011310,0.062948,19,0.000000,0.000000,0.477354,0.902488,0.024631,-0.477354,0.463048,0.164040,0.728121,0.000000,0.902488,0.728121,106.262768,28.557159,60.083478,0.299707,1,453.24
20260607_204649,2503.196,1,Left,373,96.246649,0.000000,96.246649,0.000000,0.012207,0.009861,0.027534,17,0.000000,0.000000,0.682549,0.900000,0.023026,-0.455502,0.682549,0.055693,0.754591,0.000000,0.900000,0.754591,129.003429,36.710994,81.988568,0.261131,0,469.58
20260607_204649,2503.196,1,Right,368,96.195652,0.000000,96.195652,0.000000,0.024571,0.011310,0.062948,19,0.000000,0.000000,0.477354,0.902488,0.024631,-0.477354,0.463048,0.164040,0.728121,0.000000,0.902488,0.728121,106.262768,28.557159,60.083478,0.299707,1,469.58
20260607_204649,2508.205,1,Left,373,96.246649,0.000000,96.246649,0.000000,0.012207,0.009861,0.027534,17,0.000000,0.000000,0.682549,0.900000,0.023026,-0.455502,0.682549,0.055693,0.754591,0.000000,0.900000,0.754591,129.003429,36.710994,81.988568,0.261131,0,469.42
20260607_204649,2508.205,1,Right,368,96.195652,0.000000,96.195652,0.000000,0.024571,0.011310,0.062948,19,0.000000,0.000000,0.477354,0.902488,0.024631,-0.477354,0.463048,0.164040,0.728121,0.000000,0.902488,0.728121,106.262768,28.557159,60.083478,0.299707,1,469.42
20260607_204649,2513.213,1,Left,373,96.246649,0.000000,96.246649,0.000000,0.012207,0.009861,0.027534,17,0.000000,0.000000,0.682549,0.900000,0.023026,-0.455502,0.682549,0.055693,0.754591,0.000000,0.900000,0.754591,129.003429,36.710994,81.988568,0.261131,0,452.61
20260607_204649,2513.213,1,Right,368,96.195652,0.000000,96.195652,0.000000,0.024571,0.011310,0.062948,19,0.000000,0.000000,0.477354,0.902488,0.024631,-0.477354,0.463048,0.164040,0.728121,0.000000,0.902488,0.728121,106.262768,28.557159,60.083478,0.299707,1,452.61
20260607_204649,2518.218,1,Left,373,96.246649,0.000000,96.246649,0.000000,0.012207,0.009861,0.027534,17,0.000000,0.000000,0.682549,0.900000,0.023026,-0.455502,0.682549,0.055693,0.754591,0.000000,0.900000,0.754591,129.003429,36.710994,81.988568,0.261131,0,450.61
20260607_204649,2518.218,1,Right,368,96.195652,0.000000,96.195652,0.000000,0.024571,0.011310,0.062948,19,0.000000,0.000000,0.477354,0.902488,0.024631,-0.477354,0.463048,0.164040,0.728121,0.000000,0.902488,0.728121,106.262768,28.557159,60.083478,0.299707,1,450.61
20260607_204649,2523.225,1,Left,373,96.246649,0.000000,96.246649,0.000000,0.012207,0.009861,0.027534,17,0.000000,0.000000,0.682549,0.900000,0.023026,-0.455502,0.682549,0.055693,0.754591,0.000000,0.900000,0.754591,129.003429,36.710994,81.988568,0.261131,0,453.19
20260607_204649,2523.225,1,Right,368,96.195652,0.000000,96.195652,0.000000,0.024571,0.011310,0.062948,19,0.000000,0.000000,0.477354,0.902488,0.024631,-0.477354,0.463048,0.164040,0.728121,0.000000,0.902488,0.728121,106.262768,28.557159,60.083478,0.299707,1,453.19
20260607_204649,2528.234,1,Left,373,96.246649,0.000000,96.246649,0.000000,0.012207,0.009861,0.027534,17,0.000000,0.000000,0.682549,0.900000,0.023026,-0.455502,0.682549,0.055693,0.754591,0.000000,0.900000,0.754591,129.003429,36.710994,81.988568,0.261131,0,468.64
20260607_204649,2528.234,1,Right,368,96.195652,0.000000,96.195652,0.000000,0.024571,0.011310,0.062948,19,0.000000,0.000000,0.477354,0.902488,0.024631,-0.477354,0.463048,0.164040,0.728121,0.000000,0.902488,0.728121,106.262768,28.557159,60.083478,0.299707,1,468.64
20260607_204649,2533.240,1,Left,373,96.246649,0.000000,96.246649,0.000000,0.012207,0.009861,0.027534,17,0.000000,0.000000,0.682549,0.900000,0.023026,-0.455502,0.682549,0.055693,0.754591,0.000000,0.900000,0.754591,129.003429,36.710994,81.988568,0.261131,0,471.59
20260607_204649,2533.240,1,Right,368,96.195652,0.000000,96.195652,0.000000,0.024571,0.011310,0.062948,19,0.000000,0.000000,0.477354,0.902488,0.024631,-0.477354,0.463048,0.164040,0.728121,0.000000,0.902488,0.728121,106.262768,28.557159,60.083478,0.299707,1,471.59
20260607_204649,2538.249,1,Left,373,96.246649,0.000000,96.246649,0.000000,0.012207,0.009861,0.027534,17,0.000000,0.000000,0.682549,0.900000,0.023026,-0.455502,0.682549,0.055693,0.754591,0.000000,0.900000,0.754591,129.003429,36.710994,81.988568,0.261131,0,463.00
20260607_204649,2538.249,1,Right,368,96.195652,0.000000,96.195652,0.000000,0.024571,0.011310,0.062948,19,0.000000,0.000000,0.477354,0.902488,0.024631,-0.477354,0.463048,0.164040,0.728121,0.000000,0.902488,0.728121,106.262768,28.557159,60.083478,0.299707,1,463.00
20260607_204649,2543.258,1,Left,373,96.246649,0.000000,96.246649,0.000000,0.012207,0.009861,0.027534,17,0.000000,0.000000,0.682549,0.900000,0.023026,-0.455502,0.682549,0.055693,0.754591,0.000000,0.900000,0.754591,129.003429,36.710994,81.988568,0.261131,0,462.44
20260607_204649,2543.258,1,Right,368,96.195652,0.000000,96.195652,0.000000,0.024571,0.011310,0.062948,19,0.000000,0.000000,0.477354,0.902488,0.024631,-0.477354,0.463048,0.164040,0.728121,0.000000,0.902488,0.728121,106.262768,28.557159,60.083478,0.299707,1,462.44
20260607_204649,2548.260,1,Left,373,96.246649,0.000000,96.246649,0.000000,0.012207,0.009861,0.027534,17,0.000000,0.000000,0.682549,0.900000,0.023026,-0.455502,0.682549,0.055693,0.754591,0.000000,0.900000,0.754591,129.003429,36.710994,81.988568,0.261131,0,447.15
20260607_204649,2548.260,1,Right,368,96.195652,0.000000,96.195652,0.000000,0.024571,0.011310,0.062948,19,0.000000,0.000000,0.477354,0.902488,0.024631,-0.477354,0.463048,0.164040,0.728121,0.000000,0.902488,0.728121,106.262768,28.557159,60.083478,0.299707,1,447.15
20260607_204649,2553.266,1,Left,373,96.246649,0.000000,96.246649,0.000000,0.012207,0.009861,0.027534,17,0.000000,0.000000,0.682549,0.900000,0.023026,-0.455502,0.682549,0.055693,0.754591,0.000000,0.900000,0.754591,129.003429,36.710994,81.988568,0.261131,0,464.54
20260607_204649,2553.266,1,Right,368,96.195652,0.000000,96.195652,0.000000,0.024571,0.011310,0.062948,19,0.000000,0.000000,0.477354,0.902488,0.024631,-0.477354,0.463048,0.164040,0.728121,0.000000,0.902488,0.728121,106.262768,28.557159,60.083478,0.299707,1,464.54
20260607_204649,2558.272,1,Left,373,96.246649,0.000000,96.246649,0.000000,0.012207,0.009861,0.027534,17,0.000000,0.000000,0.682549,0.900000,0.023026,-0.455502,0.682549,0.055693,0.754591,0.000000,0.900000,0.754591,129.003429,36.710994,81.988568,0.261131,0,444.74
20260607_204649,2558.272,1,Right,368,96.195652,0.000000,96.195652,0.000000,0.024571,0.011310,0.062948,19,0.000000,0.000000,0.477354,0.902488,0.024631,-0.477354,0.463048,0.164040,0.728121,0.000000,0.902488,0.728121,106.262768,28.557159,60.083478,0.299707,1,444.74
20260607_204649,2563.278,1,Left,373,96.246649,0.000000,96.246649,0.000000,0.012207,0.009861,0.027534,17,0.000000,0.000000,0.682549,0.900000,0.023026,-0.455502,0.682549,0.055693,0.754591,0.000000,0.900000,0.754591,129.003429,36.710994,81.988568,0.261131,0,410.92
20260607_204649,2563.278,1,Right,368,96.195652,0.000000,96.195652,0.000000,0.024571,0.011310,0.062948,19,0.000000,0.000000,0.477354,0.902488,0.024631,-0.477354,0.463048,0.164040,0.728121,0.000000,0.902488,0.728121,106.262768,28.557159,60.083478,0.299707,1,410.92
20260607_204649,2568.279,1,Left,373,96.246649,0.000000,96.246649,0.000000,0.012207,0.009861,0.027534,17,0.000000,0.000000,0.682549,0.900000,0.023026,-0.455502,0.682549,0.055693,0.754591,0.000000,0.900000,0.754591,129.003429,36.710994,81.988568,0.261131,0,446.06
20260607_204649,2568.279,1,Right,368,96.195652,0.000000,96.195652,0.000000,0.024571,0.011310,0.062948,19,0.000000,0.000000,0.477354,0.902488,0.024631,-0.477354,0.463048,0.164040,0.728121,0.000000,0.902488,0.728121,106.262768,28.557159,60.083478,0.299707,1,446.06
20260607_204649,2573.281,1,Left,373,96.246649,0.000000,96.246649,0.000000,0.012207,0.009861,0.027534,17,0.000000,0.000000,0.682549,0.900000,0.023026,-0.455502,0.682549,0.055693,0.754591,0.000000,0.900000,0.754591,129.003429,36.710994,81.988568,0.261131,0,442.86
20260607_204649,2573.281,1,Right,368,96.195652,0.000000,96.195652,0.000000,0.024571,0.011310,0.062948,19,0.000000,0.000000,0.477354,0.902488,0.024631,-0.477354,0.463048,0.164040,0.728121,0.000000,0.902488,0.728121,106.262768,28.557159,60.083478,0.299707,1,442.86
20260607_204649,2578.293,1,Left,373,96.246649,0.000000,96.246649,0.000000,0.012207,0.009861,0.027534,17,0.000000,0.000000,0.682549,0.900000,0.023026,-0.455502,0.682549,0.055693,0.754591,0.000000,0.900000,0.754591,129.003429,36.710994,81.988568,0.261131,0,450.52
20260607_204649,2578.293,1,Right,368,96.195652,0.000000,96.195652,0.000000,0.024571,0.011310,0.062948,19,0.000000,0.000000,0.477354,0.902488,0.024631,-0.477354,0.463048,0.164040,0.728121,0.000000,0.902488,0.728121,106.262768,28.557159,60.083478,0.299707,1,450.52
20260607_204649,2583.294,1,Left,373,96.246649,0.000000,96.246649,0.000000,0.012207,0.009861,0.027534,17,0.000000,0.000000,0.682549,0.900000,0.023026,-0.455502,0.682549,0.055693,0.754591,0.000000,0.900000,0.754591,129.003429,36.710994,81.988568,0.261131,0,464.85
20260607_204649,2583.294,1,Right,368,96.195652,0.000000,96.195652,0.000000,0.024571,0.011310,0.062948,19,0.000000,0.000000,0.477354,0.902488,0.024631,-0.477354,0.463048,0.164040,0.728121,0.000000,0.902488,0.728121,106.262768,28.557159,60.083478,0.299707,1,464.85
20260607_204649,2588.303,1,Left,373,96.246649,0.000000,96.246649,0.000000,0.012207,0.009861,0.027534,17,0.000000,0.000000,0.682549,0.900000,0.023026,-0.455502,0.682549,0.055693,0.754591,0.000000,0.900000,0.754591,129.003429,36.710994,81.988568,0.261131,0,454.42
20260607_204649,2588.303,1,Right,368,96.195652,0.000000,96.195652,0.000000,0.024571,0.011310,0.062948,19,0.000000,0.000000,0.477354,0.902488,0.024631,-0.477354,0.463048,0.164040,0.728121,0.000000,0.902488,0.728121,106.262768,28.557159,60.083478,0.299707,1,454.42
20260607_204649,2593.306,1,Left,373,96.246649,0.000000,96.246649,0.000000,0.012207,0.009861,0.027534,17,0.000000,0.000000,0.682549,0.900000,0.023026,-0.455502,0.682549,0.055693,0.754591,0.000000,0.900000,0.754591,129.003429,36.710994,81.988568,0.261131,0,433.34
20260607_204649,2593.306,1,Right,368,96.195652,0.000000,96.195652,0.000000,0.024571,0.011310,0.062948,19,0.000000,0.000000,0.477354,0.902488,0.024631,-0.477354,0.463048,0.164040,0.728121,0.000000,0.902488,0.728121,106.262768,28.557159,60.083478,0.299707,1,433.34
20260607_204649,2598.311,1,Left,373,96.246649,0.000000,96.246649,0.000000,0.012207,0.009861,0.027534,17,0.000000,0.000000,0.682549,0.900000,0.023026,-0.455502,0.682549,0.055693,0.754591,0.000000,0.900000,0.754591,129.003429,36.710994,81.988568,0.261131,0,458.64
20260607_204649,2598.311,1,Right,368,96.195652,0.000000,96.195652,0.000000,0.024571,0.011310,0.062948,19,0.000000,0.000000,0.477354,0.902488,0.024631,-0.477354,0.463048,0.164040,0.728121,0.000000,0.902488,0.728121,106.262768,28.557159,60.083478,0.299707,1,458.64
20260607_204649,2603.312,1,Left,373,96.246649,0.000000,96.246649,0.000000,0.012207,0.009861,0.027534,17,0.000000,0.000000,0.682549,0.900000,0.023026,-0.455502,0.682549,0.055693,0.754591,0.000000,0.900000,0.754591,129.003429,36.710994,81.988568,0.261131,0,470.21
20260607_204649,2603.312,1,Right,368,96.195652,0.000000,96.195652,0.000000,0.024571,0.011310,0.062948,19,0.000000,0.000000,0.477354,0.902488,0.024631,-0.477354,0.463048,0.164040,0.728121,0.000000,0.902488,0.728121,106.262768,28.557159,60.083478,0.299707,1,470.21
20260607_204649,2608.319,1,Left,373,96.246649,0.000000,96.246649,0.000000,0.012207,0.009861,0.027534,17,0.000000,0.000000,0.682549,0.900000,0.023026,-0.455502,0.682549,0.055693,0.754591,0.000000,0.900000,0.754591,129.003429,36.710994,81.988568,0.261131,0,435.18
20260607_204649,2608.319,1,Right,368,96.195652,0.000000,96.195652,0.000000,0.024571,0.011310,0.062948,19,0.000000,0.000000,0.477354,0.902488,0.024631,-0.477354,0.463048,0.164040,0.728121,0.000000,0.902488,0.728121,106.262768,28.557159,60.083478,0.299707,1,435.18
20260607_204649,2613.328,1,Left,373,96.246649,0.000000,96.246649,0.000000,0.012207,0.009861,0.027534,17,0.000000,0.000000,0.682549,0.900000,0.023026,-0.455502,0.682549,0.055693,0.754591,0.000000,0.900000,0.754591,129.003429,36.710994,81.988568,0.261131,0,470.85
20260607_204649,2613.328,1,Right,368,96.195652,0.000000,96.195652,0.000000,0.024571,0.011310,0.062948,19,0.000000,0.000000,0.477354,0.902488,0.024631,-0.477354,0.463048,0.164040,0.728121,0.000000,0.902488,0.728121,106.262768,28.557159,60.083478,0.299707,1,470.85
20260607_204649,2618.336,1,Left,373,96.246649,0.000000,96.246649,0.000000,0.012207,0.009861,0.027534,17,0.000000,0.000000,0.682549,0.900000,0.023026,-0.455502,0.682549,0.055693,0.754591,0.000000,0.900000,0.754591,129.003429,36.710994,81.988568,0.261131,0,454.72
20260607_204649,2618.336,1,Right,368,96.195652,0.000000,96.195652,0.000000,0.024571,0.011310,0.062948,19,0.000000,0.000000,0.477354,0.902488,0.024631,-0.477354,0.463048,0.164040,0.728121,0.000000,0.902488,0.728121,106.262768,28.557159,60.083478,0.299707,1,454.72
20260607_204649,2623.343,1,Left,373,96.246649,0.000000,96.246649,0.000000,0.012207,0.009861,0.027534,17,0.000000,0.000000,0.682549,0.900000,0.023026,-0.455502,0.682549,0.055693,0.754591,0.000000,0.900000,0.754591,129.003429,36.710994,81.988568,0.261131,0,453.29
20260607_204649,2623.343,1,Right,368,96.195652,0.000000,96.195652,0.000000,0.024571,0.011310,0.062948,19,0.000000,0.000000,0.477354,0.902488,0.024631,-0.477354,0.463048,0.164040,0.728121,0.000000,0.902488,0.728121,106.262768,28.557159,60.083478,0.299707,1,453.29
20260607_204649,2628.344,1,Left,373,96.246649,0.000000,96.246649,0.000000,0.012207,0.009861,0.027534,17,0.000000,0.000000,0.682549,0.900000,0.023026,-0.455502,0.682549,0.055693,0.754591,0.000000,0.900000,0.754591,129.003429,36.710994,81.988568,0.261131,0,455.16
20260607_204649,2628.344,1,Right,368,96.195652,0.000000,96.195652,0.000000,0.024571,0.011310,0.062948,19,0.000000,0.000000,0.477354,0.902488,0.024631,-0.477354,0.463048,0.164040,0.728121,0.000000,0.902488,0.728121,106.262768,28.557159,60.083478,0.299707,1,455.16
20260607_204649,2633.350,1,Left,373,96.246649,0.000000,96.246649,0.000000,0.012207,0.009861,0.027534,17,0.000000,0.000000,0.682549,0.900000,0.023026,-0.455502,0.682549,0.055693,0.754591,0.000000,0.900000,0.754591,129.003429,36.710994,81.988568,0.261131,0,461.47
20260607_204649,2633.350,1,Right,368,96.195652,0.000000,96.195652,0.000000,0.024571,0.011310,0.062948,19,0.000000,0.000000,0.477354,0.902488,0.024631,-0.477354,0.463048,0.164040,0.728121,0.000000,0.902488,0.728121,106.262768,28.557159,60.083478,0.299707,1,461.47
20260607_204649,2638.354,1,Left,373,96.246649,0.000000,96.246649,0.000000,0.012207,0.009861,0.027534,17,0.000000,0.000000,0.682549,0.900000,0.023026,-0.455502,0.682549,0.055693,0.754591,0.000000,0.900000,0.754591,129.003429,36.710994,81.988568,0.261131,0,437.45
20260607_204649,2638.354,1,Right,368,96.195652,0.000000,96.195652,0.000000,0.024571,0.011310,0.062948,19,0.000000,0.000000,0.477354,0.902488,0.024631,-0.477354,0.463048,0.164040,0.728121,0.000000,0.902488,0.728121,106.262768,28.557159,60.083478,0.299707,1,437.45
20260607_204649,2643.365,1,Left,373,96.246649,0.000000,96.246649,0.000000,0.012207,0.009861,0.027534,17,0.000000,0.000000,0.682549,0.900000,0.023026,-0.455502,0.682549,0.055693,0.754591,0.000000,0.900000,0.754591,129.003429,36.710994,81.988568,0.261131,0,432.54
20260607_204649,2643.365,1,Right,368,96.195652,0.000000,96.195652,0.000000,0.024571,0.011310,0.062948,19,0.000000,0.000000,0.477354,0.902488,0.024631,-0.477354,0.463048,0.164040,0.728121,0.000000,0.902488,0.728121,106.262768,28.557159,60.083478,0.299707,1,432.54
20260607_204649,2648.374,1,Left,373,96.246649,0.000000,96.246649,0.000000,0.012207,0.009861,0.027534,17,0.000000,0.000000,0.682549,0.900000,0.023026,-0.455502,0.682549,0.055693,0.754591,0.000000,0.900000,0.754591,129.003429,36.710994,81.988568,0.261131,0,447.44
20260607_204649,2648.374,1,Right,368,96.195652,0.000000,96.195652,0.000000,0.024571,0.011310,0.062948,19,0.000000,0.000000,0.477354,0.902488,0.024631,-0.477354,0.463048,0.164040,0.728121,0.000000,0.902488,0.728121,106.262768,28.557159,60.083478,0.299707,1,447.44
20260607_204649,2653.382,1,Left,373,96.246649,0.000000,96.246649,0.000000,0.012207,0.009861,0.027534,17,0.000000,0.000000,0.682549,0.900000,0.023026,-0.455502,0.682549,0.055693,0.754591,0.000000,0.900000,0.754591,129.003429,36.710994,81.988568,0.261131,0,452.31
20260607_204649,2653.382,1,Right,368,96.195652,0.000000,96.195652,0.000000,0.024571,0.011310,0.062948,19,0.000000,0.000000,0.477354,0.902488,0.024631,-0.477354,0.463048,0.164040,0.728121,0.000000,0.902488,0.728121,106.262768,28.557159,60.083478,0.299707,1,452.31
20260607_204649,2658.384,1,Left,373,96.246649,0.000000,96.246649,0.000000,0.012207,0.009861,0.027534,17,0.000000,0.000000,0.682549,0.900000,0.023026,-0.455502,0.682549,0.055693,0.754591,0.000000,0.900000,0.754591,129.003429,36.710994,81.988568,0.261131,0,467.38
20260607_204649,2658.384,1,Right,368,96.195652,0.000000,96.195652,0.000000,0.024571,0.011310,0.062948,19,0.000000,0.000000,0.477354,0.902488,0.024631,-0.477354,0.463048,0.164040,0.728121,0.000000,0.902488,0.728121,106.262768,28.557159,60.083478,0.299707,1,467.38
20260607_204649,2663.385,1,Left,373,96.246649,0.000000,96.246649,0.000000,0.012207,0.009861,0.027534,17,0.000000,0.000000,0.682549,0.900000,0.023026,-0.455502,0.682549,0.055693,0.754591,0.000000,0.900000,0.754591,129.003429,36.710994,81.988568,0.261131,0,460.96
20260607_204649,2663.385,1,Right,368,96.195652,0.000000,96.195652,0.000000,0.024571,0.011310,0.062948,19,0.000000,0.000000,0.477354,0.902488,0.024631,-0.477354,0.463048,0.164040,0.728121,0.000000,0.902488,0.728121,106.262768,28.557159,60.083478,0.299707,1,460.96
20260607_204649,2668.390,1,Left,373,96.246649,0.000000,96.246649,0.000000,0.012207,0.009861,0.027534,17,0.000000,0.000000,0.682549,0.900000,0.023026,-0.455502,0.682549,0.055693,0.754591,0.000000,0.900000,0.754591,129.003429,36.710994,81.988568,0.261131,0,445.87
20260607_204649,2668.390,1,Right,368,96.195652,0.000000,96.195652,0.000000,0.024571,0.011310,0.062948,19,0.000000,0.000000,0.477354,0.902488,0.024631,-0.477354,0.463048,0.164040,0.728121,0.000000,0.902488,0.728121,106.262768,28.557159,60.083478,0.299707,1,445.87
20260607_204649,2673.390,1,Left,373,96.246649,0.000000,96.246649,0.000000,0.012207,0.009861,0.027534,17,0.000000,0.000000,0.682549,0.900000,0.023026,-0.455502,0.682549,0.055693,0.754591,0.000000,0.900000,0.754591,129.003429,36.710994,81.988568,0.261131,0,461.12
20260607_204649,2673.390,1,Right,368,96.195652,0.000000,96.195652,0.000000,0.024571,0.011310,0.062948,19,0.000000,0.000000,0.477354,0.902488,0.024631,-0.477354,0.463048,0.164040,0.728121,0.000000,0.902488,0.728121,106.262768,28.557159,60.083478,0.299707,1,461.12
20260607_204649,2678.393,1,Left,373,96.246649,0.000000,96.246649,0.000000,0.012207,0.009861,0.027534,17,0.000000,0.000000,0.682549,0.900000,0.023026,-0.455502,0.682549,0.055693,0.754591,0.000000,0.900000,0.754591,129.003429,36.710994,81.988568,0.261131,0,463.20
20260607_204649,2678.393,1,Right,368,96.195652,0.000000,96.195652,0.000000,0.024571,0.011310,0.062948,19,0.000000,0.000000,0.477354,0.902488,0.024631,-0.477354,0.463048,0.164040,0.728121,0.000000,0.902488,0.728121,106.262768,28.557159,60.083478,0.299707,1,463.20
20260607_204649,2683.401,1,Left,373,96.246649,0.000000,96.246649,0.000000,0.012207,0.009861,0.027534,17,0.000000,0.000000,0.682549,0.900000,0.023026,-0.455502,0.682549,0.055693,0.754591,0.000000,0.900000,0.754591,129.003429,36.710994,81.988568,0.261131,0,469.27
20260607_204649,2683.401,1,Right,368,96.195652,0.000000,96.195652,0.000000,0.024571,0.011310,0.062948,19,0.000000,0.000000,0.477354,0.902488,0.024631,-0.477354,0.463048,0.164040,0.728121,0.000000,0.902488,0.728121,106.262768,28.557159,60.083478,0.299707,1,469.27
20260607_204649,2688.405,1,Left,373,96.246649,0.000000,96.246649,0.000000,0.012207,0.009861,0.027534,17,0.000000,0.000000,0.682549,0.900000,0.023026,-0.455502,0.682549,0.055693,0.754591,0.000000,0.900000,0.754591,129.003429,36.710994,81.988568,0.261131,0,462.90
20260607_204649,2688.405,1,Right,368,96.195652,0.000000,96.195652,0.000000,0.024571,0.011310,0.062948,19,0.000000,0.000000,0.477354,0.902488,0.024631,-0.477354,0.463048,0.164040,0.728121,0.000000,0.902488,0.728121,106.262768,28.557159,60.083478,0.299707,1,462.90
20260607_204649,2693.415,1,Left,373,96.246649,0.000000,96.246649,0.000000,0.012207,0.009861,0.027534,17,0.000000,0.000000,0.682549,0.900000,0.023026,-0.455502,0.682549,0.055693,0.754591,0.000000,0.900000,0.754591,129.003429,36.710994,81.988568,0.261131,0,460.86
20260607_204649,2693.415,1,Right,368,96.195652,0.000000,96.195652,0.000000,0.024571,0.011310,0.062948,19,0.000000,0.000000,0.477354,0.902488,0.024631,-0.477354,0.463048,0.164040,0.728121,0.000000,0.902488,0.728121,106.262768,28.557159,60.083478,0.299707,1,460.86
20260607_204649,2698.417,1,Left,373,96.246649,0.000000,96.246649,0.000000,0.012207,0.009861,0.027534,17,0.000000,0.000000,0.682549,0.900000,0.023026,-0.455502,0.682549,0.055693,0.754591,0.000000,0.900000,0.754591,129.003429,36.710994,81.988568,0.261131,0,436.63
20260607_204649,2698.417,1,Right,368,96.195652,0.000000,96.195652,0.000000,0.024571,0.011310,0.062948,19,0.000000,0.000000,0.477354,0.902488,0.024631,-0.477354,0.463048,0.164040,0.728121,0.000000,0.902488,0.728121,106.262768,28.557159,60.083478,0.299707,1,436.63
20260607_204649,2703.424,1,Left,373,96.246649,0.000000,96.246649,0.000000,0.012207,0.009861,0.027534,17,0.000000,0.000000,0.682549,0.900000,0.023026,-0.455502,0.682549,0.055693,0.754591,0.000000,0.900000,0.754591,129.003429,36.710994,81.988568,0.261131,0,465.16
20260607_204649,2703.424,1,Right,368,96.195652,0.000000,96.195652,0.000000,0.024571,0.011310,0.062948,19,0.000000,0.000000,0.477354,0.902488,0.024631,-0.477354,0.463048,0.164040,0.728121,0.000000,0.902488,0.728121,106.262768,28.557159,60.083478,0.299707,1,465.16
20260607_204649,2708.425,1,Left,373,96.246649,0.000000,96.246649,0.000000,0.012207,0.009861,0.027534,17,0.000000,0.000000,0.682549,0.900000,0.023026,-0.455502,0.682549,0.055693,0.754591,0.000000,0.900000,0.754591,129.003429,36.710994,81.988568,0.261131,0,467.18
20260607_204649,2708.425,1,Right,368,96.195652,0.000000,96.195652,0.000000,0.024571,0.011310,0.062948,19,0.000000,0.000000,0.477354,0.902488,0.024631,-0.477354,0.463048,0.164040,0.728121,0.000000,0.902488,0.728121,106.262768,28.557159,60.083478,0.299707,1,467.18
20260607_204649,2713.427,1,Left,373,96.246649,0.000000,96.246649,0.000000,0.012207,0.009861,0.027534,17,0.000000,0.000000,0.682549,0.900000,0.023026,-0.455502,0.682549,0.055693,0.754591,0.000000,0.900000,0.754591,129.003429,36.710994,81.988568,0.261131,0,455.41
20260607_204649,2713.427,1,Right,368,96.195652,0.000000,96.195652,0.000000,0.024571,0.011310,0.062948,19,0.000000,0.000000,0.477354,0.902488,0.024631,-0.477354,0.463048,0.164040,0.728121,0.000000,0.902488,0.728121,106.262768,28.557159,60.083478,0.299707,1,455.41
20260607_204649,2718.430,1,Left,373,96.246649,0.000000,96.246649,0.000000,0.012207,0.009861,0.027534,17,0.000000,0.000000,0.682549,0.900000,0.023026,-0.455502,0.682549,0.055693,0.754591,0.000000,0.900000,0.754591,129.003429,36.710994,81.988568,0.261131,0,430.23
20260607_204649,2718.430,1,Right,368,96.195652,0.000000,96.195652,0.000000,0.024571,0.011310,0.062948,19,0.000000,0.000000,0.477354,0.902488,0.024631,-0.477354,0.463048,0.164040,0.728121,0.000000,0.902488,0.728121,106.262768,28.557159,60.083478,0.299707,1,430.23
20260607_204649,2723.436,1,Left,373,96.246649,0.000000,96.246649,0.000000,0.012207,0.009861,0.027534,17,0.000000,0.000000,0.682549,0.900000,0.023026,-0.455502,0.682549,0.055693,0.754591,0.000000,0.900000,0.754591,129.003429,36.710994,81.988568,0.261131,0,462.49
20260607_204649,2723.436,1,Right,368,96.195652,0.000000,96.195652,0.000000,0.024571,0.011310,0.062948,19,0.000000,0.000000,0.477354,0.902488,0.024631,-0.477354,0.463048,0.164040,0.728121,0.000000,0.902488,0.728121,106.262768,28.557159,60.083478,0.299707,1,462.49
20260607_204649,2728.439,1,Left,373,96.246649,0.000000,96.246649,0.000000,0.012207,0.009861,0.027534,17,0.000000,0.000000,0.682549,0.900000,0.023026,-0.455502,0.682549,0.055693,0.754591,0.000000,0.900000,0.754591,129.003429,36.710994,81.988568,0.261131,0,442.53
20260607_204649,2728.439,1,Right,368,96.195652,0.000000,96.195652,0.000000,0.024571,0.011310,0.062948,19,0.000000,0.000000,0.477354,0.902488,0.024631,-0.477354,0.463048,0.164040,0.728121,0.000000,0.902488,0.728121,106.262768,28.557159,60.083478,0.299707,1,442.53
20260607_204649,2733.444,1,Left,373,96.246649,0.000000,96.246649,0.000000,0.012207,0.009861,0.027534,17,0.000000,0.000000,0.682549,0.900000,0.023026,-0.455502,0.682549,0.055693,0.754591,0.000000,0.900000,0.754591,129.003429,36.710994,81.988568,0.261131,0,463.97
20260607_204649,2733.444,1,Right,368,96.195652,0.000000,96.195652,0.000000,0.024571,0.011310,0.062948,19,0.000000,0.000000,0.477354,0.902488,0.024631,-0.477354,0.463048,0.164040,0.728121,0.000000,0.902488,0.728121,106.262768,28.557159,60.083478,0.299707,1,463.97
20260607_204649,2738.454,1,Left,373,96.246649,0.000000,96.246649,0.000000,0.012207,0.009861,0.027534,17,0.000000,0.000000,0.682549,0.900000,0.023026,-0.455502,0.682549,0.055693,0.754591,0.000000,0.900000,0.754591,129.003429,36.710994,81.988568,0.261131,0,454.32
20260607_204649,2738.454,1,Right,368,96.195652,0.000000,96.195652,0.000000,0.024571,0.011310,0.062948,19,0.000000,0.000000,0.477354,0.902488,0.024631,-0.477354,0.463048,0.164040,0.728121,0.000000,0.902488,0.728121,106.262768,28.557159,60.083478,0.299707,1,454.32
20260607_204649,2743.455,1,Left,373,96.246649,0.000000,96.246649,0.000000,0.012207,0.009861,0.027534,17,0.000000,0.000000,0.682549,0.900000,0.023026,-0.455502,0.682549,0.055693,0.754591,0.000000,0.900000,0.754591,129.003429,36.710994,81.988568,0.261131,0,440.53
20260607_204649,2743.455,1,Right,368,96.195652,0.000000,96.195652,0.000000,0.024571,0.011310,0.062948,19,0.000000,0.000000,0.477354,0.902488,0.024631,-0.477354,0.463048,0.164040,0.728121,0.000000,0.902488,0.728121,106.262768,28.557159,60.083478,0.299707,1,440.53
20260607_204649,2748.462,1,Left,373,96.246649,0.000000,96.246649,0.000000,0.012207,0.009861,0.027534,17,0.000000,0.000000,0.682549,0.900000,0.023026,-0.455502,0.682549,0.055693,0.754591,0.000000,0.900000,0.754591,129.003429,36.710994,81.988568,0.261131,0,464.33
20260607_204649,2748.462,1,Right,368,96.195652,0.000000,96.195652,0.000000,0.024571,0.011310,0.062948,19,0.000000,0.000000,0.477354,0.902488,0.024631,-0.477354,0.463048,0.164040,0.728121,0.000000,0.902488,0.728121,106.262768,28.557159,60.083478,0.299707,1,464.33
20260607_204649,2753.474,1,Left,373,96.246649,0.000000,96.246649,0.000000,0.012207,0.009861,0.027534,17,0.000000,0.000000,0.682549,0.900000,0.023026,-0.455502,0.682549,0.055693,0.754591,0.000000,0.900000,0.754591,129.003429,36.710994,81.988568,0.261131,0,464.28
20260607_204649,2753.474,1,Right,368,96.195652,0.000000,96.195652,0.000000,0.024571,0.011310,0.062948,19,0.000000,0.000000,0.477354,0.902488,0.024631,-0.477354,0.463048,0.164040,0.728121,0.000000,0.902488,0.728121,106.262768,28.557159,60.083478,0.299707,1,464.28
20260607_204649,2758.477,1,Left,373,96.246649,0.000000,96.246649,0.000000,0.012207,0.009861,0.027534,17,0.000000,0.000000,0.682549,0.900000,0.023026,-0.455502,0.682549,0.055693,0.754591,0.000000,0.900000,0.754591,129.003429,36.710994,81.988568,0.261131,0,460.66
20260607_204649,2758.477,1,Right,368,96.195652,0.000000,96.195652,0.000000,0.024571,0.011310,0.062948,19,0.000000,0.000000,0.477354,0.902488,0.024631,-0.477354,0.463048,0.164040,0.728121,0.000000,0.902488,0.728121,106.262768,28.557159,60.083478,0.299707,1,460.66
20260607_204649,2763.484,1,Left,373,96.246649,0.000000,96.246649,0.000000,0.012207,0.009861,0.027534,17,0.000000,0.000000,0.682549,0.900000,0.023026,-0.455502,0.682549,0.055693,0.754591,0.000000,0.900000,0.754591,129.003429,36.710994,81.988568,0.261131,0,449.21
20260607_204649,2763.484,1,Right,368,96.195652,0.000000,96.195652,0.000000,0.024571,0.011310,0.062948,19,0.000000,0.000000,0.477354,0.902488,0.024631,-0.477354,0.463048,0.164040,0.728121,0.000000,0.902488,0.728121,106.262768,28.557159,60.083478,0.299707,1,449.21
20260607_204649,2768.495,1,Left,373,96.246649,0.000000,96.246649,0.000000,0.012207,0.009861,0.027534,17,0.000000,0.000000,0.682549,0.900000,0.023026,-0.455502,0.682549,0.055693,0.754591,0.000000,0.900000,0.754591,129.003429,36.710994,81.988568,0.261131,0,464.13
20260607_204649,2768.495,1,Right,368,96.195652,0.000000,96.195652,0.000000,0.024571,0.011310,0.062948,19,0.000000,0.000000,0.477354,0.902488,0.024631,-0.477354,0.463048,0.164040,0.728121,0.000000,0.902488,0.728121,106.262768,28.557159,60.083478,0.299707,1,464.13
20260607_204649,2773.498,1,Left,373,96.246649,0.000000,96.246649,0.000000,0.012207,0.009861,0.027534,17,0.000000,0.000000,0.682549,0.900000,0.023026,-0.455502,0.682549,0.055693,0.754591,0.000000,0.900000,0.754591,129.003429,36.710994,81.988568,0.261131,0,449.79
20260607_204649,2773.498,1,Right,368,96.195652,0.000000,96.195652,0.000000,0.024571,0.011310,0.062948,19,0.000000,0.000000,0.477354,0.902488,0.024631,-0.477354,0.463048,0.164040,0.728121,0.000000,0.902488,0.728121,106.262768,28.557159,60.083478,0.299707,1,449.79
20260607_204649,2778.503,1,Left,373,96.246649,0.000000,96.246649,0.000000,0.012207,0.009861,0.027534,17,0.000000,0.000000,0.682549,0.900000,0.023026,-0.455502,0.682549,0.055693,0.754591,0.000000,0.900000,0.754591,129.003429,36.710994,81.988568,0.261131,0,418.68
20260607_204649,2778.503,1,Right,368,96.195652,0.000000,96.195652,0.000000,0.024571,0.011310,0.062948,19,0.000000,0.000000,0.477354,0.902488,0.024631,-0.477354,0.463048,0.164040,0.728121,0.000000,0.902488,0.728121,106.262768,28.557159,60.083478,0.299707,1,418.68
20260607_204649,2783.514,1,Left,373,96.246649,0.000000,96.246649,0.000000,0.012207,0.009861,0.027534,17,0.000000,0.000000,0.682549,0.900000,0.023026,-0.455502,0.682549,0.055693,0.754591,0.000000,0.900000,0.754591,129.003429,36.710994,81.988568,0.261131,0,463.56
20260607_204649,2783.514,1,Right,368,96.195652,0.000000,96.195652,0.000000,0.024571,0.011310,0.062948,19,0.000000,0.000000,0.477354,0.902488,0.024631,-0.477354,0.463048,0.164040,0.728121,0.000000,0.902488,0.728121,106.262768,28.557159,60.083478,0.299707,1,463.56
20260607_204649,2788.525,1,Left,373,96.246649,0.000000,96.246649,0.000000,0.012207,0.009861,0.027534,17,0.000000,0.000000,0.682549,0.900000,0.023026,-0.455502,0.682549,0.055693,0.754591,0.000000,0.900000,0.754591,129.003429,36.710994,81.988568,0.261131,0,452.61
20260607_204649,2788.525,1,Right,368,96.195652,0.000000,96.195652,0.000000,0.024571,0.011310,0.062948,19,0.000000,0.000000,0.477354,0.902488,0.024631,-0.477354,0.463048,0.164040,0.728121,0.000000,0.902488,0.728121,106.262768,28.557159,60.083478,0.299707,1,452.61
20260607_204649,2793.537,1,Left,373,96.246649,0.000000,96.246649,0.000000,0.012207,0.009861,0.027534,17,0.000000,0.000000,0.682549,0.900000,0.023026,-0.455502,0.682549,0.055693,0.754591,0.000000,0.900000,0.754591,129.003429,36.710994,81.988568,0.261131,0,451.39
20260607_204649,2793.537,1,Right,368,96.195652,0.000000,96.195652,0.000000,0.024571,0.011310,0.062948,19,0.000000,0.000000,0.477354,0.902488,0.024631,-0.477354,0.463048,0.164040,0.728121,0.000000,0.902488,0.728121,106.262768,28.557159,60.083478,0.299707,1,451.39
20260607_204649,2798.544,1,Left,373,96.246649,0.000000,96.246649,0.000000,0.012207,0.009861,0.027534,17,0.000000,0.000000,0.682549,0.900000,0.023026,-0.455502,0.682549,0.055693,0.754591,0.000000,0.900000,0.754591,129.003429,36.710994,81.988568,0.261131,0,471.11
20260607_204649,2798.544,1,Right,368,96.195652,0.000000,96.195652,0.000000,0.024571,0.011310,0.062948,19,0.000000,0.000000,0.477354,0.902488,0.024631,-0.477354,0.463048,0.164040,0.728121,0.000000,0.902488,0.728121,106.262768,28.557159,60.083478,0.299707,1,471.11
20260607_204649,2803.546,1,Left,373,96.246649,0.000000,96.246649,0.000000,0.012207,0.009861,0.027534,17,0.000000,0.000000,0.682549,0.900000,0.023026,-0.455502,0.682549,0.055693,0.754591,0.000000,0.900000,0.754591,129.003429,36.710994,81.988568,0.261131,0,452.56
20260607_204649,2803.546,1,Right,368,96.195652,0.000000,96.195652,0.000000,0.024571,0.011310,0.062948,19,0.000000,0.000000,0.477354,0.902488,0.024631,-0.477354,0.463048,0.164040,0.728121,0.000000,0.902488,0.728121,106.262768,28.557159,60.083478,0.299707,1,452.56
20260607_204649,2808.553,1,Left,373,96.246649,0.000000,96.246649,0.000000,0.012207,0.009861,0.027534,17,0.000000,0.000000,0.682549,0.900000,0.023026,-0.455502,0.682549,0.055693,0.754591,0.000000,0.900000,0.754591,129.003429,36.710994,81.988568,0.261131,0,457.05
20260607_204649,2808.553,1,Right,368,96.195652,0.000000,96.195652,0.000000,0.024571,0.011310,0.062948,19,0.000000,0.000000,0.477354,0.902488,0.024631,-0.477354,0.463048,0.164040,0.728121,0.000000,0.902488,0.728121,106.262768,28.557159,60.083478,0.299707,1,457.05
20260607_204649,2813.555,1,Left,373,96.246649,0.000000,96.246649,0.000000,0.012207,0.009861,0.027534,17,0.000000,0.000000,0.682549,0.900000,0.023026,-0.455502,0.682549,0.055693,0.754591,0.000000,0.900000,0.754591,129.003429,36.710994,81.988568,0.261131,0,449.21
20260607_204649,2813.555,1,Right,368,96.195652,0.000000,96.195652,0.000000,0.024571,0.011310,0.062948,19,0.000000,0.000000,0.477354,0.902488,0.024631,-0.477354,0.463048,0.164040,0.728121,0.000000,0.902488,0.728121,106.262768,28.557159,60.083478,0.299707,1,449.21
20260607_204649,2818.563,1,Left,373,96.246649,0.000000,96.246649,0.000000,0.012207,0.009861,0.027534,17,0.000000,0.000000,0.682549,0.900000,0.023026,-0.455502,0.682549,0.055693,0.754591,0.000000,0.900000,0.754591,129.003429,36.710994,81.988568,0.261131,0,467.85
20260607_204649,2818.563,1,Right,368,96.195652,0.000000,96.195652,0.000000,0.024571,0.011310,0.062948,19,0.000000,0.000000,0.477354,0.902488,0.024631,-0.477354,0.463048,0.164040,0.728121,0.000000,0.902488,0.728121,106.262768,28.557159,60.083478,0.299707,1,467.85
20260607_204649,2823.566,1,Left,373,96.246649,0.000000,96.246649,0.000000,0.012207,0.009861,0.027534,17,0.000000,0.000000,0.682549,0.900000,0.023026,-0.455502,0.682549,0.055693,0.754591,0.000000,0.900000,0.754591,129.003429,36.710994,81.988568,0.261131,0,457.19
20260607_204649,2823.566,1,Right,368,96.195652,0.000000,96.195652,0.000000,0.024571,0.011310,0.062948,19,0.000000,0.000000,0.477354,0.902488,0.024631,-0.477354,0.463048,0.164040,0.728121,0.000000,0.902488,0.728121,106.262768,28.557159,60.083478,0.299707,1,457.19
20260607_204649,2828.578,1,Left,373,96.246649,0.000000,96.246649,0.000000,0.012207,0.009861,0.027534,17,0.000000,0.000000,0.682549,0.900000,0.023026,-0.455502,0.682549,0.055693,0.754591,0.000000,0.900000,0.754591,129.003429,36.710994,81.988568,0.261131,0,444.17
20260607_204649,2828.578,1,Right,368,96.195652,0.000000,96.195652,0.000000,0.024571,0.011310,0.062948,19,0.000000,0.000000,0.477354,0.902488,0.024631,-0.477354,0.463048,0.164040,0.728121,0.000000,0.902488,0.728121,106.262768,28.557159,60.083478,0.299707,1,444.17
20260607_204649,2833.587,1,Left,373,96.246649,0.000000,96.246649,0.000000,0.012207,0.009861,0.027534,17,0.000000,0.000000,0.682549,0.900000,0.023026,-0.455502,0.682549,0.055693,0.754591,0.000000,0.900000,0.754591,129.003429,36.710994,81.988568,0.261131,0,473.93
20260607_204649,2833.587,1,Right,368,96.195652,0.000000,96.195652,0.000000,0.024571,0.011310,0.062948,19,0.000000,0.000000,0.477354,0.902488,0.024631,-0.477354,0.463048,0.164040,0.728121,0.000000,0.902488,0.728121,106.262768,28.557159,60.083478,0.299707,1,473.93
20260607_204649,2838.588,1,Left,373,96.246649,0.000000,96.246649,0.000000,0.012207,0.009861,0.027534,17,0.000000,0.000000,0.682549,0.900000,0.023026,-0.455502,0.682549,0.055693,0.754591,0.000000,0.900000,0.754591,129.003429,36.710994,81.988568,0.261131,0,456.90
20260607_204649,2838.588,1,Right,368,96.195652,0.000000,96.195652,0.000000,0.024571,0.011310,0.062948,19,0.000000,0.000000,0.477354,0.902488,0.024631,-0.477354,0.463048,0.164040,0.728121,0.000000,0.902488,0.728121,106.262768,28.557159,60.083478,0.299707,1,456.90
20260607_204649,2843.600,1,Left,373,96.246649,0.000000,96.246649,0.000000,0.012207,0.009861,0.027534,17,0.000000,0.000000,0.682549,0.900000,0.023026,-0.455502,0.682549,0.055693,0.754591,0.000000,0.900000,0.754591,129.003429,36.710994,81.988568,0.261131,0,467.07
20260607_204649,2843.600,1,Right,368,96.195652,0.000000,96.195652,0.000000,0.024571,0.011310,0.062948,19,0.000000,0.000000,0.477354,0.902488,0.024631,-0.477354,0.463048,0.164040,0.728121,0.000000,0.902488,0.728121,106.262768,28.557159,60.083478,0.299707,1,467.07
20260607_204649,2848.611,1,Left,373,96.246649,0.000000,96.246649,0.000000,0.012207,0.009861,0.027534,17,0.000000,0.000000,0.682549,0.900000,0.023026,-0.455502,0.682549,0.055693,0.754591,0.000000,0.900000,0.754591,129.003429,36.710994,81.988568,0.261131,0,466.14
20260607_204649,2848.611,1,Right,368,96.195652,0.000000,96.195652,0.000000,0.024571,0.011310,0.062948,19,0.000000,0.000000,0.477354,0.902488,0.024631,-0.477354,0.463048,0.164040,0.728121,0.000000,0.902488,0.728121,106.262768,28.557159,60.083478,0.299707,1,466.14
20260607_204649,2853.613,1,Left,373,96.246649,0.000000,96.246649,0.000000,0.012207,0.009861,0.027534,17,0.000000,0.000000,0.682549,0.900000,0.023026,-0.455502,0.682549,0.055693,0.754591,0.000000,0.900000,0.754591,129.003429,36.710994,81.988568,0.261131,0,421.33
20260607_204649,2853.613,1,Right,368,96.195652,0.000000,96.195652,0.000000,0.024571,0.011310,0.062948,19,0.000000,0.000000,0.477354,0.902488,0.024631,-0.477354,0.463048,0.164040,0.728121,0.000000,0.902488,0.728121,106.262768,28.557159,60.083478,0.299707,1,421.33
20260607_204649,2858.617,1,Left,373,96.246649,0.000000,96.246649,0.000000,0.012207,0.009861,0.027534,17,0.000000,0.000000,0.682549,0.900000,0.023026,-0.455502,0.682549,0.055693,0.754591,0.000000,0.900000,0.754591,129.003429,36.710994,81.988568,0.261131,0,450.37
20260607_204649,2858.617,1,Right,368,96.195652,0.000000,96.195652,0.000000,0.024571,0.011310,0.062948,19,0.000000,0.000000,0.477354,0.902488,0.024631,-0.477354,0.463048,0.164040,0.728121,0.000000,0.902488,0.728121,106.262768,28.557159,60.083478,0.299707,1,450.37
20260607_204649,2863.623,1,Left,373,96.246649,0.000000,96.246649,0.000000,0.012207,0.009861,0.027534,17,0.000000,0.000000,0.682549,0.900000,0.023026,-0.455502,0.682549,0.055693,0.754591,0.000000,0.900000,0.754591,129.003429,36.710994,81.988568,0.261131,0,470.00
20260607_204649,2863.623,1,Right,368,96.195652,0.000000,96.195652,0.000000,0.024571,0.011310,0.062948,19,0.000000,0.000000,0.477354,0.902488,0.024631,-0.477354,0.463048,0.164040,0.728121,0.000000,0.902488,0.728121,106.262768,28.557159,60.083478,0.299707,1,470.00
20260607_204649,2868.625,1,Left,373,96.246649,0.000000,96.246649,0.000000,0.012207,0.009861,0.027534,17,0.000000,0.000000,0.682549,0.900000,0.023026,-0.455502,0.682549,0.055693,0.754591,0.000000,0.900000,0.754591,129.003429,36.710994,81.988568,0.261131,0,445.16
20260607_204649,2868.625,1,Right,368,96.195652,0.000000,96.195652,0.000000,0.024571,0.011310,0.062948,19,0.000000,0.000000,0.477354,0.902488,0.024631,-0.477354,0.463048,0.164040,0.728121,0.000000,0.902488,0.728121,106.262768,28.557159,60.083478,0.299707,1,445.16
20260607_204649,2873.628,1,Left,373,96.246649,0.000000,96.246649,0.000000,0.012207,0.009861,0.027534,17,0.000000,0.000000,0.682549,0.900000,0.023026,-0.455502,0.682549,0.055693,0.754591,0.000000,0.900000,0.754591,129.003429,36.710994,81.988568,0.261131,0,447.30
20260607_204649,2873.628,1,Right,368,96.195652,0.000000,96.195652,0.000000,0.024571,0.011310,0.062948,19,0.000000,0.000000,0.477354,0.902488,0.024631,-0.477354,0.463048,0.164040,0.728121,0.000000,0.902488,0.728121,106.262768,28.557159,60.083478,0.299707,1,447.30
20260607_204649,2878.639,1,Left,373,96.246649,0.000000,96.246649,0.000000,0.012207,0.009861,0.027534,17,0.000000,0.000000,0.682549,0.900000,0.023026,-0.455502,0.682549,0.055693,0.754591,0.000000,0.900000,0.754591,129.003429,36.710994,81.988568,0.261131,0,462.85
20260607_204649,2878.639,1,Right,368,96.195652,0.000000,96.195652,0.000000,0.024571,0.011310,0.062948,19,0.000000,0.000000,0.477354,0.902488,0.024631,-0.477354,0.463048,0.164040,0.728121,0.000000,0.902488,0.728121,106.262768,28.557159,60.083478,0.299707,1,462.85
20260607_204649,2883.640,1,Left,373,96.246649,0.000000,96.246649,0.000000,0.012207,0.009861,0.027534,17,0.000000,0.000000,0.682549,0.900000,0.023026,-0.455502,0.682549,0.055693,0.754591,0.000000,0.900000,0.754591,129.003429,36.710994,81.988568,0.261131,0,454.52
20260607_204649,2883.640,1,Right,368,96.195652,0.000000,96.195652,0.000000,0.024571,0.011310,0.062948,19,0.000000,0.000000,0.477354,0.902488,0.024631,-0.477354,0.463048,0.164040,0.728121,0.000000,0.902488,0.728121,106.262768,28.557159,60.083478,0.299707,1,454.52
20260607_204649,2888.642,1,Left,373,96.246649,0.000000,96.246649,0.000000,0.012207,0.009861,0.027534,17,0.000000,0.000000,0.682549,0.900000,0.023026,-0.455502,0.682549,0.055693,0.754591,0.000000,0.900000,0.754591,129.003429,36.710994,81.988568,0.261131,0,461.62
20260607_204649,2888.642,1,Right,368,96.195652,0.000000,96.195652,0.000000,0.024571,0.011310,0.062948,19,0.000000,0.000000,0.477354,0.902488,0.024631,-0.477354,0.463048,0.164040,0.728121,0.000000,0.902488,0.728121,106.262768,28.557159,60.083478,0.299707,1,461.62
20260607_204649,2893.653,1,Left,373,96.246649,0.000000,96.246649,0.000000,0.012207,0.009861,0.027534,17,0.000000,0.000000,0.682549,0.900000,0.023026,-0.455502,0.682549,0.055693,0.754591,0.000000,0.900000,0.754591,129.003429,36.710994,81.988568,0.261131,0,472.70
20260607_204649,2893.653,1,Right,368,96.195652,0.000000,96.195652,0.000000,0.024571,0.011310,0.062948,19,0.000000,0.000000,0.477354,0.902488,0.024631,-0.477354,0.463048,0.164040,0.728121,0.000000,0.902488,0.728121,106.262768,28.557159,60.083478,0.299707,1,472.70
20260607_204649,2898.663,1,Left,373,96.246649,0.000000,96.246649,0.000000,0.012207,0.009861,0.027534,17,0.000000,0.000000,0.682549,0.900000,0.023026,-0.455502,0.682549,0.055693,0.754591,0.000000,0.900000,0.754591,129.003429,36.710994,81.988568,0.261131,0,438.23
20260607_204649,2898.663,1,Right,368,96.195652,0.000000,96.195652,0.000000,0.024571,0.011310,0.062948,19,0.000000,0.000000,0.477354,0.902488,0.024631,-0.477354,0.463048,0.164040,0.728121,0.000000,0.902488,0.728121,106.262768,28.557159,60.083478,0.299707,1,438.23
20260607_204649,2903.667,1,Left,373,96.246649,0.000000,96.246649,0.000000,0.012207,0.009861,0.027534,17,0.000000,0.000000,0.682549,0.900000,0.023026,-0.455502,0.682549,0.055693,0.754591,0.000000,0.900000,0.754591,129.003429,36.710994,81.988568,0.261131,0,456.45
20260607_204649,2903.667,1,Right,368,96.195652,0.000000,96.195652,0.000000,0.024571,0.011310,0.062948,19,0.000000,0.000000,0.477354,0.902488,0.024631,-0.477354,0.463048,0.164040,0.728121,0.000000,0.902488,0.728121,106.262768,28.557159,60.083478,0.299707,1,456.45
20260607_204649,2908.668,1,Left,373,96.246649,0.000000,96.246649,0.000000,0.012207,0.009861,0.027534,17,0.000000,0.000000,0.682549,0.900000,0.023026,-0.455502,0.682549,0.055693,0.754591,0.000000,0.900000,0.754591,129.003429,36.710994,81.988568,0.261131,0,452.95
20260607_204649,2908.668,1,Right,368,96.195652,0.000000,96.195652,0.000000,0.024571,0.011310,0.062948,19,0.000000,0.000000,0.477354,0.902488,0.024631,-0.477354,0.463048,0.164040,0.728121,0.000000,0.902488,0.728121,106.262768,28.557159,60.083478,0.299707,1,452.95
20260607_204649,2913.680,1,Left,373,96.246649,0.000000,96.246649,0.000000,0.012207,0.009861,0.027534,17,0.000000,0.000000,0.682549,0.900000,0.023026,-0.455502,0.682549,0.055693,0.754591,0.000000,0.900000,0.754591,129.003429,36.710994,81.988568,0.261131,0,468.85
20260607_204649,2913.680,1,Right,368,96.195652,0.000000,96.195652,0.000000,0.024571,0.011310,0.062948,19,0.000000,0.000000,0.477354,0.902488,0.024631,-0.477354,0.463048,0.164040,0.728121,0.000000,0.902488,0.728121,106.262768,28.557159,60.083478,0.299707,1,468.85
20260607_204649,2918.688,1,Left,373,96.246649,0.000000,96.246649,0.000000,0.012207,0.009861,0.027534,17,0.000000,0.000000,0.682549,0.900000,0.023026,-0.455502,0.682549,0.055693,0.754591,0.000000,0.900000,0.754591,129.003429,36.710994,81.988568,0.261131,0,452.22
20260607_204649,2918.688,1,Right,368,96.195652,0.000000,96.195652,0.000000,0.024571,0.011310,0.062948,19,0.000000,0.000000,0.477354,0.902488,0.024631,-0.477354,0.463048,0.164040,0.728121,0.000000,0.902488,0.728121,106.262768,28.557159,60.083478,0.299707,1,452.22
20260607_204649,2923.700,1,Left,373,96.246649,0.000000,96.246649,0.000000,0.012207,0.009861,0.027534,17,0.000000,0.000000,0.682549,0.900000,0.023026,-0.455502,0.682549,0.055693,0.754591,0.000000,0.900000,0.754591,129.003429,36.710994,81.988568,0.261131,0,452.26
20260607_204649,2923.700,1,Right,368,96.195652,0.000000,96.195652,0.000000,0.024571,0.011310,0.062948,19,0.000000,0.000000,0.477354,0.902488,0.024631,-0.477354,0.463048,0.164040,0.728121,0.000000,0.902488,0.728121,106.262768,28.557159,60.083478,0.299707,1,452.26
20260607_204649,2928.708,1,Left,373,96.246649,0.000000,96.246649,0.000000,0.012207,0.009861,0.027534,17,0.000000,0.000000,0.682549,0.900000,0.023026,-0.455502,0.682549,0.055693,0.754591,0.000000,0.900000,0.754591,129.003429,36.710994,81.988568,0.261131,0,456.80
20260607_204649,2928.708,1,Right,368,96.195652,0.000000,96.195652,0.000000,0.024571,0.011310,0.062948,19,0.000000,0.000000,0.477354,0.902488,0.024631,-0.477354,0.463048,0.164040,0.728121,0.000000,0.902488,0.728121,106.262768,28.557159,60.083478,0.299707,1,456.80
20260607_204649,2933.711,1,Left,373,96.246649,0.000000,96.246649,0.000000,0.012207,0.009861,0.027534,17,0.000000,0.000000,0.682549,0.900000,0.023026,-0.455502,0.682549,0.055693,0.754591,0.000000,0.900000,0.754591,129.003429,36.710994,81.988568,0.261131,0,450.23
20260607_204649,2933.711,1,Right,368,96.195652,0.000000,96.195652,0.000000,0.024571,0.011310,0.062948,19,0.000000,0.000000,0.477354,0.902488,0.024631,-0.477354,0.463048,0.164040,0.728121,0.000000,0.902488,0.728121,106.262768,28.557159,60.083478,0.299707,1,450.23
20260607_204649,2938.721,1,Left,373,96.246649,0.000000,96.246649,0.000000,0.012207,0.009861,0.027534,17,0.000000,0.000000,0.682549,0.900000,0.023026,-0.455502,0.682549,0.055693,0.754591,0.000000,0.900000,0.754591,129.003429,36.710994,81.988568,0.261131,0,451.73
20260607_204649,2938.721,1,Right,368,96.195652,0.000000,96.195652,0.000000,0.024571,0.011310,0.062948,19,0.000000,0.000000,0.477354,0.902488,0.024631,-0.477354,0.463048,0.164040,0.728121,0.000000,0.902488,0.728121,106.262768,28.557159,60.083478,0.299707,1,451.73
20260607_204649,2943.723,1,Left,373,96.246649,0.000000,96.246649,0.000000,0.012207,0.009861,0.027534,17,0.000000,0.000000,0.682549,0.900000,0.023026,-0.455502,0.682549,0.055693,0.754591,0.000000,0.900000,0.754591,129.003429,36.710994,81.988568,0.261131,0,438.78
20260607_204649,2943.723,1,Right,368,96.195652,0.000000,96.195652,0.000000,0.024571,0.011310,0.062948,19,0.000000,0.000000,0.477354,0.902488,0.024631,-0.477354,0.463048,0.164040,0.728121,0.000000,0.902488,0.728121,106.262768,28.557159,60.083478,0.299707,1,438.78
20260607_204649,2948.727,1,Left,373,96.246649,0.000000,96.246649,0.000000,0.012207,0.009861,0.027534,17,0.000000,0.000000,0.682549,0.900000,0.023026,-0.455502,0.682549,0.055693,0.754591,0.000000,0.900000,0.754591,129.003429,36.710994,81.988568,0.261131,0,454.96
20260607_204649,2948.727,1,Right,368,96.195652,0.000000,96.195652,0.000000,0.024571,0.011310,0.062948,19,0.000000,0.000000,0.477354,0.902488,0.024631,-0.477354,0.463048,0.164040,0.728121,0.000000,0.902488,0.728121,106.262768,28.557159,60.083478,0.299707,1,454.96
20260607_204649,2953.738,1,Left,373,96.246649,0.000000,96.246649,0.000000,0.012207,0.009861,0.027534,17,0.000000,0.000000,0.682549,0.900000,0.023026,-0.455502,0.682549,0.055693,0.754591,0.000000,0.900000,0.754591,129.003429,36.710994,81.988568,0.261131,0,456.45
20260607_204649,2953.738,1,Right,368,96.195652,0.000000,96.195652,0.000000,0.024571,0.011310,0.062948,19,0.000000,0.000000,0.477354,0.902488,0.024631,-0.477354,0.463048,0.164040,0.728121,0.000000,0.902488,0.728121,106.262768,28.557159,60.083478,0.299707,1,456.45
20260607_204649,2958.750,1,Left,373,96.246649,0.000000,96.246649,0.000000,0.012207,0.009861,0.027534,17,0.000000,0.000000,0.682549,0.900000,0.023026,-0.455502,0.682549,0.055693,0.754591,0.000000,0.900000,0.754591,129.003429,36.710994,81.988568,0.261131,0,451.88
20260607_204649,2958.750,1,Right,368,96.195652,0.000000,96.195652,0.000000,0.024571,0.011310,0.062948,19,0.000000,0.000000,0.477354,0.902488,0.024631,-0.477354,0.463048,0.164040,0.728121,0.000000,0.902488,0.728121,106.262768,28.557159,60.083478,0.299707,1,451.88
20260607_204649,2963.751,1,Left,373,96.246649,0.000000,96.246649,0.000000,0.012207,0.009861,0.027534,17,0.000000,0.000000,0.682549,0.900000,0.023026,-0.455502,0.682549,0.055693,0.754591,0.000000,0.900000,0.754591,129.003429,36.710994,81.988568,0.261131,0,449.69
20260607_204649,2963.751,1,Right,368,96.195652,0.000000,96.195652,0.000000,0.024571,0.011310,0.062948,19,0.000000,0.000000,0.477354,0.902488,0.024631,-0.477354,0.463048,0.164040,0.728121,0.000000,0.902488,0.728121,106.262768,28.557159,60.083478,0.299707,1,449.69
20260607_204649,2968.763,1,Left,373,96.246649,0.000000,96.246649,0.000000,0.012207,0.009861,0.027534,17,0.000000,0.000000,0.682549,0.900000,0.023026,-0.455502,0.682549,0.055693,0.754591,0.000000,0.900000,0.754591,129.003429,36.710994,81.988568,0.261131,0,455.56
20260607_204649,2968.763,1,Right,368,96.195652,0.000000,96.195652,0.000000,0.024571,0.011310,0.062948,19,0.000000,0.000000,0.477354,0.902488,0.024631,-0.477354,0.463048,0.164040,0.728121,0.000000,0.902488,0.728121,106.262768,28.557159,60.083478,0.299707,1,455.56
20260607_204649,2973.763,1,Left,373,96.246649,0.000000,96.246649,0.000000,0.012207,0.009861,0.027534,17,0.000000,0.000000,0.682549,0.900000,0.023026,-0.455502,0.682549,0.055693,0.754591,0.000000,0.900000,0.754591,129.003429,36.710994,81.988568,0.261131,0,469.48
20260607_204649,2973.763,1,Right,368,96.195652,0.000000,96.195652,0.000000,0.024571,0.011310,0.062948,19,0.000000,0.000000,0.477354,0.902488,0.024631,-0.477354,0.463048,0.164040,0.728121,0.000000,0.902488,0.728121,106.262768,28.557159,60.083478,0.299707,1,469.48
20260607_204649,2978.774,1,Left,373,96.246649,0.000000,96.246649,0.000000,0.012207,0.009861,0.027534,17,0.000000,0.000000,0.682549,0.900000,0.023026,-0.455502,0.682549,0.055693,0.754591,0.000000,0.900000,0.754591,129.003429,36.710994,81.988568,0.261131,0,461.57
20260607_204649,2978.774,1,Right,368,96.195652,0.000000,96.195652,0.000000,0.024571,0.011310,0.062948,19,0.000000,0.000000,0.477354,0.902488,0.024631,-0.477354,0.463048,0.164040,0.728121,0.000000,0.902488,0.728121,106.262768,28.557159,60.083478,0.299707,1,461.57
20260607_204649,2983.779,1,Left,373,96.246649,0.000000,96.246649,0.000000,0.012207,0.009861,0.027534,17,0.000000,0.000000,0.682549,0.900000,0.023026,-0.455502,0.682549,0.055693,0.754591,0.000000,0.900000,0.754591,129.003429,36.710994,81.988568,0.261131,0,453.05
20260607_204649,2983.779,1,Right,368,96.195652,0.000000,96.195652,0.000000,0.024571,0.011310,0.062948,19,0.000000,0.000000,0.477354,0.902488,0.024631,-0.477354,0.463048,0.164040,0.728121,0.000000,0.902488,0.728121,106.262768,28.557159,60.083478,0.299707,1,453.05
20260607_204649,2988.781,1,Left,373,96.246649,0.000000,96.246649,0.000000,0.012207,0.009861,0.027534,17,0.000000,0.000000,0.682549,0.900000,0.023026,-0.455502,0.682549,0.055693,0.754591,0.000000,0.900000,0.754591,129.003429,36.710994,81.988568,0.261131,0,440.16
20260607_204649,2988.781,1,Right,368,96.195652,0.000000,96.195652,0.000000,0.024571,0.011310,0.062948,19,0.000000,0.000000,0.477354,0.902488,0.024631,-0.477354,0.463048,0.164040,0.728121,0.000000,0.902488,0.728121,106.262768,28.557159,60.083478,0.299707,1,440.16
20260607_204649,2993.787,1,Left,373,96.246649,0.000000,96.246649,0.000000,0.012207,0.009861,0.027534,17,0.000000,0.000000,0.682549,0.900000,0.023026,-0.455502,0.682549,0.055693,0.754591,0.000000,0.900000,0.754591,129.003429,36.710994,81.988568,0.261131,0,444.64
20260607_204649,2993.787,1,Right,368,96.195652,0.000000,96.195652,0.000000,0.024571,0.011310,0.062948,19,0.000000,0.000000,0.477354,0.902488,0.024631,-0.477354,0.463048,0.164040,0.728121,0.000000,0.902488,0.728121,106.262768,28.557159,60.083478,0.299707,1,444.64
20260607_204649,2998.788,1,Left,373,96.246649,0.000000,96.246649,0.000000,0.012207,0.009861,0.027534,17,0.000000,0.000000,0.682549,0.900000,0.023026,-0.455502,0.682549,0.055693,0.754591,0.000000,0.900000,0.754591,129.003429,36.710994,81.988568,0.261131,0,451.88
20260607_204649,2998.788,1,Right,368,96.195652,0.000000,96.195652,0.000000,0.024571,0.011310,0.062948,19,0.000000,0.000000,0.477354,0.902488,0.024631,-0.477354,0.463048,0.164040,0.728121,0.000000,0.902488,0.728121,106.262768,28.557159,60.083478,0.299707,1,451.88
20260607_204649,3003.788,1,Left,373,96.246649,0.000000,96.246649,0.000000,0.012207,0.009861,0.027534,17,0.000000,0.000000,0.682549,0.900000,0.023026,-0.455502,0.682549,0.055693,0.754591,0.000000,0.900000,0.754591,129.003429,36.710994,81.988568,0.261131,0,457.84
20260607_204649,3003.788,1,Right,368,96.195652,0.000000,96.195652,0.000000,0.024571,0.011310,0.062948,19,0.000000,0.000000,0.477354,0.902488,0.024631,-0.477354,0.463048,0.164040,0.728121,0.000000,0.902488,0.728121,106.262768,28.557159,60.083478,0.299707,1,457.84
20260607_204649,3008.798,1,Left,373,96.246649,0.000000,96.246649,0.000000,0.012207,0.009861,0.027534,17,0.000000,0.000000,0.682549,0.900000,0.023026,-0.455502,0.682549,0.055693,0.754591,0.000000,0.900000,0.754591,129.003429,36.710994,81.988568,0.261131,0,465.88
20260607_204649,3008.798,1,Right,368,96.195652,0.000000,96.195652,0.000000,0.024571,0.011310,0.062948,19,0.000000,0.000000,0.477354,0.902488,0.024631,-0.477354,0.463048,0.164040,0.728121,0.000000,0.902488,0.728121,106.262768,28.557159,60.083478,0.299707,1,465.88
20260607_204649,3013.799,1,Left,373,96.246649,0.000000,96.246649,0.000000,0.012207,0.009861,0.027534,17,0.000000,0.000000,0.682549,0.900000,0.023026,-0.455502,0.682549,0.055693,0.754591,0.000000,0.900000,0.754591,129.003429,36.710994,81.988568,0.261131,0,457.24
20260607_204649,3013.799,1,Right,368,96.195652,0.000000,96.195652,0.000000,0.024571,0.011310,0.062948,19,0.000000,0.000000,0.477354,0.902488,0.024631,-0.477354,0.463048,0.164040,0.728121,0.000000,0.902488,0.728121,106.262768,28.557159,60.083478,0.299707,1,457.24
20260607_204649,3018.808,1,Left,373,96.246649,0.000000,96.246649,0.000000,0.012207,0.009861,0.027534,17,0.000000,0.000000,0.682549,0.900000,0.023026,-0.455502,0.682549,0.055693,0.754591,0.000000,0.900000,0.754591,129.003429,36.710994,81.988568,0.261131,0,468.11
20260607_204649,3018.808,1,Right,368,96.195652,0.000000,96.195652,0.000000,0.024571,0.011310,0.062948,19,0.000000,0.000000,0.477354,0.902488,0.024631,-0.477354,0.463048,0.164040,0.728121,0.000000,0.902488,0.728121,106.262768,28.557159,60.083478,0.299707,1,468.11
20260607_204649,3023.811,1,Left,373,96.246649,0.000000,96.246649,0.000000,0.012207,0.009861,0.027534,17,0.000000,0.000000,0.682549,0.900000,0.023026,-0.455502,0.682549,0.055693,0.754591,0.000000,0.900000,0.754591,129.003429,36.710994,81.988568,0.261131,0,460.46
20260607_204649,3023.811,1,Right,368,96.195652,0.000000,96.195652,0.000000,0.024571,0.011310,0.062948,19,0.000000,0.000000,0.477354,0.902488,0.024631,-0.477354,0.463048,0.164040,0.728121,0.000000,0.902488,0.728121,106.262768,28.557159,60.083478,0.299707,1,460.46
20260607_204649,3028.821,1,Left,373,96.246649,0.000000,96.246649,0.000000,0.012207,0.009861,0.027534,17,0.000000,0.000000,0.682549,0.900000,0.023026,-0.455502,0.682549,0.055693,0.754591,0.000000,0.900000,0.754591,129.003429,36.710994,81.988568,0.261131,0,469.32
20260607_204649,3028.821,1,Right,368,96.195652,0.000000,96.195652,0.000000,0.024571,0.011310,0.062948,19,0.000000,0.000000,0.477354,0.902488,0.024631,-0.477354,0.463048,0.164040,0.728121,0.000000,0.902488,0.728121,106.262768,28.557159,60.083478,0.299707,1,469.32
20260607_204649,3033.829,1,Left,373,96.246649,0.000000,96.246649,0.000000,0.012207,0.009861,0.027534,17,0.000000,0.000000,0.682549,0.900000,0.023026,-0.455502,0.682549,0.055693,0.754591,0.000000,0.900000,0.754591,129.003429,36.710994,81.988568,0.261131,0,419.01
20260607_204649,3033.829,1,Right,368,96.195652,0.000000,96.195652,0.000000,0.024571,0.011310,0.062948,19,0.000000,0.000000,0.477354,0.902488,0.024631,-0.477354,0.463048,0.164040,0.728121,0.000000,0.902488,0.728121,106.262768,28.557159,60.083478,0.299707,1,419.01
20260607_204649,3038.833,1,Left,373,96.246649,0.000000,96.246649,0.000000,0.012207,0.009861,0.027534,17,0.000000,0.000000,0.682549,0.900000,0.023026,-0.455502,0.682549,0.055693,0.754591,0.000000,0.900000,0.754591,129.003429,36.710994,81.988568,0.261131,0,450.81
20260607_204649,3038.833,1,Right,368,96.195652,0.000000,96.195652,0.000000,0.024571,0.011310,0.062948,19,0.000000,0.000000,0.477354,0.902488,0.024631,-0.477354,0.463048,0.164040,0.728121,0.000000,0.902488,0.728121,106.262768,28.557159,60.083478,0.299707,1,450.81
20260607_204649,3043.836,1,Left,373,96.246649,0.000000,96.246649,0.000000,0.012207,0.009861,0.027534,17,0.000000,0.000000,0.682549,0.900000,0.023026,-0.455502,0.682549,0.055693,0.754591,0.000000,0.900000,0.754591,129.003429,36.710994,81.988568,0.261131,0,458.95
20260607_204649,3043.836,1,Right,368,96.195652,0.000000,96.195652,0.000000,0.024571,0.011310,0.062948,19,0.000000,0.000000,0.477354,0.902488,0.024631,-0.477354,0.463048,0.164040,0.728121,0.000000,0.902488,0.728121,106.262768,28.557159,60.083478,0.299707,1,458.95
20260607_204649,3048.841,1,Left,373,96.246649,0.000000,96.246649,0.000000,0.012207,0.009861,0.027534,17,0.000000,0.000000,0.682549,0.900000,0.023026,-0.455502,0.682549,0.055693,0.754591,0.000000,0.900000,0.754591,129.003429,36.710994,81.988568,0.261131,0,455.31
20260607_204649,3048.841,1,Right,368,96.195652,0.000000,96.195652,0.000000,0.024571,0.011310,0.062948,19,0.000000,0.000000,0.477354,0.902488,0.024631,-0.477354,0.463048,0.164040,0.728121,0.000000,0.902488,0.728121,106.262768,28.557159,60.083478,0.299707,1,455.31
20260607_204649,3053.847,1,Left,373,96.246649,0.000000,96.246649,0.000000,0.012207,0.009861,0.027534,17,0.000000,0.000000,0.682549,0.900000,0.023026,-0.455502,0.682549,0.055693,0.754591,0.000000,0.900000,0.754591,129.003429,36.710994,81.988568,0.261131,0,455.80
20260607_204649,3053.847,1,Right,368,96.195652,0.000000,96.195652,0.000000,0.024571,0.011310,0.062948,19,0.000000,0.000000,0.477354,0.902488,0.024631,-0.477354,0.463048,0.164040,0.728121,0.000000,0.902488,0.728121,106.262768,28.557159,60.083478,0.299707,1,455.80
20260607_204649,3058.857,1,Left,373,96.246649,0.000000,96.246649,0.000000,0.012207,0.009861,0.027534,17,0.000000,0.000000,0.682549,0.900000,0.023026,-0.455502,0.682549,0.055693,0.754591,0.000000,0.900000,0.754591,129.003429,36.710994,81.988568,0.261131,0,456.10
20260607_204649,3058.857,1,Right,368,96.195652,0.000000,96.195652,0.000000,0.024571,0.011310,0.062948,19,0.000000,0.000000,0.477354,0.902488,0.024631,-0.477354,0.463048,0.164040,0.728121,0.000000,0.902488,0.728121,106.262768,28.557159,60.083478,0.299707,1,456.10
20260607_204649,3063.868,1,Left,373,96.246649,0.000000,96.246649,0.000000,0.012207,0.009861,0.027534,17,0.000000,0.000000,0.682549,0.900000,0.023026,-0.455502,0.682549,0.055693,0.754591,0.000000,0.900000,0.754591,129.003429,36.710994,81.988568,0.261131,0,437.09
20260607_204649,3063.868,1,Right,368,96.195652,0.000000,96.195652,0.000000,0.024571,0.011310,0.062948,19,0.000000,0.000000,0.477354,0.902488,0.024631,-0.477354,0.463048,0.164040,0.728121,0.000000,0.902488,0.728121,106.262768,28.557159,60.083478,0.299707,1,437.09
20260607_204649,3068.872,1,Left,373,96.246649,0.000000,96.246649,0.000000,0.012207,0.009861,0.027534,17,0.000000,0.000000,0.682549,0.900000,0.023026,-0.455502,0.682549,0.055693,0.754591,0.000000,0.900000,0.754591,129.003429,36.710994,81.988568,0.261131,0,453.78
20260607_204649,3068.872,1,Right,368,96.195652,0.000000,96.195652,0.000000,0.024571,0.011310,0.062948,19,0.000000,0.000000,0.477354,0.902488,0.024631,-0.477354,0.463048,0.164040,0.728121,0.000000,0.902488,0.728121,106.262768,28.557159,60.083478,0.299707,1,453.78
20260607_204649,3073.876,1,Left,373,96.246649,0.000000,96.246649,0.000000,0.012207,0.009861,0.027534,17,0.000000,0.000000,0.682549,0.900000,0.023026,-0.455502,0.682549,0.055693,0.754591,0.000000,0.900000,0.754591,129.003429,36.710994,81.988568,0.261131,0,459.15
20260607_204649,3073.876,1,Right,368,96.195652,0.000000,96.195652,0.000000,0.024571,0.011310,0.062948,19,0.000000,0.000000,0.477354,0.902488,0.024631,-0.477354,0.463048,0.164040,0.728121,0.000000,0.902488,0.728121,106.262768,28.557159,60.083478,0.299707,1,459.15
20260607_204649,3078.886,1,Left,373,96.246649,0.000000,96.246649,0.000000,0.012207,0.009861,0.027534,17,0.000000,0.000000,0.682549,0.900000,0.023026,-0.455502,0.682549,0.055693,0.754591,0.000000,0.900000,0.754591,129.003429,36.710994,81.988568,0.261131,0,473.93
20260607_204649,3078.886,1,Right,368,96.195652,0.000000,96.195652,0.000000,0.024571,0.011310,0.062948,19,0.000000,0.000000,0.477354,0.902488,0.024631,-0.477354,0.463048,0.164040,0.728121,0.000000,0.902488,0.728121,106.262768,28.557159,60.083478,0.299707,1,473.93
20260607_204649,3083.897,1,Left,373,96.246649,0.000000,96.246649,0.000000,0.012207,0.009861,0.027534,17,0.000000,0.000000,0.682549,0.900000,0.023026,-0.455502,0.682549,0.055693,0.754591,0.000000,0.900000,0.754591,129.003429,36.710994,81.988568,0.261131,0,434.82
20260607_204649,3083.897,1,Right,368,96.195652,0.000000,96.195652,0.000000,0.024571,0.011310,0.062948,19,0.000000,0.000000,0.477354,0.902488,0.024631,-0.477354,0.463048,0.164040,0.728121,0.000000,0.902488,0.728121,106.262768,28.557159,60.083478,0.299707,1,434.82
20260607_204649,3088.903,1,Left,373,96.246649,0.000000,96.246649,0.000000,0.012207,0.009861,0.027534,17,0.000000,0.000000,0.682549,0.900000,0.023026,-0.455502,0.682549,0.055693,0.754591,0.000000,0.900000,0.754591,129.003429,36.710994,81.988568,0.261131,0,458.85
20260607_204649,3088.903,1,Right,368,96.195652,0.000000,96.195652,0.000000,0.024571,0.011310,0.062948,19,0.000000,0.000000,0.477354,0.902488,0.024631,-0.477354,0.463048,0.164040,0.728121,0.000000,0.902488,0.728121,106.262768,28.557159,60.083478,0.299707,1,458.85
20260607_204649,3093.913,1,Left,373,96.246649,0.000000,96.246649,0.000000,0.012207,0.009861,0.027534,17,0.000000,0.000000,0.682549,0.900000,0.023026,-0.455502,0.682549,0.055693,0.754591,0.000000,0.900000,0.754591,129.003429,36.710994,81.988568,0.261131,0,311.33
20260607_204649,3093.913,1,Right,368,96.195652,0.000000,96.195652,0.000000,0.024571,0.011310,0.062948,19,0.000000,0.000000,0.477354,0.902488,0.024631,-0.477354,0.463048,0.164040,0.728121,0.000000,0.902488,0.728121,106.262768,28.557159,60.083478,0.299707,1,311.33
20260607_204649,3098.915,1,Left,373,96.246649,0.000000,96.246649,0.000000,0.012207,0.009861,0.027534,17,0.000000,0.000000,0.682549,0.900000,0.023026,-0.455502,0.682549,0.055693,0.754591,0.000000,0.900000,0.754591,129.003429,36.710994,81.988568,0.261131,0,449.94
20260607_204649,3098.915,1,Right,368,96.195652,0.000000,96.195652,0.000000,0.024571,0.011310,0.062948,19,0.000000,0.000000,0.477354,0.902488,0.024631,-0.477354,0.463048,0.164040,0.728121,0.000000,0.902488,0.728121,106.262768,28.557159,60.083478,0.299707,1,449.94
20260607_204649,3103.926,1,Left,373,96.246649,0.000000,96.246649,0.000000,0.012207,0.009861,0.027534,17,0.000000,0.000000,0.682549,0.900000,0.023026,-0.455502,0.682549,0.055693,0.754591,0.000000,0.900000,0.754591,129.003429,36.710994,81.988568,0.261131,0,459.45
20260607_204649,3103.926,1,Right,368,96.195652,0.000000,96.195652,0.000000,0.024571,0.011310,0.062948,19,0.000000,0.000000,0.477354,0.902488,0.024631,-0.477354,0.463048,0.164040,0.728121,0.000000,0.902488,0.728121,106.262768,28.557159,60.083478,0.299707,1,459.45
20260607_204649,3108.928,1,Left,373,96.246649,0.000000,96.246649,0.000000,0.012207,0.009861,0.027534,17,0.000000,0.000000,0.682549,0.900000,0.023026,-0.455502,0.682549,0.055693,0.754591,0.000000,0.900000,0.754591,129.003429,36.710994,81.988568,0.261131,0,444.08
20260607_204649,3108.928,1,Right,368,96.195652,0.000000,96.195652,0.000000,0.024571,0.011310,0.062948,19,0.000000,0.000000,0.477354,0.902488,0.024631,-0.477354,0.463048,0.164040,0.728121,0.000000,0.902488,0.728121,106.262768,28.557159,60.083478,0.299707,1,444.08
20260607_204649,3113.938,1,Left,373,96.246649,0.000000,96.246649,0.000000,0.012207,0.009861,0.027534,17,0.000000,0.000000,0.682549,0.900000,0.023026,-0.455502,0.682549,0.055693,0.754591,0.000000,0.900000,0.754591,129.003429,36.710994,81.988568,0.261131,0,452.07
20260607_204649,3113.938,1,Right,368,96.195652,0.000000,96.195652,0.000000,0.024571,0.011310,0.062948,19,0.000000,0.000000,0.477354,0.902488,0.024631,-0.477354,0.463048,0.164040,0.728121,0.000000,0.902488,0.728121,106.262768,28.557159,60.083478,0.299707,1,452.07
20260607_204649,3118.948,1,Left,373,96.246649,0.000000,96.246649,0.000000,0.012207,0.009861,0.027534,17,0.000000,0.000000,0.682549,0.900000,0.023026,-0.455502,0.682549,0.055693,0.754591,0.000000,0.900000,0.754591,129.003429,36.710994,81.988568,0.261131,0,457.59
20260607_204649,3118.948,1,Right,368,96.195652,0.000000,96.195652,0.000000,0.024571,0.011310,0.062948,19,0.000000,0.000000,0.477354,0.902488,0.024631,-0.477354,0.463048,0.164040,0.728121,0.000000,0.902488,0.728121,106.262768,28.557159,60.083478,0.299707,1,457.59
20260607_204649,3123.954,1,Left,373,96.246649,0.000000,96.246649,0.000000,0.012207,0.009861,0.027534,17,0.000000,0.000000,0.682549,0.900000,0.023026,-0.455502,0.682549,0.055693,0.754591,0.000000,0.900000,0.754591,129.003429,36.710994,81.988568,0.261131,0,445.54
20260607_204649,3123.954,1,Right,368,96.195652,0.000000,96.195652,0.000000,0.024571,0.011310,0.062948,19,0.000000,0.000000,0.477354,0.902488,0.024631,-0.477354,0.463048,0.164040,0.728121,0.000000,0.902488,0.728121,106.262768,28.557159,60.083478,0.299707,1,445.54
20260607_204649,3128.963,1,Left,373,96.246649,0.000000,96.246649,0.000000,0.012207,0.009861,0.027534,17,0.000000,0.000000,0.682549,0.900000,0.023026,-0.455502,0.682549,0.055693,0.754591,0.000000,0.900000,0.754591,129.003429,36.710994,81.988568,0.261131,0,454.82
20260607_204649,3128.963,1,Right,368,96.195652,0.000000,96.195652,0.000000,0.024571,0.011310,0.062948,19,0.000000,0.000000,0.477354,0.902488,0.024631,-0.477354,0.463048,0.164040,0.728121,0.000000,0.902488,0.728121,106.262768,28.557159,60.083478,0.299707,1,454.82
20260607_204649,3133.966,1,Left,373,96.246649,0.000000,96.246649,0.000000,0.012207,0.009861,0.027534,17,0.000000,0.000000,0.682549,0.900000,0.023026,-0.455502,0.682549,0.055693,0.754591,0.000000,0.900000,0.754591,129.003429,36.710994,81.988568,0.261131,0,447.82
20260607_204649,3133.966,1,Right,368,96.195652,0.000000,96.195652,0.000000,0.024571,0.011310,0.062948,19,0.000000,0.000000,0.477354,0.902488,0.024631,-0.477354,0.463048,0.164040,0.728121,0.000000,0.902488,0.728121,106.262768,28.557159,60.083478,0.299707,1,447.82
20260607_204649,3138.976,1,Left,373,96.246649,0.000000,96.246649,0.000000,0.012207,0.009861,0.027534,17,0.000000,0.000000,0.682549,0.900000,0.023026,-0.455502,0.682549,0.055693,0.754591,0.000000,0.900000,0.754591,129.003429,36.710994,81.988568,0.261131,0,457.10
20260607_204649,3138.976,1,Right,368,96.195652,0.000000,96.195652,0.000000,0.024571,0.011310,0.062948,19,0.000000,0.000000,0.477354,0.902488,0.024631,-0.477354,0.463048,0.164040,0.728121,0.000000,0.902488,0.728121,106.262768,28.557159,60.083478,0.299707,1,457.10
20260607_204649,3143.976,1,Left,373,96.246649,0.000000,96.246649,0.000000,0.012207,0.009861,0.027534,17,0.000000,0.000000,0.682549,0.900000,0.023026,-0.455502,0.682549,0.055693,0.754591,0.000000,0.900000,0.754591,129.003429,36.710994,81.988568,0.261131,0,443.42
20260607_204649,3143.976,1,Right,368,96.195652,0.000000,96.195652,0.000000,0.024571,0.011310,0.062948,19,0.000000,0.000000,0.477354,0.902488,0.024631,-0.477354,0.463048,0.164040,0.728121,0.000000,0.902488,0.728121,106.262768,28.557159,60.083478,0.299707,1,443.42
20260607_204649,3148.980,1,Left,373,96.246649,0.000000,96.246649,0.000000,0.012207,0.009861,0.027534,17,0.000000,0.000000,0.682549,0.900000,0.023026,-0.455502,0.682549,0.055693,0.754591,0.000000,0.900000,0.754591,129.003429,36.710994,81.988568,0.261131,0,458.59
20260607_204649,3148.980,1,Right,368,96.195652,0.000000,96.195652,0.000000,0.024571,0.011310,0.062948,19,0.000000,0.000000,0.477354,0.902488,0.024631,-0.477354,0.463048,0.164040,0.728121,0.000000,0.902488,0.728121,106.262768,28.557159,60.083478,0.299707,1,458.59
20260607_204649,3153.986,1,Left,373,96.246649,0.000000,96.246649,0.000000,0.012207,0.009861,0.027534,17,0.000000,0.000000,0.682549,0.900000,0.023026,-0.455502,0.682549,0.055693,0.754591,0.000000,0.900000,0.754591,129.003429,36.710994,81.988568,0.261131,0,443.28
20260607_204649,3153.986,1,Right,368,96.195652,0.000000,96.195652,0.000000,0.024571,0.011310,0.062948,19,0.000000,0.000000,0.477354,0.902488,0.024631,-0.477354,0.463048,0.164040,0.728121,0.000000,0.902488,0.728121,106.262768,28.557159,60.083478,0.299707,1,443.28
20260607_204649,3158.990,1,Left,373,96.246649,0.000000,96.246649,0.000000,0.012207,0.009861,0.027534,17,0.000000,0.000000,0.682549,0.900000,0.023026,-0.455502,0.682549,0.055693,0.754591,0.000000,0.900000,0.754591,129.003429,36.710994,81.988568,0.261131,0,468.85
20260607_204649,3158.990,1,Right,368,96.195652,0.000000,96.195652,0.000000,0.024571,0.011310,0.062948,19,0.000000,0.000000,0.477354,0.902488,0.024631,-0.477354,0.463048,0.164040,0.728121,0.000000,0.902488,0.728121,106.262768,28.557159,60.083478,0.299707,1,468.85
20260607_204649,3163.999,1,Left,373,96.246649,0.000000,96.246649,0.000000,0.012207,0.009861,0.027534,17,0.000000,0.000000,0.682549,0.900000,0.023026,-0.455502,0.682549,0.055693,0.754591,0.000000,0.900000,0.754591,129.003429,36.710994,81.988568,0.261131,0,463.72
20260607_204649,3163.999,1,Right,368,96.195652,0.000000,96.195652,0.000000,0.024571,0.011310,0.062948,19,0.000000,0.000000,0.477354,0.902488,0.024631,-0.477354,0.463048,0.164040,0.728121,0.000000,0.902488,0.728121,106.262768,28.557159,60.083478,0.299707,1,463.72
20260607_204649,3169.004,1,Left,373,96.246649,0.000000,96.246649,0.000000,0.012207,0.009861,0.027534,17,0.000000,0.000000,0.682549,0.900000,0.023026,-0.455502,0.682549,0.055693,0.754591,0.000000,0.900000,0.754591,129.003429,36.710994,81.988568,0.261131,0,462.69
20260607_204649,3169.004,1,Right,368,96.195652,0.000000,96.195652,0.000000,0.024571,0.011310,0.062948,19,0.000000,0.000000,0.477354,0.902488,0.024631,-0.477354,0.463048,0.164040,0.728121,0.000000,0.902488,0.728121,106.262768,28.557159,60.083478,0.299707,1,462.69
20260607_204649,3174.013,1,Left,373,96.246649,0.000000,96.246649,0.000000,0.012207,0.009861,0.027534,17,0.000000,0.000000,0.682549,0.900000,0.023026,-0.455502,0.682549,0.055693,0.754591,0.000000,0.900000,0.754591,129.003429,36.710994,81.988568,0.261131,0,457.64
20260607_204649,3174.013,1,Right,368,96.195652,0.000000,96.195652,0.000000,0.024571,0.011310,0.062948,19,0.000000,0.000000,0.477354,0.902488,0.024631,-0.477354,0.463048,0.164040,0.728121,0.000000,0.902488,0.728121,106.262768,28.557159,60.083478,0.299707,1,457.64
20260607_204649,3179.021,1,Left,373,96.246649,0.000000,96.246649,0.000000,0.012207,0.009861,0.027534,17,0.000000,0.000000,0.682549,0.900000,0.023026,-0.455502,0.682549,0.055693,0.754591,0.000000,0.900000,0.754591,129.003429,36.710994,81.988568,0.261131,0,448.83
20260607_204649,3179.021,1,Right,368,96.195652,0.000000,96.195652,0.000000,0.024571,0.011310,0.062948,19,0.000000,0.000000,0.477354,0.902488,0.024631,-0.477354,0.463048,0.164040,0.728121,0.000000,0.902488,0.728121,106.262768,28.557159,60.083478,0.299707,1,448.83
20260607_204649,3184.028,1,Left,373,96.246649,0.000000,96.246649,0.000000,0.012207,0.009861,0.027534,17,0.000000,0.000000,0.682549,0.900000,0.023026,-0.455502,0.682549,0.055693,0.754591,0.000000,0.900000,0.754591,129.003429,36.710994,81.988568,0.261131,0,451.58
20260607_204649,3184.028,1,Right,368,96.195652,0.000000,96.195652,0.000000,0.024571,0.011310,0.062948,19,0.000000,0.000000,0.477354,0.902488,0.024631,-0.477354,0.463048,0.164040,0.728121,0.000000,0.902488,0.728121,106.262768,28.557159,60.083478,0.299707,1,451.58
20260607_204649,3189.029,1,Left,373,96.246649,0.000000,96.246649,0.000000,0.012207,0.009861,0.027534,17,0.000000,0.000000,0.682549,0.900000,0.023026,-0.455502,0.682549,0.055693,0.754591,0.000000,0.900000,0.754591,129.003429,36.710994,81.988568,0.261131,0,420.48
20260607_204649,3189.029,1,Right,368,96.195652,0.000000,96.195652,0.000000,0.024571,0.011310,0.062948,19,0.000000,0.000000,0.477354,0.902488,0.024631,-0.477354,0.463048,0.164040,0.728121,0.000000,0.902488,0.728121,106.262768,28.557159,60.083478,0.299707,1,420.48
20260607_204649,3194.040,1,Left,373,96.246649,0.000000,96.246649,0.000000,0.012207,0.009861,0.027534,17,0.000000,0.000000,0.682549,0.900000,0.023026,-0.455502,0.682549,0.055693,0.754591,0.000000,0.900000,0.754591,129.003429,36.710994,81.988568,0.261131,0,469.69
20260607_204649,3194.040,1,Right,368,96.195652,0.000000,96.195652,0.000000,0.024571,0.011310,0.062948,19,0.000000,0.000000,0.477354,0.902488,0.024631,-0.477354,0.463048,0.164040,0.728121,0.000000,0.902488,0.728121,106.262768,28.557159,60.083478,0.299707,1,469.69
20260607_204649,3199.046,1,Left,373,96.246649,0.000000,96.246649,0.000000,0.012207,0.009861,0.027534,17,0.000000,0.000000,0.682549,0.900000,0.023026,-0.455502,0.682549,0.055693,0.754591,0.000000,0.900000,0.754591,129.003429,36.710994,81.988568,0.261131,0,439.98
20260607_204649,3199.046,1,Right,368,96.195652,0.000000,96.195652,0.000000,0.024571,0.011310,0.062948,19,0.000000,0.000000,0.477354,0.902488,0.024631,-0.477354,0.463048,0.164040,0.728121,0.000000,0.902488,0.728121,106.262768,28.557159,60.083478,0.299707,1,439.98
20260607_204649,3204.058,1,Left,373,96.246649,0.000000,96.246649,0.000000,0.012207,0.009861,0.027534,17,0.000000,0.000000,0.682549,0.900000,0.023026,-0.455502,0.682549,0.055693,0.754591,0.000000,0.900000,0.754591,129.003429,36.710994,81.988568,0.261131,0,475.49
20260607_204649,3204.058,1,Right,368,96.195652,0.000000,96.195652,0.000000,0.024571,0.011310,0.062948,19,0.000000,0.000000,0.477354,0.902488,0.024631,-0.477354,0.463048,0.164040,0.728121,0.000000,0.902488,0.728121,106.262768,28.557159,60.083478,0.299707,1,475.49
20260607_204649,3209.068,1,Left,373,96.246649,0.000000,96.246649,0.000000,0.012207,0.009861,0.027534,17,0.000000,0.000000,0.682549,0.900000,0.023026,-0.455502,0.682549,0.055693,0.754591,0.000000,0.900000,0.754591,129.003429,36.710994,81.988568,0.261131,0,468.64
20260607_204649,3209.068,1,Right,368,96.195652,0.000000,96.195652,0.000000,0.024571,0.011310,0.062948,19,0.000000,0.000000,0.477354,0.902488,0.024631,-0.477354,0.463048,0.164040,0.728121,0.000000,0.902488,0.728121,106.262768,28.557159,60.083478,0.299707,1,468.64
20260607_204649,3214.073,1,Left,373,96.246649,0.000000,96.246649,0.000000,0.012207,0.009861,0.027534,17,0.000000,0.000000,0.682549,0.900000,0.023026,-0.455502,0.682549,0.055693,0.754591,0.000000,0.900000,0.754591,129.003429,36.710994,81.988568,0.261131,0,467.54
20260607_204649,3214.073,1,Right,368,96.195652,0.000000,96.195652,0.000000,0.024571,0.011310,0.062948,19,0.000000,0.000000,0.477354,0.902488,0.024631,-0.477354,0.463048,0.164040,0.728121,0.000000,0.902488,0.728121,106.262768,28.557159,60.083478,0.299707,1,467.54
20260607_204649,3219.074,1,Left,373,96.246649,0.000000,96.246649,0.000000,0.012207,0.009861,0.027534,17,0.000000,0.000000,0.682549,0.900000,0.023026,-0.455502,0.682549,0.055693,0.754591,0.000000,0.900000,0.754591,129.003429,36.710994,81.988568,0.261131,0,459.30
20260607_204649,3219.074,1,Right,368,96.195652,0.000000,96.195652,0.000000,0.024571,0.011310,0.062948,19,0.000000,0.000000,0.477354,0.902488,0.024631,-0.477354,0.463048,0.164040,0.728121,0.000000,0.902488,0.728121,106.262768,28.557159,60.083478,0.299707,1,459.30
20260607_204649,3224.077,1,Left,373,96.246649,0.000000,96.246649,0.000000,0.012207,0.009861,0.027534,17,0.000000,0.000000,0.682549,0.900000,0.023026,-0.455502,0.682549,0.055693,0.754591,0.000000,0.900000,0.754591,129.003429,36.710994,81.988568,0.261131,0,454.67
20260607_204649,3224.077,1,Right,368,96.195652,0.000000,96.195652,0.000000,0.024571,0.011310,0.062948,19,0.000000,0.000000,0.477354,0.902488,0.024631,-0.477354,0.463048,0.164040,0.728121,0.000000,0.902488,0.728121,106.262768,28.557159,60.083478,0.299707,1,454.67
20260607_204649,3229.086,1,Left,373,96.246649,0.000000,96.246649,0.000000,0.012207,0.009861,0.027534,17,0.000000,0.000000,0.682549,0.900000,0.023026,-0.455502,0.682549,0.055693,0.754591,0.000000,0.900000,0.754591,129.003429,36.710994,81.988568,0.261131,0,454.17
20260607_204649,3229.086,1,Right,368,96.195652,0.000000,96.195652,0.000000,0.024571,0.011310,0.062948,19,0.000000,0.000000,0.477354,0.902488,0.024631,-0.477354,0.463048,0.164040,0.728121,0.000000,0.902488,0.728121,106.262768,28.557159,60.083478,0.299707,1,454.17
20260607_204649,3234.088,1,Left,373,96.246649,0.000000,96.246649,0.000000,0.012207,0.009861,0.027534,17,0.000000,0.000000,0.682549,0.900000,0.023026,-0.455502,0.682549,0.055693,0.754591,0.000000,0.900000,0.754591,129.003429,36.710994,81.988568,0.261131,0,453.54
20260607_204649,3234.088,1,Right,368,96.195652,0.000000,96.195652,0.000000,0.024571,0.011310,0.062948,19,0.000000,0.000000,0.477354,0.902488,0.024631,-0.477354,0.463048,0.164040,0.728121,0.000000,0.902488,0.728121,106.262768,28.557159,60.083478,0.299707,1,453.54
20260607_204649,3239.093,1,Left,373,96.246649,0.000000,96.246649,0.000000,0.012207,0.009861,0.027534,17,0.000000,0.000000,0.682549,0.900000,0.023026,-0.455502,0.682549,0.055693,0.754591,0.000000,0.900000,0.754591,129.003429,36.710994,81.988568,0.261131,0,460.31
20260607_204649,3239.093,1,Right,368,96.195652,0.000000,96.195652,0.000000,0.024571,0.011310,0.062948,19,0.000000,0.000000,0.477354,0.902488,0.024631,-0.477354,0.463048,0.164040,0.728121,0.000000,0.902488,0.728121,106.262768,28.557159,60.083478,0.299707,1,460.31
20260607_204649,3244.102,1,Left,373,96.246649,0.000000,96.246649,0.000000,0.012207,0.009861,0.027534,17,0.000000,0.000000,0.682549,0.900000,0.023026,-0.455502,0.682549,0.055693,0.754591,0.000000,0.900000,0.754591,129.003429,36.710994,81.988568,0.261131,0,465.31
20260607_204649,3244.102,1,Right,368,96.195652,0.000000,96.195652,0.000000,0.024571,0.011310,0.062948,19,0.000000,0.000000,0.477354,0.902488,0.024631,-0.477354,0.463048,0.164040,0.728121,0.000000,0.902488,0.728121,106.262768,28.557159,60.083478,0.299707,1,465.31
20260607_204649,3249.114,1,Left,373,96.246649,0.000000,96.246649,0.000000,0.012207,0.009861,0.027534,17,0.000000,0.000000,0.682549,0.900000,0.023026,-0.455502,0.682549,0.055693,0.754591,0.000000,0.900000,0.754591,129.003429,36.710994,81.988568,0.261131,0,452.61
20260607_204649,3249.114,1,Right,368,96.195652,0.000000,96.195652,0.000000,0.024571,0.011310,0.062948,19,0.000000,0.000000,0.477354,0.902488,0.024631,-0.477354,0.463048,0.164040,0.728121,0.000000,0.902488,0.728121,106.262768,28.557159,60.083478,0.299707,1,452.61
20260607_204649,3254.114,1,Left,373,96.246649,0.000000,96.246649,0.000000,0.012207,0.009861,0.027534,17,0.000000,0.000000,0.682549,0.900000,0.023026,-0.455502,0.682549,0.055693,0.754591,0.000000,0.900000,0.754591,129.003429,36.710994,81.988568,0.261131,0,453.44
20260607_204649,3254.114,1,Right,368,96.195652,0.000000,96.195652,0.000000,0.024571,0.011310,0.062948,19,0.000000,0.000000,0.477354,0.902488,0.024631,-0.477354,0.463048,0.164040,0.728121,0.000000,0.902488,0.728121,106.262768,28.557159,60.083478,0.299707,1,453.44
20260607_204649,3259.122,1,Left,373,96.246649,0.000000,96.246649,0.000000,0.012207,0.009861,0.027534,17,0.000000,0.000000,0.682549,0.900000,0.023026,-0.455502,0.682549,0.055693,0.754591,0.000000,0.900000,0.754591,129.003429,36.710994,81.988568,0.261131,0,454.03
20260607_204649,3259.122,1,Right,368,96.195652,0.000000,96.195652,0.000000,0.024571,0.011310,0.062948,19,0.000000,0.000000,0.477354,0.902488,0.024631,-0.477354,0.463048,0.164040,0.728121,0.000000,0.902488,0.728121,106.262768,28.557159,60.083478,0.299707,1,454.03
20260607_204649,3264.124,1,Left,373,96.246649,0.000000,96.246649,0.000000,0.012207,0.009861,0.027534,17,0.000000,0.000000,0.682549,0.900000,0.023026,-0.455502,0.682549,0.055693,0.754591,0.000000,0.900000,0.754591,129.003429,36.710994,81.988568,0.261131,0,464.79
20260607_204649,3264.124,1,Right,368,96.195652,0.000000,96.195652,0.000000,0.024571,0.011310,0.062948,19,0.000000,0.000000,0.477354,0.902488,0.024631,-0.477354,0.463048,0.164040,0.728121,0.000000,0.902488,0.728121,106.262768,28.557159,60.083478,0.299707,1,464.79
20260607_204649,3269.125,1,Left,373,96.246649,0.000000,96.246649,0.000000,0.012207,0.009861,0.027534,17,0.000000,0.000000,0.682549,0.900000,0.023026,-0.455502,0.682549,0.055693,0.754591,0.000000,0.900000,0.754591,129.003429,36.710994,81.988568,0.261131,0,463.31
20260607_204649,3269.125,1,Right,368,96.195652,0.000000,96.195652,0.000000,0.024571,0.011310,0.062948,19,0.000000,0.000000,0.477354,0.902488,0.024631,-0.477354,0.463048,0.164040,0.728121,0.000000,0.902488,0.728121,106.262768,28.557159,60.083478,0.299707,1,463.31
20260607_204649,3274.132,1,Left,373,96.246649,0.000000,96.246649,0.000000,0.012207,0.009861,0.027534,17,0.000000,0.000000,0.682549,0.900000,0.023026,-0.455502,0.682549,0.055693,0.754591,0.000000,0.900000,0.754591,129.003429,36.710994,81.988568,0.261131,0,463.41
20260607_204649,3274.132,1,Right,368,96.195652,0.000000,96.195652,0.000000,0.024571,0.011310,0.062948,19,0.000000,0.000000,0.477354,0.902488,0.024631,-0.477354,0.463048,0.164040,0.728121,0.000000,0.902488,0.728121,106.262768,28.557159,60.083478,0.299707,1,463.41
20260607_204649,3279.133,1,Left,373,96.246649,0.000000,96.246649,0.000000,0.012207,0.009861,0.027534,17,0.000000,0.000000,0.682549,0.900000,0.023026,-0.455502,0.682549,0.055693,0.754591,0.000000,0.900000,0.754591,129.003429,36.710994,81.988568,0.261131,0,464.49
20260607_204649,3279.133,1,Right,368,96.195652,0.000000,96.195652,0.000000,0.024571,0.011310,0.062948,19,0.000000,0.000000,0.477354,0.902488,0.024631,-0.477354,0.463048,0.164040,0.728121,0.000000,0.902488,0.728121,106.262768,28.557159,60.083478,0.299707,1,464.49
20260607_204649,3284.141,1,Left,373,96.246649,0.000000,96.246649,0.000000,0.012207,0.009861,0.027534,17,0.000000,0.000000,0.682549,0.900000,0.023026,-0.455502,0.682549,0.055693,0.754591,0.000000,0.900000,0.754591,129.003429,36.710994,81.988568,0.261131,0,440.62
20260607_204649,3284.141,1,Right,368,96.195652,0.000000,96.195652,0.000000,0.024571,0.011310,0.062948,19,0.000000,0.000000,0.477354,0.902488,0.024631,-0.477354,0.463048,0.164040,0.728121,0.000000,0.902488,0.728121,106.262768,28.557159,60.083478,0.299707,1,440.62
20260607_204649,3289.145,1,Left,373,96.246649,0.000000,96.246649,0.000000,0.012207,0.009861,0.027534,17,0.000000,0.000000,0.682549,0.900000,0.023026,-0.455502,0.682549,0.055693,0.754591,0.000000,0.900000,0.754591,129.003429,36.710994,81.988568,0.261131,0,462.95
20260607_204649,3289.145,1,Right,368,96.195652,0.000000,96.195652,0.000000,0.024571,0.011310,0.062948,19,0.000000,0.000000,0.477354,0.902488,0.024631,-0.477354,0.463048,0.164040,0.728121,0.000000,0.902488,0.728121,106.262768,28.557159,60.083478,0.299707,1,462.95
20260607_204649,3294.154,1,Left,373,96.246649,0.000000,96.246649,0.000000,0.012207,0.009861,0.027534,17,0.000000,0.000000,0.682549,0.900000,0.023026,-0.455502,0.682549,0.055693,0.754591,0.000000,0.900000,0.754591,129.003429,36.710994,81.988568,0.261131,0,429.61
20260607_204649,3294.154,1,Right,368,96.195652,0.000000,96.195652,0.000000,0.024571,0.011310,0.062948,19,0.000000,0.000000,0.477354,0.902488,0.024631,-0.477354,0.463048,0.164040,0.728121,0.000000,0.902488,0.728121,106.262768,28.557159,60.083478,0.299707,1,429.61
20260607_204649,3299.165,1,Left,373,96.246649,0.000000,96.246649,0.000000,0.012207,0.009861,0.027534,17,0.000000,0.000000,0.682549,0.900000,0.023026,-0.455502,0.682549,0.055693,0.754591,0.000000,0.900000,0.754591,129.003429,36.710994,81.988568,0.261131,0,464.23
20260607_204649,3299.165,1,Right,368,96.195652,0.000000,96.195652,0.000000,0.024571,0.011310,0.062948,19,0.000000,0.000000,0.477354,0.902488,0.024631,-0.477354,0.463048,0.164040,0.728121,0.000000,0.902488,0.728121,106.262768,28.557159,60.083478,0.299707,1,464.23
20260607_204649,3304.169,1,Left,373,96.246649,0.000000,96.246649,0.000000,0.012207,0.009861,0.027534,17,0.000000,0.000000,0.682549,0.900000,0.023026,-0.455502,0.682549,0.055693,0.754591,0.000000,0.900000,0.754591,129.003429,36.710994,81.988568,0.261131,0,458.74
20260607_204649,3304.169,1,Right,368,96.195652,0.000000,96.195652,0.000000,0.024571,0.011310,0.062948,19,0.000000,0.000000,0.477354,0.902488,0.024631,-0.477354,0.463048,0.164040,0.728121,0.000000,0.902488,0.728121,106.262768,28.557159,60.083478,0.299707,1,458.74
20260607_204649,3309.170,1,Left,373,96.246649,0.000000,96.246649,0.000000,0.012207,0.009861,0.027534,17,0.000000,0.000000,0.682549,0.900000,0.023026,-0.455502,0.682549,0.055693,0.754591,0.000000,0.900000,0.754591,129.003429,36.710994,81.988568,0.261131,0,448.78
20260607_204649,3309.170,1,Right,368,96.195652,0.000000,96.195652,0.000000,0.024571,0.011310,0.062948,19,0.000000,0.000000,0.477354,0.902488,0.024631,-0.477354,0.463048,0.164040,0.728121,0.000000,0.902488,0.728121,106.262768,28.557159,60.083478,0.299707,1,448.78
20260607_204649,3314.170,1,Left,373,96.246649,0.000000,96.246649,0.000000,0.012207,0.009861,0.027534,17,0.000000,0.000000,0.682549,0.900000,0.023026,-0.455502,0.682549,0.055693,0.754591,0.000000,0.900000,0.754591,129.003429,36.710994,81.988568,0.261131,0,462.34
20260607_204649,3314.170,1,Right,368,96.195652,0.000000,96.195652,0.000000,0.024571,0.011310,0.062948,19,0.000000,0.000000,0.477354,0.902488,0.024631,-0.477354,0.463048,0.164040,0.728121,0.000000,0.902488,0.728121,106.262768,28.557159,60.083478,0.299707,1,462.34
20260607_204649,3319.181,1,Left,373,96.246649,0.000000,96.246649,0.000000,0.012207,0.009861,0.027534,17,0.000000,0.000000,0.682549,0.900000,0.023026,-0.455502,0.682549,0.055693,0.754591,0.000000,0.900000,0.754591,129.003429,36.710994,81.988568,0.261131,0,457.89
20260607_204649,3319.181,1,Right,368,96.195652,0.000000,96.195652,0.000000,0.024571,0.011310,0.062948,19,0.000000,0.000000,0.477354,0.902488,0.024631,-0.477354,0.463048,0.164040,0.728121,0.000000,0.902488,0.728121,106.262768,28.557159,60.083478,0.299707,1,457.89
20260607_204649,3324.184,1,Left,373,96.246649,0.000000,96.246649,0.000000,0.012207,0.009861,0.027534,17,0.000000,0.000000,0.682549,0.900000,0.023026,-0.455502,0.682549,0.055693,0.754591,0.000000,0.900000,0.754591,129.003429,36.710994,81.988568,0.261131,0,430.32
20260607_204649,3324.184,1,Right,368,96.195652,0.000000,96.195652,0.000000,0.024571,0.011310,0.062948,19,0.000000,0.000000,0.477354,0.902488,0.024631,-0.477354,0.463048,0.164040,0.728121,0.000000,0.902488,0.728121,106.262768,28.557159,60.083478,0.299707,1,430.32
20260607_204649,3329.188,1,Left,373,96.246649,0.000000,96.246649,0.000000,0.012207,0.009861,0.027534,17,0.000000,0.000000,0.682549,0.900000,0.023026,-0.455502,0.682549,0.055693,0.754591,0.000000,0.900000,0.754591,129.003429,36.710994,81.988568,0.261131,0,461.57
20260607_204649,3329.188,1,Right,368,96.195652,0.000000,96.195652,0.000000,0.024571,0.011310,0.062948,19,0.000000,0.000000,0.477354,0.902488,0.024631,-0.477354,0.463048,0.164040,0.728121,0.000000,0.902488,0.728121,106.262768,28.557159,60.083478,0.299707,1,461.57
20260607_204649,3334.191,1,Left,373,96.246649,0.000000,96.246649,0.000000,0.012207,0.009861,0.027534,17,0.000000,0.000000,0.682549,0.900000,0.023026,-0.455502,0.682549,0.055693,0.754591,0.000000,0.900000,0.754591,129.003429,36.710994,81.988568,0.261131,0,457.54
20260607_204649,3334.191,1,Right,368,96.195652,0.000000,96.195652,0.000000,0.024571,0.011310,0.062948,19,0.000000,0.000000,0.477354,0.902488,0.024631,-0.477354,0.463048,0.164040,0.728121,0.000000,0.902488,0.728121,106.262768,28.557159,60.083478,0.299707,1,457.54
20260607_204649,3339.198,1,Left,373,96.246649,0.000000,96.246649,0.000000,0.012207,0.009861,0.027534,17,0.000000,0.000000,0.682549,0.900000,0.023026,-0.455502,0.682549,0.055693,0.754591,0.000000,0.900000,0.754591,129.003429,36.710994,81.988568,0.261131,0,464.74
20260607_204649,3339.198,1,Right,368,96.195652,0.000000,96.195652,0.000000,0.024571,0.011310,0.062948,19,0.000000,0.000000,0.477354,0.902488,0.024631,-0.477354,0.463048,0.164040,0.728121,0.000000,0.902488,0.728121,106.262768,28.557159,60.083478,0.299707,1,464.74
20260607_204649,3344.210,1,Left,373,96.246649,0.000000,96.246649,0.000000,0.012207,0.009861,0.027534,17,0.000000,0.000000,0.682549,0.900000,0.023026,-0.455502,0.682549,0.055693,0.754591,0.000000,0.900000,0.754591,129.003429,36.710994,81.988568,0.261131,0,465.57
20260607_204649,3344.210,1,Right,368,96.195652,0.000000,96.195652,0.000000,0.024571,0.011310,0.062948,19,0.000000,0.000000,0.477354,0.902488,0.024631,-0.477354,0.463048,0.164040,0.728121,0.000000,0.902488,0.728121,106.262768,28.557159,60.083478,0.299707,1,465.57
20260607_204649,3349.214,1,Left,373,96.246649,0.000000,96.246649,0.000000,0.012207,0.009861,0.027534,17,0.000000,0.000000,0.682549,0.900000,0.023026,-0.455502,0.682549,0.055693,0.754591,0.000000,0.900000,0.754591,129.003429,36.710994,81.988568,0.261131,0,458.14
20260607_204649,3349.214,1,Right,368,96.195652,0.000000,96.195652,0.000000,0.024571,0.011310,0.062948,19,0.000000,0.000000,0.477354,0.902488,0.024631,-0.477354,0.463048,0.164040,0.728121,0.000000,0.902488,0.728121,106.262768,28.557159,60.083478,0.299707,1,458.14
20260607_204649,3354.225,1,Left,373,96.246649,0.000000,96.246649,0.000000,0.012207,0.009861,0.027534,17,0.000000,0.000000,0.682549,0.900000,0.023026,-0.455502,0.682549,0.055693,0.754591,0.000000,0.900000,0.754591,129.003429,36.710994,81.988568,0.261131,0,461.01
20260607_204649,3354.225,1,Right,368,96.195652,0.000000,96.195652,0.000000,0.024571,0.011310,0.062948,19,0.000000,0.000000,0.477354,0.902488,0.024631,-0.477354,0.463048,0.164040,0.728121,0.000000,0.902488,0.728121,106.262768,28.557159,60.083478,0.299707,1,461.01
20260607_204649,3359.235,1,Left,373,96.246649,0.000000,96.246649,0.000000,0.012207,0.009861,0.027534,17,0.000000,0.000000,0.682549,0.900000,0.023026,-0.455502,0.682549,0.055693,0.754591,0.000000,0.900000,0.754591,129.003429,36.710994,81.988568,0.261131,0,453.83
20260607_204649,3359.235,1,Right,368,96.195652,0.000000,96.195652,0.000000,0.024571,0.011310,0.062948,19,0.000000,0.000000,0.477354,0.902488,0.024631,-0.477354,0.463048,0.164040,0.728121,0.000000,0.902488,0.728121,106.262768,28.557159,60.083478,0.299707,1,453.83
20260607_204649,3364.246,1,Left,373,96.246649,0.000000,96.246649,0.000000,0.012207,0.009861,0.027534,17,0.000000,0.000000,0.682549,0.900000,0.023026,-0.455502,0.682549,0.055693,0.754591,0.000000,0.900000,0.754591,129.003429,36.710994,81.988568,0.261131,0,447.44
20260607_204649,3364.246,1,Right,368,96.195652,0.000000,96.195652,0.000000,0.024571,0.011310,0.062948,19,0.000000,0.000000,0.477354,0.902488,0.024631,-0.477354,0.463048,0.164040,0.728121,0.000000,0.902488,0.728121,106.262768,28.557159,60.083478,0.299707,1,447.44
20260607_204649,3369.258,1,Left,373,96.246649,0.000000,96.246649,0.000000,0.012207,0.009861,0.027534,17,0.000000,0.000000,0.682549,0.900000,0.023026,-0.455502,0.682549,0.055693,0.754591,0.000000,0.900000,0.754591,129.003429,36.710994,81.988568,0.261131,0,462.95
20260607_204649,3369.258,1,Right,368,96.195652,0.000000,96.195652,0.000000,0.024571,0.011310,0.062948,19,0.000000,0.000000,0.477354,0.902488,0.024631,-0.477354,0.463048,0.164040,0.728121,0.000000,0.902488,0.728121,106.262768,28.557159,60.083478,0.299707,1,462.95
20260607_204649,3374.264,1,Left,373,96.246649,0.000000,96.246649,0.000000,0.012207,0.009861,0.027534,17,0.000000,0.000000,0.682549,0.900000,0.023026,-0.455502,0.682549,0.055693,0.754591,0.000000,0.900000,0.754591,129.003429,36.710994,81.988568,0.261131,0,463.82
20260607_204649,3374.264,1,Right,368,96.195652,0.000000,96.195652,0.000000,0.024571,0.011310,0.062948,19,0.000000,0.000000,0.477354,0.902488,0.024631,-0.477354,0.463048,0.164040,0.728121,0.000000,0.902488,0.728121,106.262768,28.557159,60.083478,0.299707,1,463.82
20260607_204649,3379.267,1,Left,373,96.246649,0.000000,96.246649,0.000000,0.012207,0.009861,0.027534,17,0.000000,0.000000,0.682549,0.900000,0.023026,-0.455502,0.682549,0.055693,0.754591,0.000000,0.900000,0.754591,129.003429,36.710994,81.988568,0.261131,0,450.76
20260607_204649,3379.267,1,Right,368,96.195652,0.000000,96.195652,0.000000,0.024571,0.011310,0.062948,19,0.000000,0.000000,0.477354,0.902488,0.024631,-0.477354,0.463048,0.164040,0.728121,0.000000,0.902488,0.728121,106.262768,28.557159,60.083478,0.299707,1,450.76
20260607_204649,3384.277,1,Left,373,96.246649,0.000000,96.246649,0.000000,0.012207,0.009861,0.027534,17,0.000000,0.000000,0.682549,0.900000,0.023026,-0.455502,0.682549,0.055693,0.754591,0.000000,0.900000,0.754591,129.003429,36.710994,81.988568,0.261131,0,450.81
20260607_204649,3384.277,1,Right,368,96.195652,0.000000,96.195652,0.000000,0.024571,0.011310,0.062948,19,0.000000,0.000000,0.477354,0.902488,0.024631,-0.477354,0.463048,0.164040,0.728121,0.000000,0.902488,0.728121,106.262768,28.557159,60.083478,0.299707,1,450.81
20260607_204649,3389.280,1,Left,373,96.246649,0.000000,96.246649,0.000000,0.012207,0.009861,0.027534,17,0.000000,0.000000,0.682549,0.900000,0.023026,-0.455502,0.682549,0.055693,0.754591,0.000000,0.900000,0.754591,129.003429,36.710994,81.988568,0.261131,0,467.91
20260607_204649,3389.280,1,Right,368,96.195652,0.000000,96.195652,0.000000,0.024571,0.011310,0.062948,19,0.000000,0.000000,0.477354,0.902488,0.024631,-0.477354,0.463048,0.164040,0.728121,0.000000,0.902488,0.728121,106.262768,28.557159,60.083478,0.299707,1,467.91
20260607_204649,3394.288,1,Left,373,96.246649,0.000000,96.246649,0.000000,0.012207,0.009861,0.027534,17,0.000000,0.000000,0.682549,0.900000,0.023026,-0.455502,0.682549,0.055693,0.754591,0.000000,0.900000,0.754591,129.003429,36.710994,81.988568,0.261131,0,453.88
20260607_204649,3394.288,1,Right,368,96.195652,0.000000,96.195652,0.000000,0.024571,0.011310,0.062948,19,0.000000,0.000000,0.477354,0.902488,0.024631,-0.477354,0.463048,0.164040,0.728121,0.000000,0.902488,0.728121,106.262768,28.557159,60.083478,0.299707,1,453.88
20260607_204649,3399.293,1,Left,373,96.246649,0.000000,96.246649,0.000000,0.012207,0.009861,0.027534,17,0.000000,0.000000,0.682549,0.900000,0.023026,-0.455502,0.682549,0.055693,0.754591,0.000000,0.900000,0.754591,129.003429,36.710994,81.988568,0.261131,0,456.70
20260607_204649,3399.293,1,Right,368,96.195652,0.000000,96.195652,0.000000,0.024571,0.011310,0.062948,19,0.000000,0.000000,0.477354,0.902488,0.024631,-0.477354,0.463048,0.164040,0.728121,0.000000,0.902488,0.728121,106.262768,28.557159,60.083478,0.299707,1,456.70
20260607_204649,3404.296,1,Left,373,96.246649,0.000000,96.246649,0.000000,0.012207,0.009861,0.027534,17,0.000000,0.000000,0.682549,0.900000,0.023026,-0.455502,0.682549,0.055693,0.754591,0.000000,0.900000,0.754591,129.003429,36.710994,81.988568,0.261131,0,448.83
20260607_204649,3404.296,1,Right,368,96.195652,0.000000,96.195652,0.000000,0.024571,0.011310,0.062948,19,0.000000,0.000000,0.477354,0.902488,0.024631,-0.477354,0.463048,0.164040,0.728121,0.000000,0.902488,0.728121,106.262768,28.557159,60.083478,0.299707,1,448.83
20260607_204649,3409.299,1,Left,373,96.246649,0.000000,96.246649,0.000000,0.012207,0.009861,0.027534,17,0.000000,0.000000,0.682549,0.900000,0.023026,-0.455502,0.682549,0.055693,0.754591,0.000000,0.900000,0.754591,129.003429,36.710994,81.988568,0.261131,0,434.55
20260607_204649,3409.299,1,Right,368,96.195652,0.000000,96.195652,0.000000,0.024571,0.011310,0.062948,19,0.000000,0.000000,0.477354,0.902488,0.024631,-0.477354,0.463048,0.164040,0.728121,0.000000,0.902488,0.728121,106.262768,28.557159,60.083478,0.299707,1,434.55
20260607_204649,3414.310,1,Left,373,96.246649,0.000000,96.246649,0.000000,0.012207,0.009861,0.027534,17,0.000000,0.000000,0.682549,0.900000,0.023026,-0.455502,0.682549,0.055693,0.754591,0.000000,0.900000,0.754591,129.003429,36.710994,81.988568,0.261131,0,452.02
20260607_204649,3414.310,1,Right,368,96.195652,0.000000,96.195652,0.000000,0.024571,0.011310,0.062948,19,0.000000,0.000000,0.477354,0.902488,0.024631,-0.477354,0.463048,0.164040,0.728121,0.000000,0.902488,0.728121,106.262768,28.557159,60.083478,0.299707,1,452.02
20260607_204649,3419.321,1,Left,373,96.246649,0.000000,96.246649,0.000000,0.012207,0.009861,0.027534,17,0.000000,0.000000,0.682549,0.900000,0.023026,-0.455502,0.682549,0.055693,0.754591,0.000000,0.900000,0.754591,129.003429,36.710994,81.988568,0.261131,0,467.96
20260607_204649,3419.321,1,Right,368,96.195652,0.000000,96.195652,0.000000,0.024571,0.011310,0.062948,19,0.000000,0.000000,0.477354,0.902488,0.024631,-0.477354,0.463048,0.164040,0.728121,0.000000,0.902488,0.728121,106.262768,28.557159,60.083478,0.299707,1,467.96
20260607_204649,3424.330,1,Left,373,96.246649,0.000000,96.246649,0.000000,0.012207,0.009861,0.027534,17,0.000000,0.000000,0.682549,0.900000,0.023026,-0.455502,0.682549,0.055693,0.754591,0.000000,0.900000,0.754591,129.003429,36.710994,81.988568,0.261131,0,442.95
20260607_204649,3424.330,1,Right,368,96.195652,0.000000,96.195652,0.000000,0.024571,0.011310,0.062948,19,0.000000,0.000000,0.477354,0.902488,0.024631,-0.477354,0.463048,0.164040,0.728121,0.000000,0.902488,0.728121,106.262768,28.557159,60.083478,0.299707,1,442.95
20260607_204649,3429.334,1,Left,373,96.246649,0.000000,96.246649,0.000000,0.012207,0.009861,0.027534,17,0.000000,0.000000,0.682549,0.900000,0.023026,-0.455502,0.682549,0.055693,0.754591,0.000000,0.900000,0.754591,129.003429,36.710994,81.988568,0.261131,0,462.64
20260607_204649,3429.334,1,Right,368,96.195652,0.000000,96.195652,0.000000,0.024571,0.011310,0.062948,19,0.000000,0.000000,0.477354,0.902488,0.024631,-0.477354,0.463048,0.164040,0.728121,0.000000,0.902488,0.728121,106.262768,28.557159,60.083478,0.299707,1,462.64
20260607_204649,3434.345,1,Left,373,96.246649,0.000000,96.246649,0.000000,0.012207,0.009861,0.027534,17,0.000000,0.000000,0.682549,0.900000,0.023026,-0.455502,0.682549,0.055693,0.754591,0.000000,0.900000,0.754591,129.003429,36.710994,81.988568,0.261131,0,451.92
20260607_204649,3434.345,1,Right,368,96.195652,0.000000,96.195652,0.000000,0.024571,0.011310,0.062948,19,0.000000,0.000000,0.477354,0.902488,0.024631,-0.477354,0.463048,0.164040,0.728121,0.000000,0.902488,0.728121,106.262768,28.557159,60.083478,0.299707,1,451.92
20260607_204649,3439.355,1,Left,373,96.246649,0.000000,96.246649,0.000000,0.012207,0.009861,0.027534,17,0.000000,0.000000,0.682549,0.900000,0.023026,-0.455502,0.682549,0.055693,0.754591,0.000000,0.900000,0.754591,129.003429,36.710994,81.988568,0.261131,0,454.22
20260607_204649,3439.355,1,Right,368,96.195652,0.000000,96.195652,0.000000,0.024571,0.011310,0.062948,19,0.000000,0.000000,0.477354,0.902488,0.024631,-0.477354,0.463048,0.164040,0.728121,0.000000,0.902488,0.728121,106.262768,28.557159,60.083478,0.299707,1,454.22
20260607_204649,3444.361,1,Left,373,96.246649,0.000000,96.246649,0.000000,0.012207,0.009861,0.027534,17,0.000000,0.000000,0.682549,0.900000,0.023026,-0.455502,0.682549,0.055693,0.754591,0.000000,0.900000,0.754591,129.003429,36.710994,81.988568,0.261131,0,452.12
20260607_204649,3444.361,1,Right,368,96.195652,0.000000,96.195652,0.000000,0.024571,0.011310,0.062948,19,0.000000,0.000000,0.477354,0.902488,0.024631,-0.477354,0.463048,0.164040,0.728121,0.000000,0.902488,0.728121,106.262768,28.557159,60.083478,0.299707,1,452.12
20260607_204649,3449.368,1,Left,373,96.246649,0.000000,96.246649,0.000000,0.012207,0.009861,0.027534,17,0.000000,0.000000,0.682549,0.900000,0.023026,-0.455502,0.682549,0.055693,0.754591,0.000000,0.900000,0.754591,129.003429,36.710994,81.988568,0.261131,0,462.95
20260607_204649,3449.368,1,Right,368,96.195652,0.000000,96.195652,0.000000,0.024571,0.011310,0.062948,19,0.000000,0.000000,0.477354,0.902488,0.024631,-0.477354,0.463048,0.164040,0.728121,0.000000,0.902488,0.728121,106.262768,28.557159,60.083478,0.299707,1,462.95
20260607_204649,3454.369,1,Left,373,96.246649,0.000000,96.246649,0.000000,0.012207,0.009861,0.027534,17,0.000000,0.000000,0.682549,0.900000,0.023026,-0.455502,0.682549,0.055693,0.754591,0.000000,0.900000,0.754591,129.003429,36.710994,81.988568,0.261131,0,465.93
20260607_204649,3454.369,1,Right,368,96.195652,0.000000,96.195652,0.000000,0.024571,0.011310,0.062948,19,0.000000,0.000000,0.477354,0.902488,0.024631,-0.477354,0.463048,0.164040,0.728121,0.000000,0.902488,0.728121,106.262768,28.557159,60.083478,0.299707,1,465.93
20260607_204649,3459.369,1,Left,373,96.246649,0.000000,96.246649,0.000000,0.012207,0.009861,0.027534,17,0.000000,0.000000,0.682549,0.900000,0.023026,-0.455502,0.682549,0.055693,0.754591,0.000000,0.900000,0.754591,129.003429,36.710994,81.988568,0.261131,0,462.34
20260607_204649,3459.369,1,Right,368,96.195652,0.000000,96.195652,0.000000,0.024571,0.011310,0.062948,19,0.000000,0.000000,0.477354,0.902488,0.024631,-0.477354,0.463048,0.164040,0.728121,0.000000,0.902488,0.728121,106.262768,28.557159,60.083478,0.299707,1,462.34
20260607_204649,3464.369,1,Left,373,96.246649,0.000000,96.246649,0.000000,0.012207,0.009861,0.027534,17,0.000000,0.000000,0.682549,0.900000,0.023026,-0.455502,0.682549,0.055693,0.754591,0.000000,0.900000,0.754591,129.003429,36.710994,81.988568,0.261131,0,473.83
20260607_204649,3464.369,1,Right,368,96.195652,0.000000,96.195652,0.000000,0.024571,0.011310,0.062948,19,0.000000,0.000000,0.477354,0.902488,0.024631,-0.477354,0.463048,0.164040,0.728121,0.000000,0.902488,0.728121,106.262768,28.557159,60.083478,0.299707,1,473.83
20260607_204649,3469.377,1,Left,373,96.246649,0.000000,96.246649,0.000000,0.012207,0.009861,0.027534,17,0.000000,0.000000,0.682549,0.900000,0.023026,-0.455502,0.682549,0.055693,0.754591,0.000000,0.900000,0.754591,129.003429,36.710994,81.988568,0.261131,0,446.20
20260607_204649,3469.377,1,Right,368,96.195652,0.000000,96.195652,0.000000,0.024571,0.011310,0.062948,19,0.000000,0.000000,0.477354,0.902488,0.024631,-0.477354,0.463048,0.164040,0.728121,0.000000,0.902488,0.728121,106.262768,28.557159,60.083478,0.299707,1,446.20
20260607_204649,3474.385,1,Left,373,96.246649,0.000000,96.246649,0.000000,0.012207,0.009861,0.027534,17,0.000000,0.000000,0.682549,0.900000,0.023026,-0.455502,0.682549,0.055693,0.754591,0.000000,0.900000,0.754591,129.003429,36.710994,81.988568,0.261131,0,455.85
20260607_204649,3474.385,1,Right,368,96.195652,0.000000,96.195652,0.000000,0.024571,0.011310,0.062948,19,0.000000,0.000000,0.477354,0.902488,0.024631,-0.477354,0.463048,0.164040,0.728121,0.000000,0.902488,0.728121,106.262768,28.557159,60.083478,0.299707,1,455.85
20260607_204649,3479.392,1,Left,373,96.246649,0.000000,96.246649,0.000000,0.012207,0.009861,0.027534,17,0.000000,0.000000,0.682549,0.900000,0.023026,-0.455502,0.682549,0.055693,0.754591,0.000000,0.900000,0.754591,129.003429,36.710994,81.988568,0.261131,0,453.00
20260607_204649,3479.392,1,Right,368,96.195652,0.000000,96.195652,0.000000,0.024571,0.011310,0.062948,19,0.000000,0.000000,0.477354,0.902488,0.024631,-0.477354,0.463048,0.164040,0.728121,0.000000,0.902488,0.728121,106.262768,28.557159,60.083478,0.299707,1,453.00
20260607_204649,3484.394,1,Left,373,96.246649,0.000000,96.246649,0.000000,0.012207,0.009861,0.027534,17,0.000000,0.000000,0.682549,0.900000,0.023026,-0.455502,0.682549,0.055693,0.754591,0.000000,0.900000,0.754591,129.003429,36.710994,81.988568,0.261131,0,451.10
20260607_204649,3484.394,1,Right,368,96.195652,0.000000,96.195652,0.000000,0.024571,0.011310,0.062948,19,0.000000,0.000000,0.477354,0.902488,0.024631,-0.477354,0.463048,0.164040,0.728121,0.000000,0.902488,0.728121,106.262768,28.557159,60.083478,0.299707,1,451.10
20260607_204649,3489.405,1,Left,373,96.246649,0.000000,96.246649,0.000000,0.012207,0.009861,0.027534,17,0.000000,0.000000,0.682549,0.900000,0.023026,-0.455502,0.682549,0.055693,0.754591,0.000000,0.900000,0.754591,129.003429,36.710994,81.988568,0.261131,0,466.81
20260607_204649,3489.405,1,Right,368,96.195652,0.000000,96.195652,0.000000,0.024571,0.011310,0.062948,19,0.000000,0.000000,0.477354,0.902488,0.024631,-0.477354,0.463048,0.164040,0.728121,0.000000,0.902488,0.728121,106.262768,28.557159,60.083478,0.299707,1,466.81
20260607_204649,3494.408,1,Left,373,96.246649,0.000000,96.246649,0.000000,0.012207,0.009861,0.027534,17,0.000000,0.000000,0.682549,0.900000,0.023026,-0.455502,0.682549,0.055693,0.754591,0.000000,0.900000,0.754591,129.003429,36.710994,81.988568,0.261131,0,455.80
20260607_204649,3494.408,1,Right,368,96.195652,0.000000,96.195652,0.000000,0.024571,0.011310,0.062948,19,0.000000,0.000000,0.477354,0.902488,0.024631,-0.477354,0.463048,0.164040,0.728121,0.000000,0.902488,0.728121,106.262768,28.557159,60.083478,0.299707,1,455.80
20260607_204649,3499.413,1,Left,373,96.246649,0.000000,96.246649,0.000000,0.012207,0.009861,0.027534,17,0.000000,0.000000,0.682549,0.900000,0.023026,-0.455502,0.682549,0.055693,0.754591,0.000000,0.900000,0.754591,129.003429,36.710994,81.988568,0.261131,0,459.50
20260607_204649,3499.413,1,Right,368,96.195652,0.000000,96.195652,0.000000,0.024571,0.011310,0.062948,19,0.000000,0.000000,0.477354,0.902488,0.024631,-0.477354,0.463048,0.164040,0.728121,0.000000,0.902488,0.728121,106.262768,28.557159,60.083478,0.299707,1,459.50
20260607_204649,3504.418,1,Left,373,96.246649,0.000000,96.246649,0.000000,0.012207,0.009861,0.027534,17,0.000000,0.000000,0.682549,0.900000,0.023026,-0.455502,0.682549,0.055693,0.754591,0.000000,0.900000,0.754591,129.003429,36.710994,81.988568,0.261131,0,441.92
20260607_204649,3504.418,1,Right,368,96.195652,0.000000,96.195652,0.000000,0.024571,0.011310,0.062948,19,0.000000,0.000000,0.477354,0.902488,0.024631,-0.477354,0.463048,0.164040,0.728121,0.000000,0.902488,0.728121,106.262768,28.557159,60.083478,0.299707,1,441.92
20260607_204649,3509.423,1,Left,373,96.246649,0.000000,96.246649,0.000000,0.012207,0.009861,0.027534,17,0.000000,0.000000,0.682549,0.900000,0.023026,-0.455502,0.682549,0.055693,0.754591,0.000000,0.900000,0.754591,129.003429,36.710994,81.988568,0.261131,0,452.26
20260607_204649,3509.423,1,Right,368,96.195652,0.000000,96.195652,0.000000,0.024571,0.011310,0.062948,19,0.000000,0.000000,0.477354,0.902488,0.024631,-0.477354,0.463048,0.164040,0.728121,0.000000,0.902488,0.728121,106.262768,28.557159,60.083478,0.299707,1,452.26
20260607_204649,3514.432,1,Left,373,96.246649,0.000000,96.246649,0.000000,0.012207,0.009861,0.027534,17,0.000000,0.000000,0.682549,0.900000,0.023026,-0.455502,0.682549,0.055693,0.754591,0.000000,0.900000,0.754591,129.003429,36.710994,81.988568,0.261131,0,459.95
20260607_204649,3514.432,1,Right,368,96.195652,0.000000,96.195652,0.000000,0.024571,0.011310,0.062948,19,0.000000,0.000000,0.477354,0.902488,0.024631,-0.477354,0.463048,0.164040,0.728121,0.000000,0.902488,0.728121,106.262768,28.557159,60.083478,0.299707,1,459.95
20260607_204649,3519.434,1,Left,373,96.246649,0.000000,96.246649,0.000000,0.012207,0.009861,0.027534,17,0.000000,0.000000,0.682549,0.900000,0.023026,-0.455502,0.682549,0.055693,0.754591,0.000000,0.900000,0.754591,129.003429,36.710994,81.988568,0.261131,0,470.69
20260607_204649,3519.434,1,Right,368,96.195652,0.000000,96.195652,0.000000,0.024571,0.011310,0.062948,19,0.000000,0.000000,0.477354,0.902488,0.024631,-0.477354,0.463048,0.164040,0.728121,0.000000,0.902488,0.728121,106.262768,28.557159,60.083478,0.299707,1,470.69
20260607_204649,3524.446,1,Left,373,96.246649,0.000000,96.246649,0.000000,0.012207,0.009861,0.027534,17,0.000000,0.000000,0.682549,0.900000,0.023026,-0.455502,0.682549,0.055693,0.754591,0.000000,0.900000,0.754591,129.003429,36.710994,81.988568,0.261131,0,457.69
20260607_204649,3524.446,1,Right,368,96.195652,0.000000,96.195652,0.000000,0.024571,0.011310,0.062948,19,0.000000,0.000000,0.477354,0.902488,0.024631,-0.477354,0.463048,0.164040,0.728121,0.000000,0.902488,0.728121,106.262768,28.557159,60.083478,0.299707,1,457.69
20260607_204649,3529.455,1,Left,373,96.246649,0.000000,96.246649,0.000000,0.012207,0.009861,0.027534,17,0.000000,0.000000,0.682549,0.900000,0.023026,-0.455502,0.682549,0.055693,0.754591,0.000000,0.900000,0.754591,129.003429,36.710994,81.988568,0.261131,0,469.32
20260607_204649,3529.455,1,Right,368,96.195652,0.000000,96.195652,0.000000,0.024571,0.011310,0.062948,19,0.000000,0.000000,0.477354,0.902488,0.024631,-0.477354,0.463048,0.164040,0.728121,0.000000,0.902488,0.728121,106.262768,28.557159,60.083478,0.299707,1,469.32
20260607_204649,3534.466,1,Left,373,96.246649,0.000000,96.246649,0.000000,0.012207,0.009861,0.027534,17,0.000000,0.000000,0.682549,0.900000,0.023026,-0.455502,0.682549,0.055693,0.754591,0.000000,0.900000,0.754591,129.003429,36.710994,81.988568,0.261131,0,469.74
20260607_204649,3534.466,1,Right,368,96.195652,0.000000,96.195652,0.000000,0.024571,0.011310,0.062948,19,0.000000,0.000000,0.477354,0.902488,0.024631,-0.477354,0.463048,0.164040,0.728121,0.000000,0.902488,0.728121,106.262768,28.557159,60.083478,0.299707,1,469.74
20260607_204649,3539.478,1,Left,373,96.246649,0.000000,96.246649,0.000000,0.012207,0.009861,0.027534,17,0.000000,0.000000,0.682549,0.900000,0.023026,-0.455502,0.682549,0.055693,0.754591,0.000000,0.900000,0.754591,129.003429,36.710994,81.988568,0.261131,0,450.23
20260607_204649,3539.478,1,Right,368,96.195652,0.000000,96.195652,0.000000,0.024571,0.011310,0.062948,19,0.000000,0.000000,0.477354,0.902488,0.024631,-0.477354,0.463048,0.164040,0.728121,0.000000,0.902488,0.728121,106.262768,28.557159,60.083478,0.299707,1,450.23
20260607_204649,3544.485,1,Left,373,96.246649,0.000000,96.246649,0.000000,0.012207,0.009861,0.027534,17,0.000000,0.000000,0.682549,0.900000,0.023026,-0.455502,0.682549,0.055693,0.754591,0.000000,0.900000,0.754591,129.003429,36.710994,81.988568,0.261131,0,468.79
20260607_204649,3544.485,1,Right,368,96.195652,0.000000,96.195652,0.000000,0.024571,0.011310,0.062948,19,0.000000,0.000000,0.477354,0.902488,0.024631,-0.477354,0.463048,0.164040,0.728121,0.000000,0.902488,0.728121,106.262768,28.557159,60.083478,0.299707,1,468.79
20260607_204649,3549.497,1,Left,373,96.246649,0.000000,96.246649,0.000000,0.012207,0.009861,0.027534,17,0.000000,0.000000,0.682549,0.900000,0.023026,-0.455502,0.682549,0.055693,0.754591,0.000000,0.900000,0.754591,129.003429,36.710994,81.988568,0.261131,0,460.96
20260607_204649,3549.497,1,Right,368,96.195652,0.000000,96.195652,0.000000,0.024571,0.011310,0.062948,19,0.000000,0.000000,0.477354,0.902488,0.024631,-0.477354,0.463048,0.164040,0.728121,0.000000,0.902488,0.728121,106.262768,28.557159,60.083478,0.299707,1,460.96
20260607_204649,3554.500,1,Left,373,96.246649,0.000000,96.246649,0.000000,0.012207,0.009861,0.027534,17,0.000000,0.000000,0.682549,0.900000,0.023026,-0.455502,0.682549,0.055693,0.754591,0.000000,0.900000,0.754591,129.003429,36.710994,81.988568,0.261131,0,465.46
20260607_204649,3554.500,1,Right,368,96.195652,0.000000,96.195652,0.000000,0.024571,0.011310,0.062948,19,0.000000,0.000000,0.477354,0.902488,0.024631,-0.477354,0.463048,0.164040,0.728121,0.000000,0.902488,0.728121,106.262768,28.557159,60.083478,0.299707,1,465.46
20260607_204649,3559.506,1,Left,373,96.246649,0.000000,96.246649,0.000000,0.012207,0.009861,0.027534,17,0.000000,0.000000,0.682549,0.900000,0.023026,-0.455502,0.682549,0.055693,0.754591,0.000000,0.900000,0.754591,129.003429,36.710994,81.988568,0.261131,0,454.52
20260607_204649,3559.506,1,Right,368,96.195652,0.000000,96.195652,0.000000,0.024571,0.011310,0.062948,19,0.000000,0.000000,0.477354,0.902488,0.024631,-0.477354,0.463048,0.164040,0.728121,0.000000,0.902488,0.728121,106.262768,28.557159,60.083478,0.299707,1,454.52
20260607_204649,3564.515,1,Left,373,96.246649,0.000000,96.246649,0.000000,0.012207,0.009861,0.027534,17,0.000000,0.000000,0.682549,0.900000,0.023026,-0.455502,0.682549,0.055693,0.754591,0.000000,0.900000,0.754591,129.003429,36.710994,81.988568,0.261131,0,466.45
20260607_204649,3564.515,1,Right,368,96.195652,0.000000,96.195652,0.000000,0.024571,0.011310,0.062948,19,0.000000,0.000000,0.477354,0.902488,0.024631,-0.477354,0.463048,0.164040,0.728121,0.000000,0.902488,0.728121,106.262768,28.557159,60.083478,0.299707,1,466.45
20260607_204649,3569.518,1,Left,373,96.246649,0.000000,96.246649,0.000000,0.012207,0.009861,0.027534,17,0.000000,0.000000,0.682549,0.900000,0.023026,-0.455502,0.682549,0.055693,0.754591,0.000000,0.900000,0.754591,129.003429,36.710994,81.988568,0.261131,0,426.47
20260607_204649,3569.518,1,Right,368,96.195652,0.000000,96.195652,0.000000,0.024571,0.011310,0.062948,19,0.000000,0.000000,0.477354,0.902488,0.024631,-0.477354,0.463048,0.164040,0.728121,0.000000,0.902488,0.728121,106.262768,28.557159,60.083478,0.299707,1,426.47
20260607_204649,3574.529,1,Left,373,96.246649,0.000000,96.246649,0.000000,0.012207,0.009861,0.027534,17,0.000000,0.000000,0.682549,0.900000,0.023026,-0.455502,0.682549,0.055693,0.754591,0.000000,0.900000,0.754591,129.003429,36.710994,81.988568,0.261131,0,423.67
20260607_204649,3574.529,1,Right,368,96.195652,0.000000,96.195652,0.000000,0.024571,0.011310,0.062948,19,0.000000,0.000000,0.477354,0.902488,0.024631,-0.477354,0.463048,0.164040,0.728121,0.000000,0.902488,0.728121,106.262768,28.557159,60.083478,0.299707,1,423.67
20260607_204649,3579.537,1,Left,373,96.246649,0.000000,96.246649,0.000000,0.012207,0.009861,0.027534,17,0.000000,0.000000,0.682549,0.900000,0.023026,-0.455502,0.682549,0.055693,0.754591,0.000000,0.900000,0.754591,129.003429,36.710994,81.988568,0.261131,0,470.11
20260607_204649,3579.537,1,Right,368,96.195652,0.000000,96.195652,0.000000,0.024571,0.011310,0.062948,19,0.000000,0.000000,0.477354,0.902488,0.024631,-0.477354,0.463048,0.164040,0.728121,0.000000,0.902488,0.728121,106.262768,28.557159,60.083478,0.299707,1,470.11
20260607_204649,3584.543,1,Left,373,96.246649,0.000000,96.246649,0.000000,0.012207,0.009861,0.027534,17,0.000000,0.000000,0.682549,0.900000,0.023026,-0.455502,0.682549,0.055693,0.754591,0.000000,0.900000,0.754591,129.003429,36.710994,81.988568,0.261131,0,471.48
20260607_204649,3584.543,1,Right,368,96.195652,0.000000,96.195652,0.000000,0.024571,0.011310,0.062948,19,0.000000,0.000000,0.477354,0.902488,0.024631,-0.477354,0.463048,0.164040,0.728121,0.000000,0.902488,0.728121,106.262768,28.557159,60.083478,0.299707,1,471.48
20260607_204649,3589.544,1,Left,373,96.246649,0.000000,96.246649,0.000000,0.012207,0.009861,0.027534,17,0.000000,0.000000,0.682549,0.900000,0.023026,-0.455502,0.682549,0.055693,0.754591,0.000000,0.900000,0.754591,129.003429,36.710994,81.988568,0.261131,0,446.25
20260607_204649,3589.544,1,Right,368,96.195652,0.000000,96.195652,0.000000,0.024571,0.011310,0.062948,19,0.000000,0.000000,0.477354,0.902488,0.024631,-0.477354,0.463048,0.164040,0.728121,0.000000,0.902488,0.728121,106.262768,28.557159,60.083478,0.299707,1,446.25
20260607_204649,3594.547,1,Left,373,96.246649,0.000000,96.246649,0.000000,0.012207,0.009861,0.027534,17,0.000000,0.000000,0.682549,0.900000,0.023026,-0.455502,0.682549,0.055693,0.754591,0.000000,0.900000,0.754591,129.003429,36.710994,81.988568,0.261131,0,433.30
20260607_204649,3594.547,1,Right,368,96.195652,0.000000,96.195652,0.000000,0.024571,0.011310,0.062948,19,0.000000,0.000000,0.477354,0.902488,0.024631,-0.477354,0.463048,0.164040,0.728121,0.000000,0.902488,0.728121,106.262768,28.557159,60.083478,0.299707,1,433.30
20260607_204649,3599.547,1,Left,373,96.246649,0.000000,96.246649,0.000000,0.012207,0.009861,0.027534,17,0.000000,0.000000,0.682549,0.900000,0.023026,-0.455502,0.682549,0.055693,0.754591,0.000000,0.900000,0.754591,129.003429,36.710994,81.988568,0.261131,0,471.69
20260607_204649,3599.547,1,Right,368,96.195652,0.000000,96.195652,0.000000,0.024571,0.011310,0.062948,19,0.000000,0.000000,0.477354,0.902488,0.024631,-0.477354,0.463048,0.164040,0.728121,0.000000,0.902488,0.728121,106.262768,28.557159,60.083478,0.299707,1,471.69
20260607_204649,3604.552,1,Left,373,96.246649,0.000000,96.246649,0.000000,0.012207,0.009861,0.027534,17,0.000000,0.000000,0.682549,0.900000,0.023026,-0.455502,0.682549,0.055693,0.754591,0.000000,0.900000,0.754591,129.003429,36.710994,81.988568,0.261131,0,450.37
20260607_204649,3604.552,1,Right,368,96.195652,0.000000,96.195652,0.000000,0.024571,0.011310,0.062948,19,0.000000,0.000000,0.477354,0.902488,0.024631,-0.477354,0.463048,0.164040,0.728121,0.000000,0.902488,0.728121,106.262768,28.557159,60.083478,0.299707,1,450.37
20260607_204649,3609.559,1,Left,373,96.246649,0.000000,96.246649,0.000000,0.012207,0.009861,0.027534,17,0.000000,0.000000,0.682549,0.900000,0.023026,-0.455502,0.682549,0.055693,0.754591,0.000000,0.900000,0.754591,129.003429,36.710994,81.988568,0.261131,0,441.13
20260607_204649,3609.559,1,Right,368,96.195652,0.000000,96.195652,0.000000,0.024571,0.011310,0.062948,19,0.000000,0.000000,0.477354,0.902488,0.024631,-0.477354,0.463048,0.164040,0.728121,0.000000,0.902488,0.728121,106.262768,28.557159,60.083478,0.299707,1,441.13
20260607_204649,3614.567,1,Left,373,96.246649,0.000000,96.246649,0.000000,0.012207,0.009861,0.027534,17,0.000000,0.000000,0.682549,0.900000,0.023026,-0.455502,0.682549,0.055693,0.754591,0.000000,0.900000,0.754591,129.003429,36.710994,81.988568,0.261131,0,463.66
20260607_204649,3614.567,1,Right,368,96.195652,0.000000,96.195652,0.000000,0.024571,0.011310,0.062948,19,0.000000,0.000000,0.477354,0.902488,0.024631,-0.477354,0.463048,0.164040,0.728121,0.000000,0.902488,0.728121,106.262768,28.557159,60.083478,0.299707,1,463.66
20260607_204649,3619.573,1,Left,373,96.246649,0.000000,96.246649,0.000000,0.012207,0.009861,0.027534,17,0.000000,0.000000,0.682549,0.900000,0.023026,-0.455502,0.682549,0.055693,0.754591,0.000000,0.900000,0.754591,129.003429,36.710994,81.988568,0.261131,0,448.59
20260607_204649,3619.573,1,Right,368,96.195652,0.000000,96.195652,0.000000,0.024571,0.011310,0.062948,19,0.000000,0.000000,0.477354,0.902488,0.024631,-0.477354,0.463048,0.164040,0.728121,0.000000,0.902488,0.728121,106.262768,28.557159,60.083478,0.299707,1,448.59
20260607_204649,3624.583,1,Left,373,96.246649,0.000000,96.246649,0.000000,0.012207,0.009861,0.027534,17,0.000000,0.000000,0.682549,0.900000,0.023026,-0.455502,0.682549,0.055693,0.754591,0.000000,0.900000,0.754591,129.003429,36.710994,81.988568,0.261131,0,459.10
20260607_204649,3624.583,1,Right,368,96.195652,0.000000,96.195652,0.000000,0.024571,0.011310,0.062948,19,0.000000,0.000000,0.477354,0.902488,0.024631,-0.477354,0.463048,0.164040,0.728121,0.000000,0.902488,0.728121,106.262768,28.557159,60.083478,0.299707,1,459.10
20260607_204649,3629.585,1,Left,373,96.246649,0.000000,96.246649,0.000000,0.012207,0.009861,0.027534,17,0.000000,0.000000,0.682549,0.900000,0.023026,-0.455502,0.682549,0.055693,0.754591,0.000000,0.900000,0.754591,129.003429,36.710994,81.988568,0.261131,0,465.10
20260607_204649,3629.585,1,Right,368,96.195652,0.000000,96.195652,0.000000,0.024571,0.011310,0.062948,19,0.000000,0.000000,0.477354,0.902488,0.024631,-0.477354,0.463048,0.164040,0.728121,0.000000,0.902488,0.728121,106.262768,28.557159,60.083478,0.299707,1,465.10
20260607_204649,3634.591,1,Left,373,96.246649,0.000000,96.246649,0.000000,0.012207,0.009861,0.027534,17,0.000000,0.000000,0.682549,0.900000,0.023026,-0.455502,0.682549,0.055693,0.754591,0.000000,0.900000,0.754591,129.003429,36.710994,81.988568,0.261131,0,444.12
20260607_204649,3634.591,1,Right,368,96.195652,0.000000,96.195652,0.000000,0.024571,0.011310,0.062948,19,0.000000,0.000000,0.477354,0.902488,0.024631,-0.477354,0.463048,0.164040,0.728121,0.000000,0.902488,0.728121,106.262768,28.557159,60.083478,0.299707,1,444.12
20260607_204649,3639.598,1,Left,373,96.246649,0.000000,96.246649,0.000000,0.012207,0.009861,0.027534,17,0.000000,0.000000,0.682549,0.900000,0.023026,-0.455502,0.682549,0.055693,0.754591,0.000000,0.900000,0.754591,129.003429,36.710994,81.988568,0.261131,0,449.79
20260607_204649,3639.598,1,Right,368,96.195652,0.000000,96.195652,0.000000,0.024571,0.011310,0.062948,19,0.000000,0.000000,0.477354,0.902488,0.024631,-0.477354,0.463048,0.164040,0.728121,0.000000,0.902488,0.728121,106.262768,28.557159,60.083478,0.299707,1,449.79
20260607_204649,3644.605,1,Left,373,96.246649,0.000000,96.246649,0.000000,0.012207,0.009861,0.027534,17,0.000000,0.000000,0.682549,0.900000,0.023026,-0.455502,0.682549,0.055693,0.754591,0.000000,0.900000,0.754591,129.003429,36.710994,81.988568,0.261131,0,460.86
20260607_204649,3644.605,1,Right,368,96.195652,0.000000,96.195652,0.000000,0.024571,0.011310,0.062948,19,0.000000,0.000000,0.477354,0.902488,0.024631,-0.477354,0.463048,0.164040,0.728121,0.000000,0.902488,0.728121,106.262768,28.557159,60.083478,0.299707,1,460.86
20260607_204649,3649.608,1,Left,373,96.246649,0.000000,96.246649,0.000000,0.012207,0.009861,0.027534,17,0.000000,0.000000,0.682549,0.900000,0.023026,-0.455502,0.682549,0.055693,0.754591,0.000000,0.900000,0.754591,129.003429,36.710994,81.988568,0.261131,0,453.98
20260607_204649,3649.608,1,Right,368,96.195652,0.000000,96.195652,0.000000,0.024571,0.011310,0.062948,19,0.000000,0.000000,0.477354,0.902488,0.024631,-0.477354,0.463048,0.164040,0.728121,0.000000,0.902488,0.728121,106.262768,28.557159,60.083478,0.299707,1,453.98
20260607_204649,3654.613,1,Left,373,96.246649,0.000000,96.246649,0.000000,0.012207,0.009861,0.027534,17,0.000000,0.000000,0.682549,0.900000,0.023026,-0.455502,0.682549,0.055693,0.754591,0.000000,0.900000,0.754591,129.003429,36.710994,81.988568,0.261131,0,447.15
20260607_204649,3654.613,1,Right,368,96.195652,0.000000,96.195652,0.000000,0.024571,0.011310,0.062948,19,0.000000,0.000000,0.477354,0.902488,0.024631,-0.477354,0.463048,0.164040,0.728121,0.000000,0.902488,0.728121,106.262768,28.557159,60.083478,0.299707,1,447.15
20260607_204649,3659.620,1,Left,373,96.246649,0.000000,96.246649,0.000000,0.012207,0.009861,0.027534,17,0.000000,0.000000,0.682549,0.900000,0.023026,-0.455502,0.682549,0.055693,0.754591,0.000000,0.900000,0.754591,129.003429,36.710994,81.988568,0.261131,0,468.43
20260607_204649,3659.620,1,Right,368,96.195652,0.000000,96.195652,0.000000,0.024571,0.011310,0.062948,19,0.000000,0.000000,0.477354,0.902488,0.024631,-0.477354,0.463048,0.164040,0.728121,0.000000,0.902488,0.728121,106.262768,28.557159,60.083478,0.299707,1,468.43
20260607_204649,3664.627,1,Left,373,96.246649,0.000000,96.246649,0.000000,0.012207,0.009861,0.027534,17,0.000000,0.000000,0.682549,0.900000,0.023026,-0.455502,0.682549,0.055693,0.754591,0.000000,0.900000,0.754591,129.003429,36.710994,81.988568,0.261131,0,466.14
20260607_204649,3664.627,1,Right,368,96.195652,0.000000,96.195652,0.000000,0.024571,0.011310,0.062948,19,0.000000,0.000000,0.477354,0.902488,0.024631,-0.477354,0.463048,0.164040,0.728121,0.000000,0.902488,0.728121,106.262768,28.557159,60.083478,0.299707,1,466.14
20260607_204649,3669.630,1,Left,373,96.246649,0.000000,96.246649,0.000000,0.012207,0.009861,0.027534,17,0.000000,0.000000,0.682549,0.900000,0.023026,-0.455502,0.682549,0.055693,0.754591,0.000000,0.900000,0.754591,129.003429,36.710994,81.988568,0.261131,0,443.23
20260607_204649,3669.630,1,Right,368,96.195652,0.000000,96.195652,0.000000,0.024571,0.011310,0.062948,19,0.000000,0.000000,0.477354,0.902488,0.024631,-0.477354,0.463048,0.164040,0.728121,0.000000,0.902488,0.728121,106.262768,28.557159,60.083478,0.299707,1,443.23
20260607_204649,3674.633,1,Left,373,96.246649,0.000000,96.246649,0.000000,0.012207,0.009861,0.027534,17,0.000000,0.000000,0.682549,0.900000,0.023026,-0.455502,0.682549,0.055693,0.754591,0.000000,0.900000,0.754591,129.003429,36.710994,81.988568,0.261131,0,447.87
20260607_204649,3674.633,1,Right,368,96.195652,0.000000,96.195652,0.000000,0.024571,0.011310,0.062948,19,0.000000,0.000000,0.477354,0.902488,0.024631,-0.477354,0.463048,0.164040,0.728121,0.000000,0.902488,0.728121,106.262768,28.557159,60.083478,0.299707,1,447.87
20260607_204649,3679.644,1,Left,373,96.246649,0.000000,96.246649,0.000000,0.012207,0.009861,0.027534,17,0.000000,0.000000,0.682549,0.900000,0.023026,-0.455502,0.682549,0.055693,0.754591,0.000000,0.900000,0.754591,129.003429,36.710994,81.988568,0.261131,0,462.23
20260607_204649,3679.644,1,Right,368,96.195652,0.000000,96.195652,0.000000,0.024571,0.011310,0.062948,19,0.000000,0.000000,0.477354,0.902488,0.024631,-0.477354,0.463048,0.164040,0.728121,0.000000,0.902488,0.728121,106.262768,28.557159,60.083478,0.299707,1,462.23
20260607_204649,3684.649,1,Left,373,96.246649,0.000000,96.246649,0.000000,0.012207,0.009861,0.027534,17,0.000000,0.000000,0.682549,0.900000,0.023026,-0.455502,0.682549,0.055693,0.754591,0.000000,0.900000,0.754591,129.003429,36.710994,81.988568,0.261131,0,465.62
20260607_204649,3684.649,1,Right,368,96.195652,0.000000,96.195652,0.000000,0.024571,0.011310,0.062948,19,0.000000,0.000000,0.477354,0.902488,0.024631,-0.477354,0.463048,0.164040,0.728121,0.000000,0.902488,0.728121,106.262768,28.557159,60.083478,0.299707,1,465.62
20260607_204649,3689.650,1,Left,373,96.246649,0.000000,96.246649,0.000000,0.012207,0.009861,0.027534,17,0.000000,0.000000,0.682549,0.900000,0.023026,-0.455502,0.682549,0.055693,0.754591,0.000000,0.900000,0.754591,129.003429,36.710994,81.988568,0.261131,0,461.01
20260607_204649,3689.650,1,Right,368,96.195652,0.000000,96.195652,0.000000,0.024571,0.011310,0.062948,19,0.000000,0.000000,0.477354,0.902488,0.024631,-0.477354,0.463048,0.164040,0.728121,0.000000,0.902488,0.728121,106.262768,28.557159,60.083478,0.299707,1,461.01
20260607_204649,3694.658,1,Left,373,96.246649,0.000000,96.246649,0.000000,0.012207,0.009861,0.027534,17,0.000000,0.000000,0.682549,0.900000,0.023026,-0.455502,0.682549,0.055693,0.754591,0.000000,0.900000,0.754591,129.003429,36.710994,81.988568,0.261131,0,443.70
20260607_204649,3694.658,1,Right,368,96.195652,0.000000,96.195652,0.000000,0.024571,0.011310,0.062948,19,0.000000,0.000000,0.477354,0.902488,0.024631,-0.477354,0.463048,0.164040,0.728121,0.000000,0.902488,0.728121,106.262768,28.557159,60.083478,0.299707,1,443.70
20260607_204649,3699.659,1,Left,373,96.246649,0.000000,96.246649,0.000000,0.012207,0.009861,0.027534,17,0.000000,0.000000,0.682549,0.900000,0.023026,-0.455502,0.682549,0.055693,0.754591,0.000000,0.900000,0.754591,129.003429,36.710994,81.988568,0.261131,0,459.25
20260607_204649,3699.659,1,Right,368,96.195652,0.000000,96.195652,0.000000,0.024571,0.011310,0.062948,19,0.000000,0.000000,0.477354,0.902488,0.024631,-0.477354,0.463048,0.164040,0.728121,0.000000,0.902488,0.728121,106.262768,28.557159,60.083478,0.299707,1,459.25
20260607_204649,3704.671,1,Left,373,96.246649,0.000000,96.246649,0.000000,0.012207,0.009861,0.027534,17,0.000000,0.000000,0.682549,0.900000,0.023026,-0.455502,0.682549,0.055693,0.754591,0.000000,0.900000,0.754591,129.003429,36.710994,81.988568,0.261131,0,461.88
20260607_204649,3704.671,1,Right,368,96.195652,0.000000,96.195652,0.000000,0.024571,0.011310,0.062948,19,0.000000,0.000000,0.477354,0.902488,0.024631,-0.477354,0.463048,0.164040,0.728121,0.000000,0.902488,0.728121,106.262768,28.557159,60.083478,0.299707,1,461.88
20260607_204649,3709.676,1,Left,373,96.246649,0.000000,96.246649,0.000000,0.012207,0.009861,0.027534,17,0.000000,0.000000,0.682549,0.900000,0.023026,-0.455502,0.682549,0.055693,0.754591,0.000000,0.900000,0.754591,129.003429,36.710994,81.988568,0.261131,0,420.73
20260607_204649,3709.676,1,Right,368,96.195652,0.000000,96.195652,0.000000,0.024571,0.011310,0.062948,19,0.000000,0.000000,0.477354,0.902488,0.024631,-0.477354,0.463048,0.164040,0.728121,0.000000,0.902488,0.728121,106.262768,28.557159,60.083478,0.299707,1,420.73
20260607_204649,3714.682,1,Left,373,96.246649,0.000000,96.246649,0.000000,0.012207,0.009861,0.027534,17,0.000000,0.000000,0.682549,0.900000,0.023026,-0.455502,0.682549,0.055693,0.754591,0.000000,0.900000,0.754591,129.003429,36.710994,81.988568,0.261131,0,449.79
20260607_204649,3714.682,1,Right,368,96.195652,0.000000,96.195652,0.000000,0.024571,0.011310,0.062948,19,0.000000,0.000000,0.477354,0.902488,0.024631,-0.477354,0.463048,0.164040,0.728121,0.000000,0.902488,0.728121,106.262768,28.557159,60.083478,0.299707,1,449.79
20260607_204649,3719.692,1,Left,373,96.246649,0.000000,96.246649,0.000000,0.012207,0.009861,0.027534,17,0.000000,0.000000,0.682549,0.900000,0.023026,-0.455502,0.682549,0.055693,0.754591,0.000000,0.900000,0.754591,129.003429,36.710994,81.988568,0.261131,0,458.19
20260607_204649,3719.692,1,Right,368,96.195652,0.000000,96.195652,0.000000,0.024571,0.011310,0.062948,19,0.000000,0.000000,0.477354,0.902488,0.024631,-0.477354,0.463048,0.164040,0.728121,0.000000,0.902488,0.728121,106.262768,28.557159,60.083478,0.299707,1,458.19
20260607_204649,3724.702,1,Left,373,96.246649,0.000000,96.246649,0.000000,0.012207,0.009861,0.027534,17,0.000000,0.000000,0.682549,0.900000,0.023026,-0.455502,0.682549,0.055693,0.754591,0.000000,0.900000,0.754591,129.003429,36.710994,81.988568,0.261131,0,468.69
20260607_204649,3724.702,1,Right,368,96.195652,0.000000,96.195652,0.000000,0.024571,0.011310,0.062948,19,0.000000,0.000000,0.477354,0.902488,0.024631,-0.477354,0.463048,0.164040,0.728121,0.000000,0.902488,0.728121,106.262768,28.557159,60.083478,0.299707,1,468.69
20260607_204649,3729.705,1,Left,373,96.246649,0.000000,96.246649,0.000000,0.012207,0.009861,0.027534,17,0.000000,0.000000,0.682549,0.900000,0.023026,-0.455502,0.682549,0.055693,0.754591,0.000000,0.900000,0.754591,129.003429,36.710994,81.988568,0.261131,0,457.00
20260607_204649,3729.705,1,Right,368,96.195652,0.000000,96.195652,0.000000,0.024571,0.011310,0.062948,19,0.000000,0.000000,0.477354,0.902488,0.024631,-0.477354,0.463048,0.164040,0.728121,0.000000,0.902488,0.728121,106.262768,28.557159,60.083478,0.299707,1,457.00
20260607_204649,3734.706,1,Left,373,96.246649,0.000000,96.246649,0.000000,0.012207,0.009861,0.027534,17,0.000000,0.000000,0.682549,0.900000,0.023026,-0.455502,0.682549,0.055693,0.754591,0.000000,0.900000,0.754591,129.003429,36.710994,81.988568,0.261131,0,462.18
20260607_204649,3734.706,1,Right,368,96.195652,0.000000,96.195652,0.000000,0.024571,0.011310,0.062948,19,0.000000,0.000000,0.477354,0.902488,0.024631,-0.477354,0.463048,0.164040,0.728121,0.000000,0.902488,0.728121,106.262768,28.557159,60.083478,0.299707,1,462.18
20260607_204649,3739.713,1,Left,373,96.246649,0.000000,96.246649,0.000000,0.012207,0.009861,0.027534,17,0.000000,0.000000,0.682549,0.900000,0.023026,-0.455502,0.682549,0.055693,0.754591,0.000000,0.900000,0.754591,129.003429,36.710994,81.988568,0.261131,0,468.01
20260607_204649,3739.713,1,Right,368,96.195652,0.000000,96.195652,0.000000,0.024571,0.011310,0.062948,19,0.000000,0.000000,0.477354,0.902488,0.024631,-0.477354,0.463048,0.164040,0.728121,0.000000,0.902488,0.728121,106.262768,28.557159,60.083478,0.299707,1,468.01
20260607_204649,3744.718,1,Left,373,96.246649,0.000000,96.246649,0.000000,0.012207,0.009861,0.027534,17,0.000000,0.000000,0.682549,0.900000,0.023026,-0.455502,0.682549,0.055693,0.754591,0.000000,0.900000,0.754591,129.003429,36.710994,81.988568,0.261131,0,459.45
20260607_204649,3744.718,1,Right,368,96.195652,0.000000,96.195652,0.000000,0.024571,0.011310,0.062948,19,0.000000,0.000000,0.477354,0.902488,0.024631,-0.477354,0.463048,0.164040,0.728121,0.000000,0.902488,0.728121,106.262768,28.557159,60.083478,0.299707,1,459.45
20260607_204649,3749.722,1,Left,373,96.246649,0.000000,96.246649,0.000000,0.012207,0.009861,0.027534,17,0.000000,0.000000,0.682549,0.900000,0.023026,-0.455502,0.682549,0.055693,0.754591,0.000000,0.900000,0.754591,129.003429,36.710994,81.988568,0.261131,0,469.69
20260607_204649,3749.722,1,Right,368,96.195652,0.000000,96.195652,0.000000,0.024571,0.011310,0.062948,19,0.000000,0.000000,0.477354,0.902488,0.024631,-0.477354,0.463048,0.164040,0.728121,0.000000,0.902488,0.728121,106.262768,28.557159,60.083478,0.299707,1,469.69
20260607_204649,3754.725,1,Left,373,96.246649,0.000000,96.246649,0.000000,0.012207,0.009861,0.027534,17,0.000000,0.000000,0.682549,0.900000,0.023026,-0.455502,0.682549,0.055693,0.754591,0.000000,0.900000,0.754591,129.003429,36.710994,81.988568,0.261131,0,450.23
20260607_204649,3754.725,1,Right,368,96.195652,0.000000,96.195652,0.000000,0.024571,0.011310,0.062948,19,0.000000,0.000000,0.477354,0.902488,0.024631,-0.477354,0.463048,0.164040,0.728121,0.000000,0.902488,0.728121,106.262768,28.557159,60.083478,0.299707,1,450.23
20260607_204649,3759.732,1,Left,373,96.246649,0.000000,96.246649,0.000000,0.012207,0.009861,0.027534,17,0.000000,0.000000,0.682549,0.900000,0.023026,-0.455502,0.682549,0.055693,0.754591,0.000000,0.900000,0.754591,129.003429,36.710994,81.988568,0.261131,0,447.54
20260607_204649,3759.732,1,Right,368,96.195652,0.000000,96.195652,0.000000,0.024571,0.011310,0.062948,19,0.000000,0.000000,0.477354,0.902488,0.024631,-0.477354,0.463048,0.164040,0.728121,0.000000,0.902488,0.728121,106.262768,28.557159,60.083478,0.299707,1,447.54
20260607_204649,3764.733,1,Left,373,96.246649,0.000000,96.246649,0.000000,0.012207,0.009861,0.027534,17,0.000000,0.000000,0.682549,0.900000,0.023026,-0.455502,0.682549,0.055693,0.754591,0.000000,0.900000,0.754591,129.003429,36.710994,81.988568,0.261131,0,443.37
20260607_204649,3764.733,1,Right,368,96.195652,0.000000,96.195652,0.000000,0.024571,0.011310,0.062948,19,0.000000,0.000000,0.477354,0.902488,0.024631,-0.477354,0.463048,0.164040,0.728121,0.000000,0.902488,0.728121,106.262768,28.557159,60.083478,0.299707,1,443.37
20260607_204649,3769.743,1,Left,373,96.246649,0.000000,96.246649,0.000000,0.012207,0.009861,0.027534,17,0.000000,0.000000,0.682549,0.900000,0.023026,-0.455502,0.682549,0.055693,0.754591,0.000000,0.900000,0.754591,129.003429,36.710994,81.988568,0.261131,0,460.15
20260607_204649,3769.743,1,Right,368,96.195652,0.000000,96.195652,0.000000,0.024571,0.011310,0.062948,19,0.000000,0.000000,0.477354,0.902488,0.024631,-0.477354,0.463048,0.164040,0.728121,0.000000,0.902488,0.728121,106.262768,28.557159,60.083478,0.299707,1,460.15
20260607_204649,3774.747,1,Left,373,96.246649,0.000000,96.246649,0.000000,0.012207,0.009861,0.027534,17,0.000000,0.000000,0.682549,0.900000,0.023026,-0.455502,0.682549,0.055693,0.754591,0.000000,0.900000,0.754591,129.003429,36.710994,81.988568,0.261131,0,443.89
20260607_204649,3774.747,1,Right,368,96.195652,0.000000,96.195652,0.000000,0.024571,0.011310,0.062948,19,0.000000,0.000000,0.477354,0.902488,0.024631,-0.477354,0.463048,0.164040,0.728121,0.000000,0.902488,0.728121,106.262768,28.557159,60.083478,0.299707,1,443.89
20260607_204649,3779.754,1,Left,373,96.246649,0.000000,96.246649,0.000000,0.012207,0.009861,0.027534,17,0.000000,0.000000,0.682549,0.900000,0.023026,-0.455502,0.682549,0.055693,0.754591,0.000000,0.900000,0.754591,129.003429,36.710994,81.988568,0.261131,0,442.02
20260607_204649,3779.754,1,Right,368,96.195652,0.000000,96.195652,0.000000,0.024571,0.011310,0.062948,19,0.000000,0.000000,0.477354,0.902488,0.024631,-0.477354,0.463048,0.164040,0.728121,0.000000,0.902488,0.728121,106.262768,28.557159,60.083478,0.299707,1,442.02
20260607_204649,3784.762,1,Left,373,96.246649,0.000000,96.246649,0.000000,0.012207,0.009861,0.027534,17,0.000000,0.000000,0.682549,0.900000,0.023026,-0.455502,0.682549,0.055693,0.754591,0.000000,0.900000,0.754591,129.003429,36.710994,81.988568,0.261131,0,458.64
20260607_204649,3784.762,1,Right,368,96.195652,0.000000,96.195652,0.000000,0.024571,0.011310,0.062948,19,0.000000,0.000000,0.477354,0.902488,0.024631,-0.477354,0.463048,0.164040,0.728121,0.000000,0.902488,0.728121,106.262768,28.557159,60.083478,0.299707,1,458.64
20260607_204649,3789.770,1,Left,373,96.246649,0.000000,96.246649,0.000000,0.012207,0.009861,0.027534,17,0.000000,0.000000,0.682549,0.900000,0.023026,-0.455502,0.682549,0.055693,0.754591,0.000000,0.900000,0.754591,129.003429,36.710994,81.988568,0.261131,0,456.65
20260607_204649,3789.770,1,Right,368,96.195652,0.000000,96.195652,0.000000,0.024571,0.011310,0.062948,19,0.000000,0.000000,0.477354,0.902488,0.024631,-0.477354,0.463048,0.164040,0.728121,0.000000,0.902488,0.728121,106.262768,28.557159,60.083478,0.299707,1,456.65
20260607_204649,3794.781,1,Left,373,96.246649,0.000000,96.246649,0.000000,0.012207,0.009861,0.027534,17,0.000000,0.000000,0.682549,0.900000,0.023026,-0.455502,0.682549,0.055693,0.754591,0.000000,0.900000,0.754591,129.003429,36.710994,81.988568,0.261131,0,442.86
20260607_204649,3794.781,1,Right,368,96.195652,0.000000,96.195652,0.000000,0.024571,0.011310,0.062948,19,0.000000,0.000000,0.477354,0.902488,0.024631,-0.477354,0.463048,0.164040,0.728121,0.000000,0.902488,0.728121,106.262768,28.557159,60.083478,0.299707,1,442.86
20260607_204649,3799.783,1,Left,373,96.246649,0.000000,96.246649,0.000000,0.012207,0.009861,0.027534,17,0.000000,0.000000,0.682549,0.900000,0.023026,-0.455502,0.682549,0.055693,0.754591,0.000000,0.900000,0.754591,129.003429,36.710994,81.988568,0.261131,0,461.62
20260607_204649,3799.783,1,Right,368,96.195652,0.000000,96.195652,0.000000,0.024571,0.011310,0.062948,19,0.000000,0.000000,0.477354,0.902488,0.024631,-0.477354,0.463048,0.164040,0.728121,0.000000,0.902488,0.728121,106.262768,28.557159,60.083478,0.299707,1,461.62
20260607_204649,3804.791,1,Left,373,96.246649,0.000000,96.246649,0.000000,0.012207,0.009861,0.027534,17,0.000000,0.000000,0.682549,0.900000,0.023026,-0.455502,0.682549,0.055693,0.754591,0.000000,0.900000,0.754591,129.003429,36.710994,81.988568,0.261131,0,455.61
20260607_204649,3804.791,1,Right,368,96.195652,0.000000,96.195652,0.000000,0.024571,0.011310,0.062948,19,0.000000,0.000000,0.477354,0.902488,0.024631,-0.477354,0.463048,0.164040,0.728121,0.000000,0.902488,0.728121,106.262768,28.557159,60.083478,0.299707,1,455.61
20260607_204649,3809.802,1,Left,373,96.246649,0.000000,96.246649,0.000000,0.012207,0.009861,0.027534,17,0.000000,0.000000,0.682549,0.900000,0.023026,-0.455502,0.682549,0.055693,0.754591,0.000000,0.900000,0.754591,129.003429,36.710994,81.988568,0.261131,0,453.00
20260607_204649,3809.802,1,Right,368,96.195652,0.000000,96.195652,0.000000,0.024571,0.011310,0.062948,19,0.000000,0.000000,0.477354,0.902488,0.024631,-0.477354,0.463048,0.164040,0.728121,0.000000,0.902488,0.728121,106.262768,28.557159,60.083478,0.299707,1,453.00
20260607_204649,3814.808,1,Left,373,96.246649,0.000000,96.246649,0.000000,0.012207,0.009861,0.027534,17,0.000000,0.000000,0.682549,0.900000,0.023026,-0.455502,0.682549,0.055693,0.754591,0.000000,0.900000,0.754591,129.003429,36.710994,81.988568,0.261131,0,454.77
20260607_204649,3814.808,1,Right,368,96.195652,0.000000,96.195652,0.000000,0.024571,0.011310,0.062948,19,0.000000,0.000000,0.477354,0.902488,0.024631,-0.477354,0.463048,0.164040,0.728121,0.000000,0.902488,0.728121,106.262768,28.557159,60.083478,0.299707,1,454.77
20260607_204649,3819.818,1,Left,373,96.246649,0.000000,96.246649,0.000000,0.012207,0.009861,0.027534,17,0.000000,0.000000,0.682549,0.900000,0.023026,-0.455502,0.682549,0.055693,0.754591,0.000000,0.900000,0.754591,129.003429,36.710994,81.988568,0.261131,0,441.51
20260607_204649,3819.818,1,Right,368,96.195652,0.000000,96.195652,0.000000,0.024571,0.011310,0.062948,19,0.000000,0.000000,0.477354,0.902488,0.024631,-0.477354,0.463048,0.164040,0.728121,0.000000,0.902488,0.728121,106.262768,28.557159,60.083478,0.299707,1,441.51
20260607_204649,3824.820,1,Left,373,96.246649,0.000000,96.246649,0.000000,0.012207,0.009861,0.027534,17,0.000000,0.000000,0.682549,0.900000,0.023026,-0.455502,0.682549,0.055693,0.754591,0.000000,0.900000,0.754591,129.003429,36.710994,81.988568,0.261131,0,421.37
20260607_204649,3824.820,1,Right,368,96.195652,0.000000,96.195652,0.000000,0.024571,0.011310,0.062948,19,0.000000,0.000000,0.477354,0.902488,0.024631,-0.477354,0.463048,0.164040,0.728121,0.000000,0.902488,0.728121,106.262768,28.557159,60.083478,0.299707,1,421.37
20260607_204649,3829.826,1,Left,373,96.246649,0.000000,96.246649,0.000000,0.012207,0.009861,0.027534,17,0.000000,0.000000,0.682549,0.900000,0.023026,-0.455502,0.682549,0.055693,0.754591,0.000000,0.900000,0.754591,129.003429,36.710994,81.988568,0.261131,0,459.20
20260607_204649,3829.826,1,Right,368,96.195652,0.000000,96.195652,0.000000,0.024571,0.011310,0.062948,19,0.000000,0.000000,0.477354,0.902488,0.024631,-0.477354,0.463048,0.164040,0.728121,0.000000,0.902488,0.728121,106.262768,28.557159,60.083478,0.299707,1,459.20
20260607_204649,3834.836,1,Left,373,96.246649,0.000000,96.246649,0.000000,0.012207,0.009861,0.027534,17,0.000000,0.000000,0.682549,0.900000,0.023026,-0.455502,0.682549,0.055693,0.754591,0.000000,0.900000,0.754591,129.003429,36.710994,81.988568,0.261131,0,476.68
20260607_204649,3834.836,1,Right,368,96.195652,0.000000,96.195652,0.000000,0.024571,0.011310,0.062948,19,0.000000,0.000000,0.477354,0.902488,0.024631,-0.477354,0.463048,0.164040,0.728121,0.000000,0.902488,0.728121,106.262768,28.557159,60.083478,0.299707,1,476.68
20260607_204649,3839.841,1,Left,373,96.246649,0.000000,96.246649,0.000000,0.012207,0.009861,0.027534,17,0.000000,0.000000,0.682549,0.900000,0.023026,-0.455502,0.682549,0.055693,0.754591,0.000000,0.900000,0.754591,129.003429,36.710994,81.988568,0.261131,0,430.49
20260607_204649,3839.841,1,Right,368,96.195652,0.000000,96.195652,0.000000,0.024571,0.011310,0.062948,19,0.000000,0.000000,0.477354,0.902488,0.024631,-0.477354,0.463048,0.164040,0.728121,0.000000,0.902488,0.728121,106.262768,28.557159,60.083478,0.299707,1,430.49
20260607_204649,3844.852,1,Left,373,96.246649,0.000000,96.246649,0.000000,0.012207,0.009861,0.027534,17,0.000000,0.000000,0.682549,0.900000,0.023026,-0.455502,0.682549,0.055693,0.754591,0.000000,0.900000,0.754591,129.003429,36.710994,81.988568,0.261131,0,459.60
20260607_204649,3844.852,1,Right,368,96.195652,0.000000,96.195652,0.000000,0.024571,0.011310,0.062948,19,0.000000,0.000000,0.477354,0.902488,0.024631,-0.477354,0.463048,0.164040,0.728121,0.000000,0.902488,0.728121,106.262768,28.557159,60.083478,0.299707,1,459.60
20260607_204649,3849.857,1,Left,373,96.246649,0.000000,96.246649,0.000000,0.012207,0.009861,0.027534,17,0.000000,0.000000,0.682549,0.900000,0.023026,-0.455502,0.682549,0.055693,0.754591,0.000000,0.900000,0.754591,129.003429,36.710994,81.988568,0.261131,0,455.36
20260607_204649,3849.857,1,Right,368,96.195652,0.000000,96.195652,0.000000,0.024571,0.011310,0.062948,19,0.000000,0.000000,0.477354,0.902488,0.024631,-0.477354,0.463048,0.164040,0.728121,0.000000,0.902488,0.728121,106.262768,28.557159,60.083478,0.299707,1,455.36
20260607_204649,3854.867,1,Left,373,96.246649,0.000000,96.246649,0.000000,0.012207,0.009861,0.027534,17,0.000000,0.000000,0.682549,0.900000,0.023026,-0.455502,0.682549,0.055693,0.754591,0.000000,0.900000,0.754591,129.003429,36.710994,81.988568,0.261131,0,453.49
20260607_204649,3854.867,1,Right,368,96.195652,0.000000,96.195652,0.000000,0.024571,0.011310,0.062948,19,0.000000,0.000000,0.477354,0.902488,0.024631,-0.477354,0.463048,0.164040,0.728121,0.000000,0.902488,0.728121,106.262768,28.557159,60.083478,0.299707,1,453.49
20260607_204649,3859.878,1,Left,373,96.246649,0.000000,96.246649,0.000000,0.012207,0.009861,0.027534,17,0.000000,0.000000,0.682549,0.900000,0.023026,-0.455502,0.682549,0.055693,0.754591,0.000000,0.900000,0.754591,129.003429,36.710994,81.988568,0.261131,0,463.41
20260607_204649,3859.878,1,Right,368,96.195652,0.000000,96.195652,0.000000,0.024571,0.011310,0.062948,19,0.000000,0.000000,0.477354,0.902488,0.024631,-0.477354,0.463048,0.164040,0.728121,0.000000,0.902488,0.728121,106.262768,28.557159,60.083478,0.299707,1,463.41
20260607_204649,3864.886,1,Left,373,96.246649,0.000000,96.246649,0.000000,0.012207,0.009861,0.027534,17,0.000000,0.000000,0.682549,0.900000,0.023026,-0.455502,0.682549,0.055693,0.754591,0.000000,0.900000,0.754591,129.003429,36.710994,81.988568,0.261131,0,454.57
20260607_204649,3864.886,1,Right,368,96.195652,0.000000,96.195652,0.000000,0.024571,0.011310,0.062948,19,0.000000,0.000000,0.477354,0.902488,0.024631,-0.477354,0.463048,0.164040,0.728121,0.000000,0.902488,0.728121,106.262768,28.557159,60.083478,0.299707,1,454.57
20260607_204649,3869.894,1,Left,373,96.246649,0.000000,96.246649,0.000000,0.012207,0.009861,0.027534,17,0.000000,0.000000,0.682549,0.900000,0.023026,-0.455502,0.682549,0.055693,0.754591,0.000000,0.900000,0.754591,129.003429,36.710994,81.988568,0.261131,0,460.61
20260607_204649,3869.894,1,Right,368,96.195652,0.000000,96.195652,0.000000,0.024571,0.011310,0.062948,19,0.000000,0.000000,0.477354,0.902488,0.024631,-0.477354,0.463048,0.164040,0.728121,0.000000,0.902488,0.728121,106.262768,28.557159,60.083478,0.299707,1,460.61
20260607_204649,3874.906,1,Left,373,96.246649,0.000000,96.246649,0.000000,0.012207,0.009861,0.027534,17,0.000000,0.000000,0.682549,0.900000,0.023026,-0.455502,0.682549,0.055693,0.754591,0.000000,0.900000,0.754591,129.003429,36.710994,81.988568,0.261131,0,462.54
20260607_204649,3874.906,1,Right,368,96.195652,0.000000,96.195652,0.000000,0.024571,0.011310,0.062948,19,0.000000,0.000000,0.477354,0.902488,0.024631,-0.477354,0.463048,0.164040,0.728121,0.000000,0.902488,0.728121,106.262768,28.557159,60.083478,0.299707,1,462.54
20260607_204649,3879.913,1,Left,373,96.246649,0.000000,96.246649,0.000000,0.012207,0.009861,0.027534,17,0.000000,0.000000,0.682549,0.900000,0.023026,-0.455502,0.682549,0.055693,0.754591,0.000000,0.900000,0.754591,129.003429,36.710994,81.988568,0.261131,0,461.37
20260607_204649,3879.913,1,Right,368,96.195652,0.000000,96.195652,0.000000,0.024571,0.011310,0.062948,19,0.000000,0.000000,0.477354,0.902488,0.024631,-0.477354,0.463048,0.164040,0.728121,0.000000,0.902488,0.728121,106.262768,28.557159,60.083478,0.299707,1,461.37
20260607_204649,3884.923,1,Left,373,96.246649,0.000000,96.246649,0.000000,0.012207,0.009861,0.027534,17,0.000000,0.000000,0.682549,0.900000,0.023026,-0.455502,0.682549,0.055693,0.754591,0.000000,0.900000,0.754591,129.003429,36.710994,81.988568,0.261131,0,452.95
20260607_204649,3884.923,1,Right,368,96.195652,0.000000,96.195652,0.000000,0.024571,0.011310,0.062948,19,0.000000,0.000000,0.477354,0.902488,0.024631,-0.477354,0.463048,0.164040,0.728121,0.000000,0.902488,0.728121,106.262768,28.557159,60.083478,0.299707,1,452.95
20260607_204649,3889.935,1,Left,373,96.246649,0.000000,96.246649,0.000000,0.012207,0.009861,0.027534,17,0.000000,0.000000,0.682549,0.900000,0.023026,-0.455502,0.682549,0.055693,0.754591,0.000000,0.900000,0.754591,129.003429,36.710994,81.988568,0.261131,0,441.65
20260607_204649,3889.935,1,Right,368,96.195652,0.000000,96.195652,0.000000,0.024571,0.011310,0.062948,19,0.000000,0.000000,0.477354,0.902488,0.024631,-0.477354,0.463048,0.164040,0.728121,0.000000,0.902488,0.728121,106.262768,28.557159,60.083478,0.299707,1,441.65
20260607_204649,3894.937,1,Left,373,96.246649,0.000000,96.246649,0.000000,0.012207,0.009861,0.027534,17,0.000000,0.000000,0.682549,0.900000,0.023026,-0.455502,0.682549,0.055693,0.754591,0.000000,0.900000,0.754591,129.003429,36.710994,81.988568,0.261131,0,457.05
20260607_204649,3894.937,1,Right,368,96.195652,0.000000,96.195652,0.000000,0.024571,0.011310,0.062948,19,0.000000,0.000000,0.477354,0.902488,0.024631,-0.477354,0.463048,0.164040,0.728121,0.000000,0.902488,0.728121,106.262768,28.557159,60.083478,0.299707,1,457.05
20260607_204649,3899.947,1,Left,373,96.246649,0.000000,96.246649,0.000000,0.012207,0.009861,0.027534,17,0.000000,0.000000,0.682549,0.900000,0.023026,-0.455502,0.682549,0.055693,0.754591,0.000000,0.900000,0.754591,129.003429,36.710994,81.988568,0.261131,0,459.45
20260607_204649,3899.947,1,Right,368,96.195652,0.000000,96.195652,0.000000,0.024571,0.011310,0.062948,19,0.000000,0.000000,0.477354,0.902488,0.024631,-0.477354,0.463048,0.164040,0.728121,0.000000,0.902488,0.728121,106.262768,28.557159,60.083478,0.299707,1,459.45
20260607_204649,3904.951,1,Left,373,96.246649,0.000000,96.246649,0.000000,0.012207,0.009861,0.027534,17,0.000000,0.000000,0.682549,0.900000,0.023026,-0.455502,0.682549,0.055693,0.754591,0.000000,0.900000,0.754591,129.003429,36.710994,81.988568,0.261131,0,409.24
20260607_204649,3904.951,1,Right,368,96.195652,0.000000,96.195652,0.000000,0.024571,0.011310,0.062948,19,0.000000,0.000000,0.477354,0.902488,0.024631,-0.477354,0.463048,0.164040,0.728121,0.000000,0.902488,0.728121,106.262768,28.557159,60.083478,0.299707,1,409.24
20260607_204649,3909.954,1,Left,373,96.246649,0.000000,96.246649,0.000000,0.012207,0.009861,0.027534,17,0.000000,0.000000,0.682549,0.900000,0.023026,-0.455502,0.682549,0.055693,0.754591,0.000000,0.900000,0.754591,129.003429,36.710994,81.988568,0.261131,0,453.19
20260607_204649,3909.954,1,Right,368,96.195652,0.000000,96.195652,0.000000,0.024571,0.011310,0.062948,19,0.000000,0.000000,0.477354,0.902488,0.024631,-0.477354,0.463048,0.164040,0.728121,0.000000,0.902488,0.728121,106.262768,28.557159,60.083478,0.299707,1,453.19
20260607_204649,3914.956,1,Left,373,96.246649,0.000000,96.246649,0.000000,0.012207,0.009861,0.027534,17,0.000000,0.000000,0.682549,0.900000,0.023026,-0.455502,0.682549,0.055693,0.754591,0.000000,0.900000,0.754591,129.003429,36.710994,81.988568,0.261131,0,472.23
20260607_204649,3914.956,1,Right,368,96.195652,0.000000,96.195652,0.000000,0.024571,0.011310,0.062948,19,0.000000,0.000000,0.477354,0.902488,0.024631,-0.477354,0.463048,0.164040,0.728121,0.000000,0.902488,0.728121,106.262768,28.557159,60.083478,0.299707,1,472.23
20260607_204649,3919.967,1,Left,373,96.246649,0.000000,96.246649,0.000000,0.012207,0.009861,0.027534,17,0.000000,0.000000,0.682549,0.900000,0.023026,-0.455502,0.682549,0.055693,0.754591,0.000000,0.900000,0.754591,129.003429,36.710994,81.988568,0.261131,0,463.41
20260607_204649,3919.967,1,Right,368,96.195652,0.000000,96.195652,0.000000,0.024571,0.011310,0.062948,19,0.000000,0.000000,0.477354,0.902488,0.024631,-0.477354,0.463048,0.164040,0.728121,0.000000,0.902488,0.728121,106.262768,28.557159,60.083478,0.299707,1,463.41
20260607_204649,3924.971,1,Left,373,96.246649,0.000000,96.246649,0.000000,0.012207,0.009861,0.027534,17,0.000000,0.000000,0.682549,0.900000,0.023026,-0.455502,0.682549,0.055693,0.754591,0.000000,0.900000,0.754591,129.003429,36.710994,81.988568,0.261131,0,463.51
20260607_204649,3924.971,1,Right,368,96.195652,0.000000,96.195652,0.000000,0.024571,0.011310,0.062948,19,0.000000,0.000000,0.477354,0.902488,0.024631,-0.477354,0.463048,0.164040,0.728121,0.000000,0.902488,0.728121,106.262768,28.557159,60.083478,0.299707,1,463.51
20260607_204649,3929.975,1,Left,373,96.246649,0.000000,96.246649,0.000000,0.012207,0.009861,0.027534,17,0.000000,0.000000,0.682549,0.900000,0.023026,-0.455502,0.682549,0.055693,0.754591,0.000000,0.900000,0.754591,129.003429,36.710994,81.988568,0.261131,0,454.27
20260607_204649,3929.975,1,Right,368,96.195652,0.000000,96.195652,0.000000,0.024571,0.011310,0.062948,19,0.000000,0.000000,0.477354,0.902488,0.024631,-0.477354,0.463048,0.164040,0.728121,0.000000,0.902488,0.728121,106.262768,28.557159,60.083478,0.299707,1,454.27
20260607_204649,3934.977,1,Left,373,96.246649,0.000000,96.246649,0.000000,0.012207,0.009861,0.027534,17,0.000000,0.000000,0.682549,0.900000,0.023026,-0.455502,0.682549,0.055693,0.754591,0.000000,0.900000,0.754591,129.003429,36.710994,81.988568,0.261131,0,451.63
20260607_204649,3934.977,1,Right,368,96.195652,0.000000,96.195652,0.000000,0.024571,0.011310,0.062948,19,0.000000,0.000000,0.477354,0.902488,0.024631,-0.477354,0.463048,0.164040,0.728121,0.000000,0.902488,0.728121,106.262768,28.557159,60.083478,0.299707,1,451.63
20260607_204649,3939.986,1,Left,373,96.246649,0.000000,96.246649,0.000000,0.012207,0.009861,0.027534,17,0.000000,0.000000,0.682549,0.900000,0.023026,-0.455502,0.682549,0.055693,0.754591,0.000000,0.900000,0.754591,129.003429,36.710994,81.988568,0.261131,0,466.03
20260607_204649,3939.986,1,Right,368,96.195652,0.000000,96.195652,0.000000,0.024571,0.011310,0.062948,19,0.000000,0.000000,0.477354,0.902488,0.024631,-0.477354,0.463048,0.164040,0.728121,0.000000,0.902488,0.728121,106.262768,28.557159,60.083478,0.299707,1,466.03
20260607_204649,3944.995,1,Left,373,96.246649,0.000000,96.246649,0.000000,0.012207,0.009861,0.027534,17,0.000000,0.000000,0.682549,0.900000,0.023026,-0.455502,0.682549,0.055693,0.754591,0.000000,0.900000,0.754591,129.003429,36.710994,81.988568,0.261131,0,463.66
20260607_204649,3944.995,1,Right,368,96.195652,0.000000,96.195652,0.000000,0.024571,0.011310,0.062948,19,0.000000,0.000000,0.477354,0.902488,0.024631,-0.477354,0.463048,0.164040,0.728121,0.000000,0.902488,0.728121,106.262768,28.557159,60.083478,0.299707,1,463.66
20260607_204649,3949.998,1,Left,373,96.246649,0.000000,96.246649,0.000000,0.012207,0.009861,0.027534,17,0.000000,0.000000,0.682549,0.900000,0.023026,-0.455502,0.682549,0.055693,0.754591,0.000000,0.900000,0.754591,129.003429,36.710994,81.988568,0.261131,0,450.85
20260607_204649,3949.998,1,Right,368,96.195652,0.000000,96.195652,0.000000,0.024571,0.011310,0.062948,19,0.000000,0.000000,0.477354,0.902488,0.024631,-0.477354,0.463048,0.164040,0.728121,0.000000,0.902488,0.728121,106.262768,28.557159,60.083478,0.299707,1,450.85
20260607_204649,3955.000,1,Left,373,96.246649,0.000000,96.246649,0.000000,0.012207,0.009861,0.027534,17,0.000000,0.000000,0.682549,0.900000,0.023026,-0.455502,0.682549,0.055693,0.754591,0.000000,0.900000,0.754591,129.003429,36.710994,81.988568,0.261131,0,457.34
20260607_204649,3955.000,1,Right,368,96.195652,0.000000,96.195652,0.000000,0.024571,0.011310,0.062948,19,0.000000,0.000000,0.477354,0.902488,0.024631,-0.477354,0.463048,0.164040,0.728121,0.000000,0.902488,0.728121,106.262768,28.557159,60.083478,0.299707,1,457.34
20260607_204649,3960.004,1,Left,373,96.246649,0.000000,96.246649,0.000000,0.012207,0.009861,0.027534,17,0.000000,0.000000,0.682549,0.900000,0.023026,-0.455502,0.682549,0.055693,0.754591,0.000000,0.900000,0.754591,129.003429,36.710994,81.988568,0.261131,0,450.18
20260607_204649,3960.004,1,Right,368,96.195652,0.000000,96.195652,0.000000,0.024571,0.011310,0.062948,19,0.000000,0.000000,0.477354,0.902488,0.024631,-0.477354,0.463048,0.164040,0.728121,0.000000,0.902488,0.728121,106.262768,28.557159,60.083478,0.299707,1,450.18
20260607_204649,3965.013,1,Left,373,96.246649,0.000000,96.246649,0.000000,0.012207,0.009861,0.027534,17,0.000000,0.000000,0.682549,0.900000,0.023026,-0.455502,0.682549,0.055693,0.754591,0.000000,0.900000,0.754591,129.003429,36.710994,81.988568,0.261131,0,459.95
20260607_204649,3965.013,1,Right,368,96.195652,0.000000,96.195652,0.000000,0.024571,0.011310,0.062948,19,0.000000,0.000000,0.477354,0.902488,0.024631,-0.477354,0.463048,0.164040,0.728121,0.000000,0.902488,0.728121,106.262768,28.557159,60.083478,0.299707,1,459.95
20260607_204649,3970.024,1,Left,373,96.246649,0.000000,96.246649,0.000000,0.012207,0.009861,0.027534,17,0.000000,0.000000,0.682549,0.900000,0.023026,-0.455502,0.682549,0.055693,0.754591,0.000000,0.900000,0.754591,129.003429,36.710994,81.988568,0.261131,0,470.00
20260607_204649,3970.024,1,Right,368,96.195652,0.000000,96.195652,0.000000,0.024571,0.011310,0.062948,19,0.000000,0.000000,0.477354,0.902488,0.024631,-0.477354,0.463048,0.164040,0.728121,0.000000,0.902488,0.728121,106.262768,28.557159,60.083478,0.299707,1,470.00
20260607_204649,3975.028,1,Left,373,96.246649,0.000000,96.246649,0.000000,0.012207,0.009861,0.027534,17,0.000000,0.000000,0.682549,0.900000,0.023026,-0.455502,0.682549,0.055693,0.754591,0.000000,0.900000,0.754591,129.003429,36.710994,81.988568,0.261131,0,456.15
20260607_204649,3975.028,1,Right,368,96.195652,0.000000,96.195652,0.000000,0.024571,0.011310,0.062948,19,0.000000,0.000000,0.477354,0.902488,0.024631,-0.477354,0.463048,0.164040,0.728121,0.000000,0.902488,0.728121,106.262768,28.557159,60.083478,0.299707,1,456.15
20260607_204649,3980.033,1,Left,373,96.246649,0.000000,96.246649,0.000000,0.012207,0.009861,0.027534,17,0.000000,0.000000,0.682549,0.900000,0.023026,-0.455502,0.682549,0.055693,0.754591,0.000000,0.900000,0.754591,129.003429,36.710994,81.988568,0.261131,0,464.54
20260607_204649,3980.033,1,Right,368,96.195652,0.000000,96.195652,0.000000,0.024571,0.011310,0.062948,19,0.000000,0.000000,0.477354,0.902488,0.024631,-0.477354,0.463048,0.164040,0.728121,0.000000,0.902488,0.728121,106.262768,28.557159,60.083478,0.299707,1,464.54
20260607_204649,3985.035,1,Left,373,96.246649,0.000000,96.246649,0.000000,0.012207,0.009861,0.027534,17,0.000000,0.000000,0.682549,0.900000,0.023026,-0.455502,0.682549,0.055693,0.754591,0.000000,0.900000,0.754591,129.003429,36.710994,81.988568,0.261131,0,472.81
20260607_204649,3985.035,1,Right,368,96.195652,0.000000,96.195652,0.000000,0.024571,0.011310,0.062948,19,0.000000,0.000000,0.477354,0.902488,0.024631,-0.477354,0.463048,0.164040,0.728121,0.000000,0.902488,0.728121,106.262768,28.557159,60.083478,0.299707,1,472.81
20260607_204649,3990.046,1,Left,373,96.246649,0.000000,96.246649,0.000000,0.012207,0.009861,0.027534,17,0.000000,0.000000,0.682549,0.900000,0.023026,-0.455502,0.682549,0.055693,0.754591,0.000000,0.900000,0.754591,129.003429,36.710994,81.988568,0.261131,0,464.07
20260607_204649,3990.046,1,Right,368,96.195652,0.000000,96.195652,0.000000,0.024571,0.011310,0.062948,19,0.000000,0.000000,0.477354,0.902488,0.024631,-0.477354,0.463048,0.164040,0.728121,0.000000,0.902488,0.728121,106.262768,28.557159,60.083478,0.299707,1,464.07
20260607_204649,3995.054,1,Left,373,96.246649,0.000000,96.246649,0.000000,0.012207,0.009861,0.027534,17,0.000000,0.000000,0.682549,0.900000,0.023026,-0.455502,0.682549,0.055693,0.754591,0.000000,0.900000,0.754591,129.003429,36.710994,81.988568,0.261131,0,440.44
20260607_204649,3995.054,1,Right,368,96.195652,0.000000,96.195652,0.000000,0.024571,0.011310,0.062948,19,0.000000,0.000000,0.477354,0.902488,0.024631,-0.477354,0.463048,0.164040,0.728121,0.000000,0.902488,0.728121,106.262768,28.557159,60.083478,0.299707,1,440.44
20260607_204649,4000.065,1,Left,373,96.246649,0.000000,96.246649,0.000000,0.012207,0.009861,0.027534,17,0.000000,0.000000,0.682549,0.900000,0.023026,-0.455502,0.682549,0.055693,0.754591,0.000000,0.900000,0.754591,129.003429,36.710994,81.988568,0.261131,0,449.79
20260607_204649,4000.065,1,Right,368,96.195652,0.000000,96.195652,0.000000,0.024571,0.011310,0.062948,19,0.000000,0.000000,0.477354,0.902488,0.024631,-0.477354,0.463048,0.164040,0.728121,0.000000,0.902488,0.728121,106.262768,28.557159,60.083478,0.299707,1,449.79
20260607_204649,4005.072,1,Left,373,96.246649,0.000000,96.246649,0.000000,0.012207,0.009861,0.027534,17,0.000000,0.000000,0.682549,0.900000,0.023026,-0.455502,0.682549,0.055693,0.754591,0.000000,0.900000,0.754591,129.003429,36.710994,81.988568,0.261131,0,448.25
20260607_204649,4005.072,1,Right,368,96.195652,0.000000,96.195652,0.000000,0.024571,0.011310,0.062948,19,0.000000,0.000000,0.477354,0.902488,0.024631,-0.477354,0.463048,0.164040,0.728121,0.000000,0.902488,0.728121,106.262768,28.557159,60.083478,0.299707,1,448.25
20260607_204649,4010.081,1,Left,373,96.246649,0.000000,96.246649,0.000000,0.012207,0.009861,0.027534,17,0.000000,0.000000,0.682549,0.900000,0.023026,-0.455502,0.682549,0.055693,0.754591,0.000000,0.900000,0.754591,129.003429,36.710994,81.988568,0.261131,0,464.33
20260607_204649,4010.081,1,Right,368,96.195652,0.000000,96.195652,0.000000,0.024571,0.011310,0.062948,19,0.000000,0.000000,0.477354,0.902488,0.024631,-0.477354,0.463048,0.164040,0.728121,0.000000,0.902488,0.728121,106.262768,28.557159,60.083478,0.299707,1,464.33
20260607_204649,4015.082,1,Left,373,96.246649,0.000000,96.246649,0.000000,0.012207,0.009861,0.027534,17,0.000000,0.000000,0.682549,0.900000,0.023026,-0.455502,0.682549,0.055693,0.754591,0.000000,0.900000,0.754591,129.003429,36.710994,81.988568,0.261131,0,454.77
20260607_204649,4015.082,1,Right,368,96.195652,0.000000,96.195652,0.000000,0.024571,0.011310,0.062948,19,0.000000,0.000000,0.477354,0.902488,0.024631,-0.477354,0.463048,0.164040,0.728121,0.000000,0.902488,0.728121,106.262768,28.557159,60.083478,0.299707,1,454.77
20260607_204649,4020.092,1,Left,373,96.246649,0.000000,96.246649,0.000000,0.012207,0.009861,0.027534,17,0.000000,0.000000,0.682549,0.900000,0.023026,-0.455502,0.682549,0.055693,0.754591,0.000000,0.900000,0.754591,129.003429,36.710994,81.988568,0.261131,0,469.11
20260607_204649,4020.092,1,Right,368,96.195652,0.000000,96.195652,0.000000,0.024571,0.011310,0.062948,19,0.000000,0.000000,0.477354,0.902488,0.024631,-0.477354,0.463048,0.164040,0.728121,0.000000,0.902488,0.728121,106.262768,28.557159,60.083478,0.299707,1,469.11
20260607_204649,4025.095,1,Left,373,96.246649,0.000000,96.246649,0.000000,0.012207,0.009861,0.027534,17,0.000000,0.000000,0.682549,0.900000,0.023026,-0.455502,0.682549,0.055693,0.754591,0.000000,0.900000,0.754591,129.003429,36.710994,81.988568,0.261131,0,449.17
20260607_204649,4025.095,1,Right,368,96.195652,0.000000,96.195652,0.000000,0.024571,0.011310,0.062948,19,0.000000,0.000000,0.477354,0.902488,0.024631,-0.477354,0.463048,0.164040,0.728121,0.000000,0.902488,0.728121,106.262768,28.557159,60.083478,0.299707,1,449.17
20260607_204649,4030.104,1,Left,373,96.246649,0.000000,96.246649,0.000000,0.012207,0.009861,0.027534,17,0.000000,0.000000,0.682549,0.900000,0.023026,-0.455502,0.682549,0.055693,0.754591,0.000000,0.900000,0.754591,129.003429,36.710994,81.988568,0.261131,0,464.33
20260607_204649,4030.104,1,Right,368,96.195652,0.000000,96.195652,0.000000,0.024571,0.011310,0.062948,19,0.000000,0.000000,0.477354,0.902488,0.024631,-0.477354,0.463048,0.164040,0.728121,0.000000,0.902488,0.728121,106.262768,28.557159,60.083478,0.299707,1,464.33
20260607_204649,4035.107,1,Left,373,96.246649,0.000000,96.246649,0.000000,0.012207,0.009861,0.027534,17,0.000000,0.000000,0.682549,0.900000,0.023026,-0.455502,0.682549,0.055693,0.754591,0.000000,0.900000,0.754591,129.003429,36.710994,81.988568,0.261131,0,458.69
20260607_204649,4035.107,1,Right,368,96.195652,0.000000,96.195652,0.000000,0.024571,0.011310,0.062948,19,0.000000,0.000000,0.477354,0.902488,0.024631,-0.477354,0.463048,0.164040,0.728121,0.000000,0.902488,0.728121,106.262768,28.557159,60.083478,0.299707,1,458.69
20260607_204649,4040.108,1,Left,373,96.246649,0.000000,96.246649,0.000000,0.012207,0.009861,0.027534,17,0.000000,0.000000,0.682549,0.900000,0.023026,-0.455502,0.682549,0.055693,0.754591,0.000000,0.900000,0.754591,129.003429,36.710994,81.988568,0.261131,0,451.88
20260607_204649,4040.108,1,Right,368,96.195652,0.000000,96.195652,0.000000,0.024571,0.011310,0.062948,19,0.000000,0.000000,0.477354,0.902488,0.024631,-0.477354,0.463048,0.164040,0.728121,0.000000,0.902488,0.728121,106.262768,28.557159,60.083478,0.299707,1,451.88
20260607_204649,4045.115,1,Left,373,96.246649,0.000000,96.246649,0.000000,0.012207,0.009861,0.027534,17,0.000000,0.000000,0.682549,0.900000,0.023026,-0.455502,0.682549,0.055693,0.754591,0.000000,0.900000,0.754591,129.003429,36.710994,81.988568,0.261131,0,409.08
20260607_204649,4045.115,1,Right,368,96.195652,0.000000,96.195652,0.000000,0.024571,0.011310,0.062948,19,0.000000,0.000000,0.477354,0.902488,0.024631,-0.477354,0.463048,0.164040,0.728121,0.000000,0.902488,0.728121,106.262768,28.557159,60.083478,0.299707,1,409.08
20260607_204649,4050.125,1,Left,373,96.246649,0.000000,96.246649,0.000000,0.012207,0.009861,0.027534,17,0.000000,0.000000,0.682549,0.900000,0.023026,-0.455502,0.682549,0.055693,0.754591,0.000000,0.900000,0.754591,129.003429,36.710994,81.988568,0.261131,0,433.61
20260607_204649,4050.125,1,Right,368,96.195652,0.000000,96.195652,0.000000,0.024571,0.011310,0.062948,19,0.000000,0.000000,0.477354,0.902488,0.024631,-0.477354,0.463048,0.164040,0.728121,0.000000,0.902488,0.728121,106.262768,28.557159,60.083478,0.299707,1,433.61
20260607_204649,4055.132,1,Left,373,96.246649,0.000000,96.246649,0.000000,0.012207,0.009861,0.027534,17,0.000000,0.000000,0.682549,0.900000,0.023026,-0.455502,0.682549,0.055693,0.754591,0.000000,0.900000,0.754591,129.003429,36.710994,81.988568,0.261131,0,462.59
20260607_204649,4055.132,1,Right,368,96.195652,0.000000,96.195652,0.000000,0.024571,0.011310,0.062948,19,0.000000,0.000000,0.477354,0.902488,0.024631,-0.477354,0.463048,0.164040,0.728121,0.000000,0.902488,0.728121,106.262768,28.557159,60.083478,0.299707,1,462.59
20260607_204649,4060.133,1,Left,373,96.246649,0.000000,96.246649,0.000000,0.012207,0.009861,0.027534,17,0.000000,0.000000,0.682549,0.900000,0.023026,-0.455502,0.682549,0.055693,0.754591,0.000000,0.900000,0.754591,129.003429,36.710994,81.988568,0.261131,0,461.93
20260607_204649,4060.133,1,Right,368,96.195652,0.000000,96.195652,0.000000,0.024571,0.011310,0.062948,19,0.000000,0.000000,0.477354,0.902488,0.024631,-0.477354,0.463048,0.164040,0.728121,0.000000,0.902488,0.728121,106.262768,28.557159,60.083478,0.299707,1,461.93
20260607_204649,4065.139,1,Left,373,96.246649,0.000000,96.246649,0.000000,0.012207,0.009861,0.027534,17,0.000000,0.000000,0.682549,0.900000,0.023026,-0.455502,0.682549,0.055693,0.754591,0.000000,0.900000,0.754591,129.003429,36.710994,81.988568,0.261131,0,463.66
20260607_204649,4065.139,1,Right,368,96.195652,0.000000,96.195652,0.000000,0.024571,0.011310,0.062948,19,0.000000,0.000000,0.477354,0.902488,0.024631,-0.477354,0.463048,0.164040,0.728121,0.000000,0.902488,0.728121,106.262768,28.557159,60.083478,0.299707,1,463.66
20260607_204649,4070.151,1,Left,373,96.246649,0.000000,96.246649,0.000000,0.012207,0.009861,0.027534,17,0.000000,0.000000,0.682549,0.900000,0.023026,-0.455502,0.682549,0.055693,0.754591,0.000000,0.900000,0.754591,129.003429,36.710994,81.988568,0.261131,0,453.34
20260607_204649,4070.151,1,Right,368,96.195652,0.000000,96.195652,0.000000,0.024571,0.011310,0.062948,19,0.000000,0.000000,0.477354,0.902488,0.024631,-0.477354,0.463048,0.164040,0.728121,0.000000,0.902488,0.728121,106.262768,28.557159,60.083478,0.299707,1,453.34
20260607_204649,4075.153,1,Left,373,96.246649,0.000000,96.246649,0.000000,0.012207,0.009861,0.027534,17,0.000000,0.000000,0.682549,0.900000,0.023026,-0.455502,0.682549,0.055693,0.754591,0.000000,0.900000,0.754591,129.003429,36.710994,81.988568,0.261131,0,458.49
20260607_204649,4075.153,1,Right,368,96.195652,0.000000,96.195652,0.000000,0.024571,0.011310,0.062948,19,0.000000,0.000000,0.477354,0.902488,0.024631,-0.477354,0.463048,0.164040,0.728121,0.000000,0.902488,0.728121,106.262768,28.557159,60.083478,0.299707,1,458.49
20260607_204649,4080.155,1,Left,373,96.246649,0.000000,96.246649,0.000000,0.012207,0.009861,0.027534,17,0.000000,0.000000,0.682549,0.900000,0.023026,-0.455502,0.682549,0.055693,0.754591,0.000000,0.900000,0.754591,129.003429,36.710994,81.988568,0.261131,0,454.27
20260607_204649,4080.155,1,Right,368,96.195652,0.000000,96.195652,0.000000,0.024571,0.011310,0.062948,19,0.000000,0.000000,0.477354,0.902488,0.024631,-0.477354,0.463048,0.164040,0.728121,0.000000,0.902488,0.728121,106.262768,28.557159,60.083478,0.299707,1,454.27
20260607_204649,4085.161,1,Left,373,96.246649,0.000000,96.246649,0.000000,0.012207,0.009861,0.027534,17,0.000000,0.000000,0.682549,0.900000,0.023026,-0.455502,0.682549,0.055693,0.754591,0.000000,0.900000,0.754591,129.003429,36.710994,81.988568,0.261131,0,453.39
20260607_204649,4085.161,1,Right,368,96.195652,0.000000,96.195652,0.000000,0.024571,0.011310,0.062948,19,0.000000,0.000000,0.477354,0.902488,0.024631,-0.477354,0.463048,0.164040,0.728121,0.000000,0.902488,0.728121,106.262768,28.557159,60.083478,0.299707,1,453.39
20260607_204649,4090.169,1,Left,373,96.246649,0.000000,96.246649,0.000000,0.012207,0.009861,0.027534,17,0.000000,0.000000,0.682549,0.900000,0.023026,-0.455502,0.682549,0.055693,0.754591,0.000000,0.900000,0.754591,129.003429,36.710994,81.988568,0.261131,0,437.68
20260607_204649,4090.169,1,Right,368,96.195652,0.000000,96.195652,0.000000,0.024571,0.011310,0.062948,19,0.000000,0.000000,0.477354,0.902488,0.024631,-0.477354,0.463048,0.164040,0.728121,0.000000,0.902488,0.728121,106.262768,28.557159,60.083478,0.299707,1,437.68
20260607_204649,4095.176,1,Left,373,96.246649,0.000000,96.246649,0.000000,0.012207,0.009861,0.027534,17,0.000000,0.000000,0.682549,0.900000,0.023026,-0.455502,0.682549,0.055693,0.754591,0.000000,0.900000,0.754591,129.003429,36.710994,81.988568,0.261131,0,440.90
20260607_204649,4095.176,1,Right,368,96.195652,0.000000,96.195652,0.000000,0.024571,0.011310,0.062948,19,0.000000,0.000000,0.477354,0.902488,0.024631,-0.477354,0.463048,0.164040,0.728121,0.000000,0.902488,0.728121,106.262768,28.557159,60.083478,0.299707,1,440.90
20260607_204649,4100.181,1,Left,373,96.246649,0.000000,96.246649,0.000000,0.012207,0.009861,0.027534,17,0.000000,0.000000,0.682549,0.900000,0.023026,-0.455502,0.682549,0.055693,0.754591,0.000000,0.900000,0.754591,129.003429,36.710994,81.988568,0.261131,0,469.21
20260607_204649,4100.181,1,Right,368,96.195652,0.000000,96.195652,0.000000,0.024571,0.011310,0.062948,19,0.000000,0.000000,0.477354,0.902488,0.024631,-0.477354,0.463048,0.164040,0.728121,0.000000,0.902488,0.728121,106.262768,28.557159,60.083478,0.299707,1,469.21
20260607_204649,4105.182,1,Left,373,96.246649,0.000000,96.246649,0.000000,0.012207,0.009861,0.027534,17,0.000000,0.000000,0.682549,0.900000,0.023026,-0.455502,0.682549,0.055693,0.754591,0.000000,0.900000,0.754591,129.003429,36.710994,81.988568,0.261131,0,442.62
20260607_204649,4105.182,1,Right,368,96.195652,0.000000,96.195652,0.000000,0.024571,0.011310,0.062948,19,0.000000,0.000000,0.477354,0.902488,0.024631,-0.477354,0.463048,0.164040,0.728121,0.000000,0.902488,0.728121,106.262768,28.557159,60.083478,0.299707,1,442.62
20260607_204649,4110.183,1,Left,373,96.246649,0.000000,96.246649,0.000000,0.012207,0.009861,0.027534,17,0.000000,0.000000,0.682549,0.900000,0.023026,-0.455502,0.682549,0.055693,0.754591,0.000000,0.900000,0.754591,129.003429,36.710994,81.988568,0.261131,0,469.95
20260607_204649,4110.183,1,Right,368,96.195652,0.000000,96.195652,0.000000,0.024571,0.011310,0.062948,19,0.000000,0.000000,0.477354,0.902488,0.024631,-0.477354,0.463048,0.164040,0.728121,0.000000,0.902488,0.728121,106.262768,28.557159,60.083478,0.299707,1,469.95
20260607_204649,4115.190,1,Left,373,96.246649,0.000000,96.246649,0.000000,0.012207,0.009861,0.027534,17,0.000000,0.000000,0.682549,0.900000,0.023026,-0.455502,0.682549,0.055693,0.754591,0.000000,0.900000,0.754591,129.003429,36.710994,81.988568,0.261131,0,458.29
20260607_204649,4115.190,1,Right,368,96.195652,0.000000,96.195652,0.000000,0.024571,0.011310,0.062948,19,0.000000,0.000000,0.477354,0.902488,0.024631,-0.477354,0.463048,0.164040,0.728121,0.000000,0.902488,0.728121,106.262768,28.557159,60.083478,0.299707,1,458.29
20260607_204649,4120.191,1,Left,373,96.246649,0.000000,96.246649,0.000000,0.012207,0.009861,0.027534,17,0.000000,0.000000,0.682549,0.900000,0.023026,-0.455502,0.682549,0.055693,0.754591,0.000000,0.900000,0.754591,129.003429,36.710994,81.988568,0.261131,0,462.64
20260607_204649,4120.191,1,Right,368,96.195652,0.000000,96.195652,0.000000,0.024571,0.011310,0.062948,19,0.000000,0.000000,0.477354,0.902488,0.024631,-0.477354,0.463048,0.164040,0.728121,0.000000,0.902488,0.728121,106.262768,28.557159,60.083478,0.299707,1,462.64
20260607_204649,4125.200,1,Left,373,96.246649,0.000000,96.246649,0.000000,0.012207,0.009861,0.027534,17,0.000000,0.000000,0.682549,0.900000,0.023026,-0.455502,0.682549,0.055693,0.754591,0.000000,0.900000,0.754591,129.003429,36.710994,81.988568,0.261131,0,454.77
20260607_204649,4125.200,1,Right,368,96.195652,0.000000,96.195652,0.000000,0.024571,0.011310,0.062948,19,0.000000,0.000000,0.477354,0.902488,0.024631,-0.477354,0.463048,0.164040,0.728121,0.000000,0.902488,0.728121,106.262768,28.557159,60.083478,0.299707,1,454.77
20260607_204649,4130.209,1,Left,373,96.246649,0.000000,96.246649,0.000000,0.012207,0.009861,0.027534,17,0.000000,0.000000,0.682549,0.900000,0.023026,-0.455502,0.682549,0.055693,0.754591,0.000000,0.900000,0.754591,129.003429,36.710994,81.988568,0.261131,0,441.65
20260607_204649,4130.209,1,Right,368,96.195652,0.000000,96.195652,0.000000,0.024571,0.011310,0.062948,19,0.000000,0.000000,0.477354,0.902488,0.024631,-0.477354,0.463048,0.164040,0.728121,0.000000,0.902488,0.728121,106.262768,28.557159,60.083478,0.299707,1,441.65
20260607_204649,4135.212,1,Left,373,96.246649,0.000000,96.246649,0.000000,0.012207,0.009861,0.027534,17,0.000000,0.000000,0.682549,0.900000,0.023026,-0.455502,0.682549,0.055693,0.754591,0.000000,0.900000,0.754591,129.003429,36.710994,81.988568,0.261131,0,452.02
20260607_204649,4135.212,1,Right,368,96.195652,0.000000,96.195652,0.000000,0.024571,0.011310,0.062948,19,0.000000,0.000000,0.477354,0.902488,0.024631,-0.477354,0.463048,0.164040,0.728121,0.000000,0.902488,0.728121,106.262768,28.557159,60.083478,0.299707,1,452.02
20260607_204649,4140.213,1,Left,373,96.246649,0.000000,96.246649,0.000000,0.012207,0.009861,0.027534,17,0.000000,0.000000,0.682549,0.900000,0.023026,-0.455502,0.682549,0.055693,0.754591,0.000000,0.900000,0.754591,129.003429,36.710994,81.988568,0.261131,0,459.20
20260607_204649,4140.213,1,Right,368,96.195652,0.000000,96.195652,0.000000,0.024571,0.011310,0.062948,19,0.000000,0.000000,0.477354,0.902488,0.024631,-0.477354,0.463048,0.164040,0.728121,0.000000,0.902488,0.728121,106.262768,28.557159,60.083478,0.299707,1,459.20
20260607_204649,4145.219,1,Left,373,96.246649,0.000000,96.246649,0.000000,0.012207,0.009861,0.027534,17,0.000000,0.000000,0.682549,0.900000,0.023026,-0.455502,0.682549,0.055693,0.754591,0.000000,0.900000,0.754591,129.003429,36.710994,81.988568,0.261131,0,462.54
20260607_204649,4145.219,1,Right,368,96.195652,0.000000,96.195652,0.000000,0.024571,0.011310,0.062948,19,0.000000,0.000000,0.477354,0.902488,0.024631,-0.477354,0.463048,0.164040,0.728121,0.000000,0.902488,0.728121,106.262768,28.557159,60.083478,0.299707,1,462.54
20260607_204649,4150.225,1,Left,373,96.246649,0.000000,96.246649,0.000000,0.012207,0.009861,0.027534,17,0.000000,0.000000,0.682549,0.900000,0.023026,-0.455502,0.682549,0.055693,0.754591,0.000000,0.900000,0.754591,129.003429,36.710994,81.988568,0.261131,0,447.87
20260607_204649,4150.225,1,Right,368,96.195652,0.000000,96.195652,0.000000,0.024571,0.011310,0.062948,19,0.000000,0.000000,0.477354,0.902488,0.024631,-0.477354,0.463048,0.164040,0.728121,0.000000,0.902488,0.728121,106.262768,28.557159,60.083478,0.299707,1,447.87
20260607_204649,4155.228,1,Left,373,96.246649,0.000000,96.246649,0.000000,0.012207,0.009861,0.027534,17,0.000000,0.000000,0.682549,0.900000,0.023026,-0.455502,0.682549,0.055693,0.754591,0.000000,0.900000,0.754591,129.003429,36.710994,81.988568,0.261131,0,451.05
20260607_204649,4155.228,1,Right,368,96.195652,0.000000,96.195652,0.000000,0.024571,0.011310,0.062948,19,0.000000,0.000000,0.477354,0.902488,0.024631,-0.477354,0.463048,0.164040,0.728121,0.000000,0.902488,0.728121,106.262768,28.557159,60.083478,0.299707,1,451.05
20260607_204649,4160.229,1,Left,373,96.246649,0.000000,96.246649,0.000000,0.012207,0.009861,0.027534,17,0.000000,0.000000,0.682549,0.900000,0.023026,-0.455502,0.682549,0.055693,0.754591,0.000000,0.900000,0.754591,129.003429,36.710994,81.988568,0.261131,0,463.51
20260607_204649,4160.229,1,Right,368,96.195652,0.000000,96.195652,0.000000,0.024571,0.011310,0.062948,19,0.000000,0.000000,0.477354,0.902488,0.024631,-0.477354,0.463048,0.164040,0.728121,0.000000,0.902488,0.728121,106.262768,28.557159,60.083478,0.299707,1,463.51
20260607_204649,4165.235,1,Left,373,96.246649,0.000000,96.246649,0.000000,0.012207,0.009861,0.027534,17,0.000000,0.000000,0.682549,0.900000,0.023026,-0.455502,0.682549,0.055693,0.754591,0.000000,0.900000,0.754591,129.003429,36.710994,81.988568,0.261131,0,435.09
20260607_204649,4165.235,1,Right,368,96.195652,0.000000,96.195652,0.000000,0.024571,0.011310,0.062948,19,0.000000,0.000000,0.477354,0.902488,0.024631,-0.477354,0.463048,0.164040,0.728121,0.000000,0.902488,0.728121,106.262768,28.557159,60.083478,0.299707,1,435.09
20260607_204649,4170.236,1,Left,373,96.246649,0.000000,96.246649,0.000000,0.012207,0.009861,0.027534,17,0.000000,0.000000,0.682549,0.900000,0.023026,-0.455502,0.682549,0.055693,0.754591,0.000000,0.900000,0.754591,129.003429,36.710994,81.988568,0.261131,0,454.91
20260607_204649,4170.236,1,Right,368,96.195652,0.000000,96.195652,0.000000,0.024571,0.011310,0.062948,19,0.000000,0.000000,0.477354,0.902488,0.024631,-0.477354,0.463048,0.164040,0.728121,0.000000,0.902488,0.728121,106.262768,28.557159,60.083478,0.299707,1,454.91
20260607_204649,4175.246,1,Left,373,96.246649,0.000000,96.246649,0.000000,0.012207,0.009861,0.027534,17,0.000000,0.000000,0.682549,0.900000,0.023026,-0.455502,0.682549,0.055693,0.754591,0.000000,0.900000,0.754591,129.003429,36.710994,81.988568,0.261131,0,469.42
20260607_204649,4175.246,1,Right,368,96.195652,0.000000,96.195652,0.000000,0.024571,0.011310,0.062948,19,0.000000,0.000000,0.477354,0.902488,0.024631,-0.477354,0.463048,0.164040,0.728121,0.000000,0.902488,0.728121,106.262768,28.557159,60.083478,0.299707,1,469.42
20260607_204649,4180.256,1,Left,373,96.246649,0.000000,96.246649,0.000000,0.012207,0.009861,0.027534,17,0.000000,0.000000,0.682549,0.900000,0.023026,-0.455502,0.682549,0.055693,0.754591,0.000000,0.900000,0.754591,129.003429,36.710994,81.988568,0.261131,0,446.68
20260607_204649,4180.256,1,Right,368,96.195652,0.000000,96.195652,0.000000,0.024571,0.011310,0.062948,19,0.000000,0.000000,0.477354,0.902488,0.024631,-0.477354,0.463048,0.164040,0.728121,0.000000,0.902488,0.728121,106.262768,28.557159,60.083478,0.299707,1,446.68
20260607_204649,4185.258,1,Left,373,96.246649,0.000000,96.246649,0.000000,0.012207,0.009861,0.027534,17,0.000000,0.000000,0.682549,0.900000,0.023026,-0.455502,0.682549,0.055693,0.754591,0.000000,0.900000,0.754591,129.003429,36.710994,81.988568,0.261131,0,440.21
20260607_204649,4185.258,1,Right,368,96.195652,0.000000,96.195652,0.000000,0.024571,0.011310,0.062948,19,0.000000,0.000000,0.477354,0.902488,0.024631,-0.477354,0.463048,0.164040,0.728121,0.000000,0.902488,0.728121,106.262768,28.557159,60.083478,0.299707,1,440.21
20260607_204649,4190.262,1,Left,373,96.246649,0.000000,96.246649,0.000000,0.012207,0.009861,0.027534,17,0.000000,0.000000,0.682549,0.900000,0.023026,-0.455502,0.682549,0.055693,0.754591,0.000000,0.900000,0.754591,129.003429,36.710994,81.988568,0.261131,0,436.36
20260607_204649,4190.262,1,Right,368,96.195652,0.000000,96.195652,0.000000,0.024571,0.011310,0.062948,19,0.000000,0.000000,0.477354,0.902488,0.024631,-0.477354,0.463048,0.164040,0.728121,0.000000,0.902488,0.728121,106.262768,28.557159,60.083478,0.299707,1,436.36
20260607_204649,4195.269,1,Left,373,96.246649,0.000000,96.246649,0.000000,0.012207,0.009861,0.027534,17,0.000000,0.000000,0.682549,0.900000,0.023026,-0.455502,0.682549,0.055693,0.754591,0.000000,0.900000,0.754591,129.003429,36.710994,81.988568,0.261131,0,458.09
20260607_204649,4195.269,1,Right,368,96.195652,0.000000,96.195652,0.000000,0.024571,0.011310,0.062948,19,0.000000,0.000000,0.477354,0.902488,0.024631,-0.477354,0.463048,0.164040,0.728121,0.000000,0.902488,0.728121,106.262768,28.557159,60.083478,0.299707,1,458.09
20260607_204649,4200.278,1,Left,373,96.246649,0.000000,96.246649,0.000000,0.012207,0.009861,0.027534,17,0.000000,0.000000,0.682549,0.900000,0.023026,-0.455502,0.682549,0.055693,0.754591,0.000000,0.900000,0.754591,129.003429,36.710994,81.988568,0.261131,0,454.37
20260607_204649,4200.278,1,Right,368,96.195652,0.000000,96.195652,0.000000,0.024571,0.011310,0.062948,19,0.000000,0.000000,0.477354,0.902488,0.024631,-0.477354,0.463048,0.164040,0.728121,0.000000,0.902488,0.728121,106.262768,28.557159,60.083478,0.299707,1,454.37
20260607_204649,4205.280,1,Left,373,96.246649,0.000000,96.246649,0.000000,0.012207,0.009861,0.027534,17,0.000000,0.000000,0.682549,0.900000,0.023026,-0.455502,0.682549,0.055693,0.754591,0.000000,0.900000,0.754591,129.003429,36.710994,81.988568,0.261131,0,461.62
20260607_204649,4205.280,1,Right,368,96.195652,0.000000,96.195652,0.000000,0.024571,0.011310,0.062948,19,0.000000,0.000000,0.477354,0.902488,0.024631,-0.477354,0.463048,0.164040,0.728121,0.000000,0.902488,0.728121,106.262768,28.557159,60.083478,0.299707,1,461.62
20260607_204649,4210.292,1,Left,373,96.246649,0.000000,96.246649,0.000000,0.012207,0.009861,0.027534,17,0.000000,0.000000,0.682549,0.900000,0.023026,-0.455502,0.682549,0.055693,0.754591,0.000000,0.900000,0.754591,129.003429,36.710994,81.988568,0.261131,0,448.64
20260607_204649,4210.292,1,Right,368,96.195652,0.000000,96.195652,0.000000,0.024571,0.011310,0.062948,19,0.000000,0.000000,0.477354,0.902488,0.024631,-0.477354,0.463048,0.164040,0.728121,0.000000,0.902488,0.728121,106.262768,28.557159,60.083478,0.299707,1,448.64
20260607_204649,4215.295,1,Left,373,96.246649,0.000000,96.246649,0.000000,0.012207,0.009861,0.027534,17,0.000000,0.000000,0.682549,0.900000,0.023026,-0.455502,0.682549,0.055693,0.754591,0.000000,0.900000,0.754591,129.003429,36.710994,81.988568,0.261131,0,468.69
20260607_204649,4215.295,1,Right,368,96.195652,0.000000,96.195652,0.000000,0.024571,0.011310,0.062948,19,0.000000,0.000000,0.477354,0.902488,0.024631,-0.477354,0.463048,0.164040,0.728121,0.000000,0.902488,0.728121,106.262768,28.557159,60.083478,0.299707,1,468.69
20260607_204649,4220.300,1,Left,373,96.246649,0.000000,96.246649,0.000000,0.012207,0.009861,0.027534,17,0.000000,0.000000,0.682549,0.900000,0.023026,-0.455502,0.682549,0.055693,0.754591,0.000000,0.900000,0.754591,129.003429,36.710994,81.988568,0.261131,0,465.57
20260607_204649,4220.300,1,Right,368,96.195652,0.000000,96.195652,0.000000,0.024571,0.011310,0.062948,19,0.000000,0.000000,0.477354,0.902488,0.024631,-0.477354,0.463048,0.164040,0.728121,0.000000,0.902488,0.728121,106.262768,28.557159,60.083478,0.299707,1,465.57
20260607_204649,4225.304,1,Left,373,96.246649,0.000000,96.246649,0.000000,0.012207,0.009861,0.027534,17,0.000000,0.000000,0.682549,0.900000,0.023026,-0.455502,0.682549,0.055693,0.754591,0.000000,0.900000,0.754591,129.003429,36.710994,81.988568,0.261131,0,453.93
20260607_204649,4225.304,1,Right,368,96.195652,0.000000,96.195652,0.000000,0.024571,0.011310,0.062948,19,0.000000,0.000000,0.477354,0.902488,0.024631,-0.477354,0.463048,0.164040,0.728121,0.000000,0.902488,0.728121,106.262768,28.557159,60.083478,0.299707,1,453.93
20260607_204649,4230.308,1,Left,373,96.246649,0.000000,96.246649,0.000000,0.012207,0.009861,0.027534,17,0.000000,0.000000,0.682549,0.900000,0.023026,-0.455502,0.682549,0.055693,0.754591,0.000000,0.900000,0.754591,129.003429,36.710994,81.988568,0.261131,0,469.32
20260607_204649,4230.308,1,Right,368,96.195652,0.000000,96.195652,0.000000,0.024571,0.011310,0.062948,19,0.000000,0.000000,0.477354,0.902488,0.024631,-0.477354,0.463048,0.164040,0.728121,0.000000,0.902488,0.728121,106.262768,28.557159,60.083478,0.299707,1,469.32
20260607_204649,4235.312,1,Left,373,96.246649,0.000000,96.246649,0.000000,0.012207,0.009861,0.027534,17,0.000000,0.000000,0.682549,0.900000,0.023026,-0.455502,0.682549,0.055693,0.754591,0.000000,0.900000,0.754591,129.003429,36.710994,81.988568,0.261131,0,448.54
20260607_204649,4235.312,1,Right,368,96.195652,0.000000,96.195652,0.000000,0.024571,0.011310,0.062948,19,0.000000,0.000000,0.477354,0.902488,0.024631,-0.477354,0.463048,0.164040,0.728121,0.000000,0.902488,0.728121,106.262768,28.557159,60.083478,0.299707,1,448.54
20260607_204649,4240.321,1,Left,373,96.246649,0.000000,96.246649,0.000000,0.012207,0.009861,0.027534,17,0.000000,0.000000,0.682549,0.900000,0.023026,-0.455502,0.682549,0.055693,0.754591,0.000000,0.900000,0.754591,129.003429,36.710994,81.988568,0.261131,0,457.69
20260607_204649,4240.321,1,Right,368,96.195652,0.000000,96.195652,0.000000,0.024571,0.011310,0.062948,19,0.000000,0.000000,0.477354,0.902488,0.024631,-0.477354,0.463048,0.164040,0.728121,0.000000,0.902488,0.728121,106.262768,28.557159,60.083478,0.299707,1,457.69
20260607_204649,4245.326,1,Left,373,96.246649,0.000000,96.246649,0.000000,0.012207,0.009861,0.027534,17,0.000000,0.000000,0.682549,0.900000,0.023026,-0.455502,0.682549,0.055693,0.754591,0.000000,0.900000,0.754591,129.003429,36.710994,81.988568,0.261131,0,464.64
20260607_204649,4245.326,1,Right,368,96.195652,0.000000,96.195652,0.000000,0.024571,0.011310,0.062948,19,0.000000,0.000000,0.477354,0.902488,0.024631,-0.477354,0.463048,0.164040,0.728121,0.000000,0.902488,0.728121,106.262768,28.557159,60.083478,0.299707,1,464.64
20260607_204649,4250.330,1,Left,373,96.246649,0.000000,96.246649,0.000000,0.012207,0.009861,0.027534,17,0.000000,0.000000,0.682549,0.900000,0.023026,-0.455502,0.682549,0.055693,0.754591,0.000000,0.900000,0.754591,129.003429,36.710994,81.988568,0.261131,0,456.60
20260607_204649,4250.330,1,Right,368,96.195652,0.000000,96.195652,0.000000,0.024571,0.011310,0.062948,19,0.000000,0.000000,0.477354,0.902488,0.024631,-0.477354,0.463048,0.164040,0.728121,0.000000,0.902488,0.728121,106.262768,28.557159,60.083478,0.299707,1,456.60
20260607_204649,4255.332,1,Left,373,96.246649,0.000000,96.246649,0.000000,0.012207,0.009861,0.027534,17,0.000000,0.000000,0.682549,0.900000,0.023026,-0.455502,0.682549,0.055693,0.754591,0.000000,0.900000,0.754591,129.003429,36.710994,81.988568,0.261131,0,460.76
20260607_204649,4255.332,1,Right,368,96.195652,0.000000,96.195652,0.000000,0.024571,0.011310,0.062948,19,0.000000,0.000000,0.477354,0.902488,0.024631,-0.477354,0.463048,0.164040,0.728121,0.000000,0.902488,0.728121,106.262768,28.557159,60.083478,0.299707,1,460.76
20260607_204649,4260.339,1,Left,373,96.246649,0.000000,96.246649,0.000000,0.012207,0.009861,0.027534,17,0.000000,0.000000,0.682549,0.900000,0.023026,-0.455502,0.682549,0.055693,0.754591,0.000000,0.900000,0.754591,129.003429,36.710994,81.988568,0.261131,0,459.85
20260607_204649,4260.339,1,Right,368,96.195652,0.000000,96.195652,0.000000,0.024571,0.011310,0.062948,19,0.000000,0.000000,0.477354,0.902488,0.024631,-0.477354,0.463048,0.164040,0.728121,0.000000,0.902488,0.728121,106.262768,28.557159,60.083478,0.299707,1,459.85
20260607_204649,4265.340,1,Left,373,96.246649,0.000000,96.246649,0.000000,0.012207,0.009861,0.027534,17,0.000000,0.000000,0.682549,0.900000,0.023026,-0.455502,0.682549,0.055693,0.754591,0.000000,0.900000,0.754591,129.003429,36.710994,81.988568,0.261131,0,460.41
20260607_204649,4265.340,1,Right,368,96.195652,0.000000,96.195652,0.000000,0.024571,0.011310,0.062948,19,0.000000,0.000000,0.477354,0.902488,0.024631,-0.477354,0.463048,0.164040,0.728121,0.000000,0.902488,0.728121,106.262768,28.557159,60.083478,0.299707,1,460.41
20260607_204649,4270.346,1,Left,373,96.246649,0.000000,96.246649,0.000000,0.012207,0.009861,0.027534,17,0.000000,0.000000,0.682549,0.900000,0.023026,-0.455502,0.682549,0.055693,0.754591,0.000000,0.900000,0.754591,129.003429,36.710994,81.988568,0.261131,0,453.49
20260607_204649,4270.346,1,Right,368,96.195652,0.000000,96.195652,0.000000,0.024571,0.011310,0.062948,19,0.000000,0.000000,0.477354,0.902488,0.024631,-0.477354,0.463048,0.164040,0.728121,0.000000,0.902488,0.728121,106.262768,28.557159,60.083478,0.299707,1,453.49
20260607_204649,4275.356,1,Left,373,96.246649,0.000000,96.246649,0.000000,0.012207,0.009861,0.027534,17,0.000000,0.000000,0.682549,0.900000,0.023026,-0.455502,0.682549,0.055693,0.754591,0.000000,0.900000,0.754591,129.003429,36.710994,81.988568,0.261131,0,396.36
20260607_204649,4275.356,1,Right,368,96.195652,0.000000,96.195652,0.000000,0.024571,0.011310,0.062948,19,0.000000,0.000000,0.477354,0.902488,0.024631,-0.477354,0.463048,0.164040,0.728121,0.000000,0.902488,0.728121,106.262768,28.557159,60.083478,0.299707,1,396.36
20260607_204649,4280.363,1,Left,373,96.246649,0.000000,96.246649,0.000000,0.012207,0.009861,0.027534,17,0.000000,0.000000,0.682549,0.900000,0.023026,-0.455502,0.682549,0.055693,0.754591,0.000000,0.900000,0.754591,129.003429,36.710994,81.988568,0.261131,0,450.08
20260607_204649,4280.363,1,Right,368,96.195652,0.000000,96.195652,0.000000,0.024571,0.011310,0.062948,19,0.000000,0.000000,0.477354,0.902488,0.024631,-0.477354,0.463048,0.164040,0.728121,0.000000,0.902488,0.728121,106.262768,28.557159,60.083478,0.299707,1,450.08
20260607_204649,4285.363,1,Left,373,96.246649,0.000000,96.246649,0.000000,0.012207,0.009861,0.027534,17,0.000000,0.000000,0.682549,0.900000,0.023026,-0.455502,0.682549,0.055693,0.754591,0.000000,0.900000,0.754591,129.003429,36.710994,81.988568,0.261131,0,465.21
20260607_204649,4285.363,1,Right,368,96.195652,0.000000,96.195652,0.000000,0.024571,0.011310,0.062948,19,0.000000,0.000000,0.477354,0.902488,0.024631,-0.477354,0.463048,0.164040,0.728121,0.000000,0.902488,0.728121,106.262768,28.557159,60.083478,0.299707,1,465.21
20260607_204649,4290.369,1,Left,373,96.246649,0.000000,96.246649,0.000000,0.012207,0.009861,0.027534,17,0.000000,0.000000,0.682549,0.900000,0.023026,-0.455502,0.682549,0.055693,0.754591,0.000000,0.900000,0.754591,129.003429,36.710994,81.988568,0.261131,0,454.22
20260607_204649,4290.369,1,Right,368,96.195652,0.000000,96.195652,0.000000,0.024571,0.011310,0.062948,19,0.000000,0.000000,0.477354,0.902488,0.024631,-0.477354,0.463048,0.164040,0.728121,0.000000,0.902488,0.728121,106.262768,28.557159,60.083478,0.299707,1,454.22
20260607_204649,4295.379,1,Left,373,96.246649,0.000000,96.246649,0.000000,0.012207,0.009861,0.027534,17,0.000000,0.000000,0.682549,0.900000,0.023026,-0.455502,0.682549,0.055693,0.754591,0.000000,0.900000,0.754591,129.003429,36.710994,81.988568,0.261131,0,461.78
20260607_204649,4295.379,1,Right,368,96.195652,0.000000,96.195652,0.000000,0.024571,0.011310,0.062948,19,0.000000,0.000000,0.477354,0.902488,0.024631,-0.477354,0.463048,0.164040,0.728121,0.000000,0.902488,0.728121,106.262768,28.557159,60.083478,0.299707,1,461.78
20260607_204649,4300.384,1,Left,373,96.246649,0.000000,96.246649,0.000000,0.012207,0.009861,0.027534,17,0.000000,0.000000,0.682549,0.900000,0.023026,-0.455502,0.682549,0.055693,0.754591,0.000000,0.900000,0.754591,129.003429,36.710994,81.988568,0.261131,0,451.05
20260607_204649,4300.384,1,Right,368,96.195652,0.000000,96.195652,0.000000,0.024571,0.011310,0.062948,19,0.000000,0.000000,0.477354,0.902488,0.024631,-0.477354,0.463048,0.164040,0.728121,0.000000,0.902488,0.728121,106.262768,28.557159,60.083478,0.299707,1,451.05
20260607_204649,4305.390,1,Left,373,96.246649,0.000000,96.246649,0.000000,0.012207,0.009861,0.027534,17,0.000000,0.000000,0.682549,0.900000,0.023026,-0.455502,0.682549,0.055693,0.754591,0.000000,0.900000,0.754591,129.003429,36.710994,81.988568,0.261131,0,461.06
20260607_204649,4305.390,1,Right,368,96.195652,0.000000,96.195652,0.000000,0.024571,0.011310,0.062948,19,0.000000,0.000000,0.477354,0.902488,0.024631,-0.477354,0.463048,0.164040,0.728121,0.000000,0.902488,0.728121,106.262768,28.557159,60.083478,0.299707,1,461.06
20260607_204649,4310.392,1,Left,373,96.246649,0.000000,96.246649,0.000000,0.012207,0.009861,0.027534,17,0.000000,0.000000,0.682549,0.900000,0.023026,-0.455502,0.682549,0.055693,0.754591,0.000000,0.900000,0.754591,129.003429,36.710994,81.988568,0.261131,0,453.93
20260607_204649,4310.392,1,Right,368,96.195652,0.000000,96.195652,0.000000,0.024571,0.011310,0.062948,19,0.000000,0.000000,0.477354,0.902488,0.024631,-0.477354,0.463048,0.164040,0.728121,0.000000,0.902488,0.728121,106.262768,28.557159,60.083478,0.299707,1,453.93
20260607_204649,4315.403,1,Left,373,96.246649,0.000000,96.246649,0.000000,0.012207,0.009861,0.027534,17,0.000000,0.000000,0.682549,0.900000,0.023026,-0.455502,0.682549,0.055693,0.754591,0.000000,0.900000,0.754591,129.003429,36.710994,81.988568,0.261131,0,443.19
20260607_204649,4315.403,1,Right,368,96.195652,0.000000,96.195652,0.000000,0.024571,0.011310,0.062948,19,0.000000,0.000000,0.477354,0.902488,0.024631,-0.477354,0.463048,0.164040,0.728121,0.000000,0.902488,0.728121,106.262768,28.557159,60.083478,0.299707,1,443.19
20260607_204649,4320.405,1,Left,373,96.246649,0.000000,96.246649,0.000000,0.012207,0.009861,0.027534,17,0.000000,0.000000,0.682549,0.900000,0.023026,-0.455502,0.682549,0.055693,0.754591,0.000000,0.900000,0.754591,129.003429,36.710994,81.988568,0.261131,0,453.73
20260607_204649,4320.405,1,Right,368,96.195652,0.000000,96.195652,0.000000,0.024571,0.011310,0.062948,19,0.000000,0.000000,0.477354,0.902488,0.024631,-0.477354,0.463048,0.164040,0.728121,0.000000,0.902488,0.728121,106.262768,28.557159,60.083478,0.299707,1,453.73
20260607_204649,4325.409,1,Left,373,96.246649,0.000000,96.246649,0.000000,0.012207,0.009861,0.027534,17,0.000000,0.000000,0.682549,0.900000,0.023026,-0.455502,0.682549,0.055693,0.754591,0.000000,0.900000,0.754591,129.003429,36.710994,81.988568,0.261131,0,443.37
20260607_204649,4325.409,1,Right,368,96.195652,0.000000,96.195652,0.000000,0.024571,0.011310,0.062948,19,0.000000,0.000000,0.477354,0.902488,0.024631,-0.477354,0.463048,0.164040,0.728121,0.000000,0.902488,0.728121,106.262768,28.557159,60.083478,0.299707,1,443.37
20260607_204649,4330.412,1,Left,373,96.246649,0.000000,96.246649,0.000000,0.012207,0.009861,0.027534,17,0.000000,0.000000,0.682549,0.900000,0.023026,-0.455502,0.682549,0.055693,0.754591,0.000000,0.900000,0.754591,129.003429,36.710994,81.988568,0.261131,0,464.33
20260607_204649,4330.412,1,Right,368,96.195652,0.000000,96.195652,0.000000,0.024571,0.011310,0.062948,19,0.000000,0.000000,0.477354,0.902488,0.024631,-0.477354,0.463048,0.164040,0.728121,0.000000,0.902488,0.728121,106.262768,28.557159,60.083478,0.299707,1,464.33
20260607_204649,4335.412,1,Left,373,96.246649,0.000000,96.246649,0.000000,0.012207,0.009861,0.027534,17,0.000000,0.000000,0.682549,0.900000,0.023026,-0.455502,0.682549,0.055693,0.754591,0.000000,0.900000,0.754591,129.003429,36.710994,81.988568,0.261131,0,448.01
20260607_204649,4335.412,1,Right,368,96.195652,0.000000,96.195652,0.000000,0.024571,0.011310,0.062948,19,0.000000,0.000000,0.477354,0.902488,0.024631,-0.477354,0.463048,0.164040,0.728121,0.000000,0.902488,0.728121,106.262768,28.557159,60.083478,0.299707,1,448.01
20260607_204649,4340.421,1,Left,373,96.246649,0.000000,96.246649,0.000000,0.012207,0.009861,0.027534,17,0.000000,0.000000,0.682549,0.900000,0.023026,-0.455502,0.682549,0.055693,0.754591,0.000000,0.900000,0.754591,129.003429,36.710994,81.988568,0.261131,0,448.83
20260607_204649,4340.421,1,Right,368,96.195652,0.000000,96.195652,0.000000,0.024571,0.011310,0.062948,19,0.000000,0.000000,0.477354,0.902488,0.024631,-0.477354,0.463048,0.164040,0.728121,0.000000,0.902488,0.728121,106.262768,28.557159,60.083478,0.299707,1,448.83
20260607_204649,4345.432,1,Left,373,96.246649,0.000000,96.246649,0.000000,0.012207,0.009861,0.027534,17,0.000000,0.000000,0.682549,0.900000,0.023026,-0.455502,0.682549,0.055693,0.754591,0.000000,0.900000,0.754591,129.003429,36.710994,81.988568,0.261131,0,449.26
20260607_204649,4345.432,1,Right,368,96.195652,0.000000,96.195652,0.000000,0.024571,0.011310,0.062948,19,0.000000,0.000000,0.477354,0.902488,0.024631,-0.477354,0.463048,0.164040,0.728121,0.000000,0.902488,0.728121,106.262768,28.557159,60.083478,0.299707,1,449.26
20260607_204649,4350.440,1,Left,373,96.246649,0.000000,96.246649,0.000000,0.012207,0.009861,0.027534,17,0.000000,0.000000,0.682549,0.900000,0.023026,-0.455502,0.682549,0.055693,0.754591,0.000000,0.900000,0.754591,129.003429,36.710994,81.988568,0.261131,0,464.74
20260607_204649,4350.440,1,Right,368,96.195652,0.000000,96.195652,0.000000,0.024571,0.011310,0.062948,19,0.000000,0.000000,0.477354,0.902488,0.024631,-0.477354,0.463048,0.164040,0.728121,0.000000,0.902488,0.728121,106.262768,28.557159,60.083478,0.299707,1,464.74
20260607_204649,4355.447,1,Left,373,96.246649,0.000000,96.246649,0.000000,0.012207,0.009861,0.027534,17,0.000000,0.000000,0.682549,0.900000,0.023026,-0.455502,0.682549,0.055693,0.754591,0.000000,0.900000,0.754591,129.003429,36.710994,81.988568,0.261131,0,444.74
20260607_204649,4355.447,1,Right,368,96.195652,0.000000,96.195652,0.000000,0.024571,0.011310,0.062948,19,0.000000,0.000000,0.477354,0.902488,0.024631,-0.477354,0.463048,0.164040,0.728121,0.000000,0.902488,0.728121,106.262768,28.557159,60.083478,0.299707,1,444.74
20260607_204649,4360.457,1,Left,373,96.246649,0.000000,96.246649,0.000000,0.012207,0.009861,0.027534,17,0.000000,0.000000,0.682549,0.900000,0.023026,-0.455502,0.682549,0.055693,0.754591,0.000000,0.900000,0.754591,129.003429,36.710994,81.988568,0.261131,0,449.74
20260607_204649,4360.457,1,Right,368,96.195652,0.000000,96.195652,0.000000,0.024571,0.011310,0.062948,19,0.000000,0.000000,0.477354,0.902488,0.024631,-0.477354,0.463048,0.164040,0.728121,0.000000,0.902488,0.728121,106.262768,28.557159,60.083478,0.299707,1,449.74
20260607_204649,4365.464,1,Left,373,96.246649,0.000000,96.246649,0.000000,0.012207,0.009861,0.027534,17,0.000000,0.000000,0.682549,0.900000,0.023026,-0.455502,0.682549,0.055693,0.754591,0.000000,0.900000,0.754591,129.003429,36.710994,81.988568,0.261131,0,473.77
20260607_204649,4365.464,1,Right,368,96.195652,0.000000,96.195652,0.000000,0.024571,0.011310,0.062948,19,0.000000,0.000000,0.477354,0.902488,0.024631,-0.477354,0.463048,0.164040,0.728121,0.000000,0.902488,0.728121,106.262768,28.557159,60.083478,0.299707,1,473.77
20260607_204649,4370.470,1,Left,373,96.246649,0.000000,96.246649,0.000000,0.012207,0.009861,0.027534,17,0.000000,0.000000,0.682549,0.900000,0.023026,-0.455502,0.682549,0.055693,0.754591,0.000000,0.900000,0.754591,129.003429,36.710994,81.988568,0.261131,0,468.01
20260607_204649,4370.470,1,Right,368,96.195652,0.000000,96.195652,0.000000,0.024571,0.011310,0.062948,19,0.000000,0.000000,0.477354,0.902488,0.024631,-0.477354,0.463048,0.164040,0.728121,0.000000,0.902488,0.728121,106.262768,28.557159,60.083478,0.299707,1,468.01
20260607_204649,4375.476,1,Left,373,96.246649,0.000000,96.246649,0.000000,0.012207,0.009861,0.027534,17,0.000000,0.000000,0.682549,0.900000,0.023026,-0.455502,0.682549,0.055693,0.754591,0.000000,0.900000,0.754591,129.003429,36.710994,81.988568,0.261131,0,458.44
20260607_204649,4375.476,1,Right,368,96.195652,0.000000,96.195652,0.000000,0.024571,0.011310,0.062948,19,0.000000,0.000000,0.477354,0.902488,0.024631,-0.477354,0.463048,0.164040,0.728121,0.000000,0.902488,0.728121,106.262768,28.557159,60.083478,0.299707,1,458.44
20260607_204649,4380.481,1,Left,373,96.246649,0.000000,96.246649,0.000000,0.012207,0.009861,0.027534,17,0.000000,0.000000,0.682549,0.900000,0.023026,-0.455502,0.682549,0.055693,0.754591,0.000000,0.900000,0.754591,129.003429,36.710994,81.988568,0.261131,0,456.65
20260607_204649,4380.481,1,Right,368,96.195652,0.000000,96.195652,0.000000,0.024571,0.011310,0.062948,19,0.000000,0.000000,0.477354,0.902488,0.024631,-0.477354,0.463048,0.164040,0.728121,0.000000,0.902488,0.728121,106.262768,28.557159,60.083478,0.299707,1,456.65
20260607_204649,4385.492,1,Left,373,96.246649,0.000000,96.246649,0.000000,0.012207,0.009861,0.027534,17,0.000000,0.000000,0.682549,0.900000,0.023026,-0.455502,0.682549,0.055693,0.754591,0.000000,0.900000,0.754591,129.003429,36.710994,81.988568,0.261131,0,453.34
20260607_204649,4385.492,1,Right,368,96.195652,0.000000,96.195652,0.000000,0.024571,0.011310,0.062948,19,0.000000,0.000000,0.477354,0.902488,0.024631,-0.477354,0.463048,0.164040,0.728121,0.000000,0.902488,0.728121,106.262768,28.557159,60.083478,0.299707,1,453.34
20260607_204649,4390.503,1,Left,373,96.246649,0.000000,96.246649,0.000000,0.012207,0.009861,0.027534,17,0.000000,0.000000,0.682549,0.900000,0.023026,-0.455502,0.682549,0.055693,0.754591,0.000000,0.900000,0.754591,129.003429,36.710994,81.988568,0.261131,0,452.17
20260607_204649,4390.503,1,Right,368,96.195652,0.000000,96.195652,0.000000,0.024571,0.011310,0.062948,19,0.000000,0.000000,0.477354,0.902488,0.024631,-0.477354,0.463048,0.164040,0.728121,0.000000,0.902488,0.728121,106.262768,28.557159,60.083478,0.299707,1,452.17
20260607_204649,4395.513,1,Left,373,96.246649,0.000000,96.246649,0.000000,0.012207,0.009861,0.027534,17,0.000000,0.000000,0.682549,0.900000,0.023026,-0.455502,0.682549,0.055693,0.754591,0.000000,0.900000,0.754591,129.003429,36.710994,81.988568,0.261131,0,442.30
20260607_204649,4395.513,1,Right,368,96.195652,0.000000,96.195652,0.000000,0.024571,0.011310,0.062948,19,0.000000,0.000000,0.477354,0.902488,0.024631,-0.477354,0.463048,0.164040,0.728121,0.000000,0.902488,0.728121,106.262768,28.557159,60.083478,0.299707,1,442.30
20260607_204649,4400.522,1,Left,373,96.246649,0.000000,96.246649,0.000000,0.012207,0.009861,0.027534,17,0.000000,0.000000,0.682549,0.900000,0.023026,-0.455502,0.682549,0.055693,0.754591,0.000000,0.900000,0.754591,129.003429,36.710994,81.988568,0.261131,0,459.10
20260607_204649,4400.522,1,Right,368,96.195652,0.000000,96.195652,0.000000,0.024571,0.011310,0.062948,19,0.000000,0.000000,0.477354,0.902488,0.024631,-0.477354,0.463048,0.164040,0.728121,0.000000,0.902488,0.728121,106.262768,28.557159,60.083478,0.299707,1,459.10
20260607_204649,4405.527,1,Left,373,96.246649,0.000000,96.246649,0.000000,0.012207,0.009861,0.027534,17,0.000000,0.000000,0.682549,0.900000,0.023026,-0.455502,0.682549,0.055693,0.754591,0.000000,0.900000,0.754591,129.003429,36.710994,81.988568,0.261131,0,462.85
20260607_204649,4405.527,1,Right,368,96.195652,0.000000,96.195652,0.000000,0.024571,0.011310,0.062948,19,0.000000,0.000000,0.477354,0.902488,0.024631,-0.477354,0.463048,0.164040,0.728121,0.000000,0.902488,0.728121,106.262768,28.557159,60.083478,0.299707,1,462.85
20260607_204649,4410.538,1,Left,373,96.246649,0.000000,96.246649,0.000000,0.012207,0.009861,0.027534,17,0.000000,0.000000,0.682549,0.900000,0.023026,-0.455502,0.682549,0.055693,0.754591,0.000000,0.900000,0.754591,129.003429,36.710994,81.988568,0.261131,0,464.02
20260607_204649,4410.538,1,Right,368,96.195652,0.000000,96.195652,0.000000,0.024571,0.011310,0.062948,19,0.000000,0.000000,0.477354,0.902488,0.024631,-0.477354,0.463048,0.164040,0.728121,0.000000,0.902488,0.728121,106.262768,28.557159,60.083478,0.299707,1,464.02
20260607_204649,4415.543,1,Left,373,96.246649,0.000000,96.246649,0.000000,0.012207,0.009861,0.027534,17,0.000000,0.000000,0.682549,0.900000,0.023026,-0.455502,0.682549,0.055693,0.754591,0.000000,0.900000,0.754591,129.003429,36.710994,81.988568,0.261131,0,440.67
20260607_204649,4415.543,1,Right,368,96.195652,0.000000,96.195652,0.000000,0.024571,0.011310,0.062948,19,0.000000,0.000000,0.477354,0.902488,0.024631,-0.477354,0.463048,0.164040,0.728121,0.000000,0.902488,0.728121,106.262768,28.557159,60.083478,0.299707,1,440.67
20260607_204649,4420.546,1,Left,373,96.246649,0.000000,96.246649,0.000000,0.012207,0.009861,0.027534,17,0.000000,0.000000,0.682549,0.900000,0.023026,-0.455502,0.682549,0.055693,0.754591,0.000000,0.900000,0.754591,129.003429,36.710994,81.988568,0.261131,0,452.46
20260607_204649,4420.546,1,Right,368,96.195652,0.000000,96.195652,0.000000,0.024571,0.011310,0.062948,19,0.000000,0.000000,0.477354,0.902488,0.024631,-0.477354,0.463048,0.164040,0.728121,0.000000,0.902488,0.728121,106.262768,28.557159,60.083478,0.299707,1,452.46
20260607_204649,4425.556,1,Left,373,96.246649,0.000000,96.246649,0.000000,0.012207,0.009861,0.027534,17,0.000000,0.000000,0.682549,0.900000,0.023026,-0.455502,0.682549,0.055693,0.754591,0.000000,0.900000,0.754591,129.003429,36.710994,81.988568,0.261131,0,454.08
20260607_204649,4425.556,1,Right,368,96.195652,0.000000,96.195652,0.000000,0.024571,0.011310,0.062948,19,0.000000,0.000000,0.477354,0.902488,0.024631,-0.477354,0.463048,0.164040,0.728121,0.000000,0.902488,0.728121,106.262768,28.557159,60.083478,0.299707,1,454.08
20260607_204649,4430.561,1,Left,373,96.246649,0.000000,96.246649,0.000000,0.012207,0.009861,0.027534,17,0.000000,0.000000,0.682549,0.900000,0.023026,-0.455502,0.682549,0.055693,0.754591,0.000000,0.900000,0.754591,129.003429,36.710994,81.988568,0.261131,0,465.83
20260607_204649,4430.561,1,Right,368,96.195652,0.000000,96.195652,0.000000,0.024571,0.011310,0.062948,19,0.000000,0.000000,0.477354,0.902488,0.024631,-0.477354,0.463048,0.164040,0.728121,0.000000,0.902488,0.728121,106.262768,28.557159,60.083478,0.299707,1,465.83
20260607_204649,4435.561,1,Left,373,96.246649,0.000000,96.246649,0.000000,0.012207,0.009861,0.027534,17,0.000000,0.000000,0.682549,0.900000,0.023026,-0.455502,0.682549,0.055693,0.754591,0.000000,0.900000,0.754591,129.003429,36.710994,81.988568,0.261131,0,463.31
20260607_204649,4435.561,1,Right,368,96.195652,0.000000,96.195652,0.000000,0.024571,0.011310,0.062948,19,0.000000,0.000000,0.477354,0.902488,0.024631,-0.477354,0.463048,0.164040,0.728121,0.000000,0.902488,0.728121,106.262768,28.557159,60.083478,0.299707,1,463.31
20260607_204649,4440.564,1,Left,373,96.246649,0.000000,96.246649,0.000000,0.012207,0.009861,0.027534,17,0.000000,0.000000,0.682549,0.900000,0.023026,-0.455502,0.682549,0.055693,0.754591,0.000000,0.900000,0.754591,129.003429,36.710994,81.988568,0.261131,0,467.64
20260607_204649,4440.564,1,Right,368,96.195652,0.000000,96.195652,0.000000,0.024571,0.011310,0.062948,19,0.000000,0.000000,0.477354,0.902488,0.024631,-0.477354,0.463048,0.164040,0.728121,0.000000,0.902488,0.728121,106.262768,28.557159,60.083478,0.299707,1,467.64
20260607_204649,4445.575,1,Left,373,96.246649,0.000000,96.246649,0.000000,0.012207,0.009861,0.027534,17,0.000000,0.000000,0.682549,0.900000,0.023026,-0.455502,0.682549,0.055693,0.754591,0.000000,0.900000,0.754591,129.003429,36.710994,81.988568,0.261131,0,473.40
20260607_204649,4445.575,1,Right,368,96.195652,0.000000,96.195652,0.000000,0.024571,0.011310,0.062948,19,0.000000,0.000000,0.477354,0.902488,0.024631,-0.477354,0.463048,0.164040,0.728121,0.000000,0.902488,0.728121,106.262768,28.557159,60.083478,0.299707,1,473.40
20260607_204649,4450.580,1,Left,373,96.246649,0.000000,96.246649,0.000000,0.012207,0.009861,0.027534,17,0.000000,0.000000,0.682549,0.900000,0.023026,-0.455502,0.682549,0.055693,0.754591,0.000000,0.900000,0.754591,129.003429,36.710994,81.988568,0.261131,0,462.13
20260607_204649,4450.580,1,Right,368,96.195652,0.000000,96.195652,0.000000,0.024571,0.011310,0.062948,19,0.000000,0.000000,0.477354,0.902488,0.024631,-0.477354,0.463048,0.164040,0.728121,0.000000,0.902488,0.728121,106.262768,28.557159,60.083478,0.299707,1,462.13
20260607_204649,4455.590,1,Left,373,96.246649,0.000000,96.246649,0.000000,0.012207,0.009861,0.027534,17,0.000000,0.000000,0.682549,0.900000,0.023026,-0.455502,0.682549,0.055693,0.754591,0.000000,0.900000,0.754591,129.003429,36.710994,81.988568,0.261131,0,449.45
20260607_204649,4455.590,1,Right,368,96.195652,0.000000,96.195652,0.000000,0.024571,0.011310,0.062948,19,0.000000,0.000000,0.477354,0.902488,0.024631,-0.477354,0.463048,0.164040,0.728121,0.000000,0.902488,0.728121,106.262768,28.557159,60.083478,0.299707,1,449.45
20260607_204649,4460.591,1,Left,373,96.246649,0.000000,96.246649,0.000000,0.012207,0.009861,0.027534,17,0.000000,0.000000,0.682549,0.900000,0.023026,-0.455502,0.682549,0.055693,0.754591,0.000000,0.900000,0.754591,129.003429,36.710994,81.988568,0.261131,0,461.52
20260607_204649,4460.591,1,Right,368,96.195652,0.000000,96.195652,0.000000,0.024571,0.011310,0.062948,19,0.000000,0.000000,0.477354,0.902488,0.024631,-0.477354,0.463048,0.164040,0.728121,0.000000,0.902488,0.728121,106.262768,28.557159,60.083478,0.299707,1,461.52
20260607_204649,4465.601,1,Left,373,96.246649,0.000000,96.246649,0.000000,0.012207,0.009861,0.027534,17,0.000000,0.000000,0.682549,0.900000,0.023026,-0.455502,0.682549,0.055693,0.754591,0.000000,0.900000,0.754591,129.003429,36.710994,81.988568,0.261131,0,473.77
20260607_204649,4465.601,1,Right,368,96.195652,0.000000,96.195652,0.000000,0.024571,0.011310,0.062948,19,0.000000,0.000000,0.477354,0.902488,0.024631,-0.477354,0.463048,0.164040,0.728121,0.000000,0.902488,0.728121,106.262768,28.557159,60.083478,0.299707,1,473.77
20260607_204649,4470.605,1,Left,373,96.246649,0.000000,96.246649,0.000000,0.012207,0.009861,0.027534,17,0.000000,0.000000,0.682549,0.900000,0.023026,-0.455502,0.682549,0.055693,0.754591,0.000000,0.900000,0.754591,129.003429,36.710994,81.988568,0.261131,0,463.10
20260607_204649,4470.605,1,Right,368,96.195652,0.000000,96.195652,0.000000,0.024571,0.011310,0.062948,19,0.000000,0.000000,0.477354,0.902488,0.024631,-0.477354,0.463048,0.164040,0.728121,0.000000,0.902488,0.728121,106.262768,28.557159,60.083478,0.299707,1,463.10
20260607_204649,4475.614,1,Left,373,96.246649,0.000000,96.246649,0.000000,0.012207,0.009861,0.027534,17,0.000000,0.000000,0.682549,0.900000,0.023026,-0.455502,0.682549,0.055693,0.754591,0.000000,0.900000,0.754591,129.003429,36.710994,81.988568,0.261131,0,462.59
20260607_204649,4475.614,1,Right,368,96.195652,0.000000,96.195652,0.000000,0.024571,0.011310,0.062948,19,0.000000,0.000000,0.477354,0.902488,0.024631,-0.477354,0.463048,0.164040,0.728121,0.000000,0.902488,0.728121,106.262768,28.557159,60.083478,0.299707,1,462.59
20260607_204649,4480.616,1,Left,373,96.246649,0.000000,96.246649,0.000000,0.012207,0.009861,0.027534,17,0.000000,0.000000,0.682549,0.900000,0.023026,-0.455502,0.682549,0.055693,0.754591,0.000000,0.900000,0.754591,129.003429,36.710994,81.988568,0.261131,0,460.20
20260607_204649,4480.616,1,Right,368,96.195652,0.000000,96.195652,0.000000,0.024571,0.011310,0.062948,19,0.000000,0.000000,0.477354,0.902488,0.024631,-0.477354,0.463048,0.164040,0.728121,0.000000,0.902488,0.728121,106.262768,28.557159,60.083478,0.299707,1,460.20
20260607_204649,4485.622,1,Left,373,96.246649,0.000000,96.246649,0.000000,0.012207,0.009861,0.027534,17,0.000000,0.000000,0.682549,0.900000,0.023026,-0.455502,0.682549,0.055693,0.754591,0.000000,0.900000,0.754591,129.003429,36.710994,81.988568,0.261131,0,417.34
20260607_204649,4485.622,1,Right,368,96.195652,0.000000,96.195652,0.000000,0.024571,0.011310,0.062948,19,0.000000,0.000000,0.477354,0.902488,0.024631,-0.477354,0.463048,0.164040,0.728121,0.000000,0.902488,0.728121,106.262768,28.557159,60.083478,0.299707,1,417.34
20260607_204649,4490.632,1,Left,373,96.246649,0.000000,96.246649,0.000000,0.012207,0.009861,0.027534,17,0.000000,0.000000,0.682549,0.900000,0.023026,-0.455502,0.682549,0.055693,0.754591,0.000000,0.900000,0.754591,129.003429,36.710994,81.988568,0.261131,0,474.09
20260607_204649,4490.632,1,Right,368,96.195652,0.000000,96.195652,0.000000,0.024571,0.011310,0.062948,19,0.000000,0.000000,0.477354,0.902488,0.024631,-0.477354,0.463048,0.164040,0.728121,0.000000,0.902488,0.728121,106.262768,28.557159,60.083478,0.299707,1,474.09
20260607_204649,4495.633,1,Left,373,96.246649,0.000000,96.246649,0.000000,0.012207,0.009861,0.027534,17,0.000000,0.000000,0.682549,0.900000,0.023026,-0.455502,0.682549,0.055693,0.754591,0.000000,0.900000,0.754591,129.003429,36.710994,81.988568,0.261131,0,452.70
20260607_204649,4495.633,1,Right,368,96.195652,0.000000,96.195652,0.000000,0.024571,0.011310,0.062948,19,0.000000,0.000000,0.477354,0.902488,0.024631,-0.477354,0.463048,0.164040,0.728121,0.000000,0.902488,0.728121,106.262768,28.557159,60.083478,0.299707,1,452.70
20260607_204649,4500.636,1,Left,373,96.246649,0.000000,96.246649,0.000000,0.012207,0.009861,0.027534,17,0.000000,0.000000,0.682549,0.900000,0.023026,-0.455502,0.682549,0.055693,0.754591,0.000000,0.900000,0.754591,129.003429,36.710994,81.988568,0.261131,0,462.18
20260607_204649,4500.636,1,Right,368,96.195652,0.000000,96.195652,0.000000,0.024571,0.011310,0.062948,19,0.000000,0.000000,0.477354,0.902488,0.024631,-0.477354,0.463048,0.164040,0.728121,0.000000,0.902488,0.728121,106.262768,28.557159,60.083478,0.299707,1,462.18
20260607_204649,4505.638,1,Left,373,96.246649,0.000000,96.246649,0.000000,0.012207,0.009861,0.027534,17,0.000000,0.000000,0.682549,0.900000,0.023026,-0.455502,0.682549,0.055693,0.754591,0.000000,0.900000,0.754591,129.003429,36.710994,81.988568,0.261131,0,462.79
20260607_204649,4505.638,1,Right,368,96.195652,0.000000,96.195652,0.000000,0.024571,0.011310,0.062948,19,0.000000,0.000000,0.477354,0.902488,0.024631,-0.477354,0.463048,0.164040,0.728121,0.000000,0.902488,0.728121,106.262768,28.557159,60.083478,0.299707,1,462.79
20260607_204649,4510.640,1,Left,373,96.246649,0.000000,96.246649,0.000000,0.012207,0.009861,0.027534,17,0.000000,0.000000,0.682549,0.900000,0.023026,-0.455502,0.682549,0.055693,0.754591,0.000000,0.900000,0.754591,129.003429,36.710994,81.988568,0.261131,0,454.42
20260607_204649,4510.640,1,Right,368,96.195652,0.000000,96.195652,0.000000,0.024571,0.011310,0.062948,19,0.000000,0.000000,0.477354,0.902488,0.024631,-0.477354,0.463048,0.164040,0.728121,0.000000,0.902488,0.728121,106.262768,28.557159,60.083478,0.299707,1,454.42
20260607_204649,4515.652,1,Left,373,96.246649,0.000000,96.246649,0.000000,0.012207,0.009861,0.027534,17,0.000000,0.000000,0.682549,0.900000,0.023026,-0.455502,0.682549,0.055693,0.754591,0.000000,0.900000,0.754591,129.003429,36.710994,81.988568,0.261131,0,459.05
20260607_204649,4515.652,1,Right,368,96.195652,0.000000,96.195652,0.000000,0.024571,0.011310,0.062948,19,0.000000,0.000000,0.477354,0.902488,0.024631,-0.477354,0.463048,0.164040,0.728121,0.000000,0.902488,0.728121,106.262768,28.557159,60.083478,0.299707,1,459.05
20260607_204649,4520.659,1,Left,373,96.246649,0.000000,96.246649,0.000000,0.012207,0.009861,0.027534,17,0.000000,0.000000,0.682549,0.900000,0.023026,-0.455502,0.682549,0.055693,0.754591,0.000000,0.900000,0.754591,129.003429,36.710994,81.988568,0.261131,0,454.67
20260607_204649,4520.659,1,Right,368,96.195652,0.000000,96.195652,0.000000,0.024571,0.011310,0.062948,19,0.000000,0.000000,0.477354,0.902488,0.024631,-0.477354,0.463048,0.164040,0.728121,0.000000,0.902488,0.728121,106.262768,28.557159,60.083478,0.299707,1,454.67
20260607_204649,4525.669,1,Left,373,96.246649,0.000000,96.246649,0.000000,0.012207,0.009861,0.027534,17,0.000000,0.000000,0.682549,0.900000,0.023026,-0.455502,0.682549,0.055693,0.754591,0.000000,0.900000,0.754591,129.003429,36.710994,81.988568,0.261131,0,454.42
20260607_204649,4525.669,1,Right,368,96.195652,0.000000,96.195652,0.000000,0.024571,0.011310,0.062948,19,0.000000,0.000000,0.477354,0.902488,0.024631,-0.477354,0.463048,0.164040,0.728121,0.000000,0.902488,0.728121,106.262768,28.557159,60.083478,0.299707,1,454.42
20260607_204649,4530.680,1,Left,373,96.246649,0.000000,96.246649,0.000000,0.012207,0.009861,0.027534,17,0.000000,0.000000,0.682549,0.900000,0.023026,-0.455502,0.682549,0.055693,0.754591,0.000000,0.900000,0.754591,129.003429,36.710994,81.988568,0.261131,0,472.86
20260607_204649,4530.680,1,Right,368,96.195652,0.000000,96.195652,0.000000,0.024571,0.011310,0.062948,19,0.000000,0.000000,0.477354,0.902488,0.024631,-0.477354,0.463048,0.164040,0.728121,0.000000,0.902488,0.728121,106.262768,28.557159,60.083478,0.299707,1,472.86
20260607_204649,4535.681,1,Left,373,96.246649,0.000000,96.246649,0.000000,0.012207,0.009861,0.027534,17,0.000000,0.000000,0.682549,0.900000,0.023026,-0.455502,0.682549,0.055693,0.754591,0.000000,0.900000,0.754591,129.003429,36.710994,81.988568,0.261131,0,442.16
20260607_204649,4535.681,1,Right,368,96.195652,0.000000,96.195652,0.000000,0.024571,0.011310,0.062948,19,0.000000,0.000000,0.477354,0.902488,0.024631,-0.477354,0.463048,0.164040,0.728121,0.000000,0.902488,0.728121,106.262768,28.557159,60.083478,0.299707,1,442.16
20260607_204649,4540.691,1,Left,373,96.246649,0.000000,96.246649,0.000000,0.012207,0.009861,0.027534,17,0.000000,0.000000,0.682549,0.900000,0.023026,-0.455502,0.682549,0.055693,0.754591,0.000000,0.900000,0.754591,129.003429,36.710994,81.988568,0.261131,0,473.24
20260607_204649,4540.691,1,Right,368,96.195652,0.000000,96.195652,0.000000,0.024571,0.011310,0.062948,19,0.000000,0.000000,0.477354,0.902488,0.024631,-0.477354,0.463048,0.164040,0.728121,0.000000,0.902488,0.728121,106.262768,28.557159,60.083478,0.299707,1,473.24
20260607_204649,4545.694,1,Left,373,96.246649,0.000000,96.246649,0.000000,0.012207,0.009861,0.027534,17,0.000000,0.000000,0.682549,0.900000,0.023026,-0.455502,0.682549,0.055693,0.754591,0.000000,0.900000,0.754591,129.003429,36.710994,81.988568,0.261131,0,464.38
20260607_204649,4545.694,1,Right,368,96.195652,0.000000,96.195652,0.000000,0.024571,0.011310,0.062948,19,0.000000,0.000000,0.477354,0.902488,0.024631,-0.477354,0.463048,0.164040,0.728121,0.000000,0.902488,0.728121,106.262768,28.557159,60.083478,0.299707,1,464.38
20260607_204649,4550.705,1,Left,373,96.246649,0.000000,96.246649,0.000000,0.012207,0.009861,0.027534,17,0.000000,0.000000,0.682549,0.900000,0.023026,-0.455502,0.682549,0.055693,0.754591,0.000000,0.900000,0.754591,129.003429,36.710994,81.988568,0.261131,0,458.85
20260607_204649,4550.705,1,Right,368,96.195652,0.000000,96.195652,0.000000,0.024571,0.011310,0.062948,19,0.000000,0.000000,0.477354,0.902488,0.024631,-0.477354,0.463048,0.164040,0.728121,0.000000,0.902488,0.728121,106.262768,28.557159,60.083478,0.299707,1,458.85
20260607_204649,4555.710,1,Left,373,96.246649,0.000000,96.246649,0.000000,0.012207,0.009861,0.027534,17,0.000000,0.000000,0.682549,0.900000,0.023026,-0.455502,0.682549,0.055693,0.754591,0.000000,0.900000,0.754591,129.003429,36.710994,81.988568,0.261131,0,453.88
20260607_204649,4555.710,1,Right,368,96.195652,0.000000,96.195652,0.000000,0.024571,0.011310,0.062948,19,0.000000,0.000000,0.477354,0.902488,0.024631,-0.477354,0.463048,0.164040,0.728121,0.000000,0.902488,0.728121,106.262768,28.557159,60.083478,0.299707,1,453.88
20260607_204649,4560.715,1,Left,373,96.246649,0.000000,96.246649,0.000000,0.012207,0.009861,0.027534,17,0.000000,0.000000,0.682549,0.900000,0.023026,-0.455502,0.682549,0.055693,0.754591,0.000000,0.900000,0.754591,129.003429,36.710994,81.988568,0.261131,0,465.57
20260607_204649,4560.715,1,Right,368,96.195652,0.000000,96.195652,0.000000,0.024571,0.011310,0.062948,19,0.000000,0.000000,0.477354,0.902488,0.024631,-0.477354,0.463048,0.164040,0.728121,0.000000,0.902488,0.728121,106.262768,28.557159,60.083478,0.299707,1,465.57
20260607_204649,4565.721,1,Left,373,96.246649,0.000000,96.246649,0.000000,0.012207,0.009861,0.027534,17,0.000000,0.000000,0.682549,0.900000,0.023026,-0.455502,0.682549,0.055693,0.754591,0.000000,0.900000,0.754591,129.003429,36.710994,81.988568,0.261131,0,458.69
20260607_204649,4565.721,1,Right,368,96.195652,0.000000,96.195652,0.000000,0.024571,0.011310,0.062948,19,0.000000,0.000000,0.477354,0.902488,0.024631,-0.477354,0.463048,0.164040,0.728121,0.000000,0.902488,0.728121,106.262768,28.557159,60.083478,0.299707,1,458.69
20260607_204649,4570.722,1,Left,373,96.246649,0.000000,96.246649,0.000000,0.012207,0.009861,0.027534,17,0.000000,0.000000,0.682549,0.900000,0.023026,-0.455502,0.682549,0.055693,0.754591,0.000000,0.900000,0.754591,129.003429,36.710994,81.988568,0.261131,0,459.85
20260607_204649,4570.722,1,Right,368,96.195652,0.000000,96.195652,0.000000,0.024571,0.011310,0.062948,19,0.000000,0.000000,0.477354,0.902488,0.024631,-0.477354,0.463048,0.164040,0.728121,0.000000,0.902488,0.728121,106.262768,28.557159,60.083478,0.299707,1,459.85
20260607_204649,4575.722,1,Left,373,96.246649,0.000000,96.246649,0.000000,0.012207,0.009861,0.027534,17,0.000000,0.000000,0.682549,0.900000,0.023026,-0.455502,0.682549,0.055693,0.754591,0.000000,0.900000,0.754591,129.003429,36.710994,81.988568,0.261131,0,458.69
20260607_204649,4575.722,1,Right,368,96.195652,0.000000,96.195652,0.000000,0.024571,0.011310,0.062948,19,0.000000,0.000000,0.477354,0.902488,0.024631,-0.477354,0.463048,0.164040,0.728121,0.000000,0.902488,0.728121,106.262768,28.557159,60.083478,0.299707,1,458.69
20260607_204649,4580.728,1,Left,373,96.246649,0.000000,96.246649,0.000000,0.012207,0.009861,0.027534,17,0.000000,0.000000,0.682549,0.900000,0.023026,-0.455502,0.682549,0.055693,0.754591,0.000000,0.900000,0.754591,129.003429,36.710994,81.988568,0.261131,0,468.95
20260607_204649,4580.728,1,Right,368,96.195652,0.000000,96.195652,0.000000,0.024571,0.011310,0.062948,19,0.000000,0.000000,0.477354,0.902488,0.024631,-0.477354,0.463048,0.164040,0.728121,0.000000,0.902488,0.728121,106.262768,28.557159,60.083478,0.299707,1,468.95
20260607_204649,4585.729,1,Left,373,96.246649,0.000000,96.246649,0.000000,0.012207,0.009861,0.027534,17,0.000000,0.000000,0.682549,0.900000,0.023026,-0.455502,0.682549,0.055693,0.754591,0.000000,0.900000,0.754591,129.003429,36.710994,81.988568,0.261131,0,459.50
20260607_204649,4585.729,1,Right,368,96.195652,0.000000,96.195652,0.000000,0.024571,0.011310,0.062948,19,0.000000,0.000000,0.477354,0.902488,0.024631,-0.477354,0.463048,0.164040,0.728121,0.000000,0.902488,0.728121,106.262768,28.557159,60.083478,0.299707,1,459.50
20260607_204649,4590.733,1,Left,373,96.246649,0.000000,96.246649,0.000000,0.012207,0.009861,0.027534,17,0.000000,0.000000,0.682549,0.900000,0.023026,-0.455502,0.682549,0.055693,0.754591,0.000000,0.900000,0.754591,129.003429,36.710994,81.988568,0.261131,0,473.50
20260607_204649,4590.733,1,Right,368,96.195652,0.000000,96.195652,0.000000,0.024571,0.011310,0.062948,19,0.000000,0.000000,0.477354,0.902488,0.024631,-0.477354,0.463048,0.164040,0.728121,0.000000,0.902488,0.728121,106.262768,28.557159,60.083478,0.299707,1,473.50
20260607_204649,4595.734,1,Left,373,96.246649,0.000000,96.246649,0.000000,0.012207,0.009861,0.027534,17,0.000000,0.000000,0.682549,0.900000,0.023026,-0.455502,0.682549,0.055693,0.754591,0.000000,0.900000,0.754591,129.003429,36.710994,81.988568,0.261131,0,448.40
20260607_204649,4595.734,1,Right,368,96.195652,0.000000,96.195652,0.000000,0.024571,0.011310,0.062948,19,0.000000,0.000000,0.477354,0.902488,0.024631,-0.477354,0.463048,0.164040,0.728121,0.000000,0.902488,0.728121,106.262768,28.557159,60.083478,0.299707,1,448.40
20260607_204649,4600.743,1,Left,373,96.246649,0.000000,96.246649,0.000000,0.012207,0.009861,0.027534,17,0.000000,0.000000,0.682549,0.900000,0.023026,-0.455502,0.682549,0.055693,0.754591,0.000000,0.900000,0.754591,129.003429,36.710994,81.988568,0.261131,0,464.69
20260607_204649,4600.743,1,Right,368,96.195652,0.000000,96.195652,0.000000,0.024571,0.011310,0.062948,19,0.000000,0.000000,0.477354,0.902488,0.024631,-0.477354,0.463048,0.164040,0.728121,0.000000,0.902488,0.728121,106.262768,28.557159,60.083478,0.299707,1,464.69
20260607_204649,4605.753,1,Left,373,96.246649,0.000000,96.246649,0.000000,0.012207,0.009861,0.027534,17,0.000000,0.000000,0.682549,0.900000,0.023026,-0.455502,0.682549,0.055693,0.754591,0.000000,0.900000,0.754591,129.003429,36.710994,81.988568,0.261131,0,435.59
20260607_204649,4605.753,1,Right,368,96.195652,0.000000,96.195652,0.000000,0.024571,0.011310,0.062948,19,0.000000,0.000000,0.477354,0.902488,0.024631,-0.477354,0.463048,0.164040,0.728121,0.000000,0.902488,0.728121,106.262768,28.557159,60.083478,0.299707,1,435.59
20260607_204649,4610.765,1,Left,373,96.246649,0.000000,96.246649,0.000000,0.012207,0.009861,0.027534,17,0.000000,0.000000,0.682549,0.900000,0.023026,-0.455502,0.682549,0.055693,0.754591,0.000000,0.900000,0.754591,129.003429,36.710994,81.988568,0.261131,0,457.59
20260607_204649,4610.765,1,Right,368,96.195652,0.000000,96.195652,0.000000,0.024571,0.011310,0.062948,19,0.000000,0.000000,0.477354,0.902488,0.024631,-0.477354,0.463048,0.164040,0.728121,0.000000,0.902488,0.728121,106.262768,28.557159,60.083478,0.299707,1,457.59
20260607_204649,4615.767,1,Left,373,96.246649,0.000000,96.246649,0.000000,0.012207,0.009861,0.027534,17,0.000000,0.000000,0.682549,0.900000,0.023026,-0.455502,0.682549,0.055693,0.754591,0.000000,0.900000,0.754591,129.003429,36.710994,81.988568,0.261131,0,467.49
20260607_204649,4615.767,1,Right,368,96.195652,0.000000,96.195652,0.000000,0.024571,0.011310,0.062948,19,0.000000,0.000000,0.477354,0.902488,0.024631,-0.477354,0.463048,0.164040,0.728121,0.000000,0.902488,0.728121,106.262768,28.557159,60.083478,0.299707,1,467.49
20260607_204649,4620.778,1,Left,373,96.246649,0.000000,96.246649,0.000000,0.012207,0.009861,0.027534,17,0.000000,0.000000,0.682549,0.900000,0.023026,-0.455502,0.682549,0.055693,0.754591,0.000000,0.900000,0.754591,129.003429,36.710994,81.988568,0.261131,0,438.92
20260607_204649,4620.778,1,Right,368,96.195652,0.000000,96.195652,0.000000,0.024571,0.011310,0.062948,19,0.000000,0.000000,0.477354,0.902488,0.024631,-0.477354,0.463048,0.164040,0.728121,0.000000,0.902488,0.728121,106.262768,28.557159,60.083478,0.299707,1,438.92
20260607_204649,4625.779,1,Left,373,96.246649,0.000000,96.246649,0.000000,0.012207,0.009861,0.027534,17,0.000000,0.000000,0.682549,0.900000,0.023026,-0.455502,0.682549,0.055693,0.754591,0.000000,0.900000,0.754591,129.003429,36.710994,81.988568,0.261131,0,456.15
20260607_204649,4625.779,1,Right,368,96.195652,0.000000,96.195652,0.000000,0.024571,0.011310,0.062948,19,0.000000,0.000000,0.477354,0.902488,0.024631,-0.477354,0.463048,0.164040,0.728121,0.000000,0.902488,0.728121,106.262768,28.557159,60.083478,0.299707,1,456.15
20260607_204649,4630.789,1,Left,373,96.246649,0.000000,96.246649,0.000000,0.012207,0.009861,0.027534,17,0.000000,0.000000,0.682549,0.900000,0.023026,-0.455502,0.682549,0.055693,0.754591,0.000000,0.900000,0.754591,129.003429,36.710994,81.988568,0.261131,0,441.46
20260607_204649,4630.789,1,Right,368,96.195652,0.000000,96.195652,0.000000,0.024571,0.011310,0.062948,19,0.000000,0.000000,0.477354,0.902488,0.024631,-0.477354,0.463048,0.164040,0.728121,0.000000,0.902488,0.728121,106.262768,28.557159,60.083478,0.299707,1,441.46
20260607_204649,4635.798,1,Left,373,96.246649,0.000000,96.246649,0.000000,0.012207,0.009861,0.027534,17,0.000000,0.000000,0.682549,0.900000,0.023026,-0.455502,0.682549,0.055693,0.754591,0.000000,0.900000,0.754591,129.003429,36.710994,81.988568,0.261131,0,440.95
20260607_204649,4635.798,1,Right,368,96.195652,0.000000,96.195652,0.000000,0.024571,0.011310,0.062948,19,0.000000,0.000000,0.477354,0.902488,0.024631,-0.477354,0.463048,0.164040,0.728121,0.000000,0.902488,0.728121,106.262768,28.557159,60.083478,0.299707,1,440.95
20260607_204649,4640.801,1,Left,373,96.246649,0.000000,96.246649,0.000000,0.012207,0.009861,0.027534,17,0.000000,0.000000,0.682549,0.900000,0.023026,-0.455502,0.682549,0.055693,0.754591,0.000000,0.900000,0.754591,129.003429,36.710994,81.988568,0.261131,0,441.04
20260607_204649,4640.801,1,Right,368,96.195652,0.000000,96.195652,0.000000,0.024571,0.011310,0.062948,19,0.000000,0.000000,0.477354,0.902488,0.024631,-0.477354,0.463048,0.164040,0.728121,0.000000,0.902488,0.728121,106.262768,28.557159,60.083478,0.299707,1,441.04
20260607_204649,4645.802,1,Left,373,96.246649,0.000000,96.246649,0.000000,0.012207,0.009861,0.027534,17,0.000000,0.000000,0.682549,0.900000,0.023026,-0.455502,0.682549,0.055693,0.754591,0.000000,0.900000,0.754591,129.003429,36.710994,81.988568,0.261131,0,458.39
20260607_204649,4645.802,1,Right,368,96.195652,0.000000,96.195652,0.000000,0.024571,0.011310,0.062948,19,0.000000,0.000000,0.477354,0.902488,0.024631,-0.477354,0.463048,0.164040,0.728121,0.000000,0.902488,0.728121,106.262768,28.557159,60.083478,0.299707,1,458.39
20260607_204649,4650.812,1,Left,373,96.246649,0.000000,96.246649,0.000000,0.012207,0.009861,0.027534,17,0.000000,0.000000,0.682549,0.900000,0.023026,-0.455502,0.682549,0.055693,0.754591,0.000000,0.900000,0.754591,129.003429,36.710994,81.988568,0.261131,0,459.20
20260607_204649,4650.812,1,Right,368,96.195652,0.000000,96.195652,0.000000,0.024571,0.011310,0.062948,19,0.000000,0.000000,0.477354,0.902488,0.024631,-0.477354,0.463048,0.164040,0.728121,0.000000,0.902488,0.728121,106.262768,28.557159,60.083478,0.299707,1,459.20
20260607_204649,4655.817,1,Left,373,96.246649,0.000000,96.246649,0.000000,0.012207,0.009861,0.027534,17,0.000000,0.000000,0.682549,0.900000,0.023026,-0.455502,0.682549,0.055693,0.754591,0.000000,0.900000,0.754591,129.003429,36.710994,81.988568,0.261131,0,455.65
20260607_204649,4655.817,1,Right,368,96.195652,0.000000,96.195652,0.000000,0.024571,0.011310,0.062948,19,0.000000,0.000000,0.477354,0.902488,0.024631,-0.477354,0.463048,0.164040,0.728121,0.000000,0.902488,0.728121,106.262768,28.557159,60.083478,0.299707,1,455.65
20260607_204649,4660.823,1,Left,373,96.246649,0.000000,96.246649,0.000000,0.012207,0.009861,0.027534,17,0.000000,0.000000,0.682549,0.900000,0.023026,-0.455502,0.682549,0.055693,0.754591,0.000000,0.900000,0.754591,129.003429,36.710994,81.988568,0.261131,0,444.17
20260607_204649,4660.823,1,Right,368,96.195652,0.000000,96.195652,0.000000,0.024571,0.011310,0.062948,19,0.000000,0.000000,0.477354,0.902488,0.024631,-0.477354,0.463048,0.164040,0.728121,0.000000,0.902488,0.728121,106.262768,28.557159,60.083478,0.299707,1,444.17
20260607_204649,4665.825,1,Left,373,96.246649,0.000000,96.246649,0.000000,0.012207,0.009861,0.027534,17,0.000000,0.000000,0.682549,0.900000,0.023026,-0.455502,0.682549,0.055693,0.754591,0.000000,0.900000,0.754591,129.003429,36.710994,81.988568,0.261131,0,437.77
20260607_204649,4665.825,1,Right,368,96.195652,0.000000,96.195652,0.000000,0.024571,0.011310,0.062948,19,0.000000,0.000000,0.477354,0.902488,0.024631,-0.477354,0.463048,0.164040,0.728121,0.000000,0.902488,0.728121,106.262768,28.557159,60.083478,0.299707,1,437.77
20260607_204649,4670.830,1,Left,373,96.246649,0.000000,96.246649,0.000000,0.012207,0.009861,0.027534,17,0.000000,0.000000,0.682549,0.900000,0.023026,-0.455502,0.682549,0.055693,0.754591,0.000000,0.900000,0.754591,129.003429,36.710994,81.988568,0.261131,0,459.30
20260607_204649,4670.830,1,Right,368,96.195652,0.000000,96.195652,0.000000,0.024571,0.011310,0.062948,19,0.000000,0.000000,0.477354,0.902488,0.024631,-0.477354,0.463048,0.164040,0.728121,0.000000,0.902488,0.728121,106.262768,28.557159,60.083478,0.299707,1,459.30
20260607_204649,4675.831,1,Left,373,96.246649,0.000000,96.246649,0.000000,0.012207,0.009861,0.027534,17,0.000000,0.000000,0.682549,0.900000,0.023026,-0.455502,0.682549,0.055693,0.754591,0.000000,0.900000,0.754591,129.003429,36.710994,81.988568,0.261131,0,463.31
20260607_204649,4675.831,1,Right,368,96.195652,0.000000,96.195652,0.000000,0.024571,0.011310,0.062948,19,0.000000,0.000000,0.477354,0.902488,0.024631,-0.477354,0.463048,0.164040,0.728121,0.000000,0.902488,0.728121,106.262768,28.557159,60.083478,0.299707,1,463.31
20260607_204649,4680.840,1,Left,373,96.246649,0.000000,96.246649,0.000000,0.012207,0.009861,0.027534,17,0.000000,0.000000,0.682549,0.900000,0.023026,-0.455502,0.682549,0.055693,0.754591,0.000000,0.900000,0.754591,129.003429,36.710994,81.988568,0.261131,0,468.17
20260607_204649,4680.840,1,Right,368,96.195652,0.000000,96.195652,0.000000,0.024571,0.011310,0.062948,19,0.000000,0.000000,0.477354,0.902488,0.024631,-0.477354,0.463048,0.164040,0.728121,0.000000,0.902488,0.728121,106.262768,28.557159,60.083478,0.299707,1,468.17
20260607_204649,4685.842,1,Left,373,96.246649,0.000000,96.246649,0.000000,0.012207,0.009861,0.027534,17,0.000000,0.000000,0.682549,0.900000,0.023026,-0.455502,0.682549,0.055693,0.754591,0.000000,0.900000,0.754591,129.003429,36.710994,81.988568,0.261131,0,473.18
20260607_204649,4685.842,1,Right,368,96.195652,0.000000,96.195652,0.000000,0.024571,0.011310,0.062948,19,0.000000,0.000000,0.477354,0.902488,0.024631,-0.477354,0.463048,0.164040,0.728121,0.000000,0.902488,0.728121,106.262768,28.557159,60.083478,0.299707,1,473.18
20260607_204649,4690.847,1,Left,373,96.246649,0.000000,96.246649,0.000000,0.012207,0.009861,0.027534,17,0.000000,0.000000,0.682549,0.900000,0.023026,-0.455502,0.682549,0.055693,0.754591,0.000000,0.900000,0.754591,129.003429,36.710994,81.988568,0.261131,0,470.58
20260607_204649,4690.847,1,Right,368,96.195652,0.000000,96.195652,0.000000,0.024571,0.011310,0.062948,19,0.000000,0.000000,0.477354,0.902488,0.024631,-0.477354,0.463048,0.164040,0.728121,0.000000,0.902488,0.728121,106.262768,28.557159,60.083478,0.299707,1,470.58
20260607_204649,4695.848,1,Left,373,96.246649,0.000000,96.246649,0.000000,0.012207,0.009861,0.027534,17,0.000000,0.000000,0.682549,0.900000,0.023026,-0.455502,0.682549,0.055693,0.754591,0.000000,0.900000,0.754591,129.003429,36.710994,81.988568,0.261131,0,455.11
20260607_204649,4695.848,1,Right,368,96.195652,0.000000,96.195652,0.000000,0.024571,0.011310,0.062948,19,0.000000,0.000000,0.477354,0.902488,0.024631,-0.477354,0.463048,0.164040,0.728121,0.000000,0.902488,0.728121,106.262768,28.557159,60.083478,0.299707,1,455.11
20260607_204649,4700.852,1,Left,373,96.246649,0.000000,96.246649,0.000000,0.012207,0.009861,0.027534,17,0.000000,0.000000,0.682549,0.900000,0.023026,-0.455502,0.682549,0.055693,0.754591,0.000000,0.900000,0.754591,129.003429,36.710994,81.988568,0.261131,0,473.40
20260607_204649,4700.852,1,Right,368,96.195652,0.000000,96.195652,0.000000,0.024571,0.011310,0.062948,19,0.000000,0.000000,0.477354,0.902488,0.024631,-0.477354,0.463048,0.164040,0.728121,0.000000,0.902488,0.728121,106.262768,28.557159,60.083478,0.299707,1,473.40
20260607_204649,4705.857,1,Left,373,96.246649,0.000000,96.246649,0.000000,0.012207,0.009861,0.027534,17,0.000000,0.000000,0.682549,0.900000,0.023026,-0.455502,0.682549,0.055693,0.754591,0.000000,0.900000,0.754591,129.003429,36.710994,81.988568,0.261131,0,431.20
20260607_204649,4705.857,1,Right,368,96.195652,0.000000,96.195652,0.000000,0.024571,0.011310,0.062948,19,0.000000,0.000000,0.477354,0.902488,0.024631,-0.477354,0.463048,0.164040,0.728121,0.000000,0.902488,0.728121,106.262768,28.557159,60.083478,0.299707,1,431.20
20260607_204649,4710.865,1,Left,373,96.246649,0.000000,96.246649,0.000000,0.012207,0.009861,0.027534,17,0.000000,0.000000,0.682549,0.900000,0.023026,-0.455502,0.682549,0.055693,0.754591,0.000000,0.900000,0.754591,129.003429,36.710994,81.988568,0.261131,0,465.41
20260607_204649,4710.865,1,Right,368,96.195652,0.000000,96.195652,0.000000,0.024571,0.011310,0.062948,19,0.000000,0.000000,0.477354,0.902488,0.024631,-0.477354,0.463048,0.164040,0.728121,0.000000,0.902488,0.728121,106.262768,28.557159,60.083478,0.299707,1,465.41
20260607_204649,4715.871,1,Left,373,96.246649,0.000000,96.246649,0.000000,0.012207,0.009861,0.027534,17,0.000000,0.000000,0.682549,0.900000,0.023026,-0.455502,0.682549,0.055693,0.754591,0.000000,0.900000,0.754591,129.003429,36.710994,81.988568,0.261131,0,468.48
20260607_204649,4715.871,1,Right,368,96.195652,0.000000,96.195652,0.000000,0.024571,0.011310,0.062948,19,0.000000,0.000000,0.477354,0.902488,0.024631,-0.477354,0.463048,0.164040,0.728121,0.000000,0.902488,0.728121,106.262768,28.557159,60.083478,0.299707,1,468.48
20260607_204649,4720.877,1,Left,373,96.246649,0.000000,96.246649,0.000000,0.012207,0.009861,0.027534,17,0.000000,0.000000,0.682549,0.900000,0.023026,-0.455502,0.682549,0.055693,0.754591,0.000000,0.900000,0.754591,129.003429,36.710994,81.988568,0.261131,0,452.56
20260607_204649,4720.877,1,Right,368,96.195652,0.000000,96.195652,0.000000,0.024571,0.011310,0.062948,19,0.000000,0.000000,0.477354,0.902488,0.024631,-0.477354,0.463048,0.164040,0.728121,0.000000,0.902488,0.728121,106.262768,28.557159,60.083478,0.299707,1,452.56
20260607_204649,4725.879,1,Left,373,96.246649,0.000000,96.246649,0.000000,0.012207,0.009861,0.027534,17,0.000000,0.000000,0.682549,0.900000,0.023026,-0.455502,0.682549,0.055693,0.754591,0.000000,0.900000,0.754591,129.003429,36.710994,81.988568,0.261131,0,460.56
20260607_204649,4725.879,1,Right,368,96.195652,0.000000,96.195652,0.000000,0.024571,0.011310,0.062948,19,0.000000,0.000000,0.477354,0.902488,0.024631,-0.477354,0.463048,0.164040,0.728121,0.000000,0.902488,0.728121,106.262768,28.557159,60.083478,0.299707,1,460.56
20260607_204649,4730.884,1,Left,373,96.246649,0.000000,96.246649,0.000000,0.012207,0.009861,0.027534,17,0.000000,0.000000,0.682549,0.900000,0.023026,-0.455502,0.682549,0.055693,0.754591,0.000000,0.900000,0.754591,129.003429,36.710994,81.988568,0.261131,0,457.54
20260607_204649,4730.884,1,Right,368,96.195652,0.000000,96.195652,0.000000,0.024571,0.011310,0.062948,19,0.000000,0.000000,0.477354,0.902488,0.024631,-0.477354,0.463048,0.164040,0.728121,0.000000,0.902488,0.728121,106.262768,28.557159,60.083478,0.299707,1,457.54
20260607_204649,4735.894,1,Left,373,96.246649,0.000000,96.246649,0.000000,0.012207,0.009861,0.027534,17,0.000000,0.000000,0.682549,0.900000,0.023026,-0.455502,0.682549,0.055693,0.754591,0.000000,0.900000,0.754591,129.003429,36.710994,81.988568,0.261131,0,474.09
20260607_204649,4735.894,1,Right,368,96.195652,0.000000,96.195652,0.000000,0.024571,0.011310,0.062948,19,0.000000,0.000000,0.477354,0.902488,0.024631,-0.477354,0.463048,0.164040,0.728121,0.000000,0.902488,0.728121,106.262768,28.557159,60.083478,0.299707,1,474.09
20260607_204649,4740.900,1,Left,373,96.246649,0.000000,96.246649,0.000000,0.012207,0.009861,0.027534,17,0.000000,0.000000,0.682549,0.900000,0.023026,-0.455502,0.682549,0.055693,0.754591,0.000000,0.900000,0.754591,129.003429,36.710994,81.988568,0.261131,0,445.73
20260607_204649,4740.900,1,Right,368,96.195652,0.000000,96.195652,0.000000,0.024571,0.011310,0.062948,19,0.000000,0.000000,0.477354,0.902488,0.024631,-0.477354,0.463048,0.164040,0.728121,0.000000,0.902488,0.728121,106.262768,28.557159,60.083478,0.299707,1,445.73
20260607_204649,4745.911,1,Left,373,96.246649,0.000000,96.246649,0.000000,0.012207,0.009861,0.027534,17,0.000000,0.000000,0.682549,0.900000,0.023026,-0.455502,0.682549,0.055693,0.754591,0.000000,0.900000,0.754591,129.003429,36.710994,81.988568,0.261131,0,450.56
20260607_204649,4745.911,1,Right,368,96.195652,0.000000,96.195652,0.000000,0.024571,0.011310,0.062948,19,0.000000,0.000000,0.477354,0.902488,0.024631,-0.477354,0.463048,0.164040,0.728121,0.000000,0.902488,0.728121,106.262768,28.557159,60.083478,0.299707,1,450.56
20260607_204649,4750.921,1,Left,373,96.246649,0.000000,96.246649,0.000000,0.012207,0.009861,0.027534,17,0.000000,0.000000,0.682549,0.900000,0.023026,-0.455502,0.682549,0.055693,0.754591,0.000000,0.900000,0.754591,129.003429,36.710994,81.988568,0.261131,0,458.29
20260607_204649,4750.921,1,Right,368,96.195652,0.000000,96.195652,0.000000,0.024571,0.011310,0.062948,19,0.000000,0.000000,0.477354,0.902488,0.024631,-0.477354,0.463048,0.164040,0.728121,0.000000,0.902488,0.728121,106.262768,28.557159,60.083478,0.299707,1,458.29
20260607_204649,4755.930,1,Left,373,96.246649,0.000000,96.246649,0.000000,0.012207,0.009861,0.027534,17,0.000000,0.000000,0.682549,0.900000,0.023026,-0.455502,0.682549,0.055693,0.754591,0.000000,0.900000,0.754591,129.003429,36.710994,81.988568,0.261131,0,454.52
20260607_204649,4755.930,1,Right,368,96.195652,0.000000,96.195652,0.000000,0.024571,0.011310,0.062948,19,0.000000,0.000000,0.477354,0.902488,0.024631,-0.477354,0.463048,0.164040,0.728121,0.000000,0.902488,0.728121,106.262768,28.557159,60.083478,0.299707,1,454.52
20260607_204649,4760.940,1,Left,373,96.246649,0.000000,96.246649,0.000000,0.012207,0.009861,0.027534,17,0.000000,0.000000,0.682549,0.900000,0.023026,-0.455502,0.682549,0.055693,0.754591,0.000000,0.900000,0.754591,129.003429,36.710994,81.988568,0.261131,0,446.54
20260607_204649,4760.940,1,Right,368,96.195652,0.000000,96.195652,0.000000,0.024571,0.011310,0.062948,19,0.000000,0.000000,0.477354,0.902488,0.024631,-0.477354,0.463048,0.164040,0.728121,0.000000,0.902488,0.728121,106.262768,28.557159,60.083478,0.299707,1,446.54
20260607_204649,4765.945,1,Left,373,96.246649,0.000000,96.246649,0.000000,0.012207,0.009861,0.027534,17,0.000000,0.000000,0.682549,0.900000,0.023026,-0.455502,0.682549,0.055693,0.754591,0.000000,0.900000,0.754591,129.003429,36.710994,81.988568,0.261131,0,446.63
20260607_204649,4765.945,1,Right,368,96.195652,0.000000,96.195652,0.000000,0.024571,0.011310,0.062948,19,0.000000,0.000000,0.477354,0.902488,0.024631,-0.477354,0.463048,0.164040,0.728121,0.000000,0.902488,0.728121,106.262768,28.557159,60.083478,0.299707,1,446.63
20260607_204649,4770.954,1,Left,373,96.246649,0.000000,96.246649,0.000000,0.012207,0.009861,0.027534,17,0.000000,0.000000,0.682549,0.900000,0.023026,-0.455502,0.682549,0.055693,0.754591,0.000000,0.900000,0.754591,129.003429,36.710994,81.988568,0.261131,0,468.90
20260607_204649,4770.954,1,Right,368,96.195652,0.000000,96.195652,0.000000,0.024571,0.011310,0.062948,19,0.000000,0.000000,0.477354,0.902488,0.024631,-0.477354,0.463048,0.164040,0.728121,0.000000,0.902488,0.728121,106.262768,28.557159,60.083478,0.299707,1,468.90
20260607_204649,4775.962,1,Left,373,96.246649,0.000000,96.246649,0.000000,0.012207,0.009861,0.027534,17,0.000000,0.000000,0.682549,0.900000,0.023026,-0.455502,0.682549,0.055693,0.754591,0.000000,0.900000,0.754591,129.003429,36.710994,81.988568,0.261131,0,463.77
20260607_204649,4775.962,1,Right,368,96.195652,0.000000,96.195652,0.000000,0.024571,0.011310,0.062948,19,0.000000,0.000000,0.477354,0.902488,0.024631,-0.477354,0.463048,0.164040,0.728121,0.000000,0.902488,0.728121,106.262768,28.557159,60.083478,0.299707,1,463.77
20260607_204649,4780.971,1,Left,373,96.246649,0.000000,96.246649,0.000000,0.012207,0.009861,0.027534,17,0.000000,0.000000,0.682549,0.900000,0.023026,-0.455502,0.682549,0.055693,0.754591,0.000000,0.900000,0.754591,129.003429,36.710994,81.988568,0.261131,0,446.54
20260607_204649,4780.971,1,Right,368,96.195652,0.000000,96.195652,0.000000,0.024571,0.011310,0.062948,19,0.000000,0.000000,0.477354,0.902488,0.024631,-0.477354,0.463048,0.164040,0.728121,0.000000,0.902488,0.728121,106.262768,28.557159,60.083478,0.299707,1,446.54
20260607_204649,4785.971,1,Left,373,96.246649,0.000000,96.246649,0.000000,0.012207,0.009861,0.027534,17,0.000000,0.000000,0.682549,0.900000,0.023026,-0.455502,0.682549,0.055693,0.754591,0.000000,0.900000,0.754591,129.003429,36.710994,81.988568,0.261131,0,463.72
20260607_204649,4785.971,1,Right,368,96.195652,0.000000,96.195652,0.000000,0.024571,0.011310,0.062948,19,0.000000,0.000000,0.477354,0.902488,0.024631,-0.477354,0.463048,0.164040,0.728121,0.000000,0.902488,0.728121,106.262768,28.557159,60.083478,0.299707,1,463.72
20260607_204649,4790.972,1,Left,373,96.246649,0.000000,96.246649,0.000000,0.012207,0.009861,0.027534,17,0.000000,0.000000,0.682549,0.900000,0.023026,-0.455502,0.682549,0.055693,0.754591,0.000000,0.900000,0.754591,129.003429,36.710994,81.988568,0.261131,0,450.23
20260607_204649,4790.972,1,Right,368,96.195652,0.000000,96.195652,0.000000,0.024571,0.011310,0.062948,19,0.000000,0.000000,0.477354,0.902488,0.024631,-0.477354,0.463048,0.164040,0.728121,0.000000,0.902488,0.728121,106.262768,28.557159,60.083478,0.299707,1,450.23
20260607_204649,4795.975,1,Left,373,96.246649,0.000000,96.246649,0.000000,0.012207,0.009861,0.027534,17,0.000000,0.000000,0.682549,0.900000,0.023026,-0.455502,0.682549,0.055693,0.754591,0.000000,0.900000,0.754591,129.003429,36.710994,81.988568,0.261131,0,457.29
20260607_204649,4795.975,1,Right,368,96.195652,0.000000,96.195652,0.000000,0.024571,0.011310,0.062948,19,0.000000,0.000000,0.477354,0.902488,0.024631,-0.477354,0.463048,0.164040,0.728121,0.000000,0.902488,0.728121,106.262768,28.557159,60.083478,0.299707,1,457.29
20260607_204649,4800.985,1,Left,373,96.246649,0.000000,96.246649,0.000000,0.012207,0.009861,0.027534,17,0.000000,0.000000,0.682549,0.900000,0.023026,-0.455502,0.682549,0.055693,0.754591,0.000000,0.900000,0.754591,129.003429,36.710994,81.988568,0.261131,0,460.36
20260607_204649,4800.985,1,Right,368,96.195652,0.000000,96.195652,0.000000,0.024571,0.011310,0.062948,19,0.000000,0.000000,0.477354,0.902488,0.024631,-0.477354,0.463048,0.164040,0.728121,0.000000,0.902488,0.728121,106.262768,28.557159,60.083478,0.299707,1,460.36
20260607_204649,4805.992,1,Left,373,96.246649,0.000000,96.246649,0.000000,0.012207,0.009861,0.027534,17,0.000000,0.000000,0.682549,0.900000,0.023026,-0.455502,0.682549,0.055693,0.754591,0.000000,0.900000,0.754591,129.003429,36.710994,81.988568,0.261131,0,433.21
20260607_204649,4805.992,1,Right,368,96.195652,0.000000,96.195652,0.000000,0.024571,0.011310,0.062948,19,0.000000,0.000000,0.477354,0.902488,0.024631,-0.477354,0.463048,0.164040,0.728121,0.000000,0.902488,0.728121,106.262768,28.557159,60.083478,0.299707,1,433.21
20260607_204649,4811.002,1,Left,373,96.246649,0.000000,96.246649,0.000000,0.012207,0.009861,0.027534,17,0.000000,0.000000,0.682549,0.900000,0.023026,-0.455502,0.682549,0.055693,0.754591,0.000000,0.900000,0.754591,129.003429,36.710994,81.988568,0.261131,0,454.32
20260607_204649,4811.002,1,Right,368,96.195652,0.000000,96.195652,0.000000,0.024571,0.011310,0.062948,19,0.000000,0.000000,0.477354,0.902488,0.024631,-0.477354,0.463048,0.164040,0.728121,0.000000,0.902488,0.728121,106.262768,28.557159,60.083478,0.299707,1,454.32
20260607_204649,4816.002,1,Left,373,96.246649,0.000000,96.246649,0.000000,0.012207,0.009861,0.027534,17,0.000000,0.000000,0.682549,0.900000,0.023026,-0.455502,0.682549,0.055693,0.754591,0.000000,0.900000,0.754591,129.003429,36.710994,81.988568,0.261131,0,443.14
20260607_204649,4816.002,1,Right,368,96.195652,0.000000,96.195652,0.000000,0.024571,0.011310,0.062948,19,0.000000,0.000000,0.477354,0.902488,0.024631,-0.477354,0.463048,0.164040,0.728121,0.000000,0.902488,0.728121,106.262768,28.557159,60.083478,0.299707,1,443.14
20260607_204649,4821.005,1,Left,373,96.246649,0.000000,96.246649,0.000000,0.012207,0.009861,0.027534,17,0.000000,0.000000,0.682549,0.900000,0.023026,-0.455502,0.682549,0.055693,0.754591,0.000000,0.900000,0.754591,129.003429,36.710994,81.988568,0.261131,0,459.55
20260607_204649,4821.005,1,Right,368,96.195652,0.000000,96.195652,0.000000,0.024571,0.011310,0.062948,19,0.000000,0.000000,0.477354,0.902488,0.024631,-0.477354,0.463048,0.164040,0.728121,0.000000,0.902488,0.728121,106.262768,28.557159,60.083478,0.299707,1,459.55
20260607_204649,4826.008,1,Left,373,96.246649,0.000000,96.246649,0.000000,0.012207,0.009861,0.027534,17,0.000000,0.000000,0.682549,0.900000,0.023026,-0.455502,0.682549,0.055693,0.754591,0.000000,0.900000,0.754591,129.003429,36.710994,81.988568,0.261131,0,458.04
20260607_204649,4826.008,1,Right,368,96.195652,0.000000,96.195652,0.000000,0.024571,0.011310,0.062948,19,0.000000,0.000000,0.477354,0.902488,0.024631,-0.477354,0.463048,0.164040,0.728121,0.000000,0.902488,0.728121,106.262768,28.557159,60.083478,0.299707,1,458.04
20260607_204649,4831.015,1,Left,373,96.246649,0.000000,96.246649,0.000000,0.012207,0.009861,0.027534,17,0.000000,0.000000,0.682549,0.900000,0.023026,-0.455502,0.682549,0.055693,0.754591,0.000000,0.900000,0.754591,129.003429,36.710994,81.988568,0.261131,0,473.45
20260607_204649,4831.015,1,Right,368,96.195652,0.000000,96.195652,0.000000,0.024571,0.011310,0.062948,19,0.000000,0.000000,0.477354,0.902488,0.024631,-0.477354,0.463048,0.164040,0.728121,0.000000,0.902488,0.728121,106.262768,28.557159,60.083478,0.299707,1,473.45
20260607_204649,4836.015,1,Left,373,96.246649,0.000000,96.246649,0.000000,0.012207,0.009861,0.027534,17,0.000000,0.000000,0.682549,0.900000,0.023026,-0.455502,0.682549,0.055693,0.754591,0.000000,0.900000,0.754591,129.003429,36.710994,81.988568,0.261131,0,450.56
20260607_204649,4836.015,1,Right,368,96.195652,0.000000,96.195652,0.000000,0.024571,0.011310,0.062948,19,0.000000,0.000000,0.477354,0.902488,0.024631,-0.477354,0.463048,0.164040,0.728121,0.000000,0.902488,0.728121,106.262768,28.557159,60.083478,0.299707,1,450.56
20260607_204649,4841.019,1,Left,373,96.246649,0.000000,96.246649,0.000000,0.012207,0.009861,0.027534,17,0.000000,0.000000,0.682549,0.900000,0.023026,-0.455502,0.682549,0.055693,0.754591,0.000000,0.900000,0.754591,129.003429,36.710994,81.988568,0.261131,0,449.45
20260607_204649,4841.019,1,Right,368,96.195652,0.000000,96.195652,0.000000,0.024571,0.011310,0.062948,19,0.000000,0.000000,0.477354,0.902488,0.024631,-0.477354,0.463048,0.164040,0.728121,0.000000,0.902488,0.728121,106.262768,28.557159,60.083478,0.299707,1,449.45
20260607_204649,4846.025,1,Left,373,96.246649,0.000000,96.246649,0.000000,0.012207,0.009861,0.027534,17,0.000000,0.000000,0.682549,0.900000,0.023026,-0.455502,0.682549,0.055693,0.754591,0.000000,0.900000,0.754591,129.003429,36.710994,81.988568,0.261131,0,463.15
20260607_204649,4846.025,1,Right,368,96.195652,0.000000,96.195652,0.000000,0.024571,0.011310,0.062948,19,0.000000,0.000000,0.477354,0.902488,0.024631,-0.477354,0.463048,0.164040,0.728121,0.000000,0.902488,0.728121,106.262768,28.557159,60.083478,0.299707,1,463.15
20260607_204649,4851.035,1,Left,373,96.246649,0.000000,96.246649,0.000000,0.012207,0.009861,0.027534,17,0.000000,0.000000,0.682549,0.900000,0.023026,-0.455502,0.682549,0.055693,0.754591,0.000000,0.900000,0.754591,129.003429,36.710994,81.988568,0.261131,0,454.42
20260607_204649,4851.035,1,Right,368,96.195652,0.000000,96.195652,0.000000,0.024571,0.011310,0.062948,19,0.000000,0.000000,0.477354,0.902488,0.024631,-0.477354,0.463048,0.164040,0.728121,0.000000,0.902488,0.728121,106.262768,28.557159,60.083478,0.299707,1,454.42
20260607_204649,4856.046,1,Left,373,96.246649,0.000000,96.246649,0.000000,0.012207,0.009861,0.027534,17,0.000000,0.000000,0.682549,0.900000,0.023026,-0.455502,0.682549,0.055693,0.754591,0.000000,0.900000,0.754591,129.003429,36.710994,81.988568,0.261131,0,445.02
20260607_204649,4856.046,1,Right,368,96.195652,0.000000,96.195652,0.000000,0.024571,0.011310,0.062948,19,0.000000,0.000000,0.477354,0.902488,0.024631,-0.477354,0.463048,0.164040,0.728121,0.000000,0.902488,0.728121,106.262768,28.557159,60.083478,0.299707,1,445.02
20260607_204649,4861.057,1,Left,373,96.246649,0.000000,96.246649,0.000000,0.012207,0.009861,0.027534,17,0.000000,0.000000,0.682549,0.900000,0.023026,-0.455502,0.682549,0.055693,0.754591,0.000000,0.900000,0.754591,129.003429,36.710994,81.988568,0.261131,0,433.61
20260607_204649,4861.057,1,Right,368,96.195652,0.000000,96.195652,0.000000,0.024571,0.011310,0.062948,19,0.000000,0.000000,0.477354,0.902488,0.024631,-0.477354,0.463048,0.164040,0.728121,0.000000,0.902488,0.728121,106.262768,28.557159,60.083478,0.299707,1,433.61
20260607_204649,4866.063,1,Left,373,96.246649,0.000000,96.246649,0.000000,0.012207,0.009861,0.027534,17,0.000000,0.000000,0.682549,0.900000,0.023026,-0.455502,0.682549,0.055693,0.754591,0.000000,0.900000,0.754591,129.003429,36.710994,81.988568,0.261131,0,457.79
20260607_204649,4866.063,1,Right,368,96.195652,0.000000,96.195652,0.000000,0.024571,0.011310,0.062948,19,0.000000,0.000000,0.477354,0.902488,0.024631,-0.477354,0.463048,0.164040,0.728121,0.000000,0.902488,0.728121,106.262768,28.557159,60.083478,0.299707,1,457.79
20260607_204649,4871.064,1,Left,373,96.246649,0.000000,96.246649,0.000000,0.012207,0.009861,0.027534,17,0.000000,0.000000,0.682549,0.900000,0.023026,-0.455502,0.682549,0.055693,0.754591,0.000000,0.900000,0.754591,129.003429,36.710994,81.988568,0.261131,0,457.14
20260607_204649,4871.064,1,Right,368,96.195652,0.000000,96.195652,0.000000,0.024571,0.011310,0.062948,19,0.000000,0.000000,0.477354,0.902488,0.024631,-0.477354,0.463048,0.164040,0.728121,0.000000,0.902488,0.728121,106.262768,28.557159,60.083478,0.299707,1,457.14
20260607_204649,4876.076,1,Left,373,96.246649,0.000000,96.246649,0.000000,0.012207,0.009861,0.027534,17,0.000000,0.000000,0.682549,0.900000,0.023026,-0.455502,0.682549,0.055693,0.754591,0.000000,0.900000,0.754591,129.003429,36.710994,81.988568,0.261131,0,453.34
20260607_204649,4876.076,1,Right,368,96.195652,0.000000,96.195652,0.000000,0.024571,0.011310,0.062948,19,0.000000,0.000000,0.477354,0.902488,0.024631,-0.477354,0.463048,0.164040,0.728121,0.000000,0.902488,0.728121,106.262768,28.557159,60.083478,0.299707,1,453.34
20260607_204649,4881.081,1,Left,373,96.246649,0.000000,96.246649,0.000000,0.012207,0.009861,0.027534,17,0.000000,0.000000,0.682549,0.900000,0.023026,-0.455502,0.682549,0.055693,0.754591,0.000000,0.900000,0.754591,129.003429,36.710994,81.988568,0.261131,0,468.58
20260607_204649,4881.081,1,Right,368,96.195652,0.000000,96.195652,0.000000,0.024571,0.011310,0.062948,19,0.000000,0.000000,0.477354,0.902488,0.024631,-0.477354,0.463048,0.164040,0.728121,0.000000,0.902488,0.728121,106.262768,28.557159,60.083478,0.299707,1,468.58
20260607_204649,4886.088,1,Left,373,96.246649,0.000000,96.246649,0.000000,0.012207,0.009861,0.027534,17,0.000000,0.000000,0.682549,0.900000,0.023026,-0.455502,0.682549,0.055693,0.754591,0.000000,0.900000,0.754591,129.003429,36.710994,81.988568,0.261131,0,455.11
20260607_204649,4886.088,1,Right,368,96.195652,0.000000,96.195652,0.000000,0.024571,0.011310,0.062948,19,0.000000,0.000000,0.477354,0.902488,0.024631,-0.477354,0.463048,0.164040,0.728121,0.000000,0.902488,0.728121,106.262768,28.557159,60.083478,0.299707,1,455.11
20260607_204649,4891.099,1,Left,373,96.246649,0.000000,96.246649,0.000000,0.012207,0.009861,0.027534,17,0.000000,0.000000,0.682549,0.900000,0.023026,-0.455502,0.682549,0.055693,0.754591,0.000000,0.900000,0.754591,129.003429,36.710994,81.988568,0.261131,0,468.17
20260607_204649,4891.099,1,Right,368,96.195652,0.000000,96.195652,0.000000,0.024571,0.011310,0.062948,19,0.000000,0.000000,0.477354,0.902488,0.024631,-0.477354,0.463048,0.164040,0.728121,0.000000,0.902488,0.728121,106.262768,28.557159,60.083478,0.299707,1,468.17
20260607_204649,4896.103,1,Left,373,96.246649,0.000000,96.246649,0.000000,0.012207,0.009861,0.027534,17,0.000000,0.000000,0.682549,0.900000,0.023026,-0.455502,0.682549,0.055693,0.754591,0.000000,0.900000,0.754591,129.003429,36.710994,81.988568,0.261131,0,456.05
20260607_204649,4896.103,1,Right,368,96.195652,0.000000,96.195652,0.000000,0.024571,0.011310,0.062948,19,0.000000,0.000000,0.477354,0.902488,0.024631,-0.477354,0.463048,0.164040,0.728121,0.000000,0.902488,0.728121,106.262768,28.557159,60.083478,0.299707,1,456.05
20260607_204649,4901.114,1,Left,373,96.246649,0.000000,96.246649,0.000000,0.012207,0.009861,0.027534,17,0.000000,0.000000,0.682549,0.900000,0.023026,-0.455502,0.682549,0.055693,0.754591,0.000000,0.900000,0.754591,129.003429,36.710994,81.988568,0.261131,0,459.40
20260607_204649,4901.114,1,Right,368,96.195652,0.000000,96.195652,0.000000,0.024571,0.011310,0.062948,19,0.000000,0.000000,0.477354,0.902488,0.024631,-0.477354,0.463048,0.164040,0.728121,0.000000,0.902488,0.728121,106.262768,28.557159,60.083478,0.299707,1,459.40
20260607_204649,4906.125,1,Left,373,96.246649,0.000000,96.246649,0.000000,0.012207,0.009861,0.027534,17,0.000000,0.000000,0.682549,0.900000,0.023026,-0.455502,0.682549,0.055693,0.754591,0.000000,0.900000,0.754591,129.003429,36.710994,81.988568,0.261131,0,445.68
20260607_204649,4906.125,1,Right,368,96.195652,0.000000,96.195652,0.000000,0.024571,0.011310,0.062948,19,0.000000,0.000000,0.477354,0.902488,0.024631,-0.477354,0.463048,0.164040,0.728121,0.000000,0.902488,0.728121,106.262768,28.557159,60.083478,0.299707,1,445.68
20260607_204649,4911.128,1,Left,373,96.246649,0.000000,96.246649,0.000000,0.012207,0.009861,0.027534,17,0.000000,0.000000,0.682549,0.900000,0.023026,-0.455502,0.682549,0.055693,0.754591,0.000000,0.900000,0.754591,129.003429,36.710994,81.988568,0.261131,0,443.42
20260607_204649,4911.128,1,Right,368,96.195652,0.000000,96.195652,0.000000,0.024571,0.011310,0.062948,19,0.000000,0.000000,0.477354,0.902488,0.024631,-0.477354,0.463048,0.164040,0.728121,0.000000,0.902488,0.728121,106.262768,28.557159,60.083478,0.299707,1,443.42
20260607_204649,4916.139,1,Left,373,96.246649,0.000000,96.246649,0.000000,0.012207,0.009861,0.027534,17,0.000000,0.000000,0.682549,0.900000,0.023026,-0.455502,0.682549,0.055693,0.754591,0.000000,0.900000,0.754591,129.003429,36.710994,81.988568,0.261131,0,452.22
20260607_204649,4916.139,1,Right,368,96.195652,0.000000,96.195652,0.000000,0.024571,0.011310,0.062948,19,0.000000,0.000000,0.477354,0.902488,0.024631,-0.477354,0.463048,0.164040,0.728121,0.000000,0.902488,0.728121,106.262768,28.557159,60.083478,0.299707,1,452.22
20260607_204649,4921.150,1,Left,373,96.246649,0.000000,96.246649,0.000000,0.012207,0.009861,0.027534,17,0.000000,0.000000,0.682549,0.900000,0.023026,-0.455502,0.682549,0.055693,0.754591,0.000000,0.900000,0.754591,129.003429,36.710994,81.988568,0.261131,0,472.81
20260607_204649,4921.150,1,Right,368,96.195652,0.000000,96.195652,0.000000,0.024571,0.011310,0.062948,19,0.000000,0.000000,0.477354,0.902488,0.024631,-0.477354,0.463048,0.164040,0.728121,0.000000,0.902488,0.728121,106.262768,28.557159,60.083478,0.299707,1,472.81
20260607_204649,4926.152,1,Left,373,96.246649,0.000000,96.246649,0.000000,0.012207,0.009861,0.027534,17,0.000000,0.000000,0.682549,0.900000,0.023026,-0.455502,0.682549,0.055693,0.754591,0.000000,0.900000,0.754591,129.003429,36.710994,81.988568,0.261131,0,445.07
20260607_204649,4926.152,1,Right,368,96.195652,0.000000,96.195652,0.000000,0.024571,0.011310,0.062948,19,0.000000,0.000000,0.477354,0.902488,0.024631,-0.477354,0.463048,0.164040,0.728121,0.000000,0.902488,0.728121,106.262768,28.557159,60.083478,0.299707,1,445.07
20260607_204649,4931.163,1,Left,373,96.246649,0.000000,96.246649,0.000000,0.012207,0.009861,0.027534,17,0.000000,0.000000,0.682549,0.900000,0.023026,-0.455502,0.682549,0.055693,0.754591,0.000000,0.900000,0.754591,129.003429,36.710994,81.988568,0.261131,0,453.24
20260607_204649,4931.163,1,Right,368,96.195652,0.000000,96.195652,0.000000,0.024571,0.011310,0.062948,19,0.000000,0.000000,0.477354,0.902488,0.024631,-0.477354,0.463048,0.164040,0.728121,0.000000,0.902488,0.728121,106.262768,28.557159,60.083478,0.299707,1,453.24
20260607_204649,4936.175,1,Left,373,96.246649,0.000000,96.246649,0.000000,0.012207,0.009861,0.027534,17,0.000000,0.000000,0.682549,0.900000,0.023026,-0.455502,0.682549,0.055693,0.754591,0.000000,0.900000,0.754591,129.003429,36.710994,81.988568,0.261131,0,457.59
20260607_204649,4936.175,1,Right,368,96.195652,0.000000,96.195652,0.000000,0.024571,0.011310,0.062948,19,0.000000,0.000000,0.477354,0.902488,0.024631,-0.477354,0.463048,0.164040,0.728121,0.000000,0.902488,0.728121,106.262768,28.557159,60.083478,0.299707,1,457.59
20260607_204649,4941.184,1,Left,373,96.246649,0.000000,96.246649,0.000000,0.012207,0.009861,0.027534,17,0.000000,0.000000,0.682549,0.900000,0.023026,-0.455502,0.682549,0.055693,0.754591,0.000000,0.900000,0.754591,129.003429,36.710994,81.988568,0.261131,0,461.37
20260607_204649,4941.184,1,Right,368,96.195652,0.000000,96.195652,0.000000,0.024571,0.011310,0.062948,19,0.000000,0.000000,0.477354,0.902488,0.024631,-0.477354,0.463048,0.164040,0.728121,0.000000,0.902488,0.728121,106.262768,28.557159,60.083478,0.299707,1,461.37
20260607_204649,4946.185,1,Left,373,96.246649,0.000000,96.246649,0.000000,0.012207,0.009861,0.027534,17,0.000000,0.000000,0.682549,0.900000,0.023026,-0.455502,0.682549,0.055693,0.754591,0.000000,0.900000,0.754591,129.003429,36.710994,81.988568,0.261131,0,444.22
20260607_204649,4946.185,1,Right,368,96.195652,0.000000,96.195652,0.000000,0.024571,0.011310,0.062948,19,0.000000,0.000000,0.477354,0.902488,0.024631,-0.477354,0.463048,0.164040,0.728121,0.000000,0.902488,0.728121,106.262768,28.557159,60.083478,0.299707,1,444.22
20260607_204649,4951.187,1,Left,373,96.246649,0.000000,96.246649,0.000000,0.012207,0.009861,0.027534,17,0.000000,0.000000,0.682549,0.900000,0.023026,-0.455502,0.682549,0.055693,0.754591,0.000000,0.900000,0.754591,129.003429,36.710994,81.988568,0.261131,0,446.73
20260607_204649,4951.187,1,Right,368,96.195652,0.000000,96.195652,0.000000,0.024571,0.011310,0.062948,19,0.000000,0.000000,0.477354,0.902488,0.024631,-0.477354,0.463048,0.164040,0.728121,0.000000,0.902488,0.728121,106.262768,28.557159,60.083478,0.299707,1,446.73
20260607_204649,4956.193,1,Left,373,96.246649,0.000000,96.246649,0.000000,0.012207,0.009861,0.027534,17,0.000000,0.000000,0.682549,0.900000,0.023026,-0.455502,0.682549,0.055693,0.754591,0.000000,0.900000,0.754591,129.003429,36.710994,81.988568,0.261131,0,462.54
20260607_204649,4956.193,1,Right,368,96.195652,0.000000,96.195652,0.000000,0.024571,0.011310,0.062948,19,0.000000,0.000000,0.477354,0.902488,0.024631,-0.477354,0.463048,0.164040,0.728121,0.000000,0.902488,0.728121,106.262768,28.557159,60.083478,0.299707,1,462.54
20260607_204649,4961.193,1,Left,373,96.246649,0.000000,96.246649,0.000000,0.012207,0.009861,0.027534,17,0.000000,0.000000,0.682549,0.900000,0.023026,-0.455502,0.682549,0.055693,0.754591,0.000000,0.900000,0.754591,129.003429,36.710994,81.988568,0.261131,0,462.95
20260607_204649,4961.193,1,Right,368,96.195652,0.000000,96.195652,0.000000,0.024571,0.011310,0.062948,19,0.000000,0.000000,0.477354,0.902488,0.024631,-0.477354,0.463048,0.164040,0.728121,0.000000,0.902488,0.728121,106.262768,28.557159,60.083478,0.299707,1,462.95
20260607_204649,4966.201,1,Left,373,96.246649,0.000000,96.246649,0.000000,0.012207,0.009861,0.027534,17,0.000000,0.000000,0.682549,0.900000,0.023026,-0.455502,0.682549,0.055693,0.754591,0.000000,0.900000,0.754591,129.003429,36.710994,81.988568,0.261131,0,447.39
20260607_204649,4966.201,1,Right,368,96.195652,0.000000,96.195652,0.000000,0.024571,0.011310,0.062948,19,0.000000,0.000000,0.477354,0.902488,0.024631,-0.477354,0.463048,0.164040,0.728121,0.000000,0.902488,0.728121,106.262768,28.557159,60.083478,0.299707,1,447.39
20260607_204649,4971.209,1,Left,373,96.246649,0.000000,96.246649,0.000000,0.012207,0.009861,0.027534,17,0.000000,0.000000,0.682549,0.900000,0.023026,-0.455502,0.682549,0.055693,0.754591,0.000000,0.900000,0.754591,129.003429,36.710994,81.988568,0.261131,0,464.23
20260607_204649,4971.209,1,Right,368,96.195652,0.000000,96.195652,0.000000,0.024571,0.011310,0.062948,19,0.000000,0.000000,0.477354,0.902488,0.024631,-0.477354,0.463048,0.164040,0.728121,0.000000,0.902488,0.728121,106.262768,28.557159,60.083478,0.299707,1,464.23
20260607_204649,4976.221,1,Left,373,96.246649,0.000000,96.246649,0.000000,0.012207,0.009861,0.027534,17,0.000000,0.000000,0.682549,0.900000,0.023026,-0.455502,0.682549,0.055693,0.754591,0.000000,0.900000,0.754591,129.003429,36.710994,81.988568,0.261131,0,448.35
20260607_204649,4976.221,1,Right,368,96.195652,0.000000,96.195652,0.000000,0.024571,0.011310,0.062948,19,0.000000,0.000000,0.477354,0.902488,0.024631,-0.477354,0.463048,0.164040,0.728121,0.000000,0.902488,0.728121,106.262768,28.557159,60.083478,0.299707,1,448.35
20260607_204649,4981.230,1,Left,373,96.246649,0.000000,96.246649,0.000000,0.012207,0.009861,0.027534,17,0.000000,0.000000,0.682549,0.900000,0.023026,-0.455502,0.682549,0.055693,0.754591,0.000000,0.900000,0.754591,129.003429,36.710994,81.988568,0.261131,0,448.40
20260607_204649,4981.230,1,Right,368,96.195652,0.000000,96.195652,0.000000,0.024571,0.011310,0.062948,19,0.000000,0.000000,0.477354,0.902488,0.024631,-0.477354,0.463048,0.164040,0.728121,0.000000,0.902488,0.728121,106.262768,28.557159,60.083478,0.299707,1,448.40
20260607_204649,4986.239,1,Left,373,96.246649,0.000000,96.246649,0.000000,0.012207,0.009861,0.027534,17,0.000000,0.000000,0.682549,0.900000,0.023026,-0.455502,0.682549,0.055693,0.754591,0.000000,0.900000,0.754591,129.003429,36.710994,81.988568,0.261131,0,443.00
20260607_204649,4986.239,1,Right,368,96.195652,0.000000,96.195652,0.000000,0.024571,0.011310,0.062948,19,0.000000,0.000000,0.477354,0.902488,0.024631,-0.477354,0.463048,0.164040,0.728121,0.000000,0.902488,0.728121,106.262768,28.557159,60.083478,0.299707,1,443.00
20260607_204649,4991.242,1,Left,373,96.246649,0.000000,96.246649,0.000000,0.012207,0.009861,0.027534,17,0.000000,0.000000,0.682549,0.900000,0.023026,-0.455502,0.682549,0.055693,0.754591,0.000000,0.900000,0.754591,129.003429,36.710994,81.988568,0.261131,0,473.88
20260607_204649,4991.242,1,Right,368,96.195652,0.000000,96.195652,0.000000,0.024571,0.011310,0.062948,19,0.000000,0.000000,0.477354,0.902488,0.024631,-0.477354,0.463048,0.164040,0.728121,0.000000,0.902488,0.728121,106.262768,28.557159,60.083478,0.299707,1,473.88
20260607_204649,4996.254,1,Left,373,96.246649,0.000000,96.246649,0.000000,0.012207,0.009861,0.027534,17,0.000000,0.000000,0.682549,0.900000,0.023026,-0.455502,0.682549,0.055693,0.754591,0.000000,0.900000,0.754591,129.003429,36.710994,81.988568,0.261131,0,472.44
20260607_204649,4996.254,1,Right,368,96.195652,0.000000,96.195652,0.000000,0.024571,0.011310,0.062948,19,0.000000,0.000000,0.477354,0.902488,0.024631,-0.477354,0.463048,0.164040,0.728121,0.000000,0.902488,0.728121,106.262768,28.557159,60.083478,0.299707,1,472.44
20260607_204649,5001.264,1,Left,373,96.246649,0.000000,96.246649,0.000000,0.012207,0.009861,0.027534,17,0.000000,0.000000,0.682549,0.900000,0.023026,-0.455502,0.682549,0.055693,0.754591,0.000000,0.900000,0.754591,129.003429,36.710994,81.988568,0.261131,0,469.11
20260607_204649,5001.264,1,Right,368,96.195652,0.000000,96.195652,0.000000,0.024571,0.011310,0.062948,19,0.000000,0.000000,0.477354,0.902488,0.024631,-0.477354,0.463048,0.164040,0.728121,0.000000,0.902488,0.728121,106.262768,28.557159,60.083478,0.299707,1,469.11
20260607_204649,5006.275,1,Left,373,96.246649,0.000000,96.246649,0.000000,0.012207,0.009861,0.027534,17,0.000000,0.000000,0.682549,0.900000,0.023026,-0.455502,0.682549,0.055693,0.754591,0.000000,0.900000,0.754591,129.003429,36.710994,81.988568,0.261131,0,436.45
20260607_204649,5006.275,1,Right,368,96.195652,0.000000,96.195652,0.000000,0.024571,0.011310,0.062948,19,0.000000,0.000000,0.477354,0.902488,0.024631,-0.477354,0.463048,0.164040,0.728121,0.000000,0.902488,0.728121,106.262768,28.557159,60.083478,0.299707,1,436.45
20260607_204649,5011.283,1,Left,373,96.246649,0.000000,96.246649,0.000000,0.012207,0.009861,0.027534,17,0.000000,0.000000,0.682549,0.900000,0.023026,-0.455502,0.682549,0.055693,0.754591,0.000000,0.900000,0.754591,129.003429,36.710994,81.988568,0.261131,0,451.24
20260607_204649,5011.283,1,Right,368,96.195652,0.000000,96.195652,0.000000,0.024571,0.011310,0.062948,19,0.000000,0.000000,0.477354,0.902488,0.024631,-0.477354,0.463048,0.164040,0.728121,0.000000,0.902488,0.728121,106.262768,28.557159,60.083478,0.299707,1,451.24
20260607_204649,5016.294,1,Left,373,96.246649,0.000000,96.246649,0.000000,0.012207,0.009861,0.027534,17,0.000000,0.000000,0.682549,0.900000,0.023026,-0.455502,0.682549,0.055693,0.754591,0.000000,0.900000,0.754591,129.003429,36.710994,81.988568,0.261131,0,473.83
20260607_204649,5016.294,1,Right,368,96.195652,0.000000,96.195652,0.000000,0.024571,0.011310,0.062948,19,0.000000,0.000000,0.477354,0.902488,0.024631,-0.477354,0.463048,0.164040,0.728121,0.000000,0.902488,0.728121,106.262768,28.557159,60.083478,0.299707,1,473.83
20260607_204649,5021.296,1,Left,373,96.246649,0.000000,96.246649,0.000000,0.012207,0.009861,0.027534,17,0.000000,0.000000,0.682549,0.900000,0.023026,-0.455502,0.682549,0.055693,0.754591,0.000000,0.900000,0.754591,129.003429,36.710994,81.988568,0.261131,0,467.91
20260607_204649,5021.296,1,Right,368,96.195652,0.000000,96.195652,0.000000,0.024571,0.011310,0.062948,19,0.000000,0.000000,0.477354,0.902488,0.024631,-0.477354,0.463048,0.164040,0.728121,0.000000,0.902488,0.728121,106.262768,28.557159,60.083478,0.299707,1,467.91
20260607_204649,5026.297,1,Left,373,96.246649,0.000000,96.246649,0.000000,0.012207,0.009861,0.027534,17,0.000000,0.000000,0.682549,0.900000,0.023026,-0.455502,0.682549,0.055693,0.754591,0.000000,0.900000,0.754591,129.003429,36.710994,81.988568,0.261131,0,466.86
20260607_204649,5026.297,1,Right,368,96.195652,0.000000,96.195652,0.000000,0.024571,0.011310,0.062948,19,0.000000,0.000000,0.477354,0.902488,0.024631,-0.477354,0.463048,0.164040,0.728121,0.000000,0.902488,0.728121,106.262768,28.557159,60.083478,0.299707,1,466.86
20260607_204649,5031.305,1,Left,373,96.246649,0.000000,96.246649,0.000000,0.012207,0.009861,0.027534,17,0.000000,0.000000,0.682549,0.900000,0.023026,-0.455502,0.682549,0.055693,0.754591,0.000000,0.900000,0.754591,129.003429,36.710994,81.988568,0.261131,0,459.35
20260607_204649,5031.305,1,Right,368,96.195652,0.000000,96.195652,0.000000,0.024571,0.011310,0.062948,19,0.000000,0.000000,0.477354,0.902488,0.024631,-0.477354,0.463048,0.164040,0.728121,0.000000,0.902488,0.728121,106.262768,28.557159,60.083478,0.299707,1,459.35
20260607_204649,5036.312,1,Left,373,96.246649,0.000000,96.246649,0.000000,0.012207,0.009861,0.027534,17,0.000000,0.000000,0.682549,0.900000,0.023026,-0.455502,0.682549,0.055693,0.754591,0.000000,0.900000,0.754591,129.003429,36.710994,81.988568,0.261131,0,463.51
20260607_204649,5036.312,1,Right,368,96.195652,0.000000,96.195652,0.000000,0.024571,0.011310,0.062948,19,0.000000,0.000000,0.477354,0.902488,0.024631,-0.477354,0.463048,0.164040,0.728121,0.000000,0.902488,0.728121,106.262768,28.557159,60.083478,0.299707,1,463.51
20260607_204649,5041.313,1,Left,373,96.246649,0.000000,96.246649,0.000000,0.012207,0.009861,0.027534,17,0.000000,0.000000,0.682549,0.900000,0.023026,-0.455502,0.682549,0.055693,0.754591,0.000000,0.900000,0.754591,129.003429,36.710994,81.988568,0.261131,0,459.80
20260607_204649,5041.313,1,Right,368,96.195652,0.000000,96.195652,0.000000,0.024571,0.011310,0.062948,19,0.000000,0.000000,0.477354,0.902488,0.024631,-0.477354,0.463048,0.164040,0.728121,0.000000,0.902488,0.728121,106.262768,28.557159,60.083478,0.299707,1,459.80
20260607_204649,5046.324,1,Left,373,96.246649,0.000000,96.246649,0.000000,0.012207,0.009861,0.027534,17,0.000000,0.000000,0.682549,0.900000,0.023026,-0.455502,0.682549,0.055693,0.754591,0.000000,0.900000,0.754591,129.003429,36.710994,81.988568,0.261131,0,466.24
20260607_204649,5046.324,1,Right,368,96.195652,0.000000,96.195652,0.000000,0.024571,0.011310,0.062948,19,0.000000,0.000000,0.477354,0.902488,0.024631,-0.477354,0.463048,0.164040,0.728121,0.000000,0.902488,0.728121,106.262768,28.557159,60.083478,0.299707,1,466.24
20260607_204649,5051.327,1,Left,373,96.246649,0.000000,96.246649,0.000000,0.012207,0.009861,0.027534,17,0.000000,0.000000,0.682549,0.900000,0.023026,-0.455502,0.682549,0.055693,0.754591,0.000000,0.900000,0.754591,129.003429,36.710994,81.988568,0.261131,0,459.60
20260607_204649,5051.327,1,Right,368,96.195652,0.000000,96.195652,0.000000,0.024571,0.011310,0.062948,19,0.000000,0.000000,0.477354,0.902488,0.024631,-0.477354,0.463048,0.164040,0.728121,0.000000,0.902488,0.728121,106.262768,28.557159,60.083478,0.299707,1,459.60
20260607_204649,5056.329,1,Left,373,96.246649,0.000000,96.246649,0.000000,0.012207,0.009861,0.027534,17,0.000000,0.000000,0.682549,0.900000,0.023026,-0.455502,0.682549,0.055693,0.754591,0.000000,0.900000,0.754591,129.003429,36.710994,81.988568,0.261131,0,452.75
20260607_204649,5056.329,1,Right,368,96.195652,0.000000,96.195652,0.000000,0.024571,0.011310,0.062948,19,0.000000,0.000000,0.477354,0.902488,0.024631,-0.477354,0.463048,0.164040,0.728121,0.000000,0.902488,0.728121,106.262768,28.557159,60.083478,0.299707,1,452.75
20260607_204649,5061.333,1,Left,373,96.246649,0.000000,96.246649,0.000000,0.012207,0.009861,0.027534,17,0.000000,0.000000,0.682549,0.900000,0.023026,-0.455502,0.682549,0.055693,0.754591,0.000000,0.900000,0.754591,129.003429,36.710994,81.988568,0.261131,0,450.85
20260607_204649,5061.333,1,Right,368,96.195652,0.000000,96.195652,0.000000,0.024571,0.011310,0.062948,19,0.000000,0.000000,0.477354,0.902488,0.024631,-0.477354,0.463048,0.164040,0.728121,0.000000,0.902488,0.728121,106.262768,28.557159,60.083478,0.299707,1,450.85
20260607_204649,5066.342,1,Left,373,96.246649,0.000000,96.246649,0.000000,0.012207,0.009861,0.027534,17,0.000000,0.000000,0.682549,0.900000,0.023026,-0.455502,0.682549,0.055693,0.754591,0.000000,0.900000,0.754591,129.003429,36.710994,81.988568,0.261131,0,462.08
20260607_204649,5066.342,1,Right,368,96.195652,0.000000,96.195652,0.000000,0.024571,0.011310,0.062948,19,0.000000,0.000000,0.477354,0.902488,0.024631,-0.477354,0.463048,0.164040,0.728121,0.000000,0.902488,0.728121,106.262768,28.557159,60.083478,0.299707,1,462.08
20260607_204649,5071.349,1,Left,373,96.246649,0.000000,96.246649,0.000000,0.012207,0.009861,0.027534,17,0.000000,0.000000,0.682549,0.900000,0.023026,-0.455502,0.682549,0.055693,0.754591,0.000000,0.900000,0.754591,129.003429,36.710994,81.988568,0.261131,0,462.44
20260607_204649,5071.349,1,Right,368,96.195652,0.000000,96.195652,0.000000,0.024571,0.011310,0.062948,19,0.000000,0.000000,0.477354,0.902488,0.024631,-0.477354,0.463048,0.164040,0.728121,0.000000,0.902488,0.728121,106.262768,28.557159,60.083478,0.299707,1,462.44
20260607_204649,5076.354,1,Left,373,96.246649,0.000000,96.246649,0.000000,0.012207,0.009861,0.027534,17,0.000000,0.000000,0.682549,0.900000,0.023026,-0.455502,0.682549,0.055693,0.754591,0.000000,0.900000,0.754591,129.003429,36.710994,81.988568,0.261131,0,417.59
20260607_204649,5076.354,1,Right,368,96.195652,0.000000,96.195652,0.000000,0.024571,0.011310,0.062948,19,0.000000,0.000000,0.477354,0.902488,0.024631,-0.477354,0.463048,0.164040,0.728121,0.000000,0.902488,0.728121,106.262768,28.557159,60.083478,0.299707,1,417.59
20260607_204649,5081.363,1,Left,373,96.246649,0.000000,96.246649,0.000000,0.012207,0.009861,0.027534,17,0.000000,0.000000,0.682549,0.900000,0.023026,-0.455502,0.682549,0.055693,0.754591,0.000000,0.900000,0.754591,129.003429,36.710994,81.988568,0.261131,0,435.50
20260607_204649,5081.363,1,Right,368,96.195652,0.000000,96.195652,0.000000,0.024571,0.011310,0.062948,19,0.000000,0.000000,0.477354,0.902488,0.024631,-0.477354,0.463048,0.164040,0.728121,0.000000,0.902488,0.728121,106.262768,28.557159,60.083478,0.299707,1,435.50
20260607_204649,5086.366,1,Left,373,96.246649,0.000000,96.246649,0.000000,0.012207,0.009861,0.027534,17,0.000000,0.000000,0.682549,0.900000,0.023026,-0.455502,0.682549,0.055693,0.754591,0.000000,0.900000,0.754591,129.003429,36.710994,81.988568,0.261131,0,445.73
20260607_204649,5086.366,1,Right,368,96.195652,0.000000,96.195652,0.000000,0.024571,0.011310,0.062948,19,0.000000,0.000000,0.477354,0.902488,0.024631,-0.477354,0.463048,0.164040,0.728121,0.000000,0.902488,0.728121,106.262768,28.557159,60.083478,0.299707,1,445.73
20260607_204649,5091.375,1,Left,373,96.246649,0.000000,96.246649,0.000000,0.012207,0.009861,0.027534,17,0.000000,0.000000,0.682549,0.900000,0.023026,-0.455502,0.682549,0.055693,0.754591,0.000000,0.900000,0.754591,129.003429,36.710994,81.988568,0.261131,0,449.84
20260607_204649,5091.375,1,Right,368,96.195652,0.000000,96.195652,0.000000,0.024571,0.011310,0.062948,19,0.000000,0.000000,0.477354,0.902488,0.024631,-0.477354,0.463048,0.164040,0.728121,0.000000,0.902488,0.728121,106.262768,28.557159,60.083478,0.299707,1,449.84
20260607_204649,5096.380,1,Left,373,96.246649,0.000000,96.246649,0.000000,0.012207,0.009861,0.027534,17,0.000000,0.000000,0.682549,0.900000,0.023026,-0.455502,0.682549,0.055693,0.754591,0.000000,0.900000,0.754591,129.003429,36.710994,81.988568,0.261131,0,441.97
20260607_204649,5096.380,1,Right,368,96.195652,0.000000,96.195652,0.000000,0.024571,0.011310,0.062948,19,0.000000,0.000000,0.477354,0.902488,0.024631,-0.477354,0.463048,0.164040,0.728121,0.000000,0.902488,0.728121,106.262768,28.557159,60.083478,0.299707,1,441.97
20260607_204649,5101.383,1,Left,373,96.246649,0.000000,96.246649,0.000000,0.012207,0.009861,0.027534,17,0.000000,0.000000,0.682549,0.900000,0.023026,-0.455502,0.682549,0.055693,0.754591,0.000000,0.900000,0.754591,129.003429,36.710994,81.988568,0.261131,0,455.51
20260607_204649,5101.383,1,Right,368,96.195652,0.000000,96.195652,0.000000,0.024571,0.011310,0.062948,19,0.000000,0.000000,0.477354,0.902488,0.024631,-0.477354,0.463048,0.164040,0.728121,0.000000,0.902488,0.728121,106.262768,28.557159,60.083478,0.299707,1,455.51
20260607_204649,5106.384,1,Left,373,96.246649,0.000000,96.246649,0.000000,0.012207,0.009861,0.027534,17,0.000000,0.000000,0.682549,0.900000,0.023026,-0.455502,0.682549,0.055693,0.754591,0.000000,0.900000,0.754591,129.003429,36.710994,81.988568,0.261131,0,455.61
20260607_204649,5106.384,1,Right,368,96.195652,0.000000,96.195652,0.000000,0.024571,0.011310,0.062948,19,0.000000,0.000000,0.477354,0.902488,0.024631,-0.477354,0.463048,0.164040,0.728121,0.000000,0.902488,0.728121,106.262768,28.557159,60.083478,0.299707,1,455.61
20260607_204649,5111.392,1,Left,373,96.246649,0.000000,96.246649,0.000000,0.012207,0.009861,0.027534,17,0.000000,0.000000,0.682549,0.900000,0.023026,-0.455502,0.682549,0.055693,0.754591,0.000000,0.900000,0.754591,129.003429,36.710994,81.988568,0.261131,0,449.79
20260607_204649,5111.392,1,Right,368,96.195652,0.000000,96.195652,0.000000,0.024571,0.011310,0.062948,19,0.000000,0.000000,0.477354,0.902488,0.024631,-0.477354,0.463048,0.164040,0.728121,0.000000,0.902488,0.728121,106.262768,28.557159,60.083478,0.299707,1,449.79
20260607_204649,5116.403,1,Left,373,96.246649,0.000000,96.246649,0.000000,0.012207,0.009861,0.027534,17,0.000000,0.000000,0.682549,0.900000,0.023026,-0.455502,0.682549,0.055693,0.754591,0.000000,0.900000,0.754591,129.003429,36.710994,81.988568,0.261131,0,452.17
20260607_204649,5116.403,1,Right,368,96.195652,0.000000,96.195652,0.000000,0.024571,0.011310,0.062948,19,0.000000,0.000000,0.477354,0.902488,0.024631,-0.477354,0.463048,0.164040,0.728121,0.000000,0.902488,0.728121,106.262768,28.557159,60.083478,0.299707,1,452.17
20260607_204649,5121.412,1,Left,373,96.246649,0.000000,96.246649,0.000000,0.012207,0.009861,0.027534,17,0.000000,0.000000,0.682549,0.900000,0.023026,-0.455502,0.682549,0.055693,0.754591,0.000000,0.900000,0.754591,129.003429,36.710994,81.988568,0.261131,0,462.23
20260607_204649,5121.412,1,Right,368,96.195652,0.000000,96.195652,0.000000,0.024571,0.011310,0.062948,19,0.000000,0.000000,0.477354,0.902488,0.024631,-0.477354,0.463048,0.164040,0.728121,0.000000,0.902488,0.728121,106.262768,28.557159,60.083478,0.299707,1,462.23
20260607_204649,5126.413,1,Left,373,96.246649,0.000000,96.246649,0.000000,0.012207,0.009861,0.027534,17,0.000000,0.000000,0.682549,0.900000,0.023026,-0.455502,0.682549,0.055693,0.754591,0.000000,0.900000,0.754591,129.003429,36.710994,81.988568,0.261131,0,458.74
20260607_204649,5126.413,1,Right,368,96.195652,0.000000,96.195652,0.000000,0.024571,0.011310,0.062948,19,0.000000,0.000000,0.477354,0.902488,0.024631,-0.477354,0.463048,0.164040,0.728121,0.000000,0.902488,0.728121,106.262768,28.557159,60.083478,0.299707,1,458.74
20260607_204649,5131.422,1,Left,373,96.246649,0.000000,96.246649,0.000000,0.012207,0.009861,0.027534,17,0.000000,0.000000,0.682549,0.900000,0.023026,-0.455502,0.682549,0.055693,0.754591,0.000000,0.900000,0.754591,129.003429,36.710994,81.988568,0.261131,0,459.20
20260607_204649,5131.422,1,Right,368,96.195652,0.000000,96.195652,0.000000,0.024571,0.011310,0.062948,19,0.000000,0.000000,0.477354,0.902488,0.024631,-0.477354,0.463048,0.164040,0.728121,0.000000,0.902488,0.728121,106.262768,28.557159,60.083478,0.299707,1,459.20
20260607_204649,5136.423,1,Left,373,96.246649,0.000000,96.246649,0.000000,0.012207,0.009861,0.027534,17,0.000000,0.000000,0.682549,0.900000,0.023026,-0.455502,0.682549,0.055693,0.754591,0.000000,0.900000,0.754591,129.003429,36.710994,81.988568,0.261131,0,447.06
20260607_204649,5136.423,1,Right,368,96.195652,0.000000,96.195652,0.000000,0.024571,0.011310,0.062948,19,0.000000,0.000000,0.477354,0.902488,0.024631,-0.477354,0.463048,0.164040,0.728121,0.000000,0.902488,0.728121,106.262768,28.557159,60.083478,0.299707,1,447.06
20260607_204649,5141.434,1,Left,373,96.246649,0.000000,96.246649,0.000000,0.012207,0.009861,0.027534,17,0.000000,0.000000,0.682549,0.900000,0.023026,-0.455502,0.682549,0.055693,0.754591,0.000000,0.900000,0.754591,129.003429,36.710994,81.988568,0.261131,0,458.69
20260607_204649,5141.434,1,Right,368,96.195652,0.000000,96.195652,0.000000,0.024571,0.011310,0.062948,19,0.000000,0.000000,0.477354,0.902488,0.024631,-0.477354,0.463048,0.164040,0.728121,0.000000,0.902488,0.728121,106.262768,28.557159,60.083478,0.299707,1,458.69
20260607_204649,5146.446,1,Left,373,96.246649,0.000000,96.246649,0.000000,0.012207,0.009861,0.027534,17,0.000000,0.000000,0.682549,0.900000,0.023026,-0.455502,0.682549,0.055693,0.754591,0.000000,0.900000,0.754591,129.003429,36.710994,81.988568,0.261131,0,448.78
20260607_204649,5146.446,1,Right,368,96.195652,0.000000,96.195652,0.000000,0.024571,0.011310,0.062948,19,0.000000,0.000000,0.477354,0.902488,0.024631,-0.477354,0.463048,0.164040,0.728121,0.000000,0.902488,0.728121,106.262768,28.557159,60.083478,0.299707,1,448.78
20260607_204649,5151.455,1,Left,373,96.246649,0.000000,96.246649,0.000000,0.012207,0.009861,0.027534,17,0.000000,0.000000,0.682549,0.900000,0.023026,-0.455502,0.682549,0.055693,0.754591,0.000000,0.900000,0.754591,129.003429,36.710994,81.988568,0.261131,0,457.05
20260607_204649,5151.455,1,Right,368,96.195652,0.000000,96.195652,0.000000,0.024571,0.011310,0.062948,19,0.000000,0.000000,0.477354,0.902488,0.024631,-0.477354,0.463048,0.164040,0.728121,0.000000,0.902488,0.728121,106.262768,28.557159,60.083478,0.299707,1,457.05
20260607_204649,5156.466,1,Left,373,96.246649,0.000000,96.246649,0.000000,0.012207,0.009861,0.027534,17,0.000000,0.000000,0.682549,0.900000,0.023026,-0.455502,0.682549,0.055693,0.754591,0.000000,0.900000,0.754591,129.003429,36.710994,81.988568,0.261131,0,461.47
20260607_204649,5156.466,1,Right,368,96.195652,0.000000,96.195652,0.000000,0.024571,0.011310,0.062948,19,0.000000,0.000000,0.477354,0.902488,0.024631,-0.477354,0.463048,0.164040,0.728121,0.000000,0.902488,0.728121,106.262768,28.557159,60.083478,0.299707,1,461.47
