run_id,elapsed_s,kalman_enabled,side,samples,leader_det_rate_pct,follower_det_rate_pct,det_rate_pct,stale_rate_pct,dsteer_mean_abs,dthr_mean_abs,pred_mae,pred_flips,steer_saturated_pct,throttle_saturated_pct,steer_max,throttle_max,steer_cmd_mean,steer_cmd_min,steer_cmd_max,steer_cmd_mean_abs,throttle_cmd_mean,throttle_cmd_min,throttle_cmd_max,throttle_cmd_mean_abs,speed_mps,leader_speed_mps,x_m,z_m,leader_x_m,leader_z_m,formation_size_mean_side_m,formation_size_mean_leader_to_followers_m,pos_error_m,mean_distance,min_distance,distance_error_mean,mean_formation_error,near_miss_count,formation_iou,formation_area_err,centroid_offset_m,per_boat_rms_m,fps
20260716_185200,5.004,1,Left,61,100.000000,0.000000,100.000000,0.000000,0.008179,0.029907,0.010965,9,0.000000,0.000000,0.102998,0.938578,-0.008323,-0.102998,0.088195,0.048967,0.669983,0.240019,0.938578,0.669983,13.159979,13.079568,14.497585,-194.238602,-0.011698,-225.860413,31.250194,33.255473,6.794183,166.415829,89.692954,76.620451,0.185657,0,0.605543,20.857283,2.967100,4.179625,244.74
20260716_185200,5.004,1,Right,60,100.000000,0.000000,100.000000,0.000000,0.008544,0.031884,0.012248,7,0.000000,0.000000,0.099515,0.923268,0.004142,-0.098250,0.099515,0.048472,0.655427,0.240019,0.923268,0.655427,13.682339,13.156329,-12.625384,-196.756989,-0.011698,-225.860413,31.250194,33.255473,2.499371,160.626331,73.710202,80.256366,0.200814,0,0.605543,20.857283,2.967100,4.179625,244.74
20260716_185200,10.016,1,Left,112,100.000000,0.000000,100.000000,0.000000,0.007747,0.021907,0.008321,10,0.000000,0.000000,0.106483,0.943147,0.018067,-0.102998,0.106483,0.051855,0.759338,0.240019,0.943147,0.759338,16.190514,14.996286,11.408625,-292.489014,-16.484234,-314.465363,33.424375,32.492496,6.004029,187.597355,89.692954,97.800395,0.218004,0,0.814958,84.606611,1.855156,3.488298,221.76
20260716_185200,10.016,1,Right,111,100.000000,0.000000,100.000000,0.900901,0.006394,0.031109,0.009490,12,0.000000,0.000000,0.099515,0.940308,0.010609,-0.098250,0.099515,0.035491,0.705343,0.240019,0.940308,0.705343,15.669574,15.055047,-23.234707,-285.773956,-16.484234,-314.465363,33.424375,32.492496,0.675509,157.940373,73.710202,77.106242,0.198534,0,0.814958,84.606611,1.855156,3.488298,221.76
20260716_185200,15.022,1,Left,171,100.000000,0.000000,100.000000,0.000000,0.005677,0.020326,0.006277,12,0.000000,0.000000,0.106483,0.943147,0.019522,-0.102998,0.106483,0.041653,0.769953,0.240019,0.943147,0.769953,17.188339,15.787106,-25.080132,-380.566956,-54.447697,-396.202545,29.438169,29.729860,3.270494,181.558429,89.692954,91.760817,0.211377,0,0.843803,26.147098,1.646168,3.058086,325.37
20260716_185200,15.022,1,Right,169,100.000000,0.000000,100.000000,0.591716,0.004853,0.028578,0.007280,16,0.000000,0.000000,0.099515,0.940308,0.018084,-0.098250,0.099515,0.034428,0.707447,0.240019,0.940308,0.707447,16.414086,15.821515,-51.981117,-370.129730,-54.447697,-396.202545,29.438169,29.729860,4.166479,145.250360,73.710202,64.243924,0.181868,0,0.843803,26.147098,1.646168,3.058086,325.37
20260716_185200,20.031,1,Left,230,100.000000,0.000000,100.000000,0.434783,0.004645,0.018273,0.005210,14,0.000000,0.000000,0.106483,0.943147,0.022346,-0.102998,0.106483,0.038799,0.787493,0.240019,0.943147,0.787493,17.811440,16.172649,-79.909370,-460.273926,-110.999290,-465.451172,30.916912,29.624487,2.757676,175.929989,89.692954,86.132059,0.207298,0,0.761386,16.955394,1.230232,2.400660,314.60
20260716_185200,20.031,1,Right,228,100.000000,0.000000,100.000000,2.631579,0.004048,0.028388,0.006471,20,0.000000,0.000000,0.099515,0.940308,0.019285,-0.098250,0.099515,0.031399,0.723082,0.240019,0.940308,0.723082,16.742182,16.201536,-105.222778,-438.328552,-110.999290,-465.451172,30.916912,29.624487,3.112030,138.173708,73.710202,57.070550,0.172247,0,0.761386,16.955394,1.230232,2.400660,314.60
20260716_185200,25.045,1,Left,288,100.000000,0.000000,100.000000,0.347222,0.004161,0.016776,0.004641,16,0.000000,0.000000,0.106483,0.943147,0.021602,-0.102998,0.106483,0.034742,0.785456,0.240019,0.943147,0.785456,17.981166,16.404369,-152.015656,-518.988159,-183.498581,-518.980225,28.145321,29.003618,1.519890,169.012796,89.692954,79.214681,0.197633,0,0.822244,54.596353,1.555159,2.775193,264.34
20260716_185200,25.045,1,Right,286,100.000000,0.000000,100.000000,2.097902,0.003480,0.026122,0.005609,21,0.000000,0.000000,0.099515,0.940308,0.022835,-0.098250,0.099515,0.032492,0.720409,0.240019,0.940308,0.720409,16.857499,16.429019,-167.671371,-497.695526,-183.498581,-518.980225,28.145321,29.003618,4.560156,130.584298,73.710202,49.424955,0.159170,0,0.822244,54.596353,1.555159,2.775193,264.34
20260716_185200,30.052,1,Left,346,100.000000,0.000000,100.000000,0.578035,0.003793,0.016111,0.004294,18,0.000000,0.000000,0.106483,0.943147,0.022976,-0.102998,0.106483,0.033914,0.789903,0.240019,0.943147,0.789903,18.189236,16.551877,-238.172546,-562.025269,-267.368835,-552.918152,31.355590,30.221640,1.324293,165.378374,89.692954,75.580136,0.193999,0,0.816680,32.400723,0.660204,1.783316,273.39
20260716_185200,30.052,1,Right,344,100.000000,0.000000,100.000000,4.941860,0.003384,0.029502,0.005156,22,0.000000,0.000000,0.099515,0.940308,0.021241,-0.098250,0.099515,0.029853,0.722716,0.240019,0.940308,0.722716,16.947352,16.573229,-248.280136,-529.956970,-267.368835,-552.918152,31.355590,30.221640,2.790500,129.035176,73.710202,47.838594,0.157427,0,0.816680,32.400723,0.660204,1.783316,273.39
20260716_185200,35.052,1,Left,401,100.000000,0.000000,100.000000,0.498753,0.003485,0.014665,0.003948,20,0.000000,0.000000,0.106483,0.943147,0.022703,-0.102998,0.106483,0.032141,0.789245,0.240019,0.943147,0.789245,18.287751,16.652205,-330.360474,-579.530762,-355.972168,-564.864075,27.406252,28.237861,0.540717,160.587301,89.692954,70.788978,0.186653,0,0.810013,67.796779,1.519694,2.566464,259.40
20260716_185200,35.052,1,Right,399,100.000000,0.000000,100.000000,4.260652,0.003148,0.027083,0.004796,23,0.000000,0.000000,0.099515,0.940308,0.023919,-0.098250,0.099515,0.031345,0.722845,0.240019,0.940308,0.722845,17.018252,16.671109,-331.381470,-553.807983,-355.972168,-564.864075,27.406252,28.237861,4.412238,126.074185,73.710202,44.852291,0.153677,0,0.810013,67.796779,1.519694,2.566464,259.40
20260716_185200,40.052,1,Left,462,100.000000,0.000000,100.000000,0.432900,0.003225,0.013578,0.003578,22,0.000000,0.000000,0.106483,0.943147,0.023570,-0.102998,0.106483,0.031761,0.788740,0.240019,0.943147,0.788740,18.392507,16.736262,-425.690643,-574.764954,-445.835663,-554.349854,27.498424,26.594876,1.554028,155.849766,89.692954,66.051374,0.179393,0,0.675118,67.817301,2.489118,3.538410,213.42
20260716_185200,40.052,1,Right,459,100.000000,0.000000,100.000000,3.703704,0.003059,0.025391,0.004598,24,0.000000,0.000000,0.099515,0.940308,0.021474,-0.098250,0.099515,0.029416,0.727073,0.240019,0.940308,0.727073,17.193654,16.751868,-422.946503,-545.588196,-445.835663,-554.349854,27.498424,26.594876,5.928410,123.713954,73.710202,42.471366,0.148440,0,0.675118,67.817301,2.489118,3.538410,213.42
20260716_185200,45.057,1,Left,523,100.000000,0.000000,100.000000,0.573614,0.003020,0.013628,0.003399,24,0.000000,0.000000,0.106483,0.943147,0.024020,-0.102998,0.106483,0.031256,0.788627,0.240019,0.943147,0.788627,18.439692,16.800659,-515.198486,-547.982117,-529.605591,-522.102905,29.495617,28.591417,1.503680,152.863979,89.692954,63.065533,0.175200,0,0.764400,16.019870,1.385805,1.935158,228.67
20260716_185200,45.057,1,Right,519,100.000000,0.000000,100.000000,3.275530,0.003090,0.024049,0.004586,25,0.000000,0.000000,0.099515,0.940308,0.024049,-0.098250,0.099515,0.031954,0.724487,0.240019,0.940308,0.724487,17.146619,16.813887,-502.163147,-519.521240,-529.605591,-522.102905,29.495617,28.591417,2.995572,122.876397,73.710202,41.617898,0.149484,0,0.764400,16.019870,1.385805,1.935158,228.67
20260716_185200,50.066,1,Left,583,100.000000,0.000000,100.000000,0.514580,0.002855,0.012838,0.003238,26,0.000000,0.000000,0.106483,0.943147,0.023638,-0.102998,0.106483,0.030129,0.788346,0.240019,0.943147,0.788346,18.492708,16.851088,-594.725769,-497.392548,-602.793701,-470.134186,26.800486,27.426619,1.672667,150.050659,89.692954,60.252172,0.170438,0,0.757965,80.634187,1.737776,2.800800,275.80
20260716_185200,50.066,1,Right,579,100.000000,0.000000,100.000000,2.936097,0.002991,0.022685,0.004439,26,0.000000,0.000000,0.099515,0.940308,0.023876,-0.098250,0.099515,0.032728,0.723190,0.240019,0.940308,0.723190,17.156481,16.863293,-577.681030,-478.361298,-602.793701,-470.134186,26.800486,27.426619,4.553640,121.100551,73.710202,39.829441,0.146901,0,0.757965,80.634187,1.737776,2.800800,275.80
20260716_185200,55.076,1,Left,637,100.000000,0.000000,100.000000,0.470958,0.002819,0.012423,0.003160,28,0.000000,0.000000,0.106483,0.943147,0.024002,-0.102998,0.106483,0.029942,0.787237,0.240019,0.943147,0.787237,18.508719,16.888882,-659.507812,-431.834259,-660.653137,-401.975830,28.945722,28.222169,0.607531,147.763280,89.692954,57.964762,0.166806,0,0.780747,30.475885,1.448943,2.273702,341.11
20260716_185200,55.076,1,Right,632,100.000000,0.000000,100.000000,2.689873,0.003056,0.022078,0.004520,30,0.000000,0.000000,0.099515,0.940308,0.022884,-0.098250,0.099515,0.032901,0.726089,0.240019,0.940308,0.726089,17.229184,16.899499,-636.193115,-412.336853,-660.653137,-401.975830,28.945722,28.222169,3.891023,120.130182,73.710202,38.849923,0.145559,0,0.780747,30.475885,1.448943,2.273702,341.11
20260716_185200,60.087,1,Left,695,100.000000,0.000000,100.000000,1.007194,0.002696,0.012660,0.003116,30,0.000000,0.000000,0.106483,0.943147,0.024493,-0.102998,0.106483,0.029938,0.788060,0.240019,0.943147,0.788060,18.549892,16.921935,-708.817688,-350.101288,-700.281189,-320.639313,28.549570,27.671204,2.775960,146.931391,89.692954,57.132845,0.166287,0,0.706443,45.821749,2.536167,3.471116,359.62
20260716_185200,60.087,1,Right,690,100.000000,0.000000,100.000000,2.608696,0.003011,0.022044,0.004354,33,0.000000,0.000000,0.099515,0.940308,0.025012,-0.098250,0.099515,0.034187,0.727538,0.240019,0.940308,0.727538,17.274461,16.931899,-681.606873,-336.757996,-700.281189,-320.639313,28.549570,27.671204,5.332916,118.738550,73.710202,37.449889,0.143705,0,0.706443,45.821749,2.536167,3.471116,359.62
20260716_185200,65.094,1,Left,751,100.000000,0.000000,100.000000,0.932091,0.002629,0.012243,0.003046,31,0.000000,0.000000,0.106483,0.943147,0.024000,-0.102998,0.106483,0.029039,0.788151,0.240019,0.943147,0.788151,18.585636,16.949697,-731.303650,-258.304077,-718.322937,-232.709000,27.096239,27.036810,1.495487,145.541132,89.692954,55.742564,0.163830,0,0.763695,74.179459,1.971254,2.832267,343.77
20260716_185200,65.094,1,Right,746,100.000000,0.000000,100.000000,2.412869,0.002974,0.022298,0.004441,37,0.000000,0.000000,0.099515,0.940308,0.024466,-0.098250,0.099515,0.034009,0.727063,0.240019,0.940308,0.727063,17.276638,16.959098,-704.439270,-253.949005,-718.322937,-232.709000,27.096239,27.036810,4.672123,117.865948,65.936238,36.634503,0.142089,0,0.763695,74.179459,1.971254,2.832267,343.77
20260716_185200,70.097,1,Left,808,100.000000,0.000000,100.000000,0.866337,0.002544,0.011932,0.003005,33,0.000000,0.000000,0.106483,0.943147,0.023880,-0.102998,0.106483,0.028563,0.787987,0.240019,0.943147,0.787987,18.607936,16.973556,-731.908142,-165.021744,-714.112122,-143.403214,27.156776,26.669320,2.002335,144.284019,89.692954,54.485430,0.161737,0,0.726043,72.433111,2.189397,3.101112,259.02
20260716_185200,70.097,1,Right,802,100.000000,0.000000,100.000000,2.244389,0.002898,0.022179,0.004392,39,0.000000,0.000000,0.099515,0.940308,0.024349,-0.098250,0.099515,0.033226,0.727235,0.240019,0.940308,0.727235,17.310351,16.982005,-703.818298,-166.555542,-714.112122,-143.403214,27.156776,26.669320,4.984108,117.617648,65.936238,36.375817,0.141351,0,0.726043,72.433111,2.189397,3.101112,259.02
20260716_185200,75.100,1,Left,867,100.000000,0.000000,100.000000,0.807382,0.002454,0.011679,0.002957,36,0.000000,0.000000,0.106483,0.943147,0.024615,-0.102998,0.106483,0.028980,0.787208,0.240019,0.943147,0.787208,18.618314,16.994978,-711.706970,-73.253502,-687.581543,-56.903881,27.714935,28.294214,1.232694,143.117259,89.692954,53.318652,0.160146,0,0.792016,58.634722,1.536723,2.351691,281.40
20260716_185200,75.100,1,Right,860,100.000000,0.000000,100.000000,2.093023,0.002788,0.021915,0.004282,44,0.000000,0.000000,0.099515,0.940308,0.024923,-0.098250,0.099515,0.033201,0.725056,0.240019,0.940308,0.725056,17.274093,17.002659,-687.579468,-84.348763,-687.581543,-56.903881,27.714935,28.294214,3.882243,116.614436,65.936238,35.363272,0.139280,0,0.792016,58.634722,1.536723,2.351691,281.40
20260716_185200,80.113,1,Left,922,100.000000,0.000000,100.000000,0.759219,0.002398,0.011384,0.002865,38,0.000000,0.000000,0.106483,0.943147,0.024737,-0.102998,0.106483,0.028841,0.787222,0.240019,0.943147,0.787222,18.635873,17.012443,-667.807190,10.298229,-640.546875,19.967663,27.773323,26.967748,1.474891,142.102018,89.692954,52.303397,0.158539,0,0.700964,60.419357,2.250349,3.162996,330.00
20260716_185200,80.113,1,Right,915,100.000000,0.000000,100.000000,1.967213,0.002785,0.021144,0.004275,46,0.000000,0.000000,0.099515,0.940308,0.023951,-0.098250,0.099515,0.032449,0.727519,0.240019,0.940308,0.727519,17.334977,17.019795,-642.689575,-4.951449,-640.546875,19.967663,27.773323,26.967748,5.276204,116.209059,65.936238,34.950138,0.138202,0,0.700964,60.419357,2.250349,3.162996,330.00
20260716_185200,85.114,1,Left,976,100.000000,0.000000,100.000000,0.717213,0.002398,0.011362,0.002821,39,0.000000,0.000000,0.106483,0.943147,0.024568,-0.102998,0.106483,0.028446,0.787161,0.240019,0.943147,0.787161,18.647905,17.027962,-604.910278,80.504234,-575.893799,82.748962,29.629315,29.261394,1.650932,141.202750,89.692954,51.404117,0.156942,0,0.881105,9.949495,0.742385,1.011772,219.72
20260716_185200,85.114,1,Right,969,100.000000,0.000000,100.000000,1.857585,0.002802,0.020907,0.004279,47,0.000000,0.000000,0.099515,0.940308,0.025490,-0.098250,0.099515,0.033595,0.726230,0.240019,0.940308,0.726230,17.293039,17.035017,-587.420837,55.681622,-575.893799,82.748962,29.629315,29.261394,0.587768,116.490442,65.936238,35.225506,0.139438,0,0.881105,9.949495,0.742385,1.011772,219.72
20260716_185200,90.118,1,Left,1035,100.000000,0.000000,100.000000,0.772947,0.002368,0.011576,0.002803,41,0.000000,0.000000,0.106483,0.943147,0.024553,-0.102998,0.106483,0.028210,0.786571,0.240019,0.943147,0.786571,18.658625,17.042796,-527.480286,131.287415,-498.670532,127.089386,27.100573,27.085147,1.078709,140.522119,89.692954,50.723473,0.155908,0,0.767463,75.266530,1.976743,2.956340,336.06
20260716_185200,90.118,1,Right,1028,100.000000,0.000000,100.000000,1.848249,0.002824,0.020576,0.004254,50,0.000000,0.000000,0.099515,0.940308,0.024209,-0.098250,0.099515,0.034021,0.727004,0.240019,0.940308,0.727004,17.343632,17.049547,-514.349670,107.545021,-498.670532,127.089386,27.100573,27.085147,5.005619,116.607368,65.936238,35.335816,0.140508,0,0.767463,75.266530,1.976743,2.956340,336.06
20260716_185200,95.123,1,Left,1094,100.000000,0.000000,100.000000,0.731261,0.002285,0.011828,0.002813,43,0.000000,0.000000,0.106483,0.943147,0.024243,-0.102998,0.106483,0.027702,0.785656,0.240019,0.943147,0.785656,18.637501,17.055832,-441.810791,161.593857,-412.213928,151.224792,29.842062,29.884283,1.769535,139.863649,89.692954,50.064992,0.154518,0,0.874323,6.000275,0.072295,1.451574,258.40
20260716_185200,95.123,1,Right,1087,100.000000,0.000000,100.000000,1.747930,0.002808,0.020175,0.004266,53,0.000000,0.000000,0.099515,0.940308,0.024899,-0.098250,0.099515,0.034418,0.726884,0.240019,0.940308,0.726884,17.332366,17.062301,-433.922089,132.900925,-412.213928,151.224792,29.842062,29.884283,1.786043,115.978035,65.936238,34.700586,0.139621,0,0.874323,6.000275,0.072295,1.451574,258.40
20260716_185200,100.132,1,Left,1151,100.000000,0.000000,100.000000,0.695048,0.002285,0.011455,0.002762,44,0.000000,0.000000,0.106483,0.943147,0.025041,-0.102998,0.106483,0.028329,0.787133,0.240019,0.943147,0.787133,18.691175,17.067298,-345.363098,171.562790,-323.190094,153.294220,26.349722,26.263066,2.348662,139.696268,89.692954,49.897601,0.154988,0,0.646541,94.331895,2.911423,3.983616,357.30
20260716_185200,100.132,1,Right,1144,100.000000,0.000000,100.000000,1.660839,0.002775,0.019559,0.004218,55,0.000000,0.000000,0.099515,0.940308,0.024843,-0.098250,0.099515,0.034299,0.727711,0.240019,0.940308,0.727711,17.366796,17.073517,-345.509399,145.040161,-323.190094,153.294220,26.349722,26.263066,6.487787,115.535070,65.936238,34.252501,0.138774,0,0.646541,94.331895,2.911423,3.983616,357.30
20260716_185200,105.133,1,Left,1206,100.000000,0.000000,100.000000,0.663350,0.002243,0.011667,0.002782,47,0.000000,0.000000,0.106483,0.943357,0.024582,-0.102998,0.106483,0.027720,0.786825,0.240019,0.943357,0.786825,18.664271,17.077357,-254.725540,158.467499,-234.354095,132.704758,33.268982,32.382551,2.957521,140.166042,89.692954,50.367367,0.155021,0,0.817030,87.273890,0.868256,2.389527,263.10
20260716_185200,105.133,1,Right,1199,100.000000,0.000000,100.000000,1.751460,0.002807,0.020398,0.004258,57,0.000000,0.000000,0.099515,0.940308,0.025041,-0.098250,0.099515,0.034354,0.726599,0.240019,0.940308,0.726599,17.324707,17.083350,-265.350220,125.075180,-234.354095,132.704758,33.268982,32.382551,2.895271,115.974289,65.936238,34.829741,0.139608,0,0.817030,87.273890,0.868256,2.389527,263.10
20260716_185200,110.134,1,Left,1260,100.000000,0.000000,100.000000,0.793651,0.002459,0.012353,0.003222,54,0.000000,0.000000,0.106483,0.943357,0.024804,-0.104940,0.106483,0.028460,0.787286,0.240019,0.943357,0.787286,18.681363,17.086434,-167.959457,121.717537,-155.020950,91.479881,28.199467,27.925293,3.171749,141.602495,89.692954,51.803813,0.157749,0,0.720982,66.748559,2.747408,4.557403,361.92
20260716_185200,110.134,1,Right,1253,100.000000,0.000000,100.000000,1.995211,0.002814,0.020725,0.004260,59,0.000000,0.000000,0.099515,0.940308,0.024745,-0.098250,0.099515,0.034808,0.728632,0.240019,0.940308,0.728632,17.380108,17.092219,-177.756424,94.690582,-155.020950,91.479881,28.199467,27.925293,7.228400,116.842831,65.936238,35.688127,0.141823,0,0.720982,66.748559,2.747408,4.557403,361.92
20260716_185200,115.136,1,Left,1315,100.000000,0.000000,100.000000,0.988593,0.002471,0.013233,0.003221,56,0.000000,0.000000,0.106483,0.943357,0.024647,-0.104940,0.106483,0.028150,0.786906,0.240019,0.943357,0.786906,18.673851,17.095722,-96.667503,65.290680,-88.293015,31.976513,32.094971,31.578582,4.634865,142.364184,89.692954,52.565494,0.158888,0,0.763136,49.340518,0.773010,3.192718,251.49
20260716_185200,115.136,1,Right,1307,100.000000,0.000000,100.000000,2.295333,0.002903,0.021618,0.004630,66,0.000000,0.000000,0.099515,0.940308,0.024655,-0.098250,0.099515,0.035406,0.727527,0.240019,0.940308,0.727527,17.369436,17.101174,-116.322189,38.623451,-88.293015,31.976513,32.094971,31.578582,3.016351,116.699042,65.936238,35.539323,0.142069,0,0.763136,49.340518,0.773010,3.192718,251.49
20260716_185200,120.149,1,Left,1370,100.000000,0.000000,100.000000,1.459854,0.002527,0.014308,0.003300,58,0.000000,0.000000,0.106483,0.943357,0.025002,-0.104940,0.106483,0.028519,0.787968,0.240019,0.943357,0.787968,18.685032,17.103345,-34.162064,-5.180069,-38.112251,-42.478573,30.761457,30.727281,7.714156,144.393641,89.692954,54.594945,0.161941,0,0.675887,21.727722,3.867396,6.059679,272.82
20260716_185200,120.149,1,Right,1360,100.000000,0.000000,100.000000,2.205882,0.002895,0.021598,0.004579,67,0.000000,0.000000,0.099515,0.940308,0.025165,-0.098250,0.099515,0.035712,0.728356,0.240019,0.940308,0.728356,17.388345,17.108369,-56.179409,-26.760468,-38.112251,-42.478573,30.761457,30.727281,7.116947,116.458780,65.936238,35.333194,0.141911,0,0.675887,21.727722,3.867396,6.059679,272.82
20260716_185200,125.158,1,Left,1429,100.000000,0.000000,100.000000,1.399580,0.002508,0.014306,0.003227,61,0.000000,0.000000,0.106483,0.943357,0.024915,-0.104940,0.106483,0.028287,0.789799,0.240019,0.943357,0.789799,18.717901,17.110973,2.878181,-95.347412,-7.760658,-127.744667,33.708142,33.139307,4.117704,146.766128,89.692954,56.967426,0.164820,0,0.794682,100.687850,1.483538,2.816091,243.68
20260716_185200,125.158,1,Right,1418,100.000000,0.000000,100.000000,2.397743,0.002987,0.022046,0.004781,73,0.000000,0.000000,0.099515,0.940308,0.025193,-0.098250,0.099515,0.035538,0.727638,0.066932,0.940308,0.727638,17.355391,17.115728,-30.586088,-105.061996,-7.760658,-127.744667,33.708142,33.139307,2.614503,117.210976,65.936238,36.111411,0.142946,0,0.794682,100.687850,1.483538,2.816091,243.68
20260716_185200,130.160,1,Left,1486,100.000000,0.000000,100.000000,1.615074,0.002459,0.014651,0.003162,64,0.000000,0.000000,0.106483,0.943357,0.025074,-0.104940,0.106483,0.028317,0.790259,0.240019,0.943357,0.790259,18.733965,17.118024,18.719370,-188.378952,0.414305,-216.446518,30.818300,31.434709,3.595266,148.160088,89.692954,58.361380,0.166827,0,0.772744,16.533605,2.128219,2.718319,258.00
20260716_185200,130.160,1,Right,1475,100.000000,0.000000,100.000000,2.372881,0.003024,0.022470,0.004779,78,0.000000,0.000000,0.106395,0.940308,0.024802,-0.098250,0.106395,0.035931,0.726612,0.066932,0.940308,0.726612,17.363051,17.122647,-10.850714,-189.333344,0.414305,-216.446518,30.818300,31.434709,3.040040,117.808169,65.936238,36.740177,0.144573,0,0.772744,16.533605,2.128219,2.718319,258.00
20260716_185200,135.166,1,Left,1542,100.000000,0.000000,100.000000,1.815824,0.002487,0.015169,0.003191,66,0.000000,0.000000,0.106483,0.943357,0.025046,-0.104940,0.106483,0.028170,0.790792,0.240019,0.943357,0.790792,18.729226,17.124555,12.483783,-280.779205,-13.740909,-305.478058,36.441809,35.281852,6.035480,148.840139,89.692954,59.041425,0.168081,0,0.682545,181.256409,2.417121,4.770213,249.66
20260716_185200,135.166,1,Right,1531,100.000000,0.000000,100.000000,2.743305,0.003139,0.022830,0.004840,80,0.000000,0.000000,0.111804,0.940308,0.024666,-0.098250,0.111804,0.036558,0.728031,0.066932,0.940308,0.728031,17.357477,17.129056,-25.488945,-272.998260,-13.740909,-305.478058,36.441809,35.281852,5.642498,119.701938,65.936238,38.622526,0.148431,0,0.682545,181.256409,2.417121,4.770213,249.66
20260716_185200,140.166,1,Left,1598,99.874844,0.000000,99.874844,2.127660,0.002526,0.015982,0.003223,68,0.000000,0.000000,0.106483,0.943357,0.024816,-0.104940,0.106483,0.028005,0.789767,0.076438,0.943357,0.789767,18.703405,17.130332,-16.169191,-365.923950,-49.939148,-388.820740,34.626271,36.450178,11.173841,150.207923,89.692954,60.409205,0.169967,0,0.528214,100.791917,5.067881,6.899622,257.24
20260716_185200,140.166,1,Right,1585,100.000000,0.000000,100.000000,2.776025,0.003124,0.022848,0.004787,83,0.000000,0.000000,0.111804,0.940308,0.025265,-0.098250,0.111804,0.036753,0.727990,0.066932,0.940308,0.727990,17.354854,17.134501,-45.829906,-356.984894,-49.939148,-388.820740,34.626271,36.450178,4.237880,120.708846,65.936238,39.619186,0.150535,0,0.528214,100.791917,5.067881,6.899622,257.24
20260716_185200,145.175,1,Left,1657,99.879300,0.000000,99.879300,2.051901,0.002514,0.015542,0.003212,70,0.000000,0.000000,0.106483,0.943357,0.025255,-0.104940,0.106483,0.028412,0.793068,0.076438,0.943357,0.793068,18.750795,17.135817,-66.611450,-451.743256,-105.086159,-459.683289,36.015504,34.104602,9.502324,152.370201,89.692954,62.571478,0.173017,0,0.705858,142.725878,2.053663,5.820539,298.57
20260716_185200,145.175,1,Right,1644,100.000000,0.000000,100.000000,2.676399,0.003144,0.022376,0.004798,84,0.000000,0.000000,0.111804,0.940308,0.024437,-0.098250,0.111804,0.036584,0.730105,0.066932,0.940308,0.730105,17.399425,17.139880,-100.681107,-431.096954,-105.086159,-459.683289,36.015504,34.104602,3.367768,121.295207,65.936238,40.195120,0.151784,0,0.705858,142.725878,2.053663,5.820539,298.57
20260716_185200,150.182,1,Left,1712,99.883178,0.000000,99.883178,1.985981,0.002499,0.015178,0.003141,72,0.000000,0.000000,0.106483,0.943357,0.025231,-0.104940,0.106483,0.028287,0.794987,0.076438,0.943357,0.794987,18.789195,17.140673,-142.296478,-515.919495,-176.054535,-514.693970,30.287189,30.044029,4.089685,153.334923,89.692954,63.536196,0.174492,0,0.809748,4.541794,2.082282,3.272694,283.49
20260716_185200,150.182,1,Right,1699,100.000000,0.000000,100.000000,2.589759,0.003125,0.022090,0.004739,85,0.000000,0.000000,0.111804,0.940308,0.025534,-0.098250,0.111804,0.037288,0.730332,0.066932,0.940308,0.730332,17.407040,17.144642,-162.118759,-492.380463,-176.054535,-514.693970,30.287189,30.044029,3.925056,120.812550,65.936238,39.703394,0.151427,0,0.809748,4.541794,2.082282,3.272694,283.49
20260716_185200,155.187,1,Left,1766,99.886750,0.000000,99.886750,2.038505,0.002475,0.015340,0.003096,75,0.000000,0.000000,0.106483,0.943357,0.025125,-0.104940,0.106483,0.028088,0.795474,0.076438,0.943357,0.795474,18.805049,17.145819,-228.581299,-558.669067,-258.774933,-550.531372,29.890445,30.371877,1.482561,153.425645,89.692954,63.626914,0.174808,0,0.843893,4.177940,1.308219,1.661106,302.18
20260716_185200,155.187,1,Right,1753,100.000000,0.000000,100.000000,2.624073,0.003136,0.022002,0.004734,86,0.000000,0.000000,0.111804,0.940308,0.025002,-0.098250,0.111804,0.037267,0.728987,0.066932,0.940308,0.728987,17.390630,17.149704,-236.769958,-530.924683,-258.774933,-550.531372,29.890445,30.371877,2.465731,120.250886,65.936238,39.133381,0.150218,0,0.843893,4.177940,1.308219,1.661106,302.18
20260716_185200,160.187,1,Left,1826,99.890471,0.000000,99.890471,1.971522,0.002421,0.015076,0.003032,78,0.000000,0.000000,0.106483,0.943357,0.025144,-0.104940,0.106483,0.028010,0.795091,0.076438,0.943357,0.795091,18.812019,17.150542,-320.738586,-578.757690,-347.085541,-564.669739,29.897849,29.051379,0.175540,152.940541,89.692954,63.141807,0.174256,0,0.808018,5.112509,1.156650,1.927887,280.39
20260716_185200,160.187,1,Right,1811,100.000000,0.000000,100.000000,2.595251,0.003165,0.021810,0.004743,92,0.000000,0.000000,0.111804,0.940308,0.024699,-0.098250,0.111804,0.037391,0.729998,0.066932,0.940308,0.729998,17.415733,17.154187,-324.742737,-547.421692,-347.085541,-564.669739,29.897849,29.051379,3.334581,120.203698,65.936238,39.077779,0.150525,0,0.808018,5.112509,1.156650,1.927887,280.39
20260716_185200,165.194,1,Left,1884,99.893843,0.000000,99.893843,1.910828,0.002404,0.015088,0.003026,82,0.000000,0.000000,0.106483,0.943357,0.025296,-0.104940,0.106483,0.028073,0.794504,0.076438,0.943357,0.794504,18.812008,17.155044,-413.763367,-577.207336,-435.804291,-556.679199,30.220785,31.522981,0.408577,152.136334,86.025576,62.341606,0.173087,0,0.713122,0.442613,1.967029,3.324907,210.72
20260716_185200,165.194,1,Right,1867,100.000000,0.000000,100.000000,2.517408,0.003150,0.021679,0.004713,95,0.000000,0.000000,0.111804,0.940308,0.025657,-0.098250,0.111804,0.037969,0.728570,0.066932,0.940308,0.728570,17.379311,17.158480,-403.262177,-551.665405,-435.804291,-556.679199,30.220785,31.522981,5.744396,119.924214,65.936238,38.797852,0.150369,0,0.713122,0.442613,1.967029,3.324907,210.72
20260716_185200,170.201,1,Left,1941,99.896960,0.000000,99.896960,1.854714,0.002372,0.014844,0.003013,84,0.000000,0.000000,0.106483,0.943357,0.025298,-0.104940,0.106483,0.027994,0.794495,0.076438,0.943357,0.794495,18.822066,17.158832,-505.841583,-551.495483,-520.811523,-526.666626,29.714892,28.296182,1.601693,151.473905,86.025576,61.679055,0.172098,0,0.685274,13.320335,1.942582,2.798186,247.47
20260716_185200,170.201,1,Right,1924,100.000000,0.000000,100.000000,2.442827,0.003182,0.021198,0.004730,96,0.000000,0.000000,0.111804,0.940308,0.024324,-0.098250,0.111804,0.037940,0.730668,0.066932,0.940308,0.730668,17.430306,17.162199,-493.743561,-521.274780,-520.811523,-526.666626,29.714892,28.296182,4.574289,120.492307,65.936238,39.358425,0.151617,0,0.685274,13.320335,1.942582,2.798186,247.47
20260716_185200,175.211,1,Left,2002,99.900100,0.000000,99.900100,1.798202,0.002344,0.014590,0.002978,86,0.000000,0.000000,0.106483,0.943357,0.025327,-0.104940,0.106483,0.027941,0.794430,0.076438,0.943357,0.794430,18.825309,17.162764,-587.452148,-504.484680,-595.696899,-476.475311,28.510282,27.673060,1.603047,150.699287,86.025576,60.904316,0.170923,0,0.727227,41.431210,1.895888,2.567001,204.94
20260716_185200,175.211,1,Right,1984,100.000000,0.000000,100.000000,2.368952,0.003219,0.020956,0.004736,97,0.000000,0.000000,0.119682,0.940308,0.025482,-0.098250,0.119682,0.039105,0.730807,0.066932,0.940308,0.730807,17.436800,17.166002,-569.788147,-480.008148,-595.696899,-476.475311,28.510282,27.673060,4.147134,120.175835,65.936238,39.034503,0.152025,0,0.727227,41.431210,1.895888,2.567001,204.94
20260716_185200,180.212,1,Left,2057,99.902771,0.000000,99.902771,1.750122,0.002318,0.014376,0.002929,88,0.000000,0.000000,0.106483,0.943357,0.025277,-0.104940,0.106483,0.027821,0.794205,0.076438,0.943357,0.794205,18.829258,17.166169,-653.925110,-437.179108,-655.764587,-409.252899,26.723118,27.630752,2.075079,149.989656,86.025576,60.194581,0.169717,0,0.757529,82.661890,1.609366,2.914408,353.65
20260716_185200,180.212,1,Right,2039,100.000000,0.000000,100.000000,2.305051,0.003214,0.020704,0.004719,98,0.000000,0.000000,0.119682,0.940308,0.025295,-0.098250,0.119682,0.039273,0.729727,0.066932,0.940308,0.729727,17.422101,17.169350,-632.804749,-423.975647,-655.764587,-409.252899,26.723118,27.630752,4.601670,119.677378,65.936238,38.530577,0.151038,0,0.757529,82.661890,1.609366,2.914408,353.65
20260716_185200,185.223,1,Left,2117,99.905527,0.000000,99.905527,1.700520,0.002291,0.014170,0.002889,91,0.000000,0.000000,0.106483,0.943357,0.025239,-0.104940,0.106483,0.027710,0.793880,0.076438,0.943357,0.793880,18.830236,17.169604,-702.278870,-357.378296,-696.998291,-329.890289,29.394467,28.510125,2.119886,149.196914,86.025576,59.401732,0.168344,0,0.759644,17.899616,1.570785,1.981932,237.99
20260716_185200,185.223,1,Right,2099,100.000000,0.000000,100.000000,2.239162,0.003259,0.020630,0.004767,102,0.000000,0.000000,0.119682,0.940308,0.024875,-0.098250,0.119682,0.039389,0.730644,0.066932,0.940308,0.730644,17.433780,17.172723,-673.115967,-346.393433,-696.998291,-329.890289,29.394467,28.510125,2.700045,119.619756,65.936238,38.466283,0.151211,0,0.759644,17.899616,1.570785,1.981932,237.99
20260716_185200,190.231,1,Left,2174,99.908004,0.000000,99.908004,1.655934,0.002268,0.013929,0.002843,93,0.000000,0.000000,0.106483,0.943357,0.025262,-0.104940,0.106483,0.027669,0.793424,0.076438,0.943357,0.793424,18.830724,17.172852,-729.269470,-267.065826,-717.508423,-241.737793,26.648962,27.075210,2.126878,148.419599,86.025576,58.624321,0.167021,0,0.757958,83.330199,1.761226,2.760898,379.09
20260716_185200,190.231,1,Right,2155,100.000000,0.000000,100.000000,2.180974,0.003224,0.020436,0.004728,103,0.000000,0.000000,0.119682,0.940308,0.025571,-0.098250,0.119682,0.039708,0.730870,0.066932,0.940308,0.730870,17.442162,17.175877,-703.655212,-264.005188,-717.508423,-241.737793,26.648962,27.075210,4.282997,119.379471,65.936238,38.220106,0.151030,0,0.757958,83.330199,1.761226,2.760898,379.09
20260716_185200,195.236,1,Left,2230,99.910314,0.000000,99.910314,1.614350,0.002231,0.013753,0.002816,97,0.000000,0.000000,0.106483,0.943357,0.025354,-0.104940,0.106483,0.027700,0.793233,0.076438,0.943357,0.793233,18.830563,17.175728,-733.711914,-173.954773,-715.543213,-152.324142,26.646609,26.351454,1.964136,147.792991,86.025576,57.997623,0.166013,0,0.727857,85.479920,2.419277,3.396716,219.40
20260716_185200,195.236,1,Right,2211,100.000000,0.000000,100.000000,2.125735,0.003220,0.020341,0.004718,109,0.000000,0.000000,0.119682,0.940308,0.025118,-0.098250,0.119682,0.039436,0.731133,0.066932,0.940308,0.731133,17.455067,17.178701,-706.496765,-175.043579,-715.543213,-152.324142,26.646609,26.351454,5.545738,119.122972,65.936238,37.958013,0.150387,0,0.727857,85.479920,2.419277,3.396716,219.40
20260716_185200,200.243,1,Left,2288,99.912587,0.000000,99.912587,1.573427,0.002186,0.013504,0.002766,98,0.000000,0.000000,0.106483,0.943357,0.025351,-0.104940,0.106483,0.027638,0.793002,0.076438,0.943357,0.793002,18.830873,17.178476,-713.693176,-81.513824,-691.179749,-65.157944,27.422873,26.948643,2.270258,147.100915,86.025576,57.305459,0.164795,0,0.738656,65.302528,2.045148,2.687649,265.31
20260716_185200,200.243,1,Right,2268,100.000000,0.000000,100.000000,2.072310,0.003182,0.020413,0.004677,112,0.000000,0.000000,0.119682,0.940308,0.025224,-0.098250,0.119682,0.039301,0.730449,0.066932,0.940308,0.730449,17.449195,17.181352,-686.911011,-90.875877,-691.179749,-65.157944,27.422873,26.948643,4.064025,118.671889,65.936238,37.501521,0.149273,0,0.738656,65.302528,2.045148,2.687649,265.31
20260716_185200,205.251,1,Left,2343,99.914639,0.000000,99.914639,1.707213,0.002196,0.013786,0.002746,101,0.000000,0.000000,0.106483,0.943357,0.025270,-0.104940,0.106483,0.027503,0.792241,0.076438,0.943357,0.792241,18.826754,17.181398,-673.608032,1.489405,-646.498840,12.316342,28.183556,28.897569,1.029871,146.537065,86.025576,56.741529,0.163852,0,0.834860,47.128666,1.215251,2.057735,237.48
20260716_185200,205.251,1,Right,2322,100.000000,0.000000,100.000000,2.067183,0.003159,0.020369,0.004645,113,0.000000,0.000000,0.119682,0.940308,0.025534,-0.098250,0.119682,0.039284,0.729741,0.066932,0.940308,0.729741,17.434324,17.184188,-652.975525,-15.544621,-646.498840,12.316342,28.183556,28.897569,3.412065,118.386391,65.936238,37.211143,0.148673,0,0.834860,47.128666,1.215251,2.057735,237.48
20260716_185200,210.261,1,Left,2400,99.916667,0.000000,99.916667,1.708333,0.002170,0.013779,0.002724,105,0.000000,0.000000,0.106483,0.943357,0.025438,-0.104940,0.106483,0.027618,0.792315,0.076438,0.943357,0.792315,18.831111,17.183847,-613.174133,73.227028,-584.098755,76.385773,28.936589,27.831867,1.510849,146.307591,86.025576,56.511976,0.163708,0,0.703727,31.971217,1.920555,2.700707,352.14
20260716_185200,210.261,1,Right,2379,100.000000,0.000000,100.000000,2.101723,0.003174,0.020371,0.004635,116,0.000000,0.000000,0.119682,0.940308,0.024909,-0.098250,0.119682,0.038916,0.730443,0.066932,0.940308,0.730443,17.454966,17.186592,-591.367859,50.988281,-584.098755,76.385773,28.936589,27.831867,4.427052,118.519651,65.936238,37.339492,0.148866,0,0.703727,31.971217,1.920555,2.700707,352.14
20260716_185200,215.262,1,Left,2460,99.918699,0.000000,99.918699,1.666667,0.002152,0.013601,0.002691,108,0.000000,0.000000,0.106483,0.943357,0.025446,-0.104940,0.106483,0.027573,0.792197,0.076438,0.943357,0.792197,18.833349,17.186354,-535.186340,127.208992,-506.845856,123.539955,26.707796,26.293002,1.666573,145.921451,86.025576,56.125757,0.163176,0,0.712082,85.570277,2.509919,3.595937,264.99
20260716_185200,215.262,1,Right,2438,100.000000,0.000000,100.000000,2.050861,0.003158,0.020013,0.004594,117,0.000000,0.000000,0.119682,0.940308,0.025496,-0.098250,0.119682,0.039194,0.730706,0.066932,0.940308,0.730706,17.464613,17.189012,-520.593140,103.856346,-506.845856,123.539955,26.707796,26.293002,6.001235,118.080098,65.936238,36.895098,0.148128,0,0.712082,85.570277,2.509919,3.595937,264.99
20260716_185200,220.268,1,Left,2521,99.920666,0.000000,99.920666,1.626339,0.002130,0.013473,0.002665,109,0.000000,0.000000,0.106483,0.943357,0.025306,-0.104940,0.106483,0.027381,0.791688,0.076438,0.943357,0.791688,18.827805,17.188815,-447.894897,159.879990,-420.628418,149.874878,27.417325,28.141410,0.956868,145.335155,86.025576,55.539384,0.162108,0,0.826875,66.312895,1.261986,2.264293,284.94
20260716_185200,220.268,1,Right,2497,100.000000,0.000000,100.000000,2.002403,0.003128,0.020078,0.004563,120,0.000000,0.000000,0.119682,0.940308,0.025321,-0.098250,0.119682,0.038984,0.729229,0.066932,0.940308,0.729229,17.447273,17.191357,-443.024689,134.371597,-420.628418,149.874878,27.417325,28.141410,3.803349,117.624217,65.936238,36.438807,0.146845,0,0.826875,66.312895,1.261986,2.264293,284.94
20260716_185200,225.278,1,Left,2576,99.922360,0.000000,99.922360,1.591615,0.002120,0.013458,0.002654,111,0.000000,0.000000,0.106483,0.943357,0.025321,-0.104940,0.106483,0.027352,0.791597,0.076438,0.943357,0.791597,18.826366,17.191247,-356.593445,171.293930,-332.007477,154.076263,31.700723,29.894124,0.366577,144.923086,86.025576,55.127249,0.161453,0,0.717041,36.206879,1.986455,3.527872,264.24
20260716_185200,225.278,1,Right,2552,100.000000,0.000000,100.000000,1.959248,0.003129,0.019879,0.004567,122,0.000000,0.000000,0.119682,0.940308,0.024919,-0.098250,0.119682,0.039226,0.730559,0.066932,0.940308,0.730559,17.457002,17.193756,-355.659149,135.992371,-332.007477,154.076263,31.700723,29.894124,6.099448,118.206233,65.936238,37.016625,0.148254,0,0.717041,36.206879,1.986455,3.527872,264.24
20260716_185200,230.287,1,Left,2628,99.923896,0.000000,99.923896,1.560122,0.002120,0.013326,0.002649,113,0.000000,0.000000,0.106483,0.943357,0.025383,-0.104940,0.106483,0.027374,0.791754,0.076438,0.943357,0.791754,18.834950,17.193092,-261.494568,157.593887,-243.349716,135.901871,25.651914,26.577154,1.866023,144.662632,86.025576,54.866736,0.161179,0,0.676120,109.816548,2.455121,3.954497,361.77
20260716_185200,230.287,1,Right,2604,100.000000,0.000000,100.000000,1.920123,0.003152,0.019732,0.004588,125,0.000000,0.000000,0.119682,0.940308,0.025585,-0.098250,0.119682,0.039785,0.730763,0.066932,0.940308,0.730763,17.460432,17.195568,-268.197235,134.755707,-243.349716,135.901871,25.651914,26.577154,6.590303,118.066093,65.936238,36.872678,0.148493,0,0.676120,109.816548,2.455121,3.954497,361.77
20260716_185200,235.291,1,Left,2686,99.925540,0.000000,99.925540,1.600894,0.002145,0.013462,0.002644,115,0.000000,0.000000,0.106483,0.943357,0.025451,-0.104940,0.106483,0.027399,0.791717,0.076438,0.943357,0.791717,18.833192,17.195127,-174.891785,123.636826,-162.976608,96.811623,28.619715,27.828006,1.730231,144.621668,86.025576,54.825708,0.161172,0,0.738831,38.531416,1.836825,2.449678,353.95
20260716_185200,235.291,1,Right,2662,100.000000,0.000000,100.000000,1.953418,0.003196,0.020027,0.004623,130,0.000000,0.000000,0.119682,0.940308,0.025039,-0.098250,0.119682,0.039639,0.730988,0.066932,0.940308,0.730988,17.468100,17.197567,-189.278854,97.080444,-162.976608,96.811623,28.619715,27.828006,3.874155,118.053602,65.936238,36.856117,0.148260,0,0.738831,38.531416,1.836825,2.449678,353.95
20260716_185200,240.297,1,Left,2743,99.927087,0.000000,99.927087,1.567627,0.002145,0.013402,0.002650,117,0.000000,0.000000,0.106483,0.943357,0.025439,-0.104940,0.106483,0.027346,0.791620,0.076438,0.943357,0.791620,18.837515,17.196956,-98.596054,65.459953,-93.493896,37.800739,28.278781,27.223395,2.149619,144.492692,86.025576,54.696672,0.161095,0,0.678835,47.092938,2.254561,2.939699,247.76
20260716_185200,240.297,1,Right,2718,100.000000,0.000000,100.000000,1.913171,0.003186,0.020095,0.004606,134,0.000000,0.000000,0.119682,0.940308,0.025048,-0.098250,0.119682,0.039583,0.730826,0.066932,0.940308,0.730826,17.473844,17.199331,-119.259903,43.176994,-93.493896,37.800739,28.278781,27.223395,4.615694,118.231937,65.936238,37.030688,0.148633,0,0.678835,47.092938,2.254561,2.939699,247.76
20260716_185200,245.304,1,Left,2797,99.928495,0.000000,99.928495,1.644619,0.002185,0.013922,0.002684,120,0.000000,0.000000,0.106483,0.943357,0.025320,-0.104940,0.106483,0.027418,0.790792,0.076438,0.943357,0.790792,18.813803,17.198833,-44.388180,-1.429989,-41.905552,-35.182293,29.858510,30.636808,5.066836,145.358433,86.025576,55.562358,0.161992,0,0.772484,15.192088,0.922615,3.281021,351.69
20260716_185200,245.304,1,Right,2771,100.000000,0.000000,100.000000,2.201371,0.003255,0.020558,0.004654,137,0.000000,0.000000,0.119682,0.940308,0.025350,-0.098250,0.119682,0.039654,0.730962,0.066932,0.940308,0.730962,17.465127,17.201150,-65.167015,-20.645565,-41.905552,-35.182293,29.858510,30.636808,2.573416,118.437754,65.936238,37.252352,0.149220,0,0.772484,15.192088,0.922615,3.281021,351.69
20260716_185200,250.305,1,Left,2855,99.929947,0.000000,99.929947,1.611208,0.002214,0.013864,0.002711,122,0.000000,0.000000,0.106483,0.947794,0.025669,-0.104940,0.106483,0.027788,0.792505,0.076438,0.947794,0.792505,18.834375,17.200628,2.627088,-88.040306,-9.714214,-119.323456,30.141866,29.349578,4.701124,146.331539,86.025576,56.535408,0.163535,0,0.743058,12.523501,2.682811,3.968426,367.99
20260716_185200,250.305,1,Right,2827,100.000000,0.000000,100.000000,2.193138,0.003262,0.020734,0.004673,143,0.000000,0.000000,0.119682,0.940308,0.025143,-0.098250,0.119682,0.039486,0.730991,0.066932,0.940308,0.730991,17.470674,17.202858,-26.473316,-100.678879,-9.714214,-119.323456,30.141866,29.349578,5.014443,118.495219,65.936238,37.305958,0.149315,0,0.743058,12.523501,2.682811,3.968426,367.99
20260716_185200,255.306,1,Left,2909,99.931248,0.000000,99.931248,1.581299,0.002203,0.013952,0.002707,123,0.000000,0.000000,0.106483,0.947794,0.025420,-0.104940,0.106483,0.027500,0.792609,0.076438,0.947794,0.792609,18.836987,17.202220,16.845192,-181.549820,0.578587,-208.822449,29.842256,29.061323,1.764252,146.892154,86.025576,57.095973,0.164238,0,0.817211,11.424329,1.003453,2.631201,234.98
20260716_185200,255.306,1,Right,2880,100.000000,0.000000,100.000000,2.187500,0.003270,0.020988,0.004667,147,0.000000,0.000000,0.119682,0.940308,0.025227,-0.098250,0.119682,0.039372,0.731243,0.066932,0.940308,0.731243,17.474181,17.204397,-14.096954,-186.916611,0.578587,-208.822449,29.842256,29.061323,4.202033,118.558560,65.936238,37.370957,0.149444,0,0.817211,11.424329,1.003453,2.631201,234.98
20260716_185200,260.313,1,Left,2968,99.932615,0.000000,99.932615,1.785714,0.002196,0.014173,0.002694,126,0.000000,0.000000,0.106483,0.947794,0.025559,-0.104940,0.106483,0.027598,0.791527,0.076438,0.947794,0.791527,18.827092,17.204022,11.435958,-272.522797,-11.578772,-297.726990,29.810882,31.007009,4.348411,147.295339,86.025576,57.499104,0.164884,0,0.740700,18.463999,1.989925,3.339791,221.09
20260716_185200,260.313,1,Right,2938,100.000000,0.000000,100.000000,2.178353,0.003282,0.021294,0.004685,152,0.000000,0.000000,0.119682,0.945026,0.025211,-0.098250,0.119682,0.039324,0.729879,0.066932,0.945026,0.729879,17.456747,17.206146,-15.882236,-270.178131,-11.578772,-297.726990,29.810882,31.007009,3.814963,118.855483,65.936238,37.665166,0.149646,0,0.740700,18.463999,1.989925,3.339791,221.09
20260716_185200,265.322,1,Left,3024,99.900794,0.000000,99.900794,1.884921,0.002274,0.014723,0.002772,130,0.000000,0.000000,0.106483,0.947794,0.025500,-0.104940,0.106483,0.027886,0.792153,0.076438,0.947794,0.792153,18.809271,17.205606,-7.344511,-357.887512,-44.644501,-379.606018,43.342650,41.578076,13.173590,149.016581,86.025576,59.220298,0.166839,0,0.485297,413.324843,5.638263,9.910492,230.54
20260716_185200,265.322,1,Right,2994,100.000000,0.000000,100.000000,2.338009,0.003314,0.021702,0.004687,156,0.000000,0.000000,0.119682,0.945026,0.025137,-0.098250,0.119682,0.039550,0.730050,0.066932,0.945026,0.730050,17.432756,17.207706,-50.699001,-340.073090,-44.644501,-379.606018,43.342650,41.578076,11.005001,120.932265,65.936238,39.738396,0.152309,0,0.485297,413.324843,5.638263,9.910492,230.54
20260716_185200,270.322,1,Left,3080,99.902597,0.000000,99.902597,1.850649,0.002268,0.014653,0.002750,131,0.000000,0.000000,0.106483,0.947794,0.025567,-0.104940,0.106483,0.027909,0.793324,0.076438,0.947794,0.793324,18.826944,17.207011,-59.147240,-441.780396,-97.881027,-452.282654,34.619979,33.861295,10.176385,150.400907,86.025576,60.604577,0.168475,0,0.764552,95.567445,3.207166,6.038594,252.33
20260716_185200,270.322,1,Right,3050,100.000000,0.000000,100.000000,2.295082,0.003304,0.021566,0.004659,158,0.000000,0.000000,0.119682,0.945026,0.025073,-0.098250,0.119682,0.039573,0.731001,0.066932,0.945026,0.731001,17.459343,17.209086,-91.392479,-425.466217,-97.881027,-452.282654,34.619979,33.861295,2.415580,121.630697,65.936238,40.433407,0.153576,0,0.764552,95.567445,3.207166,6.038594,252.33
20260716_185200,275.325,1,Left,3141,99.904489,0.000000,99.904489,1.814709,0.002233,0.014442,0.002713,132,0.000000,0.000000,0.106483,0.947794,0.025640,-0.104940,0.106483,0.027937,0.794737,0.076438,0.947794,0.794737,18.850082,17.208846,-132.420715,-509.718506,-167.494812,-509.466095,32.786964,30.911633,5.307063,151.163167,86.025576,61.366788,0.169650,0,0.726998,53.843420,0.937622,4.297342,250.68
20260716_185200,275.325,1,Right,3111,100.000000,0.000000,100.000000,2.250080,0.003286,0.021477,0.004633,160,0.000000,0.000000,0.119682,0.945026,0.025026,-0.098250,0.119682,0.039712,0.731295,0.066932,0.945026,0.731295,17.469897,17.210898,-158.607010,-484.237610,-167.494812,-509.466095,32.786964,30.911633,5.218863,121.548589,65.936238,40.347713,0.153665,0,0.726998,53.843420,0.937622,4.297342,250.68
20260716_185200,280.334,1,Left,3196,99.906133,0.000000,99.906133,1.783479,0.002203,0.014320,0.002681,134,0.000000,0.000000,0.106483,0.947794,0.025660,-0.104940,0.106483,0.027918,0.795134,0.076438,0.947794,0.795134,18.865434,17.210558,-219.654938,-554.899536,-248.783936,-547.464844,27.724232,27.830073,1.220748,151.301871,86.025576,61.505450,0.169997,0,0.762143,61.325369,1.986873,2.836373,247.39
20260716_185200,280.334,1,Right,3166,100.000000,0.000000,100.000000,2.210992,0.003295,0.021365,0.004646,161,0.000000,0.000000,0.119682,0.945026,0.025515,-0.098250,0.119682,0.040007,0.731233,0.066932,0.945026,0.731233,17.465523,17.212604,-230.455841,-529.595764,-248.783936,-547.464844,27.724232,27.830073,4.758656,121.319010,65.936238,40.115018,0.153514,0,0.762143,61.325369,1.986873,2.836373,247.39
20260716_185200,285.340,1,Left,3251,99.907721,0.000000,99.907721,1.753307,0.002199,0.014195,0.002679,136,0.000000,0.000000,0.106483,0.947794,0.025739,-0.104940,0.106483,0.027958,0.795212,0.076438,0.947794,0.795212,18.869636,17.211797,-312.466034,-578.916992,-337.663727,-564.223572,28.356057,27.910494,2.141568,151.076012,86.025576,61.279550,0.169839,0,0.765827,43.357047,1.837801,2.306338,283.59
20260716_185200,285.340,1,Right,3220,100.000000,0.000000,100.000000,2.173913,0.003284,0.021265,0.004622,162,0.000000,0.000000,0.119682,0.945026,0.025131,-0.098250,0.119682,0.039680,0.730598,0.066932,0.945026,0.730598,17.463508,17.213798,-315.250031,-549.802612,-337.663727,-564.223572,28.356057,27.910494,3.372132,120.989250,65.936238,39.782303,0.152575,0,0.765827,43.357047,1.837801,2.306338,283.59
20260716_185200,290.350,1,Left,3305,99.909228,0.000000,99.909228,1.724660,0.002187,0.014050,0.002660,138,0.000000,0.000000,0.106483,0.947794,0.025641,-0.104940,0.106483,0.027824,0.794997,0.076438,0.947794,0.794997,18.867392,17.213065,-406.242188,-577.532593,-427.562256,-558.368591,29.105216,28.112958,1.457476,150.642706,86.025576,60.846205,0.169130,0,0.732248,25.816052,1.764829,2.380462,329.87
20260716_185200,290.350,1,Right,3274,100.000000,0.000000,100.000000,2.138057,0.003286,0.021070,0.004615,166,0.000000,0.000000,0.119682,0.945026,0.025117,-0.098250,0.119682,0.039795,0.730942,0.066932,0.945026,0.730942,17.467564,17.215046,-402.616760,-546.654968,-427.562256,-558.368591,29.105216,28.112958,3.856885,120.985039,65.936238,39.775234,0.152832,0,0.732248,25.816052,1.764829,2.380462,329.87
20260716_185200,295.350,1,Left,3363,99.910794,0.000000,99.910794,1.694915,0.002159,0.013935,0.002636,140,0.000000,0.000000,0.106483,0.947794,0.025670,-0.104940,0.106483,0.027816,0.794801,0.076438,0.947794,0.794801,18.869250,17.214347,-497.114777,-553.886841,-512.541260,-530.683716,27.568189,28.659033,2.238455,150.184634,86.025576,60.388093,0.168409,0,0.762798,64.202761,1.303475,2.958975,327.65
20260716_185200,295.350,1,Right,3330,100.000000,0.000000,100.000000,2.102102,0.003269,0.021010,0.004588,167,0.000000,0.000000,0.119682,0.945026,0.025533,-0.098250,0.119682,0.039988,0.730307,0.066932,0.945026,0.730307,17.452212,17.216253,-483.154419,-532.683472,-512.541260,-530.683716,27.568189,28.659033,4.610414,120.675251,65.936238,39.462580,0.152328,0,0.762798,64.202761,1.303475,2.958975,327.65
20260716_185200,300.363,1,Left,3421,99.912306,0.000000,99.912306,1.666179,0.002156,0.013832,0.002620,142,0.000000,0.000000,0.106483,0.947794,0.025648,-0.104940,0.106483,0.027757,0.794536,0.076438,0.947794,0.794536,18.864832,17.215567,-579.194580,-509.868866,-588.914062,-482.230957,28.667019,27.701694,0.923759,149.720375,86.025576,59.923794,0.167682,0,0.723555,38.327705,1.887908,2.798109,262.93
20260716_185200,300.363,1,Right,3388,100.000000,0.000000,100.000000,2.066116,0.003281,0.020766,0.004597,168,0.000000,0.000000,0.119682,0.945026,0.024959,-0.098250,0.119682,0.039852,0.731198,0.066932,0.945026,0.731198,17.473848,17.217453,-562.867249,-483.991547,-588.914062,-482.230957,28.667019,27.701694,4.757616,120.696993,65.936238,39.481454,0.152416,0,0.723555,38.327705,1.887908,2.798109,262.93
20260716_185200,305.372,1,Left,3477,99.913719,0.000000,99.913719,1.639344,0.002142,0.013688,0.002605,144,0.000000,0.000000,0.106483,0.947794,0.025676,-0.104940,0.106483,0.027751,0.794474,0.076438,0.947794,0.794474,18.869087,17.216753,-647.624329,-445.452789,-649.739502,-417.725433,27.046231,26.462887,2.412192,149.304597,86.025576,59.507980,0.167055,0,0.697899,75.313045,2.416469,3.201955,262.29
20260716_185200,305.372,1,Right,3443,100.000000,0.000000,100.000000,2.033111,0.003291,0.020593,0.004591,169,0.000000,0.000000,0.119682,0.945026,0.025438,-0.098250,0.119682,0.040210,0.731375,0.066932,0.945026,0.731375,17.477472,17.218602,-626.361023,-426.909851,-649.739502,-417.725433,27.046231,26.462887,4.993884,120.394202,65.936238,39.176032,0.152086,0,0.697899,75.313045,2.416469,3.201955,262.29
20260716_185200,310.376,1,Left,3535,99.915134,0.000000,99.915134,1.612447,0.002128,0.013558,0.002586,146,0.000000,0.000000,0.106483,0.947794,0.025709,-0.104940,0.106483,0.027750,0.794288,0.076438,0.947794,0.794288,18.869036,17.217974,-698.629089,-366.238708,-693.493774,-338.975220,26.714009,27.261583,2.629202,148.837940,86.025576,59.041286,0.166319,0,0.713355,81.673348,1.979256,3.061722,360.06
20260716_185200,310.376,1,Right,3500,100.000000,0.000000,100.000000,2.000000,0.003283,0.020612,0.004576,170,0.000000,0.000000,0.119682,0.945026,0.025362,-0.098250,0.119682,0.040304,0.730554,0.066932,0.945026,0.730554,17.468263,17.219782,-674.441589,-357.795319,-693.493774,-338.975220,26.714009,27.261583,4.605402,120.034812,65.936238,38.814004,0.151330,0,0.713355,81.673348,1.979256,3.061722,360.06
20260716_185200,315.379,1,Left,3595,99.916551,0.000000,99.916551,1.613352,0.002118,0.013548,0.002576,148,0.000000,0.000000,0.106483,0.947794,0.025662,-0.104940,0.106483,0.027669,0.794014,0.076438,0.947794,0.794014,18.863994,17.219133,-728.648682,-277.878662,-716.419067,-251.113846,29.487850,28.410254,1.220914,148.423741,86.025576,58.627050,0.165651,0,0.735812,17.140748,1.577533,2.297372,291.80
20260716_185200,315.379,1,Right,3559,100.000000,0.000000,100.000000,1.966845,0.003287,0.020505,0.004586,174,0.000000,0.000000,0.119682,0.945026,0.025081,-0.098250,0.119682,0.040197,0.731326,0.066932,0.945026,0.731326,17.476032,17.220903,-697.730774,-271.143311,-716.419067,-251.113846,29.487850,28.410254,3.787231,120.062621,65.936238,38.839171,0.151454,0,0.735812,17.140748,1.577533,2.297372,291.80
20260716_185200,320.382,1,Left,3651,99.917831,0.000000,99.917831,1.588606,0.002110,0.013455,0.002564,150,0.000000,0.000000,0.106483,0.947794,0.025650,-0.104940,0.106483,0.027626,0.793838,0.076438,0.947794,0.793838,18.866498,17.220179,-734.477478,-183.680527,-716.762695,-161.382553,27.845799,27.919962,1.744135,148.052315,86.025576,58.255592,0.165084,0,0.806936,54.245547,1.382702,1.936884,207.16
20260716_185200,320.382,1,Right,3613,100.000000,0.000000,100.000000,1.937448,0.003283,0.020411,0.004580,175,0.000000,0.000000,0.119682,0.945026,0.025535,-0.098250,0.119682,0.040425,0.731101,0.066932,0.945026,0.731101,17.471161,17.221898,-706.971558,-186.932358,-716.762695,-161.382553,27.845799,27.919962,2.865754,119.992595,65.936238,38.766801,0.151529,0,0.806936,54.245547,1.382702,1.936884,207.16
20260716_185200,325.392,1,Left,3711,99.919159,0.000000,99.919159,1.562921,0.002095,0.013347,0.002547,151,0.000000,0.000000,0.106483,0.947794,0.025545,-0.104940,0.106483,0.027490,0.793547,0.076438,0.947794,0.793547,18.862294,17.221358,-717.165161,-92.532265,-694.773438,-74.018433,25.919510,26.073894,1.022910,147.655612,86.025576,57.858854,0.164407,0,0.725815,106.853104,2.355257,4.058220,200.59
20260716_185200,325.392,1,Right,3672,100.000000,0.000000,100.000000,1.906318,0.003284,0.020307,0.004571,176,0.000000,0.000000,0.119682,0.945026,0.025167,-0.098250,0.119682,0.040474,0.731294,0.066932,0.945026,0.731294,17.484065,17.223041,-691.936035,-96.936966,-694.773438,-74.018433,25.919510,26.073894,6.954214,119.829057,65.936238,38.600782,0.151295,0,0.725815,106.853104,2.355257,4.058220,200.59
20260716_185200,330.392,1,Left,3769,99.920403,0.000000,99.920403,1.538870,0.002085,0.013183,0.002527,152,0.000000,0.000000,0.106483,0.947794,0.025722,-0.104940,0.106483,0.027637,0.793630,0.076438,0.947794,0.793630,18.868888,17.222361,-678.468445,-6.664416,-652.827942,3.686714,31.347379,29.477668,2.719271,147.313612,86.025576,57.516822,0.164000,0,0.664718,23.612933,2.338026,3.547419,266.68
20260716_185200,330.392,1,Right,3730,100.000000,0.000000,100.000000,1.876676,0.003290,0.020224,0.004577,179,0.000000,0.000000,0.119682,0.945026,0.025214,-0.098250,0.119682,0.040864,0.731533,0.066932,0.945026,0.731533,17.472956,17.224029,-650.245972,-27.510897,-652.827942,3.686714,31.347379,29.477668,5.509820,120.133495,65.936238,38.912919,0.152180,0,0.664718,23.612933,2.338026,3.547419,266.68
20260716_185200,335.404,1,Left,3827,99.921610,0.000000,99.921610,1.515547,0.002069,0.013076,0.002510,154,0.000000,0.000000,0.106483,0.947794,0.025691,-0.104940,0.106483,0.027576,0.793463,0.076438,0.947794,0.793463,18.866309,17.223409,-619.392212,67.494865,-591.031677,70.704399,26.707192,27.704997,2.400685,146.942544,86.025576,57.145722,0.163409,0,0.674305,84.025445,2.531923,3.850676,355.42
20260716_185200,335.404,1,Right,3788,100.000000,0.000000,100.000000,1.847941,0.003303,0.020101,0.004593,183,0.000000,0.000000,0.131720,0.945026,0.025485,-0.098250,0.131720,0.041317,0.731233,0.066932,0.945026,0.731233,17.472599,17.225062,-604.739746,47.595932,-591.031677,70.704399,26.707192,27.704997,6.222526,120.017160,65.936238,38.794140,0.152389,0,0.674305,84.025445,2.531923,3.850676,355.42
20260716_185200,340.407,1,Left,3883,99.922740,0.000000,99.922740,1.493690,0.002065,0.013006,0.002508,155,0.000000,0.000000,0.106483,0.947794,0.025602,-0.104940,0.106483,0.027460,0.793262,0.076438,0.947794,0.793262,18.866218,17.224326,-544.172485,121.613998,-516.652710,118.958786,28.478881,27.367650,2.474419,146.597543,86.025576,56.800692,0.162811,0,0.677047,41.967236,2.299312,2.927357,355.78
20260716_185200,340.407,1,Right,3844,100.000000,0.000000,100.000000,1.821020,0.003339,0.020034,0.004629,184,0.000000,0.000000,0.131720,0.945026,0.024948,-0.098250,0.131720,0.041385,0.731714,0.066932,0.945026,0.731714,17.484046,17.225964,-529.069336,94.884476,-516.652710,118.958786,28.478881,27.367650,4.425551,119.906554,65.936238,38.681244,0.152315,0,0.677047,41.967236,2.299312,2.927357,355.78
20260716_185200,345.420,1,Left,3940,99.923858,0.000000,99.923858,1.573604,0.002061,0.013184,0.002516,157,0.000000,0.000000,0.106483,0.947794,0.025511,-0.104940,0.106483,0.027342,0.792933,0.076438,0.947794,0.792933,18.857980,17.225326,-459.224060,157.533081,-430.267792,148.075653,28.807542,29.253136,0.511071,146.432031,86.025576,56.635151,0.162558,0,0.906302,32.218195,0.756316,1.419446,319.96
20260716_185200,345.420,1,Right,3901,100.000000,0.000000,100.000000,1.794412,0.003345,0.019951,0.004618,185,0.000000,0.000000,0.131720,0.945026,0.025583,-0.098250,0.131720,0.041789,0.731529,0.066932,0.945026,0.731529,17.478387,17.226950,-452.145264,130.529129,-430.267792,148.075653,28.807542,29.253136,2.404846,119.715255,65.936238,38.491691,0.152149,0,0.906302,32.218195,0.756316,1.419446,319.96
20260716_185200,350.431,1,Left,3993,99.924869,0.000000,99.924869,1.552717,0.002057,0.013137,0.002506,158,0.000000,0.000000,0.106483,0.947794,0.025610,-0.104940,0.106483,0.027417,0.792867,0.076438,0.947794,0.792867,18.859977,17.226156,-366.778137,170.804916,-341.494995,154.674393,26.848154,27.253600,0.089082,146.275455,86.025576,56.478549,0.162462,0,0.781948,84.970622,1.897721,3.335730,363.80
20260716_185200,350.431,1,Right,3954,100.000000,0.000000,100.000000,1.770359,0.003371,0.019886,0.004634,186,0.000000,0.000000,0.131720,0.945026,0.025152,-0.098250,0.131720,0.042054,0.731609,0.066932,0.945026,0.731609,17.486923,17.227766,-363.986664,144.917725,-341.494995,154.674393,26.848154,27.253600,5.776967,119.565563,65.936238,38.339899,0.152095,0,0.781948,84.970622,1.897721,3.335730,363.80
20260716_185200,355.431,1,Left,4048,99.925889,0.000000,99.925889,1.581028,0.002065,0.013362,0.002505,160,0.000000,0.000000,0.106483,0.947794,0.025660,-0.104940,0.106483,0.027442,0.792520,0.076438,0.947794,0.792520,18.854345,17.227034,-274.119965,163.451050,-252.098022,138.756775,33.794558,31.508271,3.143552,146.057682,86.025576,56.260750,0.162168,0,0.713115,88.159156,1.377919,4.521457,222.63
20260716_185200,355.431,1,Right,4008,100.000000,0.000000,100.000000,1.746507,0.003421,0.019975,0.004668,190,0.000000,0.000000,0.142378,0.945026,0.025114,-0.103382,0.142378,0.042634,0.732015,0.066932,0.945026,0.732015,17.487940,17.228613,-278.871094,125.379227,-252.098022,138.756775,33.794558,31.508271,7.172781,119.660954,64.647343,38.473746,0.152878,0,0.713115,88.159156,1.377919,4.521457,222.63
20260716_185200,360.431,1,Left,4107,99.926954,0.000000,99.926954,1.558315,0.002067,0.013316,0.002496,162,0.000000,0.000000,0.106483,0.947794,0.025689,-0.104940,0.106483,0.027446,0.792964,0.076438,0.947794,0.792964,18.863182,17.227873,-185.441010,129.309097,-171.672363,102.297974,26.244976,27.344686,0.951023,146.187595,86.025576,56.390634,0.162477,0,0.676709,103.605834,2.856781,4.442642,339.51
20260716_185200,360.431,1,Right,4065,100.000000,0.000000,100.000000,1.722017,0.003463,0.019819,0.004692,191,0.000000,0.000000,0.142378,0.945026,0.025693,-0.103382,0.142378,0.043218,0.731966,0.066932,0.945026,0.731966,17.487550,17.229411,-195.489990,107.464035,-171.672363,102.297974,26.244976,27.344686,7.635885,119.581946,64.647343,38.392033,0.153304,0,0.676709,103.605834,2.856781,4.442642,339.51
20260716_185200,365.439,1,Left,4165,99.927971,0.000000,99.927971,1.584634,0.002071,0.013539,0.002522,165,0.000000,0.000000,0.106483,0.947794,0.025599,-0.104940,0.106483,0.027331,0.792836,0.076438,0.947794,0.792836,18.860498,17.228878,-108.198425,76.232735,-101.033470,45.812504,29.794001,29.253304,1.361454,146.413779,86.025576,56.616792,0.162804,0,0.857528,9.342950,0.876360,1.886778,350.46
20260716_185200,365.439,1,Right,4121,100.000000,0.000000,100.000000,1.819947,0.003494,0.020043,0.004714,196,0.000000,0.000000,0.142378,0.945026,0.025307,-0.103382,0.142378,0.043048,0.731943,0.066932,0.945026,0.731943,17.488119,17.230388,-127.537033,52.163910,-101.033470,45.812504,29.794001,29.253304,2.970898,119.709674,64.647343,38.517174,0.153437,0,0.857528,9.342950,0.876360,1.886778,350.46
20260716_185200,370.448,1,Left,4218,99.928876,0.000000,99.928876,1.635846,0.002065,0.013648,0.002513,166,0.000000,0.000000,0.106483,0.947794,0.025697,-0.104940,0.106483,0.027408,0.792761,0.076438,0.947794,0.792761,18.864079,17.229686,-46.433224,4.446205,-47.239128,-25.560099,30.885861,30.647249,0.815578,146.410056,86.025576,56.613046,0.162953,0,0.936493,22.872173,0.240745,0.875112,292.84
20260716_185200,370.448,1,Right,4174,100.000000,0.000000,100.000000,1.892669,0.003491,0.020195,0.004719,199,0.000000,0.000000,0.142378,0.945026,0.025536,-0.103382,0.142378,0.043064,0.731261,0.066932,0.945026,0.731261,17.476305,17.231186,-74.318550,-9.908292,-47.239128,-25.560099,30.885861,30.647249,1.277613,119.853293,64.647343,38.658410,0.153732,0,0.936493,22.872173,0.240745,0.875112,292.84
20260716_185200,375.462,1,Left,4276,99.929841,0.000000,99.929841,1.707203,0.002057,0.013878,0.002523,168,0.000000,0.000000,0.106483,0.947794,0.025675,-0.104940,0.106483,0.027362,0.792742,0.076438,0.947794,0.792742,18.860915,17.230538,-2.137040,-78.160492,-12.300140,-109.372131,33.420578,31.794579,3.424243,146.476176,86.025576,56.679141,0.163169,0,0.790536,85.812824,0.101433,2.907867,275.89
20260716_185200,375.462,1,Right,4230,100.000000,0.000000,100.000000,2.033097,0.003449,0.020500,0.004710,202,0.000000,0.000000,0.142378,0.945026,0.025206,-0.103382,0.142378,0.042501,0.731643,0.066932,0.945026,0.731643,17.479329,17.231961,-36.647545,-90.566246,-12.300140,-109.372131,33.420578,31.794579,3.693457,120.269832,64.647343,39.072495,0.154175,0,0.790536,85.812824,0.101433,2.907867,275.89
20260716_185200,380.475,1,Left,4331,99.930732,0.000000,99.930732,1.685523,0.002058,0.013885,0.002515,169,0.000000,0.000000,0.106483,0.947794,0.025590,-0.104940,0.106483,0.027255,0.792936,0.076438,0.947794,0.792936,18.863629,17.231245,14.819163,-171.832108,0.544341,-198.540710,27.392983,28.061809,0.487578,146.800004,86.025576,57.002946,0.163621,0,0.815103,70.660878,1.439108,2.743191,298.78
20260716_185200,380.475,1,Right,4285,100.000000,0.000000,100.000000,2.030338,0.003443,0.020600,0.004695,207,0.000000,0.000000,0.142378,0.945026,0.025568,-0.103382,0.142378,0.042641,0.731931,0.066932,0.945026,0.731931,17.483716,17.232657,-10.988306,-175.417465,0.544341,-198.540710,27.392983,28.061809,4.726263,120.377713,64.647343,39.178029,0.154594,0,0.815103,70.660878,1.439108,2.743191,298.78
20260716_185200,385.485,1,Left,4386,99.931601,0.000000,99.931601,1.664387,0.002056,0.013880,0.002509,172,0.000000,0.000000,0.106483,0.947794,0.025752,-0.104940,0.106483,0.027397,0.793214,0.076438,0.947794,0.793214,18.870231,17.231996,12.216224,-267.864685,-8.986473,-287.405884,26.100571,25.096413,2.449401,147.014163,86.025576,57.217083,0.164014,0,0.576605,108.016946,3.709800,5.210204,332.64
20260716_185200,385.485,1,Right,4340,100.000000,0.000000,100.000000,2.004608,0.003444,0.020574,0.004696,208,0.000000,0.000000,0.142378,0.945026,0.025334,-0.103382,0.142378,0.042404,0.732273,0.066932,0.945026,0.732273,17.496409,17.233399,-15.884611,-267.191895,-8.986473,-287.405884,26.100571,25.096413,8.685569,120.402114,64.647343,39.200142,0.154480,0,0.576605,108.016946,3.709800,5.210204,332.64
20260716_185200,390.497,1,Left,4443,99.932478,0.000000,99.932478,1.755571,0.002128,0.014066,0.002586,176,0.000000,0.000000,0.114236,0.947794,0.025585,-0.114236,0.106483,0.027662,0.792579,0.076438,0.947794,0.792579,18.846543,17.232669,-6.131769,-350.218689,-40.114918,-371.184662,38.019198,37.516155,9.947102,147.458976,86.025576,57.661873,0.164682,0,0.628132,230.717834,4.158634,6.468983,351.93
20260716_185200,390.497,1,Right,4395,100.000000,0.000000,100.000000,2.002275,0.003479,0.020797,0.004726,213,0.000000,0.000000,0.142378,0.945026,0.025553,-0.103382,0.142378,0.042623,0.731245,0.066932,0.945026,0.731245,17.468932,17.234038,-42.539284,-336.166443,-40.114918,-371.184662,38.019198,37.516155,5.157361,120.726669,64.096430,39.552913,0.155118,0,0.628132,230.717834,4.158634,6.468983,351.93
20260716_185200,395.497,1,Left,4498,99.866607,0.000000,99.866607,1.867497,0.002138,0.014161,0.002583,177,0.000000,0.000000,0.114236,0.947794,0.025663,-0.114236,0.106483,0.027714,0.792562,0.030230,0.947794,0.792562,18.852700,17.233550,-54.782158,-433.252747,-91.402443,-445.249603,33.952333,34.026640,8.535578,148.206783,86.025576,58.409660,0.165723,0,0.744589,91.347451,3.132949,4.986068,276.85
20260716_185200,395.497,1,Right,4449,100.000000,0.000000,100.000000,2.045403,0.003494,0.020946,0.004723,214,0.000000,0.000000,0.142378,0.945026,0.025260,-0.103382,0.142378,0.042563,0.731308,0.066932,0.945026,0.731308,17.476905,17.234901,-84.211319,-416.620972,-91.402443,-445.249603,33.952333,34.026640,1.313977,121.088735,64.096430,39.912473,0.155736,0,0.744589,91.347451,3.132949,4.986068,276.85
20260716_185200,400.508,1,Left,4557,99.868334,0.000000,99.868334,1.843318,0.002144,0.014174,0.002602,180,0.000000,0.000000,0.114236,0.947794,0.025681,-0.114236,0.106483,0.027723,0.793661,0.030230,0.947794,0.793661,18.851362,17.234188,-116.954353,-502.710419,-159.472900,-504.261749,39.297393,36.653080,12.596307,149.353705,86.025576,59.556559,0.167058,0,0.617658,235.807464,2.561236,8.041691,238.77
20260716_185200,400.508,1,Right,4508,100.000000,0.000000,100.000000,2.040816,0.003517,0.020890,0.004731,218,0.000000,0.000000,0.142378,0.945026,0.025281,-0.103382,0.142378,0.042954,0.732087,0.066932,0.945026,0.732087,17.485473,17.235528,-151.520309,-474.548248,-159.472900,-504.261749,39.297393,36.653080,5.944697,121.322414,64.096430,40.143483,0.156616,0,0.617658,235.807464,2.561236,8.041691,238.77
20260716_185200,405.512,1,Left,4613,99.869933,0.000000,99.869933,1.820941,0.002169,0.014072,0.002679,185,0.000000,0.000000,0.114236,0.947794,0.025679,-0.114236,0.110376,0.027695,0.794732,0.030230,0.947794,0.794732,18.865810,17.234842,-204.373550,-551.913391,-240.403137,-544.644714,31.356244,32.669330,6.772340,150.105925,86.025576,60.308758,0.168031,0,0.654864,14.370440,3.794854,5.059509,200.01
20260716_185200,405.512,1,Right,4563,100.000000,0.000000,100.000000,2.016217,0.003525,0.020804,0.004736,219,0.000000,0.000000,0.142378,0.945026,0.025641,-0.103382,0.142378,0.043263,0.731833,0.066932,0.945026,0.731833,17.479011,17.236163,-218.152390,-526.703064,-240.403137,-544.644714,31.356244,32.669330,5.561591,121.175159,64.096430,39.993801,0.156579,0,0.654864,14.370440,3.794854,5.059509,200.01
20260716_185200,410.516,1,Left,4667,99.871438,0.000000,99.871438,1.799871,0.002160,0.013962,0.002664,186,0.000000,0.000000,0.114236,0.947794,0.025750,-0.114236,0.110376,0.027744,0.795322,0.030230,0.947794,0.795322,18.878278,17.235545,-299.268585,-578.625427,-327.768982,-563.488098,30.983283,29.491870,2.845798,150.400522,86.025576,60.603336,0.168582,0,0.739433,14.249617,1.296094,3.108404,335.84
20260716_185200,410.516,1,Right,4617,100.000000,0.000000,100.000000,1.992636,0.003542,0.020654,0.004749,220,0.000000,0.000000,0.142378,0.945026,0.025200,-0.103382,0.142378,0.043200,0.732298,0.066932,0.945026,0.732298,17.491849,17.236859,-307.797729,-545.747620,-327.768982,-563.488098,30.983283,29.491870,4.570335,121.104042,64.096430,39.920359,0.156476,0,0.739433,14.249617,1.296094,3.108404,335.84
20260716_185200,415.524,1,Left,4725,99.873016,0.000000,99.873016,1.777778,0.002151,0.013894,0.002650,188,0.000000,0.000000,0.114236,0.947794,0.025746,-0.114236,0.110376,0.027715,0.795299,0.030230,0.947794,0.795299,18.882331,17.236205,-395.187714,-580.228699,-417.794678,-560.112854,28.056699,27.818977,1.326373,150.294513,86.025576,60.497307,0.168531,0,0.774358,54.030060,1.949668,2.808597,308.29
20260716_185200,415.524,1,Right,4675,100.000000,0.000000,100.000000,1.967914,0.003533,0.020501,0.004732,221,0.000000,0.000000,0.142378,0.945026,0.025646,-0.103382,0.142378,0.043430,0.732247,0.066932,0.945026,0.732247,17.491694,17.237509,-393.842773,-551.728271,-417.794678,-560.112854,28.056699,27.818977,4.680320,120.813330,64.096430,39.628990,0.155967,0,0.774358,54.030060,1.949668,2.808597,308.29
20260716_185200,420.537,1,Left,4783,99.874556,0.000000,99.874556,1.756220,0.002144,0.013806,0.002638,190,0.000000,0.000000,0.114236,0.947794,0.025743,-0.114236,0.110376,0.027688,0.795251,0.030230,0.947794,0.795251,18.885202,17.236981,-488.087189,-558.647156,-504.163544,-534.491577,26.118105,26.039792,1.739795,150.054036,86.025576,60.256810,0.168211,0,0.654723,102.025966,2.932265,4.231567,274.08
20260716_185200,420.537,1,Right,4732,100.000000,0.000000,100.000000,1.944210,0.003534,0.020471,0.004723,222,0.000000,0.000000,0.142378,0.945026,0.025450,-0.103382,0.142378,0.043500,0.732252,0.066932,0.945026,0.732252,17.496780,17.238269,-481.130463,-533.310120,-504.163544,-534.491577,26.118105,26.039792,7.119803,120.556873,64.096430,39.370174,0.155451,0,0.654723,102.025966,2.932265,4.231567,274.08
20260716_185200,425.546,1,Left,4842,99.855432,0.000000,99.855432,1.858736,0.002150,0.013942,0.002657,191,0.000000,0.000000,0.114236,0.947794,0.025621,-0.114236,0.110376,0.027614,0.795040,0.030230,0.947794,0.795040,18.877635,17.237562,-568.089722,-518.810608,-580.332092,-489.114563,30.886142,29.528328,2.122086,150.047749,86.025576,60.250503,0.168277,0,0.763683,13.375097,1.086309,3.325711,260.92
20260716_185200,425.546,1,Right,4789,100.000000,0.000000,100.000000,1.941950,0.003535,0.020448,0.004717,224,0.000000,0.000000,0.142378,0.945026,0.025349,-0.103382,0.142378,0.043588,0.732183,0.066932,0.945026,0.732183,17.495481,17.238821,-553.401123,-488.589355,-580.332092,-489.114563,30.886142,29.528328,5.355167,120.436590,64.096430,39.247587,0.155310,0,0.763683,13.375097,1.086309,3.325711,260.92
20260716_185200,430.559,1,Left,4901,99.857172,0.000000,99.857172,1.836360,0.002142,0.013858,0.002646,193,0.000000,0.000000,0.114236,0.947794,0.025739,-0.114236,0.110376,0.027708,0.795283,0.030230,0.947794,0.795283,18.887204,17.238125,-641.691406,-453.249573,-644.644043,-424.507202,26.932318,27.618327,1.467181,149.982180,86.025576,60.184915,0.168366,0,0.739154,78.370924,1.963088,3.013681,286.36
20260716_185200,430.559,1,Right,4848,100.000000,0.000000,100.000000,1.918317,0.003540,0.020372,0.004727,225,0.000000,0.000000,0.142378,0.945026,0.025752,-0.103382,0.142378,0.043834,0.732004,0.066932,0.945026,0.732004,17.489419,17.239375,-621.657898,-437.375458,-644.644043,-424.507202,26.932318,27.618327,5.009410,120.259062,64.096430,39.067732,0.155163,0,0.739154,78.370924,1.963088,3.013681,286.36
20260716_185200,435.569,1,Left,4964,99.858985,0.000000,99.858985,1.813054,0.002128,0.013766,0.002631,196,0.000000,0.000000,0.114236,0.947794,0.025774,-0.114236,0.110376,0.027718,0.795120,0.030230,0.947794,0.795120,18.886726,17.238819,-694.424011,-376.514801,-689.957153,-347.470947,27.880484,27.369868,1.290379,149.709717,86.025576,59.912432,0.167994,0,0.755131,57.099030,1.985784,2.798811,366.76
20260716_185200,435.569,1,Right,4908,100.000000,0.000000,100.000000,1.894866,0.003545,0.020298,0.004730,226,0.000000,0.000000,0.142378,0.945026,0.025318,-0.103382,0.142378,0.043738,0.731981,0.066932,0.945026,0.731981,17.494895,17.240030,-669.317871,-362.197296,-689.957153,-347.470947,27.880484,27.369868,4.672788,120.058337,64.096430,38.864698,0.154692,0,0.755131,57.099030,1.985784,2.798811,366.76
20260716_185200,440.570,1,Left,5020,99.860558,0.000000,99.860558,1.792829,0.002120,0.013670,0.002621,197,0.000000,0.000000,0.114236,0.947794,0.025737,-0.114236,0.110376,0.027659,0.795090,0.030230,0.947794,0.795090,18.888804,17.239330,-725.784180,-287.686035,-714.896484,-261.646149,27.711315,26.840636,2.022302,149.444133,86.025576,59.646831,0.167576,0,0.684659,60.714226,2.339825,3.122722,209.72
20260716_185200,440.570,1,Right,4964,100.000000,0.000000,100.000000,1.873489,0.003539,0.020217,0.004715,230,0.000000,0.000000,0.142378,0.945026,0.025427,-0.103382,0.142378,0.043882,0.731840,0.066932,0.945026,0.731840,17.498205,17.240533,-697.332397,-280.073151,-714.896484,-261.646149,27.711315,26.840636,5.016420,119.842617,64.096430,38.646873,0.154337,0,0.684659,60.714226,2.339825,3.122722,209.72
20260716_185200,445.583,1,Left,5076,99.862096,0.000000,99.862096,1.773050,0.002114,0.013578,0.002607,199,0.000000,0.000000,0.114236,0.947794,0.025759,-0.114236,0.110376,0.027660,0.794923,0.030230,0.947794,0.794923,18.888456,17.239893,-734.407410,-193.811981,-717.825684,-171.247513,27.040504,27.729726,2.069166,149.146312,86.025576,59.348992,0.167103,0,0.776355,74.362839,1.454224,2.557116,271.51
20260716_185200,445.583,1,Right,5020,100.000000,0.000000,100.000000,1.852590,0.003526,0.020203,0.004706,231,0.000000,0.000000,0.142378,0.945026,0.025557,-0.103382,0.142378,0.043875,0.731643,0.066932,0.945026,0.731643,17.490123,17.241088,-708.975281,-197.239532,-717.825684,-171.247513,27.040504,27.729726,3.916002,119.697520,64.096430,38.499719,0.154056,0,0.776355,74.362839,1.454224,2.557116,271.51
20260716_185200,450.588,1,Left,5132,99.863601,0.000000,99.863601,1.773188,0.002103,0.013577,0.002591,201,0.000000,0.000000,0.114236,0.947794,0.025724,-0.114236,0.110376,0.027604,0.794728,0.030230,0.947794,0.794728,18.886681,17.240507,-719.672302,-101.467087,-698.130737,-82.971893,28.391659,28.095632,1.615042,148.847863,86.025576,59.050527,0.166600,0,0.821287,40.969742,1.304362,1.722652,226.08
20260716_185200,450.588,1,Right,5076,100.000000,0.000000,100.000000,1.832151,0.003538,0.020249,0.004742,237,0.000000,0.000000,0.142378,0.945026,0.025460,-0.103382,0.142378,0.043699,0.731836,0.066932,0.945026,0.731836,17.492566,17.241694,-691.999939,-110.086594,-698.130737,-82.971893,28.391659,28.095632,2.508829,119.739791,59.408174,38.564899,0.154113,0,0.821287,40.969742,1.304362,1.722652,226.08
20260716_185200,455.596,1,Left,5190,99.865125,0.000000,99.865125,1.753372,0.002105,0.013494,0.002588,203,0.000000,0.000000,0.114236,0.947794,0.025761,-0.114236,0.110376,0.027621,0.794668,0.030230,0.947794,0.794668,18.886555,17.240994,-683.854065,-15.148016,-657.660645,-3.284758,27.472306,27.787857,1.526774,148.571324,86.025576,58.773970,0.166194,0,0.780012,64.008106,1.597585,2.347795,354.40
20260716_185200,455.596,1,Right,5134,100.000000,0.000000,100.000000,1.811453,0.003515,0.020106,0.004722,239,0.000000,0.000000,0.142378,0.945026,0.025535,-0.103382,0.142378,0.043568,0.731706,0.066932,0.945026,0.731706,17.491198,17.242172,-661.393921,-29.844690,-657.660645,-3.284758,27.472306,27.787857,3.769003,119.668502,59.408174,38.491291,0.153954,0,0.780012,64.008106,1.597585,2.347795,354.40
20260716_185200,460.601,1,Left,5244,99.866514,0.000000,99.866514,1.735317,0.002102,0.013439,0.002584,206,0.000000,0.000000,0.114236,0.947794,0.025777,-0.114236,0.110376,0.027617,0.794430,0.030230,0.947794,0.794430,18.886702,17.241547,-627.474121,59.053741,-598.750793,64.027420,27.183699,26.480241,1.333387,148.305441,86.025576,58.508072,0.165780,0,0.689777,76.677428,2.542192,3.714196,382.45
20260716_185200,460.601,1,Right,5188,100.000000,0.000000,100.000000,1.792598,0.003502,0.019995,0.004706,240,0.000000,0.000000,0.142378,0.945026,0.025375,-0.103382,0.142378,0.043262,0.731921,0.066932,0.945026,0.731921,17.499737,17.242718,-605.214111,41.111744,-598.750793,64.027420,27.183699,26.480241,6.293475,119.525596,59.408174,38.346273,0.153459,0,0.689777,76.677428,2.542192,3.714196,382.45
20260716_185200,465.606,1,Left,5303,99.867999,0.000000,99.867999,1.716010,0.002103,0.013375,0.002583,208,0.000000,0.000000,0.114236,0.947794,0.025781,-0.114236,0.110376,0.027600,0.794441,0.030230,0.947794,0.794441,18.886336,17.242014,-553.798584,117.164078,-524.382812,115.089767,28.426415,27.906762,0.911738,148.115297,86.025576,58.317911,0.165529,0,0.787151,42.549200,1.568011,2.256974,346.92
20260716_185200,465.606,1,Right,5245,100.000000,0.000000,100.000000,1.773117,0.003495,0.019981,0.004692,241,0.000000,0.000000,0.142378,0.945026,0.025571,-0.103382,0.142378,0.043278,0.731791,0.066932,0.945026,0.731791,17.495176,17.243160,-537.783020,92.430893,-524.382812,115.089767,28.426415,27.906762,3.801386,119.352119,59.408174,38.170995,0.153091,0,0.787151,42.549200,1.568011,2.256974,346.92
20260716_185200,470.608,1,Left,5356,99.869305,0.000000,99.869305,1.699029,0.002106,0.013304,0.002583,211,0.000000,0.000000,0.114236,0.947794,0.025761,-0.114236,0.110376,0.027562,0.794409,0.030230,0.947794,0.794409,18.888392,17.242512,-467.718018,154.951355,-440.708679,145.817642,26.097550,26.651479,1.770689,147.914335,86.025576,58.116935,0.165240,0,0.689813,98.848703,2.401453,3.642974,227.06
20260716_185200,470.608,1,Right,5297,100.000000,0.000000,100.000000,1.755711,0.003489,0.019873,0.004681,244,0.000000,0.000000,0.142378,0.945026,0.025499,-0.103382,0.142378,0.043253,0.731455,0.066932,0.945026,0.731455,17.494621,17.243646,-460.585083,131.001282,-440.708679,145.817642,26.097550,26.651479,6.056273,119.154450,59.408174,37.971372,0.152609,0,0.689813,98.848703,2.401453,3.642974,227.06
20260716_185200,475.611,1,Left,5413,99.870682,0.000000,99.870682,1.681138,0.002102,0.013245,0.002573,214,0.000000,0.000000,0.114236,0.947794,0.025783,-0.114236,0.110376,0.027566,0.794232,0.030230,0.947794,0.794232,18.886961,17.242985,-375.093994,170.539413,-350.608459,155.012558,28.938084,27.534485,1.161006,147.652671,86.025576,57.855256,0.164837,0,0.666284,34.104097,2.347011,3.475222,266.61
20260716_185200,475.611,1,Right,5353,100.000000,0.000000,100.000000,1.737344,0.003493,0.019755,0.004692,246,0.000000,0.000000,0.142378,0.945026,0.025332,-0.103382,0.142378,0.043357,0.731788,0.066932,0.945026,0.731788,17.500020,17.244104,-371.213257,139.032227,-350.608459,155.012558,28.938084,27.534485,5.906230,119.030967,59.408174,37.845827,0.152471,0,0.666284,34.104097,2.347011,3.475222,266.61
20260716_185200,480.612,1,Left,5472,99.872076,0.000000,99.872076,1.736111,0.002103,0.013423,0.002595,219,0.000000,0.000000,0.114236,0.947794,0.025590,-0.114236,0.110376,0.027573,0.793346,0.030230,0.947794,0.793346,18.867243,17.243685,-291.197601,164.337280,-261.411530,141.527588,35.170634,39.967298,8.919026,147.476533,84.861937,57.688462,0.164505,0,0.350830,85.568963,8.020069,10.357108,343.35
20260716_185200,480.612,1,Right,5412,100.000000,0.000000,100.000000,1.884701,0.003529,0.019975,0.004685,249,0.000000,0.000000,0.142378,0.945026,0.025856,-0.103382,0.142378,0.043685,0.729848,0.011746,0.945026,0.729848,17.460660,17.244802,-303.825775,142.094803,-261.411530,141.527588,35.170634,39.967298,15.564705,118.653470,14.578436,37.692485,0.154253,7,0.350830,85.568963,8.020069,10.357108,343.35
20260716_185200,485.622,1,Left,5529,99.873395,0.000000,99.873395,1.718213,0.002129,0.013353,0.002609,222,0.000000,0.000000,0.114236,0.947794,0.025846,-0.114236,0.110376,0.027809,0.794241,0.030230,0.947794,0.794241,18.879087,17.244120,-195.515289,140.543106,-178.990784,106.652473,42.125357,38.814000,8.062273,148.049573,84.861937,58.261391,0.165430,0,0.529865,345.779931,3.467523,8.786170,227.59
20260716_185200,485.622,1,Right,5467,100.000000,0.000000,100.000000,1.865740,0.003538,0.019838,0.004696,252,0.000000,0.000000,0.142378,0.945026,0.025354,-0.103382,0.142378,0.043629,0.731570,0.011746,0.945026,0.731570,17.482824,17.245216,-217.772400,97.172661,-178.990784,106.652473,42.125357,38.814000,12.906979,119.973348,14.578436,39.008146,0.155716,7,0.529865,345.779931,3.467523,8.786170,227.59
20260716_185200,490.624,1,Left,5588,99.874732,0.000000,99.874732,1.735863,0.002120,0.013435,0.002596,225,0.000000,0.000000,0.114236,0.947794,0.025773,-0.114236,0.110376,0.027715,0.794708,0.030230,0.947794,0.794708,18.886788,17.244546,-115.892990,85.006760,-107.719688,52.524372,32.227996,32.573412,3.614016,148.487031,84.861937,58.698736,0.166044,0,0.754857,58.960752,2.047634,2.585456,269.35
20260716_185200,490.624,1,Right,5524,100.000000,0.000000,100.000000,1.864591,0.003538,0.019821,0.004682,253,0.000000,0.000000,0.142378,0.945026,0.025672,-0.103382,0.142378,0.043759,0.731710,0.011746,0.945026,0.731710,17.486805,17.245622,-137.813385,62.333229,-107.719688,52.524372,32.227996,32.573412,2.644359,120.471278,14.578436,39.501794,0.156666,7,0.754857,58.960752,2.047634,2.585456,269.35
20260716_185200,495.628,1,Left,5647,99.876040,0.000000,99.876040,1.841686,0.002132,0.013798,0.002626,227,0.000000,0.000000,0.114236,0.947794,0.025618,-0.114236,0.110376,0.027690,0.794212,0.030230,0.947794,0.794212,18.874251,17.245054,-56.418324,20.338409,-51.628052,-18.127594,33.583034,33.847105,9.403859,148.862156,84.861937,59.073751,0.166521,0,0.675000,76.373966,2.649029,5.495115,258.45
20260716_185200,495.628,1,Right,5582,100.000000,0.000000,100.000000,1.934790,0.003541,0.019840,0.004674,254,0.000000,0.000000,0.142378,0.945026,0.025500,-0.103382,0.142378,0.043509,0.732144,0.011746,0.945026,0.732144,17.494399,17.246118,-77.479271,-5.138291,-51.628052,-18.127594,33.583034,33.847105,1.468435,121.122033,14.578436,40.148281,0.157297,7,0.675000,76.373966,2.649029,5.495115,258.45
20260716_185200,500.632,1,Left,5702,99.877236,0.000000,99.877236,1.858997,0.002145,0.013820,0.002621,230,0.000000,0.000000,0.114236,0.947794,0.025816,-0.114236,0.110376,0.027868,0.794856,0.030230,0.947794,0.794856,18.884352,17.245513,-3.888526,-64.363266,-14.654140,-101.196045,33.362220,32.060672,8.582299,149.394490,84.861937,59.605984,0.167302,0,0.757025,57.214456,2.596485,5.548146,298.51
20260716_185200,500.632,1,Right,5637,100.000000,0.000000,100.000000,2.022352,0.003539,0.020107,0.004656,257,0.000000,0.000000,0.142378,0.945026,0.025600,-0.103382,0.142378,0.043433,0.732264,0.011746,0.945026,0.732264,17.499941,17.246571,-33.934151,-84.131027,-14.654140,-101.196045,33.362220,32.060672,4.323184,121.303545,14.578436,40.325828,0.157630,7,0.757025,57.214456,2.596485,5.548146,298.51
20260716_185200,505.639,1,Left,5760,99.878472,0.000000,99.878472,1.875000,0.002141,0.013875,0.002614,232,0.000000,0.000000,0.114236,0.947794,0.025812,-0.114236,0.110376,0.027843,0.795398,0.030230,0.947794,0.795398,18.890498,17.245907,18.526859,-157.572708,0.237204,-188.718704,32.052364,30.838865,6.379173,149.951292,84.861937,60.162681,0.168045,0,0.770678,29.923437,2.036260,4.531294,334.74
20260716_185200,505.639,1,Right,5694,100.000000,0.000000,100.000000,2.037232,0.003528,0.020191,0.004655,259,0.000000,0.000000,0.142378,0.945026,0.025598,-0.103382,0.142378,0.043252,0.732311,0.011746,0.945026,0.732311,17.500698,17.246953,-14.409201,-167.772827,0.237204,-188.718704,32.052364,30.838865,4.572094,121.351480,14.578436,40.369733,0.157646,7,0.770678,29.923437,2.036260,4.531294,334.74
20260716_185200,510.642,1,Left,5817,99.879663,0.000000,99.879663,1.856627,0.002137,0.013911,0.002614,234,0.000000,0.000000,0.114236,0.947794,0.025806,-0.114236,0.110376,0.027817,0.795702,0.030230,0.947794,0.795702,18.895864,17.246285,15.540156,-254.478958,-6.962495,-278.282715,29.992975,30.099614,2.921489,150.378109,84.861937,60.589398,0.168599,0,0.848118,6.462758,1.638871,2.432221,274.78
20260716_185200,510.642,1,Right,5751,100.000000,0.000000,100.000000,2.034429,0.003514,0.020271,0.004653,263,0.000000,0.000000,0.142378,0.945026,0.025696,-0.103382,0.142378,0.043175,0.732134,0.011746,0.945026,0.732134,17.494745,17.247325,-14.117824,-251.789230,-6.962495,-278.282715,29.992975,30.099614,3.035129,121.375970,14.578436,40.390274,0.157688,7,0.848118,6.462758,1.638871,2.432221,274.78
20260716_185200,515.651,1,Left,5869,99.880729,0.000000,99.880729,1.874255,0.002158,0.013994,0.002651,239,0.000000,0.000000,0.114236,0.947794,0.025797,-0.114236,0.110376,0.027790,0.796021,0.030230,0.947794,0.796021,18.897939,17.246701,-7.372910,-346.814178,-36.117653,-363.274170,30.428192,29.337994,3.899791,150.661635,84.861937,60.872834,0.168961,0,0.765863,2.913606,1.969847,3.452805,354.28
20260716_185200,515.651,1,Right,5802,100.000000,0.000000,100.000000,2.068252,0.003529,0.020475,0.004675,267,0.000000,0.000000,0.142378,0.945026,0.025593,-0.103382,0.142378,0.043026,0.732282,0.011746,0.945026,0.732282,17.499099,17.247730,-38.726768,-337.855621,-36.117653,-363.274170,30.428192,29.337994,4.534007,121.598196,14.578436,40.616467,0.157895,7,0.765863,2.913606,1.969847,3.452805,354.28
20260716_185200,520.659,1,Left,5928,99.881916,0.000000,99.881916,1.872470,0.002155,0.014065,0.002659,242,0.000000,0.000000,0.114236,0.947794,0.025755,-0.114236,0.110376,0.027728,0.796023,0.030230,0.947794,0.796023,18.898407,17.247114,-55.203896,-428.547058,-85.880043,-438.946381,31.400332,30.654626,2.433381,150.825489,84.861937,61.036588,0.169253,0,0.862166,33.359941,0.179497,1.900994,249.93
20260716_185200,520.659,1,Right,5860,100.000000,0.000000,100.000000,2.064846,0.003531,0.020550,0.004673,270,0.000000,0.000000,0.142378,0.945026,0.025612,-0.103382,0.142378,0.042934,0.731959,0.011746,0.945026,0.731959,17.494439,17.248131,-82.519318,-410.223999,-85.880043,-438.946381,31.400332,30.654626,2.218104,121.682914,14.578436,40.697241,0.158010,7,0.862166,33.359941,0.179497,1.900994,249.93
20260716_185200,525.671,1,Left,5988,99.883100,0.000000,99.883100,1.853707,0.002142,0.013978,0.002647,243,0.000000,0.000000,0.114236,0.947794,0.025769,-0.114236,0.110376,0.027723,0.796180,0.030230,0.947794,0.796180,18.903260,17.247581,-123.199844,-497.777802,-152.953903,-499.804199,27.702820,27.838685,0.656603,150.787877,84.861937,60.998876,0.169301,0,0.800848,60.940810,1.667931,2.538625,251.85
20260716_185200,525.671,1,Right,5919,100.000000,0.000000,100.000000,2.044264,0.003510,0.020513,0.004656,270,0.000000,0.000000,0.142378,0.945026,0.025614,-0.103382,0.142378,0.042797,0.732024,0.011746,0.945026,0.732024,17.496652,17.248587,-140.980301,-476.889526,-152.953903,-499.804199,27.702820,27.838685,4.347727,121.578040,14.578436,40.588434,0.157734,7,0.800848,60.940810,1.667931,2.538625,251.85
20260716_185200,530.671,1,Left,6042,99.884144,0.000000,99.884144,1.837140,0.002134,0.013903,0.002639,245,0.000000,0.000000,0.114236,0.947794,0.025808,-0.114236,0.110376,0.027744,0.796221,0.030230,0.947794,0.796221,18.906853,17.247974,-204.739868,-547.459778,-232.082275,-541.615051,28.002136,27.550720,2.517947,150.626587,84.861937,60.837498,0.169117,0,0.771886,50.854949,1.760042,2.201553,375.43
20260716_185200,530.671,1,Right,5973,100.000000,0.000000,100.000000,2.025783,0.003494,0.020452,0.004646,273,0.000000,0.000000,0.142378,0.945026,0.025623,-0.103382,0.142378,0.042651,0.732092,0.011746,0.945026,0.732092,17.495830,17.248976,-215.072861,-520.464844,-232.082275,-541.615051,28.002136,27.550720,2.863643,121.422985,14.578436,40.429848,0.157308,7,0.771886,50.854949,1.760042,2.201553,375.43
20260716_185200,535.674,1,Left,6099,99.885227,0.000000,99.885227,1.819970,0.002131,0.013850,0.002640,247,0.000000,0.000000,0.114236,0.947794,0.025794,-0.114236,0.110376,0.027712,0.796161,0.030230,0.947794,0.796161,18.907470,17.248356,-294.084442,-575.230042,-318.720978,-562.574707,28.741323,28.407769,2.999416,150.422441,84.861937,60.633261,0.168812,0,0.801803,32.726975,1.229439,1.861908,267.97
20260716_185200,535.674,1,Right,6030,100.000000,0.000000,100.000000,2.056385,0.003496,0.020520,0.004651,275,0.000000,0.000000,0.142378,0.945026,0.025746,-0.103382,0.142378,0.042613,0.731986,0.011746,0.945026,0.731986,17.489716,17.249352,-294.896484,-545.832825,-318.720978,-562.574707,28.741323,28.407769,1.184737,121.393000,14.578436,40.396204,0.157218,7,0.801803,32.726975,1.229439,1.861908,267.97
20260716_185200,540.678,1,Left,6154,99.886253,0.000000,99.886253,1.803705,0.002138,0.013894,0.002656,251,0.000000,0.000000,0.114236,0.947794,0.025741,-0.114236,0.110376,0.027648,0.795919,0.030230,0.947794,0.795919,18.903264,17.248770,-386.116028,-579.739868,-409.281555,-561.407898,27.774949,27.894394,0.528871,150.276474,84.861937,60.487365,0.168601,0,0.832851,58.100507,1.417411,2.240816,243.61
20260716_185200,540.678,1,Right,6085,100.000000,0.000000,100.000000,2.037798,0.003489,0.020409,0.004640,276,0.000000,0.000000,0.142378,0.945026,0.025602,-0.103382,0.142378,0.042457,0.731913,0.011746,0.945026,0.731913,17.493421,17.249762,-384.687164,-552.240906,-409.281555,-561.407898,27.774949,27.894394,3.845005,121.323822,14.578436,40.323561,0.157003,7,0.832851,58.100507,1.417411,2.240816,243.61
20260716_185200,545.689,1,Left,6209,99.887260,0.000000,99.887260,1.787727,0.002134,0.013809,0.002648,253,0.000000,0.000000,0.114236,0.947794,0.025762,-0.114236,0.110376,0.027652,0.795897,0.030230,0.947794,0.795897,18.904525,17.249130,-478.328308,-561.461609,-495.685028,-538.086609,29.083682,28.591031,1.111178,150.100256,84.861937,60.311060,0.168388,0,0.826325,24.310019,1.106341,1.428215,282.62
20260716_185200,545.689,1,Right,6140,100.000000,0.000000,100.000000,2.019544,0.003483,0.020406,0.004640,278,0.000000,0.000000,0.142378,0.945026,0.025635,-0.103382,0.142378,0.042449,0.731960,0.011746,0.945026,0.731960,17.492683,17.250118,-468.044983,-533.205688,-495.685028,-538.086609,29.083682,28.591031,2.210130,121.219326,14.578436,40.215661,0.156822,7,0.826325,24.310019,1.106341,1.428215,282.62
20260716_185200,550.697,1,Left,6265,99.888268,0.000000,99.888268,1.771748,0.002130,0.013738,0.002638,255,0.000000,0.000000,0.114236,0.947794,0.025786,-0.114236,0.110376,0.027660,0.795790,0.030230,0.947794,0.795790,18.905672,17.249449,-563.426880,-519.990479,-573.955444,-493.958221,28.416164,29.053740,2.066118,149.881160,84.861937,60.091878,0.168076,0,0.809565,41.986302,0.836432,2.156329,348.08
20260716_185200,550.697,1,Right,6195,100.000000,0.000000,100.000000,2.001614,0.003469,0.020361,0.004626,279,0.000000,0.000000,0.142378,0.945026,0.025799,-0.103382,0.142378,0.042464,0.731628,0.011746,0.945026,0.731628,17.485419,17.250425,-544.630432,-500.411713,-573.955444,-493.958221,28.416164,29.053740,3.111338,121.134735,14.578436,40.127727,0.156675,7,0.809565,41.986302,0.836432,2.156329,348.08
20260716_185200,555.708,1,Left,6321,99.889258,0.000000,99.889258,1.756051,0.002126,0.013657,0.002632,258,0.000000,0.000000,0.114236,0.947794,0.025829,-0.114236,0.110376,0.027685,0.795685,0.030230,0.947794,0.795685,18.904540,17.249777,-635.934998,-460.978424,-638.859924,-431.821411,28.677606,27.780882,1.882445,149.649759,84.861937,59.860392,0.167743,0,0.722063,37.554105,1.916928,2.551101,254.32
20260716_185200,555.708,1,Right,6250,100.000000,0.000000,100.000000,1.984000,0.003472,0.020229,0.004626,280,0.000000,0.000000,0.142378,0.945026,0.025537,-0.103382,0.142378,0.042343,0.731867,0.011746,0.945026,0.731867,17.493864,17.250744,-613.889221,-439.943481,-638.859924,-431.821411,28.677606,27.780882,3.997593,121.109213,14.578436,40.098921,0.156588,7,0.722063,37.554105,1.916928,2.551101,254.32
20260716_185200,560.712,1,Left,6378,99.890248,0.000000,99.890248,1.740357,0.002122,0.013586,0.002623,260,0.000000,0.000000,0.114236,0.947794,0.025817,-0.114236,0.110376,0.027657,0.795512,0.030230,0.947794,0.795512,18.904156,17.250100,-690.409912,-382.939667,-686.806030,-354.564575,27.881010,27.487955,1.715757,149.402298,84.861937,59.612846,0.167344,0,0.777296,54.536761,1.763672,2.326481,353.15
20260716_185200,560.712,1,Right,6306,100.000000,0.000000,100.000000,1.966381,0.003464,0.020150,0.004611,281,0.000000,0.000000,0.142378,0.945026,0.025755,-0.103382,0.142378,0.042412,0.731922,0.011746,0.945026,0.731922,17.494380,17.251057,-665.080322,-369.515228,-686.806030,-354.564575,27.881010,27.487955,3.646056,120.931266,14.578436,39.917689,0.156272,7,0.777296,54.536761,1.763672,2.326481,353.15
20260716_185200,565.720,1,Left,6433,99.891186,0.000000,99.891186,1.725478,0.002119,0.013542,0.002618,262,0.000000,0.000000,0.114236,0.947794,0.025824,-0.114236,0.110376,0.027649,0.795434,0.030230,0.947794,0.795434,18.903452,17.250452,-724.501953,-296.175415,-713.611755,-269.177765,26.488510,26.638334,1.511144,149.201757,84.861937,59.412225,0.167053,0,0.691729,91.416194,2.528722,3.676107,241.69
20260716_185200,565.720,1,Right,6361,100.000000,0.000000,100.000000,1.949379,0.003457,0.020082,0.004607,283,0.000000,0.000000,0.142378,0.945026,0.025734,-0.103382,0.142378,0.042410,0.731954,0.011746,0.945026,0.731954,17.496824,17.251403,-699.396729,-288.719940,-713.611755,-269.177765,26.488510,26.638334,6.185284,120.759029,14.578436,39.742282,0.155897,7,0.691729,91.416194,2.528722,3.676107,241.69
20260716_185200,570.732,1,Left,6488,99.892109,0.000000,99.892109,1.710851,0.002113,0.013503,0.002610,265,0.000000,0.000000,0.114236,0.947794,0.025800,-0.114236,0.110376,0.027609,0.795354,0.030230,0.947794,0.795354,18.903223,17.250843,-735.061829,-201.900818,-718.423523,-178.379639,28.594124,27.336360,1.338236,148.984723,84.861937,59.195112,0.166699,0,0.671822,41.623152,2.328131,3.353284,285.64
20260716_185200,570.732,1,Right,6416,100.000000,0.000000,100.000000,1.932668,0.003450,0.020124,0.004597,283,0.000000,0.000000,0.142378,0.945026,0.025647,-0.103382,0.142378,0.042293,0.732064,0.011746,0.945026,0.732064,17.499798,17.251791,-704.019287,-199.858505,-718.423523,-178.379639,28.594124,27.336360,5.651784,120.676269,14.578436,39.657794,0.155649,7,0.671822,41.623152,2.328131,3.353284,285.64
20260716_185200,575.737,1,Left,6543,99.893015,0.000000,99.893015,1.696470,0.002100,0.013434,0.002595,266,0.000000,0.000000,0.114236,0.947794,0.025807,-0.114236,0.110376,0.027601,0.795314,0.030230,0.947794,0.795314,18.904512,17.251150,-722.193604,-108.328072,-700.677979,-90.296333,25.622663,26.012504,2.094458,148.758125,84.861937,58.968436,0.166327,0,0.671627,109.747939,2.618520,3.956518,258.43
20260716_185200,575.737,1,Right,6471,100.000000,0.000000,100.000000,1.916242,0.003448,0.020044,0.004599,285,0.000000,0.000000,0.142378,0.945026,0.025815,-0.103382,0.142378,0.042384,0.731946,0.011746,0.945026,0.731946,17.498350,17.252094,-698.030945,-114.102119,-700.677979,-90.296333,25.622663,26.012504,6.524979,120.520723,14.578436,39.499173,0.155400,7,0.671627,109.747939,2.618520,3.956518,258.43
20260716_185200,580.745,1,Left,6600,99.893939,0.000000,99.893939,1.681818,0.002094,0.013369,0.002587,269,0.000000,0.000000,0.114236,0.947794,0.025772,-0.114236,0.110376,0.027550,0.795197,0.030230,0.947794,0.795197,18.903480,17.251508,-686.912415,-22.108065,-661.672241,-9.351149,26.471980,25.876789,1.729834,148.527117,84.861937,58.737349,0.165933,0,0.683135,91.824730,2.698064,4.006333,223.61
20260716_185200,580.745,1,Right,6528,100.000000,0.000000,100.000000,1.899510,0.003436,0.019991,0.004591,287,0.000000,0.000000,0.142378,0.945026,0.025644,-0.103382,0.142378,0.042152,0.731938,0.011746,0.945026,0.731938,17.500925,17.252448,-661.409302,-32.822426,-661.476379,-9.048709,26.471980,25.876789,6.720102,120.388130,14.578436,39.363448,0.154944,7,0.683135,91.824730,2.698064,4.006333,223.61
20260716_185200,585.745,1,Left,6656,99.894832,0.000000,99.894832,1.667668,0.002091,0.013309,0.002580,271,0.000000,0.000000,0.114236,0.947794,0.025807,-0.114236,0.110376,0.027570,0.795045,0.030230,0.947794,0.795045,18.903104,17.251785,-632.203430,53.132019,-604.364746,58.923458,28.837499,27.987933,1.693961,148.296489,84.861937,58.506644,0.165579,0,0.742892,31.725003,1.714165,2.219724,277.55
20260716_185200,585.745,1,Right,6584,100.000000,0.000000,100.000000,1.883354,0.003436,0.019987,0.004596,289,0.000000,0.000000,0.142378,0.945026,0.025734,-0.103382,0.142378,0.042169,0.731753,0.011746,0.945026,0.731753,17.495010,17.252720,-610.160645,31.999073,-604.364746,58.923458,28.837499,27.987933,3.451379,120.383519,14.578436,39.358336,0.154961,7,0.742892,31.725003,1.714165,2.219724,277.55
20260716_185200,590.756,1,Left,6715,99.895756,0.000000,99.895756,1.653016,0.002099,0.013246,0.002576,274,0.000000,0.000000,0.114236,0.947794,0.025814,-0.114236,0.110376,0.027561,0.795023,0.030230,0.947794,0.795023,18.902434,17.252100,-560.256226,112.783730,-531.406006,111.369736,26.562755,27.255035,1.327762,148.107440,84.861937,58.317516,0.165302,0,0.729710,87.951640,2.070883,3.248111,339.95
20260716_185200,590.756,1,Right,6643,100.000000,0.000000,100.000000,1.866627,0.003427,0.019931,0.004585,292,0.000000,0.000000,0.142378,0.945026,0.025743,-0.103382,0.142378,0.042191,0.731585,0.011746,0.945026,0.731585,17.493593,17.253031,-547.246582,91.227043,-531.406006,111.369736,26.562755,27.255035,5.466967,120.263671,14.578436,39.235335,0.154747,7,0.729710,87.951640,2.070883,3.248111,339.95
20260716_185200,595.763,1,Left,6772,99.896633,0.000000,99.896633,1.639102,0.002096,0.013196,0.002576,277,0.000000,0.000000,0.114236,0.947794,0.025815,-0.114236,0.110376,0.027548,0.794928,0.030230,0.947794,0.794928,18.902843,17.252382,-474.153198,153.174774,-447.033295,144.290955,28.689975,27.509938,1.897948,147.926887,84.861937,58.136888,0.165041,0,0.677900,37.902902,2.168666,2.906942,264.08
20260716_185200,595.763,1,Right,6699,100.000000,0.000000,100.000000,1.851023,0.003432,0.019883,0.004589,294,0.000000,0.000000,0.142378,0.945026,0.025578,-0.103382,0.142378,0.042159,0.731763,0.011746,0.945026,0.731763,17.497675,17.253303,-463.892700,123.869011,-447.033295,144.290955,28.689975,27.509938,4.663553,120.156595,14.578436,39.125318,0.154529,7,0.677900,37.902902,2.168666,2.906942,264.08
20260716_185200,600.765,1,Left,6828,99.897481,0.000000,99.897481,1.669596,0.002093,0.013303,0.002579,279,0.000000,0.000000,0.114236,0.947794,0.025734,-0.114236,0.110376,0.027453,0.794603,0.030230,0.947794,0.794603,18.895917,17.252794,-386.745880,171.136398,-358.195038,155.117889,29.232849,30.290106,2.768406,147.746993,84.861937,57.956921,0.164706,0,0.795926,28.482834,1.830583,2.835845,245.50
20260716_185200,600.765,1,Right,6755,100.000000,0.000000,100.000000,1.865285,0.003436,0.019859,0.004579,295,0.000000,0.000000,0.142378,0.945026,0.025882,-0.103382,0.142378,0.042325,0.731590,0.011746,0.945026,0.731590,17.492805,17.253713,-383.798767,144.178680,-358.195038,155.117889,29.232849,30.290106,4.057336,120.000467,14.578436,38.968425,0.154270,7,0.795926,28.482834,1.830583,2.835845,245.50
20260716_185200,605.775,1,Left,6884,99.898315,0.000000,99.898315,1.670540,0.002095,0.013389,0.002578,282,0.000000,0.000000,0.114236,0.947794,0.025769,-0.114236,0.110376,0.027580,0.794483,0.030230,0.947794,0.794483,18.892375,17.253124,-294.855133,166.272675,-268.036469,143.333511,32.295602,33.422204,5.761476,147.727873,84.861937,57.937729,0.164802,0,0.677112,55.284301,2.644902,3.562595,273.71
20260716_185200,605.775,1,Right,6809,100.000000,0.000000,100.000000,1.850492,0.003458,0.019882,0.004598,296,0.000000,0.000000,0.142378,0.945026,0.025685,-0.103382,0.142378,0.042397,0.731453,0.011746,0.945026,0.731453,17.489392,17.254028,-298.840210,136.495758,-268.036469,143.333511,32.295602,33.422204,2.209444,119.928392,14.578436,38.907359,0.154218,7,0.677112,55.284301,2.644902,3.562595,273.71
20260716_185200,610.776,1,Left,6941,99.899150,0.000000,99.899150,1.786486,0.002113,0.013546,0.002655,286,0.000000,0.000000,0.114236,0.947794,0.025803,-0.114236,0.110376,0.027668,0.794700,0.030230,0.947794,0.794700,18.892366,17.253430,-204.204910,145.126785,-184.965561,110.036812,35.602735,33.735325,10.122603,148.177724,84.861937,58.387509,0.165487,0,0.708803,121.131235,2.216585,6.273967,331.25
20260716_185200,610.776,1,Right,6866,100.000000,0.000000,100.000000,1.864259,0.003465,0.019925,0.004602,300,0.000000,0.000000,0.142378,0.945026,0.025684,-0.103382,0.142378,0.042439,0.731764,0.011746,0.945026,0.731764,17.499494,17.254330,-212.203384,106.610977,-184.965561,110.036812,35.602735,33.735325,3.952329,119.979769,14.578436,38.956410,0.154428,7,0.708803,121.131235,2.216585,6.273967,331.25
20260716_185200,615.785,1,Left,6998,99.899971,0.000000,99.899971,1.814804,0.002167,0.013598,0.002765,290,0.000000,0.000000,0.199114,0.947794,0.025902,-0.114236,0.199114,0.027752,0.795060,0.030230,0.947794,0.795060,18.898433,17.253729,-123.232330,92.588463,-112.937408,57.524624,30.427126,30.894892,6.552370,148.753413,84.861937,58.963128,0.166237,0,0.736125,19.922656,3.090500,5.091678,350.46
20260716_185200,615.785,1,Right,6922,100.000000,0.000000,100.000000,1.863623,0.003463,0.020015,0.004592,302,0.000000,0.000000,0.142378,0.945026,0.025826,-0.103382,0.142378,0.042445,0.731494,0.011746,0.945026,0.731494,17.498892,17.254621,-136.607468,66.304253,-112.937408,57.524624,30.427126,30.894892,5.902713,119.940343,14.578436,38.915679,0.154351,7,0.736125,19.922656,3.090500,5.091678,350.46
20260716_185200,620.797,1,Left,7056,99.900794,0.000000,99.900794,1.955782,0.002184,0.013889,0.002784,294,0.000000,0.000000,0.199114,0.947794,0.025772,-0.114236,0.199114,0.027800,0.794813,0.030230,0.947794,0.794813,18.894798,17.254073,-57.315178,26.832418,-55.053421,-12.595874,41.729563,40.278216,9.507006,149.145194,84.861937,59.354838,0.166812,0,0.507703,358.106493,5.349625,8.896434,329.33
20260716_185200,620.797,1,Right,6978,100.000000,0.000000,100.000000,2.006306,0.003512,0.020349,0.004669,310,0.000000,0.000000,0.142378,0.945026,0.025719,-0.103382,0.142378,0.042496,0.731329,0.011746,0.945026,0.731329,17.485554,17.254954,-93.771194,1.083686,-55.053421,-12.595874,41.729563,40.278216,12.126684,120.393283,14.578436,39.365767,0.155081,7,0.507703,358.106493,5.349625,8.896434,329.33
20260716_185200,625.805,1,Left,7112,99.901575,0.000000,99.901575,1.940382,0.002176,0.013836,0.002771,294,0.000000,0.000000,0.199114,0.947794,0.025828,-0.114236,0.199114,0.027840,0.795370,0.030230,0.947794,0.795370,18.902355,17.254297,-8.291456,-57.663868,-17.138540,-93.268333,32.611649,32.226509,6.803071,149.580399,84.861937,59.789976,0.167418,0,0.800873,53.678379,2.418118,4.161480,348.65
20260716_185200,625.805,1,Right,7034,100.000000,0.000000,100.000000,1.990333,0.003507,0.020249,0.004656,310,0.000000,0.000000,0.142378,0.945026,0.025699,-0.103382,0.142378,0.042466,0.731965,0.011746,0.945026,0.731965,17.498154,17.255173,-37.301674,-74.179329,-17.138540,-93.268333,32.611649,32.226509,2.381591,120.771068,14.578436,39.740744,0.155686,7,0.800873,53.678379,2.418118,4.161480,348.65
20260716_185200,630.816,1,Left,7167,99.902330,0.000000,99.902330,1.925492,0.002172,0.013834,0.002767,297,0.000000,0.000000,0.199114,0.947794,0.025786,-0.114236,0.199114,0.027783,0.795778,0.030230,0.947794,0.795778,18.906390,17.254551,15.229257,-152.916687,-0.068965,-182.941208,31.566885,31.404781,3.714150,150.034933,84.861937,60.244445,0.167950,0,0.897375,37.221228,1.170817,2.205116,231.97
20260716_185200,630.816,1,Right,7089,100.000000,0.000000,100.000000,1.974891,0.003506,0.020359,0.004656,312,0.000000,0.000000,0.142378,0.945177,0.025758,-0.103382,0.142378,0.042395,0.731924,0.011746,0.945177,0.731924,17.497621,17.255423,-16.139254,-158.666321,-0.068965,-182.941208,31.566885,31.404781,0.890335,120.906604,14.578436,39.875295,0.155862,7,0.897375,37.221228,1.170817,2.205116,231.97
20260716_185200,635.823,1,Left,7224,99.903101,0.000000,99.903101,1.924142,0.002171,0.013886,0.002761,300,0.000000,0.000000,0.199114,0.947794,0.025859,-0.114236,0.199114,0.027840,0.795819,0.030230,0.947794,0.795819,18.909771,17.254837,15.519869,-248.043350,-5.693499,-271.901428,28.824157,28.923861,2.007922,150.310645,84.861937,60.520091,0.168354,0,0.836550,37.974628,1.629502,2.742789,282.88
20260716_185200,635.823,1,Right,7145,100.000000,0.000000,100.000000,1.959412,0.003497,0.020368,0.004651,314,0.000000,0.000000,0.142378,0.945177,0.025690,-0.103382,0.142378,0.042197,0.732008,0.011746,0.945177,0.732008,17.500863,17.255700,-13.087843,-247.055832,-5.693499,-271.901428,28.824157,28.923861,4.305452,121.039465,14.578436,40.005502,0.155918,7,0.836550,37.974628,1.629502,2.742789,282.88
20260716_185200,640.825,1,Left,7279,99.903833,0.000000,99.903833,1.923341,0.002177,0.013899,0.002764,302,0.000000,0.000000,0.199114,0.947794,0.025855,-0.114236,0.199114,0.027838,0.796127,0.030230,0.947794,0.796127,18.911390,17.255085,-5.769156,-341.218262,-33.460762,-357.732239,34.242070,32.041408,3.200367,150.448616,84.861937,60.658000,0.168619,0,0.743119,104.128434,0.829851,3.760982,230.06
20260716_185200,640.825,1,Right,7200,100.000000,0.000000,100.000000,1.972222,0.003531,0.020421,0.004699,319,0.000000,0.000000,0.142378,0.945177,0.025724,-0.103382,0.142378,0.042349,0.732491,0.011746,0.945177,0.732491,17.498875,17.255944,-41.691231,-326.973389,-33.460762,-357.732239,34.242070,32.041408,5.673854,121.349489,14.578436,40.312881,0.156575,7,0.743119,104.128434,0.829851,3.760982,230.06
20260716_185200,645.828,1,Left,7334,99.904554,0.000000,99.904554,1.908917,0.002182,0.013927,0.002766,303,0.000000,0.000000,0.199114,0.947794,0.025777,-0.114236,0.199114,0.027755,0.796080,0.030230,0.947794,0.796080,18.911228,17.255381,-52.857227,-422.351501,-81.465439,-433.686951,30.930597,32.871811,0.942426,150.479195,84.861937,60.688517,0.168696,0,0.624532,10.568873,2.909410,4.603058,347.93
20260716_185200,645.828,1,Right,7255,100.000000,0.000000,100.000000,1.957271,0.003539,0.020437,0.004714,323,0.000000,0.000000,0.147966,0.945177,0.025921,-0.103382,0.147966,0.042595,0.731890,0.011746,0.945177,0.731890,17.485696,17.256236,-69.321617,-400.891602,-81.465439,-433.686951,30.930597,32.871811,7.916835,121.408481,14.578436,40.369268,0.156905,7,0.624532,10.568873,2.909410,4.603058,347.93
20260716_185200,650.835,1,Left,7393,99.905316,0.000000,99.905316,1.893683,0.002177,0.013863,0.002754,304,0.000000,0.000000,0.199114,0.947794,0.025864,-0.114236,0.199114,0.027826,0.796238,0.030230,0.947794,0.796238,18.916424,17.255637,-119.111588,-493.832031,-147.366364,-495.812988,31.148996,28.863518,2.012013,150.415222,84.861937,60.624479,0.168724,0,0.604086,15.066317,2.932400,4.419848,342.06
20260716_185200,650.835,1,Right,7314,100.000000,0.000000,100.000000,1.941482,0.003548,0.020310,0.004723,324,0.000000,0.000000,0.147966,0.945177,0.025564,-0.103382,0.147966,0.042639,0.732914,0.011746,0.945177,0.732914,17.503839,17.256488,-142.482254,-466.818573,-147.366364,-495.812988,31.148996,28.863518,7.386270,121.680433,14.578436,40.638469,0.157495,7,0.604086,15.066317,2.932400,4.419848,342.06
20260716_185200,655.847,1,Left,7451,99.906053,0.000000,99.906053,1.878942,0.002174,0.013820,0.002748,306,0.000000,0.000000,0.199114,0.947794,0.025860,-0.114236,0.199114,0.027807,0.796002,0.030230,0.947794,0.796002,18.913055,17.255862,-196.352432,-543.978149,-226.017532,-539.259155,29.338076,29.529453,0.489188,150.223340,84.861937,60.432534,0.168445,0,0.919767,17.331949,0.663855,0.918798,233.69
20260716_185200,655.847,1,Right,7371,100.000000,0.000000,100.000000,1.926469,0.003560,0.020237,0.004736,325,0.000000,0.000000,0.147966,0.945177,0.025934,-0.103382,0.147966,0.042882,0.732757,0.011746,0.945177,0.732757,17.499390,17.256705,-207.227448,-517.142639,-226.017532,-539.259155,29.338076,29.529453,1.514354,121.695042,14.578436,40.650463,0.157781,7,0.919767,17.331949,0.663855,0.918798,233.69
20260716_185200,660.852,1,Left,7504,99.906716,0.000000,99.906716,1.865672,0.002171,0.013764,0.002745,308,0.000000,0.000000,0.199114,0.947794,0.025846,-0.114236,0.199114,0.027780,0.795920,0.030230,0.947794,0.795920,18.912778,17.256121,-284.842194,-573.138916,-312.263275,-561.781189,27.478607,27.218528,0.331469,150.056325,84.861937,60.265461,0.168196,0,0.796324,68.024525,1.839718,3.044311,255.91
20260716_185200,660.852,1,Right,7424,100.000000,0.000000,100.000000,1.912716,0.003559,0.020148,0.004733,326,0.000000,0.000000,0.147966,0.945177,0.025690,-0.103382,0.147966,0.042856,0.732872,0.011746,0.945177,0.732872,17.505247,17.256961,-292.919525,-546.330566,-312.263275,-561.781189,27.478607,27.218528,5.262472,121.643500,14.578436,40.596525,0.157711,7,0.796324,68.024525,1.839718,3.044311,255.91
20260716_185200,665.861,1,Left,7563,99.907444,0.000000,99.907444,1.851117,0.002170,0.013702,0.002743,310,0.000000,0.000000,0.199114,0.947794,0.025875,-0.114236,0.199114,0.027793,0.795955,0.030230,0.947794,0.795955,18.915082,17.256379,-380.689514,-580.118530,-403.187866,-562.207458,28.485947,27.834742,1.511673,149.895039,84.861937,60.104113,0.167996,0,0.762034,40.153321,1.640527,2.153984,259.74
20260716_185200,665.861,1,Right,7482,100.000000,0.000000,100.000000,1.897888,0.003556,0.020155,0.004731,328,0.000000,0.000000,0.147966,0.945177,0.025797,-0.103382,0.147966,0.042982,0.732730,0.011746,0.945177,0.732730,17.504365,17.257211,-379.015320,-550.377258,-403.187866,-562.207458,28.485947,27.834742,3.410833,121.476368,14.578436,40.426809,0.157445,7,0.762034,40.153321,1.640527,2.153984,259.74
20260716_185200,670.865,1,Left,7626,99.908209,0.000000,99.908209,1.835825,0.002162,0.013643,0.002733,312,0.000000,0.000000,0.199114,0.947794,0.025850,-0.114236,0.199114,0.027752,0.795795,0.030230,0.947794,0.795795,18.914061,17.256629,-471.994263,-562.919800,-489.640991,-540.495239,28.149249,29.045771,1.501402,149.663918,84.861937,59.872927,0.167615,0,0.822390,48.862040,0.958608,2.208322,236.62
20260716_185200,670.865,1,Right,7544,100.000000,0.000000,100.000000,1.882291,0.003542,0.020115,0.004717,329,0.000000,0.000000,0.147966,0.945177,0.025907,-0.103382,0.147966,0.042968,0.732548,0.011746,0.945177,0.732548,17.497164,17.257454,-460.105225,-539.397461,-489.640991,-540.495239,28.149249,29.045771,3.517933,121.362794,14.578436,40.310518,0.157218,7,0.822390,48.862040,0.958608,2.208322,236.62
20260716_185200,675.868,1,Left,7684,99.908902,0.000000,99.908902,1.821968,0.002156,0.013622,0.002725,315,0.000000,0.000000,0.199114,0.947794,0.025860,-0.114236,0.199114,0.027748,0.795668,0.030230,0.947794,0.795668,18.914131,17.256993,-557.830688,-523.894531,-568.989258,-497.578888,28.262657,27.409433,1.625656,149.444445,84.861937,59.653395,0.167255,0,0.716063,46.861222,2.000145,2.695363,255.25
20260716_185200,675.868,1,Right,7602,100.000000,0.000000,100.000000,1.867929,0.003542,0.020030,0.004711,330,0.000000,0.000000,0.147966,0.945177,0.025736,-0.103382,0.147966,0.042831,0.732891,0.011746,0.945177,0.732891,17.505176,17.257815,-542.757324,-497.992004,-568.989258,-497.578888,28.262657,27.409433,4.376321,121.347391,14.578436,40.292613,0.157143,7,0.716063,46.861222,2.000145,2.695363,255.25
20260716_185200,680.874,1,Left,7743,99.909596,0.000000,99.909596,1.937234,0.002159,0.013722,0.002728,319,0.000000,0.000000,0.199114,0.947794,0.025794,-0.114236,0.199114,0.027668,0.795426,0.030230,0.947794,0.795426,18.905918,17.257204,-629.063599,-471.384888,-634.712952,-436.834778,30.381237,29.710009,5.038960,149.427034,84.861937,59.635924,0.167241,0,0.809567,14.131633,1.894876,4.347160,375.33
20260716_185200,680.874,1,Right,7660,100.000000,0.000000,100.000000,1.879896,0.003544,0.020062,0.004697,331,0.000000,0.000000,0.147966,0.945177,0.025909,-0.103382,0.147966,0.042878,0.732857,0.011746,0.945177,0.732857,17.506572,17.258018,-611.659302,-444.861633,-634.712952,-436.834778,30.381237,29.710009,5.594844,121.205974,14.578436,40.148732,0.156893,7,0.809567,14.131633,1.894876,4.347160,375.33
20260716_185200,685.881,1,Left,7802,99.910279,0.000000,99.910279,1.922584,0.002156,0.013675,0.002719,321,0.000000,0.000000,0.199114,0.947794,0.025851,-0.114236,0.199114,0.027711,0.795675,0.030230,0.947794,0.795675,18.912361,17.257467,-687.067871,-392.487610,-683.735352,-361.106689,30.384763,30.768377,1.852070,149.500940,84.861937,59.709771,0.167469,0,0.825560,9.117194,1.383931,1.704857,269.18
20260716_185200,685.881,1,Right,7718,100.000000,0.000000,100.000000,1.865768,0.003541,0.020139,0.004704,334,0.000000,0.000000,0.147966,0.945177,0.025821,-0.103382,0.147966,0.042741,0.732303,0.011746,0.945177,0.732303,17.496680,17.258274,-660.302612,-379.806152,-683.735352,-361.106689,30.384763,30.768377,2.299881,121.061707,14.578436,40.013692,0.156498,7,0.825560,9.117194,1.383931,1.704857,269.18
20260716_185200,690.895,1,Left,7860,99.910941,0.000000,99.910941,1.921120,0.002147,0.013692,0.002707,322,0.000000,0.000000,0.199114,0.947794,0.025868,-0.114236,0.199114,0.027714,0.795680,0.030230,0.947794,0.795680,18.914483,17.257734,-722.845520,-303.161163,-712.462524,-275.215271,29.575689,28.717260,0.955036,149.433529,84.861937,59.642304,0.167427,0,0.781931,13.863893,1.252485,1.898902,216.45
20260716_185200,690.895,1,Right,7775,100.000000,0.000000,100.000000,1.852090,0.003538,0.020059,0.004703,336,0.000000,0.000000,0.147966,0.945177,0.025762,-0.103382,0.147966,0.042648,0.732695,0.011746,0.945177,0.732695,17.502712,17.258521,-692.755371,-294.570099,-712.462524,-275.215271,29.575689,28.717260,3.147284,121.107280,14.578436,40.056830,0.156581,7,0.781931,13.863893,1.252485,1.898902,216.45
20260716_185200,695.901,1,Left,7919,99.911605,0.000000,99.911605,1.906806,0.002141,0.013659,0.002706,325,0.000000,0.000000,0.199114,0.947794,0.025810,-0.114236,0.199114,0.027642,0.795623,0.030230,0.947794,0.795623,18.914600,17.257943,-734.892578,-209.270676,-718.843750,-184.872284,27.562944,28.017179,0.810755,149.306095,84.861937,59.514812,0.167225,0,0.829222,62.573395,1.303888,2.161330,242.25
20260716_185200,695.901,1,Right,7833,100.000000,0.000000,100.000000,1.838376,0.003526,0.020016,0.004692,337,0.000000,0.000000,0.147966,0.945177,0.025954,-0.103382,0.147966,0.042715,0.732702,0.011746,0.945177,0.732702,17.501980,17.258726,-708.239258,-209.518539,-718.843750,-184.872284,27.562944,28.017179,3.654684,121.058143,14.578436,40.005252,0.156546,7,0.829222,62.573395,1.303888,2.161330,242.25
20260716_185200,700.911,1,Left,7978,99.912259,0.000000,99.912259,1.892705,0.002139,0.013600,0.002702,327,0.000000,0.000000,0.199114,0.947794,0.025857,-0.114236,0.199114,0.027675,0.795555,0.030230,0.947794,0.795555,18.915949,17.258168,-724.568726,-116.383995,-703.016968,-97.514084,26.860497,26.582737,1.579260,149.137857,84.861937,59.346519,0.167011,0,0.742292,81.056247,2.296881,3.292603,363.90
20260716_185200,700.911,1,Right,7889,100.000000,0.000000,100.000000,1.825326,0.003523,0.019961,0.004686,340,0.000000,0.000000,0.147966,0.945177,0.025780,-0.103382,0.147966,0.042594,0.732643,0.011746,0.945177,0.732643,17.506032,17.258931,-697.621704,-121.433350,-703.016968,-97.514084,26.860497,26.582737,5.479931,120.968001,14.578436,39.912786,0.156283,7,0.742292,81.056247,2.296881,3.292603,363.90
20260716_185200,705.917,1,Left,8037,99.912903,0.000000,99.912903,1.878811,0.002134,0.013548,0.002697,329,0.000000,0.000000,0.199114,0.947794,0.025843,-0.114236,0.199114,0.027648,0.795453,0.030230,0.947794,0.795453,18.914856,17.258472,-690.899109,-28.331434,-665.156494,-14.845779,28.076711,27.010006,0.993998,148.960393,84.861937,59.169000,0.166736,0,0.686708,54.619608,2.331179,3.520579,244.20
20260716_185200,705.917,1,Right,7947,100.000000,0.000000,100.000000,1.812005,0.003518,0.019912,0.004675,342,0.000000,0.000000,0.147966,0.945177,0.025796,-0.103382,0.147966,0.042636,0.732727,0.011746,0.945177,0.732727,17.508332,17.259228,-662.911133,-39.703529,-665.156494,-14.845779,28.076711,27.010006,6.016261,120.853638,14.578436,39.796051,0.156093,7,0.686708,54.619608,2.331179,3.520579,244.20
20260716_185200,710.926,1,Left,8093,99.913505,0.000000,99.913505,1.865810,0.002132,0.013502,0.002697,331,0.000000,0.000000,0.199114,0.947794,0.025840,-0.114236,0.199114,0.027633,0.795388,0.030230,0.947794,0.795388,18.914960,17.258685,-636.834167,47.772781,-609.092224,54.453354,26.949256,28.047703,1.488675,148.797968,84.861937,59.006523,0.166485,0,0.781956,78.450661,1.537052,2.887453,247.96
20260716_185200,710.926,1,Right,8002,100.000000,0.000000,100.000000,1.799550,0.003511,0.019918,0.004673,345,0.000000,0.000000,0.147966,0.945177,0.025956,-0.103382,0.147966,0.042714,0.732488,0.011746,0.945177,0.732488,17.501246,17.259439,-620.358093,29.300682,-609.092224,54.453354,26.949256,28.047703,4.774516,120.714218,14.578436,39.654413,0.155840,7,0.781956,78.450661,1.537052,2.887453,247.96
20260716_185200,715.931,1,Left,8154,99.914153,0.000000,99.914153,1.851852,0.002124,0.013458,0.002690,334,0.000000,0.000000,0.199114,0.947794,0.025896,-0.114236,0.199114,0.027675,0.795266,0.030230,0.947794,0.795266,18.915254,17.258909,-565.365967,109.813751,-536.779785,108.387276,27.874951,27.100161,1.886936,148.634970,84.861937,58.843469,0.166268,0,0.706165,56.671883,2.177849,2.895786,368.34
20260716_185200,715.931,1,Right,8062,100.000000,0.000000,100.000000,1.786157,0.003513,0.019864,0.004679,346,0.000000,0.000000,0.147966,0.945177,0.025752,-0.103382,0.147966,0.042644,0.732766,0.011746,0.945177,0.732766,17.507592,17.259658,-548.541870,85.673477,-536.779785,108.387276,27.874951,27.100161,4.647172,120.651313,14.578436,39.589124,0.155695,7,0.706165,56.671883,2.177849,2.895786,368.34
20260716_185200,720.934,1,Left,8210,99.914738,0.000000,99.914738,1.839220,0.002120,0.013411,0.002683,336,0.000000,0.000000,0.199114,0.947794,0.025893,-0.114236,0.199114,0.027660,0.795206,0.030230,0.947794,0.795206,18.914973,17.259077,-479.910583,150.998093,-452.633362,142.837540,28.409175,27.481956,1.785261,148.470117,84.861937,58.678566,0.166017,0,0.708495,43.317156,2.013013,2.663996,285.44
20260716_185200,720.934,1,Right,8118,100.000000,0.000000,100.000000,1.773836,0.003511,0.019839,0.004676,347,0.000000,0.000000,0.147966,0.945177,0.025901,-0.103382,0.147966,0.042754,0.732744,0.011746,0.945177,0.732744,17.507939,17.259823,-469.644806,122.528809,-452.633362,142.837540,28.409175,27.481956,4.254817,120.579666,14.578436,39.515283,0.155633,7,0.708495,43.317156,2.013013,2.663996,285.44
20260716_185200,725.935,1,Left,8268,99.915336,0.000000,99.915336,1.826318,0.002121,0.013369,0.002674,338,0.000000,0.000000,0.199114,0.947794,0.025893,-0.114236,0.199114,0.027648,0.795148,0.030230,0.947794,0.795148,18.914624,17.259303,-388.964661,169.954056,-364.340912,155.086014,26.151698,27.109988,1.613989,148.291975,84.861937,58.500373,0.165738,0,0.685175,98.598795,2.438381,3.810983,245.32
20260716_185200,725.935,1,Right,8175,100.000000,0.000000,100.000000,1.761468,0.003511,0.019865,0.004681,350,0.000000,0.000000,0.147966,0.945177,0.025908,-0.103382,0.147966,0.042912,0.732390,0.011746,0.945177,0.732390,17.505638,17.260033,-388.017761,145.737442,-364.340912,155.086014,26.151698,27.109988,6.400453,120.438454,14.578436,39.373052,0.155440,7,0.685175,98.598795,2.438381,3.810983,245.32
20260716_185200,730.946,1,Left,8326,99.915926,0.000000,99.915926,1.813596,0.002115,0.013332,0.002665,341,0.000000,0.000000,0.199114,0.947794,0.025861,-0.114236,0.199114,0.027603,0.795023,0.030230,0.947794,0.795023,18.913476,17.259501,-295.237122,164.878998,-274.344360,144.927795,29.670766,28.262892,1.114207,148.114957,84.861937,58.323304,0.165434,0,0.696464,14.301126,2.214302,3.257389,345.35
20260716_185200,730.946,1,Right,8232,100.000000,0.000000,100.000000,1.761419,0.003525,0.019856,0.004694,352,0.000000,0.000000,0.147966,0.945177,0.025683,-0.103382,0.147966,0.042981,0.732756,0.011746,0.945177,0.732756,17.510118,17.260225,-299.090485,132.621826,-274.344360,144.927795,29.670766,28.262892,5.530850,120.408456,14.578436,39.340874,0.155481,7,0.696464,14.301126,2.214302,3.257389,345.35
20260716_185200,735.952,1,Left,8383,99.916498,0.000000,99.916498,1.896696,0.002129,0.013458,0.002732,345,0.000000,0.000000,0.199114,0.947794,0.025780,-0.114236,0.199114,0.027638,0.794726,0.030230,0.947794,0.794726,18.906600,17.259783,-210.462555,139.926941,-190.685257,113.137764,28.505561,30.766971,4.043704,148.171701,84.861937,58.379999,0.165581,0,0.634893,57.607096,2.333070,4.063601,373.49
20260716_185200,735.952,1,Right,8288,100.000000,0.000000,100.000000,1.846042,0.003545,0.019967,0.004700,353,0.000000,0.000000,0.147966,0.945177,0.026030,-0.103382,0.147966,0.043211,0.732492,0.011746,0.945177,0.732492,17.505906,17.260502,-218.601898,117.367622,-190.685257,113.137764,28.505561,30.766971,5.760817,120.302504,14.578436,39.234828,0.155460,7,0.634893,57.607096,2.333070,4.063601,373.49
20260716_185200,740.962,1,Left,8438,99.917042,0.000000,99.917042,1.919886,0.002133,0.013501,0.002725,346,0.000000,0.000000,0.199114,0.947794,0.025904,-0.114236,0.199114,0.027750,0.795010,0.030230,0.947794,0.795010,18.909854,17.259950,-124.887825,94.480240,-116.653595,60.966152,33.241992,31.266437,5.024167,148.395456,84.861937,58.603708,0.165997,0,0.728723,70.540874,0.779581,3.931858,272.71
20260716_185200,740.962,1,Right,8343,100.000000,0.000000,100.000000,1.881817,0.003549,0.020012,0.004705,354,0.000000,0.000000,0.147966,0.945177,0.025712,-0.103382,0.147966,0.043151,0.732826,0.011746,0.945177,0.732826,17.511590,17.260666,-144.605759,62.944073,-116.653595,60.966152,33.241992,31.266437,4.597419,120.387085,14.578436,39.317348,0.155648,7,0.728723,70.540874,0.779581,3.931858,272.71
20260716_185200,745.974,1,Left,8494,99.917589,0.000000,99.917589,1.942548,0.002136,0.013627,0.002729,350,0.000000,0.000000,0.199114,0.947794,0.025853,-0.114236,0.199114,0.027687,0.795012,0.030230,0.947794,0.795012,18.909285,17.260131,-61.007946,26.469322,-58.776196,-6.826105,33.662530,34.446522,3.374612,148.573834,84.861937,58.782039,0.166263,0,0.679476,98.312480,3.031269,3.990789,328.40
20260716_185200,745.974,1,Right,8399,100.000000,0.000000,100.000000,1.881176,0.003558,0.020121,0.004723,363,0.000000,0.000000,0.147966,0.945177,0.026034,-0.103382,0.147966,0.043362,0.732228,0.011746,0.945177,0.732228,17.499840,17.260845,-89.308022,11.331109,-58.776196,-6.826105,33.662530,34.446522,6.032510,120.463260,14.578436,39.414837,0.155934,7,0.679476,98.312480,3.031269,3.990789,328.40
20260716_185200,750.978,1,Left,8548,99.918109,0.000000,99.918109,2.035564,0.002143,0.013770,0.002728,352,0.000000,0.000000,0.199114,0.947794,0.025822,-0.114236,0.199114,0.027644,0.794887,0.030230,0.947794,0.794887,18.906128,17.260442,-13.734580,-52.162495,-19.093792,-87.441734,33.243901,32.809511,5.833004,148.761876,84.861937,58.970036,0.166547,0,0.755502,81.498987,1.464563,3.599683,269.07
20260716_185200,750.978,1,Right,8453,100.000000,0.000000,100.000000,1.892819,0.003568,0.020157,0.004726,364,0.000000,0.000000,0.147966,0.945177,0.025788,-0.103382,0.147966,0.043417,0.732706,0.011746,0.945177,0.732706,17.508698,17.261155,-43.087902,-69.542297,-19.093792,-87.441734,33.243901,32.809511,2.202091,120.675941,14.578436,39.625398,0.156406,7,0.755502,81.498987,1.464563,3.599683,269.07
20260716_185200,755.983,1,Left,8604,99.918642,0.000000,99.918642,2.068805,0.002147,0.013803,0.002728,354,0.000000,0.000000,0.199114,0.947794,0.025871,-0.114236,0.199114,0.027681,0.795199,0.030230,0.947794,0.795199,18.909900,17.260724,15.539616,-145.417770,-0.524118,-176.450928,33.319326,33.676251,5.073304,148.986571,84.861937,59.194686,0.166938,0,0.699840,89.227885,2.724660,3.506672,364.15
20260716_185200,755.983,1,Right,8508,100.000000,0.000000,100.000000,1.951105,0.003560,0.020263,0.004726,366,0.000000,0.000000,0.147966,0.945177,0.025937,-0.103382,0.147966,0.043452,0.732367,0.011746,0.945177,0.732367,17.504022,17.261433,-16.920204,-148.496262,-0.524118,-176.450928,33.319326,33.676251,3.339435,120.646126,14.578436,39.593452,0.156416,7,0.699840,89.227885,2.724660,3.506672,364.15
20260716_185200,760.990,1,Left,8663,99.919197,0.000000,99.919197,2.054715,0.002140,0.013766,0.002722,357,0.000000,0.000000,0.199114,0.947794,0.025858,-0.114236,0.199114,0.027656,0.795453,0.030230,0.947794,0.795453,18.914070,17.260881,16.581347,-242.703217,-4.723679,-266.563568,30.388356,29.447657,2.273061,149.148912,84.861937,59.356980,0.167208,0,0.806406,2.797391,1.064490,2.462419,249.10
20260716_185200,760.990,1,Right,8565,100.000000,0.000000,100.000000,1.938120,0.003555,0.020214,0.004726,368,0.000000,0.000000,0.147966,0.945177,0.025811,-0.103382,0.147966,0.043261,0.732932,0.011746,0.945177,0.732932,17.512006,17.261583,-15.680477,-241.987930,-4.723679,-266.563568,30.388356,29.447657,3.608838,120.806376,14.578436,39.751522,0.156614,7,0.806406,2.797391,1.064490,2.462419,249.10
20260716_185200,765.990,1,Left,8717,99.919697,0.000000,99.919697,2.041987,0.002139,0.013807,0.002724,361,0.000000,0.000000,0.199114,0.947794,0.025842,-0.114236,0.199114,0.027629,0.795461,0.030230,0.947794,0.795461,18.915705,17.261053,-6.754000,-335.108826,-31.046421,-352.474487,26.762407,26.333977,0.218832,149.211781,84.861937,59.419806,0.167321,0,0.732610,90.334155,2.477501,4.167334,215.24
20260716_185200,765.990,1,Right,8619,100.000000,0.000000,100.000000,1.925977,0.003555,0.020268,0.004718,373,0.000000,0.000000,0.147966,0.945177,0.025962,-0.103382,0.147966,0.043303,0.733077,0.011746,0.945177,0.733077,17.516000,17.261752,-33.866581,-329.842712,-31.194323,-352.803070,26.762407,26.333977,7.214715,120.797895,14.578436,39.741003,0.156668,7,0.732610,90.334155,2.477501,4.167334,215.24
20260716_185200,770.993,1,Left,8772,99.920201,0.000000,99.920201,2.029184,0.002139,0.013792,0.002729,364,0.000000,0.000000,0.199114,0.947794,0.025906,-0.114236,0.199114,0.027681,0.795450,0.030230,0.947794,0.795450,18.915784,17.261203,-48.145924,-419.775055,-77.375816,-428.626678,28.359480,27.276924,2.627146,149.170164,84.861937,59.378145,0.167340,0,0.666629,52.653095,2.691745,3.811010,220.87
20260716_185200,770.993,1,Right,8673,100.000000,0.000000,100.000000,1.913986,0.003549,0.020296,0.004717,377,0.000000,0.000000,0.147966,0.945177,0.025872,-0.103382,0.147966,0.043183,0.732781,0.011746,0.945177,0.732781,17.513577,17.261897,-74.722557,-404.760620,-77.375816,-428.626678,28.359480,27.276924,6.055535,120.698571,14.578436,39.639665,0.156355,7,0.666629,52.653095,2.691745,3.811010,220.87
20260716_185200,775.996,1,Left,8830,99.920725,0.000000,99.920725,2.015855,0.002141,0.013764,0.002729,365,0.000000,0.000000,0.199114,0.947794,0.025840,-0.114236,0.199114,0.027622,0.795436,0.030230,0.947794,0.795436,18.915659,17.261418,-112.555275,-489.449890,-142.143204,-491.933563,33.946614,32.952303,1.320626,149.113581,84.861937,59.321517,0.167274,0,0.791607,98.365238,1.696549,3.778672,346.32
20260716_185200,775.996,1,Right,8731,100.000000,0.000000,100.000000,1.901271,0.003549,0.020311,0.004731,381,0.000000,0.000000,0.147966,0.945177,0.025947,-0.103382,0.147966,0.043185,0.732454,0.011746,0.945177,0.732454,17.499960,17.262111,-129.763428,-457.902771,-142.143204,-491.933563,33.946614,32.952303,6.410230,120.865461,14.578436,39.814542,0.156576,7,0.791607,98.365238,1.696549,3.778672,346.32
20260716_185200,781.004,1,Left,8885,99.921216,0.000000,99.921216,2.037141,0.002141,0.013820,0.002731,367,0.000000,0.000000,0.199114,0.947794,0.025840,-0.114236,0.199114,0.027610,0.795347,0.030230,0.947794,0.795347,18.914933,17.261575,-190.005539,-541.533813,-219.996353,-536.794067,28.428093,28.039500,1.068557,149.090926,84.861937,59.298820,0.167287,0,0.810384,44.622422,1.678989,2.549854,233.46
20260716_185200,781.004,1,Right,8786,100.000000,0.000000,100.000000,1.889369,0.003544,0.020227,0.004722,382,0.000000,0.000000,0.147966,0.945177,0.025826,-0.103382,0.147966,0.043168,0.732792,0.011746,0.945177,0.732792,17.509439,17.262266,-204.569687,-516.219116,-219.996353,-536.794067,28.428093,28.039500,4.285260,120.984774,14.578436,39.931795,0.156820,7,0.810384,44.622422,1.678989,2.549854,233.46
20260716_185200,786.016,1,Left,8941,99.921709,0.000000,99.921709,2.024382,0.002140,0.013785,0.002727,370,0.000000,0.000000,0.199114,0.947794,0.025883,-0.114236,0.199114,0.027643,0.795314,0.030230,0.947794,0.795314,18.915905,17.261732,-279.143036,-573.245911,-306.177368,-560.924438,29.821981,28.282937,1.650310,149.011060,84.861937,59.218912,0.167230,0,0.672872,12.672366,1.954753,3.029995,281.65
20260716_185200,786.016,1,Right,8841,100.000000,0.000000,100.000000,1.877616,0.003541,0.020185,0.004717,384,0.000000,0.000000,0.147966,0.945177,0.025872,-0.103382,0.147966,0.043295,0.732822,0.011746,0.945177,0.732822,17.511048,17.262418,-287.664703,-541.468628,-306.177368,-560.924438,29.821981,28.282937,4.981876,120.899535,14.578436,39.844520,0.156759,7,0.672872,12.672366,1.954753,3.029995,281.65
20260716_185200,791.023,1,Left,8994,99.922170,0.000000,99.922170,2.012453,0.002137,0.013733,0.002721,371,0.000000,0.000000,0.199114,0.947794,0.025874,-0.114236,0.199114,0.027623,0.795351,0.030230,0.947794,0.795351,18.916995,17.261884,-373.702148,-580.735229,-396.006104,-563.014465,26.911814,27.794852,2.062499,148.906185,84.861937,59.113998,0.167092,0,0.715125,78.519306,2.104307,3.306243,371.74
20260716_185200,791.023,1,Right,8894,100.000000,0.000000,100.000000,1.866427,0.003544,0.020138,0.004724,385,0.000000,0.000000,0.147966,0.945177,0.026026,-0.103382,0.147966,0.043432,0.732712,0.011746,0.945177,0.732712,17.507021,17.262568,-369.857574,-555.885132,-396.006104,-563.014465,26.911814,27.794852,5.342269,120.798345,14.578436,39.741392,0.156648,7,0.715125,78.519306,2.104307,3.306243,371.74
20260716_185200,796.032,1,Left,9054,99.922686,0.000000,99.922686,1.999116,0.002131,0.013706,0.002715,373,0.000000,0.000000,0.199114,0.947794,0.025848,-0.114236,0.199114,0.027586,0.795178,0.030230,0.947794,0.795178,18.915015,17.262076,-465.705811,-564.962585,-484.230682,-542.544922,27.812762,26.945098,0.930559,148.741159,84.861937,58.948927,0.166820,0,0.708480,60.296572,2.231901,3.419084,281.42
20260716_185200,796.032,1,Right,8953,100.000000,0.000000,100.000000,1.854127,0.003546,0.020070,0.004720,388,0.000000,0.000000,0.147966,0.945177,0.025809,-0.103382,0.147966,0.043326,0.732882,0.011746,0.945177,0.732882,17.513343,17.262755,-460.325928,-535.908386,-484.230682,-542.544922,27.812762,26.945098,5.848459,120.737565,14.578436,39.678482,0.156478,7,0.708480,60.296572,2.231901,3.419084,281.42
20260716_185200,801.039,1,Left,9111,99.923170,0.000000,99.923170,1.986610,0.002128,0.013650,0.002708,375,0.000000,0.000000,0.199114,0.947794,0.025853,-0.114236,0.199114,0.027579,0.795144,0.030230,0.947794,0.795144,18.915304,17.262214,-552.402405,-527.140869,-564.258301,-500.909302,28.492034,27.873183,1.346545,148.584352,84.861937,58.792079,0.166579,0,0.770667,39.880823,1.590162,2.130187,250.90
20260716_185200,801.039,1,Right,9010,100.000000,0.000000,100.000000,1.842397,0.003547,0.020019,0.004720,389,0.000000,0.000000,0.147966,0.945177,0.025942,-0.103382,0.147966,0.043415,0.732728,0.011746,0.945177,0.732728,17.510900,17.262890,-537.305481,-501.529541,-564.258301,-500.909302,28.492034,27.873183,3.435100,120.669532,14.578436,39.608417,0.156420,7,0.770667,39.880823,1.590162,2.130187,250.90
20260716_185200,806.047,1,Left,9169,99.923656,0.000000,99.923656,1.974043,0.002123,0.013592,0.002698,377,0.000000,0.000000,0.199114,0.947794,0.025846,-0.114236,0.199114,0.027561,0.795094,0.030230,0.947794,0.795094,18.915121,17.262373,-625.932800,-468.945709,-631.186157,-440.957367,27.507933,28.532231,1.541136,148.419502,84.861937,58.627187,0.166314,0,0.813328,64.660518,1.209055,2.511777,274.62
20260716_185200,806.047,1,Right,9068,100.000000,0.000000,100.000000,1.830613,0.003543,0.019985,0.004715,390,0.000000,0.000000,0.147966,0.945177,0.025910,-0.103382,0.147966,0.043431,0.732477,0.011746,0.945177,0.732477,17.506320,17.263047,-605.574768,-453.657532,-631.186157,-440.957367,27.507933,28.532231,4.068411,120.574493,14.578436,39.511337,0.156247,7,0.813328,64.660518,1.209055,2.511777,274.62
20260716_185200,811.051,1,Left,9226,99.924127,0.000000,99.924127,1.961847,0.002116,0.013542,0.002691,380,0.000000,0.000000,0.199114,0.947794,0.025883,-0.114236,0.199114,0.027588,0.795009,0.030230,0.947794,0.795009,18.915260,17.262537,-683.172729,-394.820557,-681.021118,-366.620789,29.045374,27.754506,1.824219,148.261260,84.861937,58.468905,0.166074,0,0.678315,29.222804,2.250654,3.046926,359.84
20260716_185200,811.051,1,Right,9123,100.000000,0.000000,100.000000,1.819577,0.003547,0.019917,0.004722,392,0.000000,0.000000,0.147966,0.945177,0.025747,-0.103382,0.147966,0.043456,0.732734,0.011746,0.945177,0.732734,17.512236,17.263204,-656.329834,-378.095337,-681.021118,-366.620789,29.045374,27.754506,4.952121,120.541348,14.578436,39.476280,0.156238,7,0.678315,29.222804,2.250654,3.046926,359.84
20260716_185200,816.051,1,Left,9287,99.924626,0.000000,99.924626,1.948961,0.002111,0.013488,0.002683,382,0.000000,0.000000,0.199114,0.947794,0.025885,-0.114236,0.199114,0.027579,0.794961,0.030230,0.947794,0.794961,18.915193,17.262685,-720.501099,-308.256042,-711.133728,-281.584473,27.224890,27.477336,1.950846,148.096675,84.861937,58.304277,0.165816,0,0.766795,69.491573,1.678975,2.454388,287.06
20260716_185200,816.051,1,Right,9184,100.000000,0.000000,100.000000,1.807491,0.003545,0.019856,0.004718,393,0.000000,0.000000,0.147966,0.945177,0.026032,-0.103382,0.147966,0.043624,0.732692,0.011746,0.945177,0.732692,17.510478,17.263349,-694.431335,-302.397217,-711.133728,-281.584473,27.224890,27.477336,3.777071,120.418074,14.578436,39.350913,0.156085,7,0.766795,69.491573,1.678975,2.454388,287.06
20260716_185200,821.062,1,Left,9346,99.925102,0.000000,99.925102,1.936657,0.002106,0.013439,0.002674,384,0.000000,0.000000,0.199114,0.947794,0.025880,-0.114236,0.199114,0.027563,0.794880,0.030230,0.947794,0.794880,18.914296,17.262833,-734.855042,-214.746262,-719.132935,-191.011475,25.736911,25.785991,1.694452,147.925969,84.861937,58.133530,0.165526,0,0.677114,109.250574,2.770999,4.172588,206.30
20260716_185200,821.062,1,Right,9241,100.000000,0.000000,100.000000,1.796342,0.003550,0.019784,0.004720,394,0.000000,0.000000,0.147966,0.945177,0.025839,-0.103382,0.147966,0.043663,0.732715,0.011746,0.945177,0.732715,17.514896,17.263486,-709.369324,-211.949158,-719.132935,-191.011475,25.736911,25.785991,7.025689,120.303103,14.578436,39.234011,0.155864,7,0.677114,109.250574,2.770999,4.172588,206.30
20260716_185200,826.069,1,Left,9400,99.925532,0.000000,99.925532,1.925532,0.002102,0.013398,0.002666,385,0.000000,0.000000,0.199114,0.947794,0.025868,-0.114236,0.199114,0.027542,0.794804,0.030230,0.947794,0.794804,18.914038,17.263107,-725.635620,-121.130539,-704.390686,-102.013588,29.365511,28.260065,1.628316,147.766397,84.861937,57.973921,0.165242,0,0.721940,19.735339,1.784770,2.394980,233.07
20260716_185200,826.069,1,Right,9295,100.000000,0.000000,100.000000,1.785906,0.003556,0.019763,0.004729,396,0.000000,0.000000,0.147966,0.945177,0.025839,-0.103382,0.147966,0.043803,0.732675,0.011746,0.945177,0.732675,17.513732,17.263759,-694.880554,-128.285614,-704.390686,-102.013588,29.365511,28.260065,3.815282,120.202419,14.578436,39.131520,0.155757,7,0.721940,19.735339,1.784770,2.394980,233.07
20260716_185200,831.069,1,Left,9456,99.925973,0.000000,99.925973,1.935279,0.002103,0.013428,0.002665,388,0.000000,0.000000,0.199114,0.947794,0.025878,-0.114236,0.199114,0.027541,0.794685,0.030230,0.947794,0.794685,18.913413,17.263255,-694.609070,-33.640114,-668.356140,-20.093231,26.965348,27.656601,1.119053,147.643680,84.861937,57.851167,0.165068,0,0.731087,79.482362,2.172698,3.263440,235.94
20260716_185200,831.069,1,Right,9349,100.000000,0.000000,100.000000,1.775591,0.003555,0.019744,0.004722,397,0.000000,0.000000,0.147966,0.945177,0.025982,-0.103382,0.147966,0.043863,0.732691,0.011746,0.945177,0.732691,17.513620,17.263900,-671.997070,-45.605865,-668.356140,-20.093231,26.965348,27.656601,5.540562,120.101608,14.578436,39.028923,0.155595,7,0.731087,79.482362,2.172698,3.263440,235.94
20260716_185200,836.072,1,Left,9514,99.926424,0.000000,99.926424,1.923481,0.002098,0.013376,0.002658,389,0.000000,0.000000,0.199114,0.947794,0.025876,-0.114236,0.199114,0.027530,0.794703,0.030230,0.947794,0.794703,18.914356,17.263405,-640.819946,43.627289,-613.227661,50.407146,27.410200,26.624840,1.695786,147.531658,84.861937,57.739106,0.164912,0,0.690412,68.522652,2.394686,3.360220,266.53
20260716_185200,836.072,1,Right,9406,100.000000,0.000000,100.000000,1.764831,0.003552,0.019741,0.004719,398,0.000000,0.000000,0.147966,0.945177,0.025832,-0.103382,0.147966,0.043703,0.732729,0.011746,0.945177,0.732729,17.517684,17.264045,-617.817505,25.998293,-613.227661,50.407146,27.410200,26.624840,5.567543,120.034862,14.578436,38.960313,0.155346,7,0.690412,68.522652,2.394686,3.360220,266.53
20260716_185200,841.077,1,Left,9572,99.926870,0.000000,99.926870,1.911826,0.002091,0.013347,0.002650,392,0.000000,0.000000,0.199114,0.947794,0.025895,-0.114236,0.199114,0.027539,0.794594,0.030230,0.947794,0.794594,18.913539,17.263583,-570.149475,105.912857,-541.480530,105.678596,28.282991,27.598224,1.418831,147.383130,84.861937,57.590539,0.164677,0,0.749129,45.495268,1.785764,2.431817,228.29
20260716_185200,841.077,1,Right,9462,100.000000,0.000000,100.000000,1.754386,0.003550,0.019714,0.004717,399,0.000000,0.000000,0.147966,0.945177,0.025920,-0.103382,0.147966,0.043726,0.732620,0.011746,0.945177,0.732620,17.515634,17.264208,-552.948608,81.759132,-541.480530,105.678596,28.282991,27.598224,3.965869,120.013267,14.578436,38.936909,0.155347,7,0.749129,45.495268,1.785764,2.431817,228.29
20260716_185200,846.089,1,Left,9628,99.927295,0.000000,99.927295,1.900706,0.002087,0.013305,0.002643,394,0.000000,0.000000,0.199114,0.947794,0.025899,-0.114236,0.199114,0.027533,0.794569,0.030230,0.947794,0.794569,18.913807,17.263696,-487.241699,148.375977,-459.940674,140.795441,25.972268,26.410026,1.920643,147.237348,84.861937,57.444721,0.164440,0,0.683864,101.553685,2.473971,3.713911,329.66
20260716_185200,846.089,1,Right,9516,100.000000,0.000000,100.000000,1.744430,0.003544,0.019668,0.004709,402,0.000000,0.000000,0.147966,0.945177,0.025901,-0.103382,0.147966,0.043689,0.732509,0.011746,0.945177,0.732509,17.515288,17.264314,-478.518250,124.844116,-459.940674,140.795441,25.972268,26.410026,6.139261,119.925407,14.578436,38.847324,0.155135,7,0.683864,101.553685,2.473971,3.713911,329.66
20260716_185200,851.101,1,Left,9683,99.927708,0.000000,99.927708,1.889910,0.002085,0.013271,0.002639,395,0.000000,0.000000,0.199114,0.947794,0.025876,-0.114236,0.199114,0.027501,0.794473,0.030230,0.947794,0.794473,18.912989,17.263849,-395.711823,169.077805,-370.845428,154.937927,28.305635,26.980347,1.613932,147.092507,84.861937,57.299845,0.164191,0,0.646733,49.550863,2.559496,3.626675,262.64
20260716_185200,851.101,1,Right,9569,100.000000,0.000000,100.000000,1.734769,0.003543,0.019634,0.004707,404,0.000000,0.000000,0.147966,0.945177,0.025815,-0.103382,0.147966,0.043694,0.732592,0.011746,0.945177,0.732592,17.517693,17.264462,-390.242340,138.608612,-370.845428,154.937927,28.305635,26.980347,6.070712,119.832969,14.578436,38.753213,0.154947,7,0.646733,49.550863,2.559496,3.626675,262.64
20260716_185200,856.105,1,Left,9738,99.928117,0.000000,99.928117,1.889505,0.002087,0.013283,0.002633,397,0.000000,0.000000,0.199114,0.947794,0.025870,-0.114236,0.199114,0.027486,0.794363,0.030230,0.947794,0.794363,18.912615,17.264069,-302.133820,165.581772,-281.031677,146.486404,27.402866,28.613835,1.547658,146.960179,84.861937,57.167482,0.163987,0,0.811580,68.184857,1.118853,2.614556,263.11
20260716_185200,856.105,1,Right,9623,100.000000,0.000000,100.000000,1.745817,0.003545,0.019713,0.004702,405,0.000000,0.000000,0.147966,0.945177,0.026002,-0.103382,0.147966,0.043781,0.732282,0.011746,0.945177,0.732282,17.511399,17.264679,-309.395599,141.679611,-281.031677,146.486404,27.402866,28.613835,4.255873,119.697837,14.578436,38.627865,0.154748,7,0.811580,68.184857,1.118853,2.614556,263.11
20260716_185200,861.114,1,Left,9790,99.928498,0.000000,99.928498,1.940756,0.002092,0.013348,0.002645,402,0.000000,0.000000,0.199114,0.947794,0.025911,-0.114236,0.199114,0.027518,0.794190,0.030230,0.947794,0.794190,18.909871,17.264246,-214.401108,142.216095,-196.781433,116.297798,31.311978,29.844942,1.427463,146.917355,84.861937,57.124625,0.163964,0,0.741275,27.249482,1.498903,3.392355,354.73
20260716_185200,861.114,1,Right,9675,100.000000,0.000000,100.000000,1.746770,0.003540,0.019767,0.004701,408,0.000000,0.000000,0.147966,0.945177,0.025776,-0.103382,0.147966,0.043645,0.732670,0.011746,0.945177,0.732670,17.516343,17.264856,-224.286041,109.427681,-196.781433,116.297798,31.311978,29.844942,5.699699,119.811241,14.578436,38.741518,0.154902,7,0.741275,27.249482,1.498903,3.392355,354.73
20260716_185200,866.127,1,Left,9849,99.928927,0.000000,99.928927,1.990050,0.002095,0.013500,0.002653,404,0.000000,0.000000,0.199114,0.947794,0.025881,-0.114236,0.199114,0.027500,0.794093,0.030230,0.947794,0.794093,18.907346,17.264401,-132.223969,99.076187,-121.497650,65.309677,31.099219,30.701401,5.468985,147.026461,84.861937,57.233694,0.164166,0,0.829498,9.854909,1.929052,3.928812,261.60
20260716_185200,866.127,1,Right,9733,100.000000,0.000000,100.000000,1.756909,0.003553,0.019759,0.004705,409,0.000000,0.000000,0.147966,0.945177,0.025994,-0.103382,0.147966,0.043766,0.732730,0.011746,0.945177,0.732730,17.516796,17.265001,-146.893936,70.755280,-121.497650,65.309677,31.099219,30.701401,4.049307,119.852648,14.578436,38.781076,0.155151,7,0.829498,9.854909,1.929052,3.928812,261.60
20260716_185200,871.131,1,Left,9906,99.929336,0.000000,99.929336,2.008884,0.002096,0.013575,0.002650,407,0.000000,0.000000,0.199114,0.947794,0.025864,-0.114236,0.199114,0.027474,0.794188,0.030230,0.947794,0.794188,18.908482,17.264561,-64.499336,31.464132,-61.592300,-2.616351,28.695329,28.437691,4.215429,147.196276,84.861937,57.403475,0.164434,0,0.766590,62.287396,2.165672,4.905093,284.63
20260716_185200,871.131,1,Right,9789,100.000000,0.000000,100.000000,1.767290,0.003570,0.019846,0.004723,413,0.000000,0.000000,0.147966,0.945177,0.025899,-0.107782,0.147966,0.043761,0.732694,0.011746,0.945177,0.732694,17.520279,17.265158,-81.700256,7.855068,-61.592300,-2.616351,28.695329,28.437691,7.376312,119.827633,14.578436,38.755301,0.155120,7,0.766590,62.287396,2.165672,4.905093,284.63
20260716_185200,876.136,1,Left,9963,99.929740,0.000000,99.929740,2.097762,0.002102,0.013775,0.002665,409,0.000000,0.000000,0.199114,0.947794,0.025833,-0.114236,0.199114,0.027434,0.793939,0.030230,0.947794,0.793939,18.902808,17.264709,-16.010700,-42.071350,-20.902229,-82.326691,41.439916,41.682667,10.710953,147.429139,84.861937,57.636303,0.164748,0,0.479011,352.599625,6.994651,9.664113,367.57
20260716_185200,876.136,1,Right,9845,99.989843,0.000000,99.989843,1.848654,0.003589,0.019986,0.004731,417,0.000000,0.000000,0.147966,0.945177,0.025959,-0.107782,0.147966,0.043790,0.732127,0.011746,0.945177,0.732127,17.502680,17.265302,-54.568298,-55.876263,-20.902229,-82.326691,41.439916,41.682667,12.863154,120.219415,14.578436,39.148802,0.155601,7,0.479011,352.599625,6.994651,9.664113,367.57
20260716_185200,881.144,1,Left,10016,99.930112,0.000000,99.930112,2.086661,0.002127,0.013752,0.002703,414,0.000000,0.000000,0.199114,0.947794,0.025907,-0.114236,0.199114,0.027521,0.794415,0.030230,0.947794,0.794415,18.908373,17.264813,16.831877,-135.561279,-1.061742,-170.328568,36.915510,35.234375,9.263629,147.913880,84.861937,58.121012,0.165342,0,0.682014,181.701343,2.309472,5.698311,327.48
20260716_185200,881.144,1,Right,9898,99.989897,0.000000,99.989897,1.858961,0.003590,0.019985,0.004723,418,0.000000,0.000000,0.147966,0.945177,0.025807,-0.107782,0.147966,0.043711,0.732583,0.011746,0.945177,0.732583,17.512358,17.265404,-21.837814,-146.828690,-1.061742,-170.328568,36.915510,35.234375,3.405498,120.770033,14.578436,39.697762,0.156221,7,0.682014,181.701343,2.309472,5.698311,327.48
20260716_185200,886.155,1,Left,10073,99.930507,0.000000,99.930507,2.074854,0.002123,0.013748,0.002698,417,0.000000,0.000000,0.199114,0.947794,0.025898,-0.114236,0.199114,0.027502,0.794799,0.030230,0.947794,0.794799,18.913086,17.264932,18.960880,-234.294006,-3.722350,-260.499756,31.732250,30.662834,4.811669,148.289150,84.861937,58.496248,0.165793,0,0.798766,30.962173,1.255710,3.516915,271.81
20260716_185200,886.155,1,Right,9954,99.989954,0.000000,99.989954,1.848503,0.003595,0.019974,0.004717,419,0.000000,0.000000,0.147966,0.945177,0.025912,-0.107782,0.147966,0.043728,0.732776,0.011746,0.945177,0.732776,17.516312,17.265520,-14.852667,-236.267365,-3.722350,-260.499756,31.732250,30.662834,3.735495,120.938661,14.578436,39.864658,0.156592,7,0.798766,30.962173,1.255710,3.516915,271.81
20260716_185200,891.162,1,Left,10130,99.930898,0.000000,99.930898,2.073050,0.002122,0.013818,0.002698,421,0.000000,0.000000,0.199114,0.947794,0.025857,-0.114236,0.199114,0.027453,0.794891,0.030230,0.947794,0.794891,18.912858,17.265076,-0.634577,-326.523315,-28.716911,-347.178589,28.693186,27.794886,4.869568,148.460333,84.861937,58.667398,0.166023,0,0.724316,75.755882,2.795852,6.046126,223.46
20260716_185200,891.162,1,Right,10010,99.990010,0.000000,99.990010,1.858142,0.003585,0.020023,0.004712,421,0.000000,0.000000,0.147966,0.945177,0.025917,-0.107782,0.147966,0.043640,0.733017,0.011746,0.945177,0.733017,17.521434,17.265661,-31.124290,-326.589630,-28.716911,-347.178589,28.693186,27.794886,9.271150,121.003766,14.578436,39.928050,0.156687,7,0.724316,75.755882,2.795852,6.046126,223.46
20260716_185200,896.167,1,Left,10183,99.931258,0.000000,99.931258,2.072081,0.002122,0.013898,0.002699,425,0.000000,0.000000,0.199114,0.947794,0.025860,-0.114236,0.199114,0.027447,0.794953,0.030230,0.947794,0.794953,18.914454,17.265183,-41.840530,-410.462280,-73.378273,-423.493347,35.976727,35.958976,4.127320,148.566136,84.861937,58.773170,0.166214,0,0.688014,167.828554,3.492794,5.094337,355.09
20260716_185200,896.167,1,Right,10063,99.990063,0.000000,99.990063,1.898042,0.003589,0.020102,0.004722,425,0.000000,0.000000,0.147966,0.945177,0.025993,-0.107782,0.147966,0.043661,0.732397,0.011746,0.945177,0.732397,17.506089,17.265766,-68.307159,-386.041016,-73.378273,-423.493347,35.976727,35.958976,7.798849,121.149659,14.578436,40.078665,0.156902,7,0.688014,167.828554,3.492794,5.094337,355.09
20260716_185200,901.169,1,Left,10239,99.931634,0.000000,99.931634,2.060748,0.002123,0.013851,0.002694,427,0.000000,0.000000,0.199114,0.947794,0.025897,-0.114236,0.199114,0.027475,0.795167,0.030230,0.947794,0.795167,18.919014,17.265431,-106.945206,-485.210663,-137.274460,-488.182861,30.236933,29.291523,1.474307,148.632760,84.861937,58.839762,0.166387,0,0.796823,2.685181,1.013292,1.762658,305.48
20260716_185200,901.169,1,Right,10118,99.990117,0.000000,99.990117,1.897608,0.003588,0.020070,0.004716,426,0.000000,0.000000,0.147966,0.945177,0.025812,-0.107782,0.147966,0.043619,0.732736,0.011746,0.945177,0.732736,17.515281,17.266010,-128.574783,-461.454529,-137.274460,-488.182861,30.236933,29.291523,2.673446,121.340091,14.578436,40.267416,0.157238,7,0.796823,2.685181,1.013292,1.762658,305.48
20260716_185200,906.171,1,Left,10296,99.932012,0.000000,99.932012,2.049340,0.002115,0.013819,0.002685,430,0.000000,0.000000,0.199114,0.947794,0.025907,-0.114236,0.199114,0.027476,0.795204,0.030230,0.947794,0.795204,18.921131,17.265645,-186.501999,-538.361694,-214.020691,-534.220459,34.652786,34.644866,2.508527,148.574999,84.861937,58.781968,0.166338,0,0.631709,88.368949,3.222924,7.159286,268.88
20260716_185200,906.171,1,Right,10174,99.921368,0.000000,99.921368,2.014940,0.003605,0.020320,0.004713,427,0.000000,0.000000,0.147966,0.945177,0.026015,-0.107782,0.147966,0.043725,0.731808,0.011746,0.945177,0.731808,17.499437,17.266221,-185.960648,-503.697296,-214.020691,-534.220459,34.652786,34.644866,12.143864,121.396992,14.578436,40.322834,0.157469,7,0.631709,88.368949,3.222924,7.159286,268.88
20260716_185200,911.175,1,Left,10355,99.932400,0.000000,99.932400,2.037663,0.002111,0.013777,0.002680,431,0.000000,0.000000,0.199114,0.947794,0.025905,-0.114236,0.199114,0.027466,0.795078,0.030230,0.947794,0.795078,18.919998,17.265751,-274.458466,-571.315552,-300.817963,-560.081970,34.331350,31.992397,1.889148,148.438748,84.861937,58.645684,0.166133,0,0.702808,97.606377,2.735928,5.039213,263.91
20260716_185200,911.175,1,Right,10233,99.921822,0.000000,99.921822,2.003323,0.003593,0.020227,0.004702,428,0.000000,0.000000,0.147966,0.945177,0.025767,-0.107782,0.147966,0.043574,0.732655,0.011746,0.945177,0.732655,17.510635,17.266325,-278.691833,-532.536682,-300.817963,-560.081970,34.331350,31.992397,8.521276,121.898341,14.578436,40.822417,0.158058,7,0.702808,97.606377,2.735928,5.039213,263.91
20260716_185200,916.185,1,Left,10409,99.932751,0.000000,99.932751,2.027092,0.002109,0.013734,0.002673,433,0.000000,0.000000,0.199114,0.947794,0.025886,-0.114236,0.199114,0.027439,0.795033,0.030230,0.947794,0.795033,18.919705,17.265877,-367.112793,-579.711792,-389.689392,-563.603943,26.537430,26.929514,2.303740,148.304939,84.861937,58.511845,0.165914,0,0.755284,85.755144,1.803847,2.813248,221.00
20260716_185200,916.185,1,Right,10286,99.922224,0.000000,99.922224,1.993000,0.003588,0.020152,0.004693,429,0.000000,0.000000,0.147966,0.945177,0.025958,-0.107782,0.147966,0.043673,0.732806,0.011746,0.945177,0.732806,17.514553,17.266448,-365.387024,-554.016418,-389.689392,-563.603943,26.537430,26.929514,4.293701,121.925472,14.578436,40.847980,0.158237,7,0.755284,85.755144,1.803847,2.813248,221.00
20260716_185200,921.190,1,Left,10466,99.933117,0.000000,99.933117,2.016052,0.002107,0.013693,0.002668,436,0.000000,0.000000,0.199114,0.947794,0.025912,-0.114236,0.199114,0.027456,0.794922,0.030230,0.947794,0.794922,18.918977,17.265988,-460.697845,-566.469727,-478.367889,-544.654846,26.948029,26.334328,2.127496,148.151841,84.861937,58.358715,0.165673,0,0.690107,78.666667,2.506815,3.422760,269.87
20260716_185200,921.190,1,Right,10343,99.922653,0.000000,99.922653,1.991685,0.003580,0.020185,0.004686,431,0.000000,0.000000,0.147966,0.945177,0.025849,-0.107782,0.147966,0.043520,0.732695,0.011746,0.945177,0.732695,17.516518,17.266557,-454.431610,-538.999939,-478.367889,-544.654846,26.948029,26.334328,5.533499,121.847378,14.578436,40.768216,0.157972,7,0.690107,78.666667,2.506815,3.422760,269.87
20260716_185200,926.203,1,Left,10521,99.933466,0.000000,99.933466,2.005513,0.002103,0.013647,0.002661,437,0.000000,0.000000,0.199114,0.947794,0.025913,-0.114236,0.199114,0.027449,0.794877,0.030230,0.947794,0.794877,18.918762,17.266112,-546.458435,-530.300781,-558.001831,-505.142578,27.780875,26.975227,2.531506,148.012550,84.861937,58.219395,0.165441,0,0.695342,57.660871,2.232843,2.831807,246.99
20260716_185200,926.203,1,Right,10398,99.923062,0.000000,99.923062,1.981150,0.003575,0.020161,0.004684,434,0.000000,0.000000,0.147966,0.945177,0.025880,-0.107782,0.147966,0.043503,0.732666,0.011746,0.945177,0.732666,17.515127,17.266680,-531.732910,-504.863434,-558.001831,-505.142578,27.780875,26.975227,4.201056,121.817740,14.578436,40.736984,0.157933,7,0.695342,57.660871,2.232843,2.831807,246.99
20260716_185200,931.210,1,Left,10579,99.933831,0.000000,99.933831,1.994517,0.002100,0.013610,0.002656,439,0.000000,0.000000,0.199114,0.947794,0.025916,-0.114236,0.199114,0.027444,0.794809,0.030230,0.947794,0.794809,18.918152,17.266288,-622.711426,-473.431244,-626.972717,-445.722473,26.001760,25.834204,2.609139,147.867837,84.861937,58.074650,0.165209,0,0.646538,101.143446,2.947008,4.043015,256.72
20260716_185200,931.210,1,Right,10456,99.923489,0.000000,99.923489,1.970161,0.003564,0.020114,0.004674,435,0.000000,0.000000,0.147966,0.945177,0.025914,-0.107782,0.147966,0.043454,0.732729,0.011746,0.945177,0.732729,17.515919,17.266855,-604.860840,-454.066650,-626.972717,-445.722473,26.001760,25.834204,6.498485,121.717533,14.578436,40.635115,0.157697,7,0.646538,101.143446,2.947008,4.043015,256.72
20260716_185200,936.215,1,Left,10635,99.934180,0.000000,99.934180,2.002821,0.002099,0.013640,0.002654,441,0.000000,0.000000,0.199114,0.947794,0.025875,-0.114236,0.199114,0.027395,0.794680,0.030230,0.947794,0.794680,18.915926,17.266406,-678.942444,-402.566467,-677.496704,-373.446564,28.307911,27.464829,0.964832,147.745081,84.861937,57.951865,0.164996,0,0.728257,46.847745,1.941339,2.861477,340.97
20260716_185200,936.215,1,Right,10511,99.923889,0.000000,99.923889,1.959852,0.003554,0.020115,0.004668,437,0.000000,0.000000,0.147966,0.945177,0.025870,-0.107782,0.147966,0.043352,0.732548,0.011746,0.945177,0.732548,17.514658,17.266969,-654.528931,-385.141632,-677.496704,-373.446564,28.307911,27.464829,4.861404,121.619310,14.578436,40.535333,0.157399,7,0.728257,46.847745,1.941339,2.861477,340.97
20260716_185200,941.226,1,Left,10694,99.934543,0.000000,99.934543,1.991771,0.002094,0.013594,0.002646,443,0.000000,0.000000,0.199114,0.947794,0.025886,-0.114236,0.199114,0.027398,0.794629,0.030230,0.947794,0.794629,18.916070,17.266573,-717.601990,-315.861969,-709.527405,-288.611572,27.614701,28.564520,1.579264,147.613922,84.861937,57.820675,0.164803,0,0.833799,61.772476,1.009882,2.278275,340.09
20260716_185200,941.226,1,Right,10569,99.924307,0.000000,99.924307,1.949096,0.003545,0.020137,0.004661,441,0.000000,0.000000,0.147966,0.945177,0.025960,-0.107782,0.147966,0.043352,0.732340,0.011746,0.945177,0.732340,17.508959,17.267134,-692.252747,-311.539886,-709.527405,-288.611572,27.614701,28.564520,3.616288,121.515904,14.578436,40.430300,0.157179,7,0.833799,61.772476,1.009882,2.278275,340.09
20260716_185200,946.229,1,Left,10750,99.934884,0.000000,99.934884,1.981395,0.002093,0.013550,0.002641,444,0.000000,0.000000,0.199114,0.947794,0.025909,-0.114236,0.199114,0.027412,0.794581,0.030230,0.947794,0.794581,18.916170,17.266694,-734.307068,-224.128418,-719.370544,-200.260544,27.587836,27.037568,1.984404,147.484697,84.861937,57.691420,0.164614,0,0.734036,61.960270,2.041487,2.710979,239.39
20260716_185200,946.229,1,Right,10625,99.924706,0.000000,99.924706,1.938824,0.003548,0.020079,0.004663,442,0.000000,0.000000,0.147966,0.945177,0.025826,-0.107782,0.147966,0.043282,0.732490,0.011746,0.945177,0.732490,17.512780,17.267253,-705.679077,-222.268082,-719.370544,-200.260544,27.587836,27.037568,4.255628,121.478039,14.578436,40.390881,0.157077,7,0.734036,61.960270,2.041487,2.710979,239.39
20260716_185200,951.240,1,Left,10808,99.935233,0.000000,99.935233,1.970762,0.002092,0.013518,0.002638,447,0.000000,0.000000,0.199114,0.947794,0.025890,-0.114236,0.199114,0.027386,0.794533,0.030230,0.947794,0.794533,18.915716,17.266807,-727.034790,-129.576584,-706.796326,-110.456177,27.001166,26.148221,2.292248,147.354248,84.861937,57.560942,0.164398,0,0.656301,78.186165,2.715928,3.692935,259.05
20260716_185200,951.240,1,Right,10682,99.925108,0.000000,99.925108,1.928478,0.003543,0.020046,0.004656,443,0.000000,0.000000,0.147966,0.945177,0.025930,-0.107782,0.147966,0.043344,0.732573,0.011746,0.945177,0.732573,17.515035,17.267363,-698.596375,-133.494690,-706.796326,-110.456177,27.001166,26.148221,5.971507,121.391366,14.578436,40.302643,0.156954,7,0.656301,78.186165,2.715928,3.692935,259.05
20260716_185200,956.252,1,Left,10870,99.935603,0.000000,99.935603,1.959522,0.002084,0.013472,0.002632,448,0.000000,0.000000,0.199114,0.947794,0.025894,-0.114236,0.199114,0.027381,0.794369,0.030230,0.947794,0.794369,18.913317,17.266915,-697.474915,-41.892845,-672.535583,-27.267616,26.931442,27.765023,1.093076,147.189729,84.861937,57.396390,0.164109,0,0.791716,78.670515,1.542046,2.716924,246.83
20260716_185200,956.252,1,Right,10743,99.925533,0.000000,99.925533,1.917528,0.003537,0.020060,0.004656,448,0.000000,0.000000,0.147966,0.945177,0.025933,-0.107782,0.147966,0.043369,0.732177,0.011746,0.945177,0.732177,17.509695,17.267468,-675.168945,-53.755711,-672.535583,-27.267616,26.931442,27.765023,4.577141,121.283811,14.578436,40.193432,0.156733,7,0.791716,78.670515,1.542046,2.716924,246.83
20260716_185200,961.258,1,Left,10931,99.935962,0.000000,99.935962,1.948587,0.002080,0.013426,0.002625,451,0.000000,0.000000,0.199114,0.947794,0.025893,-0.114236,0.199114,0.027371,0.794335,0.030230,0.947794,0.794335,18.913640,17.267058,-646.494690,36.711353,-619.216125,44.309895,28.564047,27.896022,1.725136,147.063529,84.861937,57.270160,0.163917,0,0.763804,37.751572,1.647640,2.118271,337.08
20260716_185200,961.258,1,Right,10803,99.925946,0.000000,99.925946,1.906878,0.003534,0.020011,0.004658,450,0.000000,0.000000,0.147966,0.945177,0.025819,-0.107782,0.147966,0.043298,0.732333,0.011746,0.945177,0.732333,17.511222,17.267608,-623.818176,17.223110,-619.216125,44.309895,28.564047,27.896022,3.238074,121.259216,14.578436,40.167226,0.156664,7,0.763804,37.751572,1.647640,2.118271,337.08
20260716_185200,966.259,1,Left,10988,99.936294,0.000000,99.936294,1.947579,0.002078,0.013429,0.002622,453,0.000000,0.000000,0.199114,0.947794,0.025881,-0.114236,0.199114,0.027352,0.794271,0.030230,0.947794,0.794271,18.912734,17.267193,-577.954834,100.506294,-549.010498,101.139366,26.952051,26.983739,1.099947,146.954157,84.861937,57.160760,0.163744,0,0.777099,78.554488,1.933440,2.972308,366.70
20260716_185200,966.259,1,Right,10859,99.926328,0.000000,99.926328,1.897044,0.003527,0.020005,0.004651,451,0.000000,0.000000,0.147966,0.945177,0.025950,-0.107782,0.147966,0.043339,0.732396,0.011746,0.945177,0.732396,17.512973,17.267738,-561.334534,79.369446,-549.010498,101.139366,26.952051,26.983739,5.029311,121.195834,14.578436,40.102356,0.156581,7,0.777099,78.554488,1.933440,2.972308,366.70
20260716_185200,971.263,1,Left,11043,99.936611,0.000000,99.936611,1.937879,0.002078,0.013408,0.002619,456,0.000000,0.000000,0.199114,0.947794,0.025904,-0.114236,0.199114,0.027367,0.794200,0.030230,0.947794,0.794200,18.912652,17.267276,-496.215454,144.603363,-468.582336,138.163971,25.948856,26.000352,1.692025,146.849299,84.861937,57.055875,0.163602,0,0.707583,103.110429,2.534350,3.850349,370.85
20260716_185200,971.263,1,Right,10913,99.926693,0.000000,99.926693,1.887657,0.003522,0.019960,0.004644,452,0.000000,0.000000,0.147966,0.945177,0.025857,-0.107782,0.147966,0.043256,0.732303,0.011746,0.945177,0.732303,17.513638,17.267817,-485.099976,121.269806,-468.582336,138.163971,25.948856,26.000352,6.450785,121.094772,14.578436,39.999875,0.156300,7,0.707583,103.110429,2.534350,3.850349,370.85
20260716_185200,976.272,1,Left,11101,99.936943,0.000000,99.936943,1.927754,0.002072,0.013367,0.002612,458,0.000000,0.000000,0.199114,0.947794,0.025921,-0.114236,0.199114,0.027377,0.794158,0.030230,0.947794,0.794158,18.912292,17.267364,-404.380463,168.206955,-379.397125,154.564087,28.088814,26.998447,1.824956,146.727595,84.861937,56.934142,0.163414,0,0.668497,52.930568,2.383559,3.250735,271.78
20260716_185200,976.272,1,Right,10971,99.927080,0.000000,99.927080,1.877678,0.003517,0.019928,0.004641,454,0.000000,0.000000,0.147966,0.945177,0.025858,-0.107782,0.147966,0.043272,0.732325,0.011746,0.945177,0.732325,17.513746,17.267903,-399.153412,138.392136,-379.397125,154.564087,28.088814,26.998447,5.326478,120.999172,14.578436,39.902765,0.156115,7,0.668497,52.930568,2.383559,3.250735,271.78
20260716_185200,981.281,1,Left,11156,99.937253,0.000000,99.937253,1.918250,0.002069,0.013337,0.002606,460,0.000000,0.000000,0.199114,0.947794,0.025918,-0.114236,0.199114,0.027367,0.794080,0.030230,0.947794,0.794080,18.911604,17.267462,-311.743622,167.693069,-290.706360,148.505249,26.109431,26.704104,1.697151,146.593512,84.861937,56.800032,0.163186,0,0.703314,98.400193,2.280916,3.539889,281.38
20260716_185200,981.281,1,Right,11026,99.927444,0.000000,99.927444,1.868311,0.003512,0.019925,0.004635,455,0.000000,0.000000,0.147966,0.945177,0.025975,-0.107782,0.147966,0.043310,0.732286,0.011746,0.945177,0.732286,17.512245,17.268000,-315.023438,142.989761,-290.706360,148.505249,26.109431,26.704104,5.891699,120.886598,14.578436,39.788774,0.155897,7,0.703314,98.400193,2.280916,3.539889,281.38
20260716_185200,986.290,1,Left,11211,99.937561,0.000000,99.937561,1.908840,0.002072,0.013335,0.002605,465,0.000000,0.000000,0.199114,0.947794,0.025915,-0.114236,0.199114,0.027357,0.794094,0.030230,0.947794,0.794094,18.912339,17.267563,-219.548035,143.863068,-205.229218,120.437286,26.383321,25.655189,3.048449,146.503474,84.861937,56.709968,0.163048,0,0.635337,92.250709,3.041515,3.994271,267.14
20260716_185200,986.290,1,Right,11080,99.927798,0.000000,99.927798,1.868231,0.003516,0.019985,0.004636,458,0.000000,0.000000,0.147966,0.945177,0.025838,-0.107782,0.147966,0.043207,0.732255,0.011746,0.945177,0.732255,17.514204,17.268098,-228.920700,117.648651,-205.229218,120.437286,26.383321,25.655189,6.210439,120.820835,14.578436,39.721634,0.155675,7,0.635337,92.250709,3.041515,3.994271,267.14
20260716_185200,991.294,1,Left,11269,99.937883,0.000000,99.937883,1.934511,0.002074,0.013431,0.002610,469,0.000000,0.000000,0.199114,0.947794,0.025882,-0.114236,0.199114,0.027316,0.793907,0.030230,0.947794,0.793907,18.909922,17.267716,-139.874405,99.468132,-129.934280,72.510468,29.217407,28.130109,1.275977,146.497347,84.861937,56.703814,0.163027,0,0.726177,23.574637,1.927297,2.703829,224.90
20260716_185200,991.294,1,Right,11138,99.928174,0.000000,99.928174,1.885437,0.003524,0.020001,0.004639,461,0.000000,0.000000,0.147966,0.945177,0.025906,-0.107782,0.147966,0.043304,0.732221,0.011746,0.945177,0.732221,17.513063,17.268250,-157.446396,73.455002,-129.934280,72.510468,29.217407,28.130109,4.505991,120.845759,14.578436,39.745093,0.155828,7,0.726177,23.574637,1.927297,2.703829,224.90
20260716_185200,996.308,1,Left,11328,99.938206,0.000000,99.938206,1.986229,0.002077,0.013590,0.002618,471,0.000000,0.000000,0.199114,0.947794,0.025864,-0.114236,0.199114,0.027291,0.793693,0.030230,0.947794,0.793693,18.905021,17.267840,-71.676880,40.128185,-67.687592,6.079419,29.769990,30.662982,4.297876,146.552734,84.861937,56.759173,0.163138,0,0.776737,20.935560,2.220186,3.561622,296.69
20260716_185200,996.308,1,Right,11196,99.928546,0.000000,99.928546,1.947124,0.003524,0.020048,0.004641,466,0.000000,0.000000,0.147966,0.945177,0.025926,-0.107782,0.147966,0.043323,0.731965,0.011746,0.945177,0.731965,17.509581,17.268370,-90.962769,19.851128,-67.687592,6.079419,29.769990,30.662982,4.425350,120.822672,14.578436,39.720557,0.155842,7,0.776737,20.935560,2.220186,3.561622,296.69
20260716_185200,1001.320,1,Left,11381,99.938494,0.000000,99.938494,1.985766,0.002077,0.013641,0.002613,473,0.000000,0.000000,0.199114,0.947794,0.025911,-0.114236,0.199114,0.027331,0.793885,0.030230,0.947794,0.793885,18.908062,17.267928,-19.243105,-40.810505,-24.753704,-72.170120,30.752829,29.551109,2.058952,146.767789,84.861937,56.974203,0.163466,0,0.781569,11.953485,0.971022,2.631458,334.58
20260716_185200,1001.320,1,Right,11248,99.928876,0.000000,99.928876,1.955903,0.003533,0.020099,0.004648,472,0.000000,0.000000,0.147966,0.945177,0.025841,-0.107782,0.147966,0.043278,0.732183,0.011746,0.945177,0.732183,17.511903,17.268456,-47.815647,-57.631561,-24.753704,-72.170120,30.752829,29.551109,4.066254,120.881252,14.578436,39.777851,0.155965,7,0.781569,11.953485,0.971022,2.631458,334.58
20260716_185200,1006.325,1,Left,11436,99.938790,0.000000,99.938790,2.002448,0.002080,0.013673,0.002611,476,0.000000,0.000000,0.199114,0.947794,0.025928,-0.114236,0.199114,0.027341,0.794027,0.030230,0.947794,0.794027,18.908138,17.268073,11.667253,-129.487854,-2.343951,-158.933624,28.509949,28.254630,3.058173,146.909287,84.861937,57.115676,0.163714,0,0.737855,54.138515,2.581398,4.049755,281.10
20260716_185200,1006.325,1,Right,11302,99.929216,0.000000,99.929216,1.964254,0.003533,0.020103,0.004639,473,0.000000,0.000000,0.147966,0.945177,0.025967,-0.107782,0.147966,0.043320,0.732214,0.011746,0.945177,0.732214,17.513111,17.268598,-15.708389,-139.119507,-2.343951,-158.933624,28.509949,28.254630,6.312616,120.860232,14.578436,39.755507,0.156002,7,0.737855,54.138515,2.581398,4.049755,281.10
20260716_185200,1011.337,1,Left,11493,99.939093,0.000000,99.939093,1.992517,0.002090,0.013659,0.002638,481,0.000000,0.000000,0.199114,0.947794,0.025893,-0.114236,0.199114,0.027318,0.794026,0.030230,0.947794,0.794026,18.908950,17.268227,17.997753,-225.005371,-2.145467,-249.257233,28.926345,28.140698,2.132435,146.939693,84.861937,57.146056,0.163805,0,0.761109,38.061696,1.998020,3.295918,342.08
20260716_185200,1011.337,1,Right,11358,99.929565,0.000000,99.929565,1.972178,0.003520,0.020148,0.004636,476,0.000000,0.000000,0.147966,0.945177,0.025849,-0.107782,0.147966,0.043117,0.732028,0.011746,0.945177,0.732028,17.512512,17.268746,-12.450020,-226.748672,-2.145467,-249.257233,28.926345,28.140698,5.295465,120.797032,14.578436,39.690948,0.155732,7,0.761109,38.061696,1.998020,3.295918,342.08
20260716_185200,1016.345,1,Left,11548,99.939383,0.000000,99.939383,2.052303,0.002094,0.013787,0.002643,482,0.000000,0.000000,0.199114,0.947794,0.025894,-0.114236,0.199114,0.027313,0.793710,0.030230,0.947794,0.793710,18.904767,17.268333,0.836833,-313.022430,-24.173698,-336.118347,30.721699,31.196095,4.614305,146.946681,84.861937,57.153019,0.163846,0,0.811177,10.868464,1.079523,2.829644,345.38
20260716_185200,1016.345,1,Right,11412,99.929898,0.000000,99.929898,1.980372,0.003530,0.020180,0.004653,478,0.000000,0.000000,0.147966,0.945177,0.025905,-0.107782,0.147966,0.043134,0.732027,0.011746,0.945177,0.732027,17.508607,17.268850,-28.527302,-308.105774,-24.173698,-336.118347,30.721699,31.196095,1.651922,120.817544,14.578436,39.710162,0.155801,7,0.811177,10.868464,1.079523,2.829644,345.38
20260716_185200,1021.345,1,Left,11606,99.939686,0.000000,99.939686,2.042047,0.002099,0.013756,0.002648,484,0.000000,0.000000,0.199114,0.947794,0.025944,-0.114236,0.199114,0.027396,0.794085,0.030230,0.947794,0.794085,18.908157,17.268422,-33.817684,-402.742706,-66.554123,-414.263641,31.528062,31.460583,5.537944,147.111535,84.861937,57.317847,0.164152,0,0.744069,31.566789,2.904233,3.768101,374.36
20260716_185200,1021.345,1,Right,11467,99.930235,0.000000,99.930235,1.979594,0.003528,0.020206,0.004651,483,0.000000,0.000000,0.147966,0.945177,0.025936,-0.107782,0.147966,0.043082,0.732012,0.011746,0.945177,0.732012,17.507317,17.268930,-61.050133,-386.589050,-66.554123,-414.263641,31.528062,31.460583,3.453539,120.807299,14.578436,39.698607,0.155775,7,0.744069,31.566789,2.904233,3.768101,374.36
20260716_185200,1026.359,1,Left,11662,99.939976,0.000000,99.939976,2.032241,0.002097,0.013721,0.002642,486,0.000000,0.000000,0.199114,0.947794,0.025921,-0.114236,0.199114,0.027366,0.794170,0.030230,0.947794,0.794170,18.911185,17.268512,-99.157082,-477.329346,-128.717392,-481.259827,28.577845,27.465669,1.276247,147.123331,84.861937,57.329618,0.164205,0,0.691143,43.587800,2.148070,3.248134,221.56
20260716_185200,1026.359,1,Right,11521,99.930562,0.000000,99.930562,1.970315,0.003525,0.020148,0.004647,484,0.000000,0.000000,0.147966,0.945177,0.025856,-0.107782,0.147966,0.042988,0.732155,0.011746,0.945177,0.732155,17.511599,17.269015,-122.285973,-456.986542,-128.717392,-481.259827,28.577845,27.465669,5.479263,120.755949,14.578436,39.645984,0.155624,7,0.691143,43.587800,2.148070,3.248134,221.56
20260716_185200,1031.368,1,Left,11718,99.940263,0.000000,99.940263,2.022529,0.002094,0.013700,0.002640,489,0.000000,0.000000,0.199114,0.947794,0.025887,-0.114236,0.199114,0.027325,0.794168,0.030230,0.947794,0.794168,18.911459,17.268643,-175.648224,-532.046143,-204.125198,-529.672241,27.798507,27.516105,1.443260,147.060862,84.861937,57.267125,0.164113,0,0.800347,56.242698,1.602451,2.247029,230.94
20260716_185200,1031.368,1,Right,11577,99.930897,0.000000,99.930897,1.978060,0.003525,0.020164,0.004646,485,0.000000,0.000000,0.147966,0.945177,0.025960,-0.107782,0.147966,0.043024,0.732040,0.011746,0.945177,0.732040,17.509856,17.269145,-189.770554,-507.448639,-204.125198,-529.672241,27.798507,27.516105,3.614473,120.697520,14.578436,39.586247,0.155546,7,0.800347,56.242698,1.602451,2.247029,230.94
20260716_185200,1036.369,1,Left,11777,99.940562,0.000000,99.940562,2.012397,0.002101,0.013664,0.002634,490,0.000000,0.000000,0.199114,0.947794,0.025905,-0.114236,0.199114,0.027335,0.794113,0.030230,0.947794,0.794113,18.911738,17.268754,-262.013550,-567.099365,-288.449097,-557.819458,26.262462,26.309053,2.026342,146.953667,84.861937,57.159904,0.163960,0,0.734904,93.616181,2.267178,3.358058,351.66
20260716_185200,1036.369,1,Right,11634,99.931236,0.000000,99.931236,1.976964,0.003515,0.020134,0.004637,486,0.000000,0.000000,0.147966,0.945177,0.025912,-0.107782,0.147966,0.042950,0.732052,0.011746,0.945177,0.732052,17.510378,17.269252,-269.571014,-542.045105,-288.449097,-557.819458,26.262462,26.309053,5.451935,120.613793,14.578436,39.501202,0.155322,7,0.734904,93.616181,2.267178,3.358058,351.66
20260716_185200,1041.377,1,Left,11835,99.940853,0.000000,99.940853,2.002535,0.002097,0.013624,0.002628,493,0.000000,0.000000,0.199114,0.947794,0.025892,-0.114236,0.199114,0.027315,0.794061,0.030230,0.947794,0.794061,18.911107,17.268825,-355.410400,-579.772644,-378.535065,-564.371460,26.669485,26.290727,2.248659,146.830556,84.861937,57.036768,0.163753,0,0.719878,83.935125,2.368653,3.310221,290.12
20260716_185200,1041.377,1,Right,11691,99.931571,0.000000,99.931571,1.967325,0.003503,0.020100,0.004622,488,0.000000,0.000000,0.147966,0.945177,0.025899,-0.107782,0.147966,0.042854,0.732114,0.011746,0.945177,0.732114,17.510880,17.269320,-356.828430,-552.382324,-378.535065,-564.371460,26.669485,26.290727,5.274109,120.513556,14.578436,39.399659,0.155041,7,0.719878,83.935125,2.368653,3.310221,290.12
20260716_185200,1046.384,1,Left,11893,99.941142,0.000000,99.941142,1.992769,0.002095,0.013593,0.002623,495,0.000000,0.000000,0.199114,0.947794,0.025894,-0.114236,0.199114,0.027311,0.793989,0.030230,0.947794,0.793989,18.910451,17.268961,-448.268738,-569.504639,-466.730621,-548.508362,28.496406,28.454254,2.168221,146.699089,84.861937,56.905277,0.163534,0,0.855389,38.301747,0.938717,1.434476,288.07
20260716_185200,1046.384,1,Right,11747,99.931898,0.000000,99.931898,1.957947,0.003501,0.020079,0.004622,489,0.000000,0.000000,0.147966,0.945177,0.025978,-0.107782,0.147966,0.042852,0.731974,0.011746,0.945177,0.731974,17.506723,17.269453,-438.370941,-542.692505,-466.730621,-548.508362,28.496406,28.454254,1.213252,120.485172,14.578436,39.370004,0.154971,7,0.855389,38.301747,0.938717,1.434476,288.07
20260716_185200,1051.396,1,Left,11948,99.941413,0.000000,99.941413,1.983596,0.002090,0.013558,0.002617,498,0.000000,0.000000,0.199114,0.947794,0.025899,-0.114236,0.199114,0.027309,0.793908,0.030230,0.947794,0.793908,18.909672,17.269046,-534.920044,-536.045898,-547.969971,-511.542114,26.180905,26.220476,2.252966,146.581566,84.861937,56.787730,0.163339,0,0.740824,94.989403,2.263599,3.351416,250.27
20260716_185200,1051.396,1,Right,11802,99.932215,0.000000,99.932215,1.948822,0.003499,0.020042,0.004617,490,0.000000,0.000000,0.147966,0.945177,0.025877,-0.107782,0.147966,0.042802,0.731932,0.011746,0.945177,0.731932,17.509384,17.269536,-523.316711,-512.665039,-547.969971,-511.542114,26.180905,26.220476,5.349778,120.451109,14.578436,39.334706,0.154885,7,0.740824,94.989403,2.263599,3.351416,250.27
20260716_185200,1056.405,1,Left,12007,99.941701,0.000000,99.941701,1.973849,0.002086,0.013515,0.002614,500,0.000000,0.000000,0.199114,0.947794,0.025911,-0.114236,0.199114,0.027313,0.793879,0.030230,0.947794,0.793879,18.909539,17.269144,-611.881836,-482.793121,-617.868347,-455.468048,28.504821,27.402963,2.236722,146.458713,84.861937,56.664852,0.163143,0,0.680812,41.450916,2.218831,2.863281,353.95
20260716_185200,1056.405,1,Right,11860,99.932546,0.000000,99.932546,1.939292,0.003501,0.019996,0.004621,492,0.000000,0.000000,0.147966,0.945177,0.025899,-0.107782,0.147966,0.042890,0.732006,0.011746,0.945177,0.732006,17.509320,17.269632,-591.405457,-459.907928,-617.868347,-455.468048,28.504821,27.402963,4.426309,120.400025,14.578436,39.282331,0.154869,7,0.680812,41.450916,2.218831,2.863281,353.95
20260716_185200,1061.410,1,Left,12064,99.941976,0.000000,99.941976,1.964523,0.002084,0.013474,0.002611,502,0.000000,0.000000,0.199114,0.947794,0.025927,-0.114236,0.199114,0.027323,0.793821,0.030230,0.947794,0.793821,18.909340,17.269244,-673.922546,-411.614227,-672.108704,-383.243347,26.325419,26.682736,2.377215,146.341610,84.861937,56.547726,0.162965,0,0.661031,92.747268,2.631179,3.705049,320.57
20260716_185200,1061.410,1,Right,11916,99.932863,0.000000,99.932863,1.930178,0.003498,0.019944,0.004617,493,0.000000,0.000000,0.147966,0.945177,0.026021,-0.107782,0.147966,0.042942,0.731991,0.011746,0.945177,0.731991,17.508507,17.269729,-652.128174,-398.163666,-672.108704,-383.243347,26.325419,26.682736,5.960791,120.299875,14.578436,39.180945,0.154686,7,0.661031,92.747268,2.631179,3.705049,320.57
20260716_185200,1066.421,1,Left,12118,99.942235,0.000000,99.942235,1.955768,0.002081,0.013442,0.002605,503,0.000000,0.000000,0.199114,0.947794,0.025897,-0.114236,0.199114,0.027288,0.793743,0.030230,0.947794,0.793743,18.908407,17.269333,-713.725769,-327.945282,-706.377991,-300.830231,27.020946,26.623853,1.943067,146.224207,84.861937,56.430301,0.162752,0,0.735837,75.739772,2.185513,3.062504,283.80
20260716_185200,1066.421,1,Right,11970,99.933166,0.000000,99.933166,1.921470,0.003498,0.019937,0.004618,499,0.000000,0.000000,0.147966,0.945177,0.025917,-0.107782,0.147966,0.042873,0.731994,0.011746,0.945177,0.731994,17.509205,17.269817,-687.821655,-317.813232,-706.377991,-300.830231,27.020946,26.623853,4.935715,120.238893,14.578436,39.118784,0.154514,7,0.735837,75.739772,2.185513,3.062504,283.80
20260716_185200,1071.430,1,Left,12173,99.942496,0.000000,99.942496,1.946932,0.002074,0.013413,0.002599,506,0.000000,0.000000,0.199114,0.947794,0.025905,-0.114236,0.199114,0.027289,0.793687,0.030230,0.947794,0.793687,18.908158,17.269418,-733.097656,-236.428101,-719.326599,-212.159836,27.120854,26.733236,2.142801,146.109517,84.861937,56.315589,0.162558,0,0.740863,72.732108,2.117190,2.890858,246.17
20260716_185200,1071.430,1,Right,12024,99.933466,0.000000,99.933466,1.912841,0.003490,0.019948,0.004611,501,0.000000,0.000000,0.147966,0.945177,0.025957,-0.107782,0.147966,0.042839,0.731893,0.011746,0.945177,0.731893,17.508880,17.269896,-705.349060,-233.563278,-719.326599,-212.159836,27.120854,26.733236,4.525438,120.190296,14.578436,39.069019,0.154402,7,0.740863,72.732108,2.117190,2.890858,246.17
20260716_185200,1076.432,1,Left,12234,99.942782,0.000000,99.942782,1.937224,0.002070,0.013365,0.002592,508,0.000000,0.000000,0.199114,0.947794,0.025910,-0.114236,0.199114,0.027287,0.793658,0.030230,0.947794,0.793658,18.907860,17.269489,-729.430908,-141.570297,-709.727295,-121.988953,26.887521,27.438993,2.441454,145.972932,84.861937,56.178979,0.162324,0,0.741628,77.547699,1.732004,2.782005,302.12
20260716_185200,1076.432,1,Right,12083,99.933791,0.000000,99.933791,1.903501,0.003482,0.019902,0.004602,502,0.000000,0.000000,0.147966,0.945177,0.025944,-0.107782,0.147966,0.042755,0.731727,0.011746,0.945177,0.731727,17.505791,17.269964,-704.624023,-148.603287,-709.727295,-121.988953,26.887521,27.438993,4.154270,120.095283,14.578436,38.972740,0.154133,7,0.741628,77.547699,1.732004,2.782005,302.12
20260716_185200,1081.436,1,Left,12292,99.943052,0.000000,99.943052,1.928083,0.002069,0.013356,0.002589,510,0.000000,0.000000,0.199114,0.947794,0.025913,-0.114236,0.199114,0.027283,0.793448,0.030230,0.947794,0.793448,18.906029,17.269644,-703.067871,-53.306587,-678.401245,-38.031906,29.496082,29.203062,1.062574,145.833256,84.861937,56.039280,0.162072,0,0.894334,13.238356,0.646685,0.797032,284.24
20260716_185200,1081.436,1,Right,12139,99.934097,0.000000,99.934097,1.911195,0.003483,0.019965,0.004612,505,0.000000,0.000000,0.147966,0.945177,0.025934,-0.107782,0.147966,0.042715,0.731787,0.011746,0.945177,0.731787,17.505425,17.270116,-676.471008,-67.361511,-678.401245,-38.031906,29.496082,29.203062,0.881316,120.083156,14.578436,38.962963,0.154111,7,0.894334,13.238356,0.646685,0.797032,284.24
20260716_185200,1086.437,1,Left,12351,99.943324,0.000000,99.943324,1.959356,0.002067,0.013384,0.002593,512,0.000000,0.000000,0.199114,0.947794,0.025923,-0.114236,0.199114,0.027287,0.793489,0.030230,0.947794,0.793489,18.905537,17.269720,-658.293030,27.680668,-627.549561,35.319534,28.756101,28.044058,2.861046,145.844013,84.861937,56.050013,0.162137,0,0.731658,43.509841,2.479825,3.631290,236.17
20260716_185200,1086.437,1,Right,12198,99.934415,0.000000,99.934415,1.901951,0.003470,0.019920,0.004600,507,0.000000,0.000000,0.147966,0.945177,0.025948,-0.107782,0.147966,0.042647,0.731826,0.011746,0.945177,0.731826,17.508929,17.270191,-632.825439,11.486670,-627.549561,35.319534,28.756101,28.044058,5.601180,120.044105,14.578436,38.922654,0.153998,7,0.731658,43.509841,2.479825,3.631290,236.17
20260716_185200,1091.450,1,Left,12411,99.943598,0.000000,99.943598,1.949883,0.002065,0.013349,0.002591,513,0.000000,0.000000,0.199114,0.947794,0.025896,-0.114236,0.199114,0.027254,0.793455,0.030230,0.947794,0.793455,18.906907,17.269802,-588.361267,92.627357,-559.916809,94.106590,26.956476,27.014354,1.602832,145.789709,84.861937,55.995686,0.162066,0,0.770316,76.960195,1.890202,2.775610,229.35
20260716_185200,1091.450,1,Right,12257,99.934731,0.000000,99.934731,1.892796,0.003461,0.019886,0.004590,510,0.000000,0.000000,0.147966,0.945177,0.025950,-0.107782,0.147966,0.042569,0.731821,0.011746,0.945177,0.731821,17.508075,17.270271,-571.809326,71.497818,-559.916809,94.106590,26.956476,27.014354,4.532435,119.947646,14.578436,38.824949,0.153726,7,0.770316,76.960195,1.890202,2.775610,229.35
20260716_185200,1096.450,1,Left,12470,99.943865,0.000000,99.943865,1.940658,0.002062,0.013322,0.002588,517,0.000000,0.000000,0.199114,0.947794,0.025896,-0.114236,0.199114,0.027246,0.793441,0.030230,0.947794,0.793441,18.906308,17.269887,-508.852173,139.685898,-480.537140,134.126984,26.885141,26.816977,1.236636,145.710479,84.861937,55.916433,0.161955,0,0.764246,80.320426,2.068850,3.109753,240.07
20260716_185200,1096.450,1,Right,12315,99.935039,0.000000,99.935039,1.883881,0.003449,0.019897,0.004579,512,0.000000,0.000000,0.147966,0.945177,0.025944,-0.107782,0.147966,0.042484,0.731788,0.011746,0.945177,0.731788,17.508794,17.270354,-496.850189,115.476143,-480.537140,134.126984,26.885141,26.816977,5.242368,119.847437,14.578436,38.723526,0.153427,7,0.764246,80.320426,2.068850,3.109753,240.07
20260716_185200,1101.457,1,Left,12530,99.944134,0.000000,99.944134,1.931365,0.002061,0.013306,0.002589,519,0.000000,0.000000,0.199114,0.947794,0.025893,-0.114236,0.199114,0.027237,0.793321,0.030230,0.947794,0.793321,18.905334,17.269971,-418.416779,166.158218,-391.623627,153.674850,27.707667,27.634668,0.457561,145.606672,84.861937,55.812603,0.161790,0,0.836510,60.482101,1.539944,2.490970,363.90
20260716_185200,1101.457,1,Right,12374,99.935348,0.000000,99.935348,1.874899,0.003440,0.019864,0.004573,515,0.000000,0.000000,0.147966,0.945177,0.025978,-0.107782,0.147966,0.042440,0.731853,0.011746,0.945177,0.731853,17.508463,17.270436,-412.668182,138.904221,-391.623627,153.674850,27.707667,27.634668,4.290154,119.788191,14.578436,38.663057,0.153268,7,0.836510,60.482101,1.539944,2.490970,363.90
20260716_185200,1106.467,1,Left,12586,99.944383,0.000000,99.944383,1.922771,0.002064,0.013277,0.002604,525,0.000000,0.000000,0.199114,0.947794,0.025913,-0.114236,0.199114,0.027251,0.793356,0.030230,0.947794,0.793356,18.906427,17.270114,-323.097870,168.872711,-301.713440,150.468018,26.540733,26.634380,1.970600,145.541599,84.861937,55.747509,0.161720,0,0.727478,86.914759,2.190299,3.162146,287.69
20260716_185200,1106.467,1,Right,12429,99.935634,0.000000,99.935634,1.866602,0.003430,0.019840,0.004564,516,0.000000,0.000000,0.147966,0.945177,0.025946,-0.107782,0.147966,0.042335,0.731662,0.011746,0.945177,0.731662,17.508081,17.270577,-325.510681,142.629959,-301.713440,150.468018,26.540733,26.634380,5.110209,119.701744,14.578436,38.575481,0.152998,7,0.727478,86.914759,2.190299,3.162146,287.69
20260716_185200,1111.478,1,Left,12640,99.944620,0.000000,99.944620,1.914557,0.002066,0.013286,0.002603,527,0.000000,0.000000,0.199114,0.947794,0.025918,-0.114236,0.199114,0.027251,0.793350,0.030230,0.947794,0.793350,18.905656,17.270192,-233.031250,150.970001,-217.054657,125.782600,33.720654,32.237071,2.321792,145.487482,84.861937,55.693372,0.161651,0,0.786189,92.353387,0.997514,3.331186,251.34
20260716_185200,1111.478,1,Right,12483,99.935913,0.000000,99.935913,1.874549,0.003434,0.019915,0.004567,521,0.000000,0.000000,0.147966,0.945177,0.025978,-0.107782,0.147966,0.042337,0.731592,0.011746,0.945177,0.731592,17.501675,17.270653,-251.031616,119.001534,-217.054657,125.782600,33.720654,32.237071,5.282016,119.826754,14.578436,38.713839,0.153211,7,0.786189,92.353387,0.997514,3.331186,251.34
20260716_185200,1116.483,1,Left,12699,99.944878,0.000000,99.944878,1.905662,0.002071,0.013291,0.002607,529,0.000000,0.000000,0.199114,0.947794,0.025856,-0.114236,0.199114,0.027233,0.793293,0.030230,0.947794,0.793293,18.904030,17.270267,-150.201248,106.297516,-138.375275,79.282036,27.091231,27.424407,0.876528,145.496457,84.861937,55.702324,0.161675,0,0.804732,76.098345,1.433094,2.764154,348.22
20260716_185200,1116.483,1,Right,12542,99.936214,0.000000,99.936214,1.865731,0.003431,0.019898,0.004562,525,0.000000,0.000000,0.147966,0.945177,0.025940,-0.107782,0.147966,0.042357,0.731766,0.011746,0.945177,0.731766,17.507018,17.270728,-163.396500,83.402985,-138.375275,79.282036,27.091231,27.424407,4.706734,119.901868,14.578436,38.787694,0.153414,7,0.804732,76.098345,1.433094,2.764154,348.22
20260716_185200,1121.485,1,Left,12756,99.945124,0.000000,99.945124,1.920665,0.002074,0.013341,0.002609,530,0.000000,0.000000,0.199114,0.947794,0.025913,-0.114236,0.199114,0.027284,0.793191,0.030230,0.947794,0.793191,18.904380,17.270362,-79.890190,45.751225,-75.701675,16.739649,28.885689,28.657001,0.688745,145.567493,84.861937,55.773339,0.161796,0,0.873456,28.910812,0.903930,1.308420,347.04
20260716_185200,1121.485,1,Right,12598,99.936498,0.000000,99.936498,1.905064,0.003433,0.020011,0.004560,527,0.000000,0.000000,0.147966,0.945177,0.025976,-0.107782,0.147966,0.042320,0.731690,0.011746,0.945177,0.731690,17.505838,17.270821,-101.973450,26.429081,-75.701675,16.739649,28.885689,28.657001,2.159054,119.949098,14.578436,38.833741,0.153489,7,0.873456,28.910812,0.903930,1.308420,347.04
20260716_185200,1126.492,1,Left,12813,99.945368,0.000000,99.945368,1.927730,0.002086,0.013421,0.002617,532,0.000000,0.000000,0.199114,0.947794,0.025935,-0.114236,0.199114,0.027345,0.793227,0.030230,0.947794,0.793227,18.903193,17.270429,-23.360010,-28.776785,-29.322485,-61.182800,29.263351,28.521137,3.707824,145.609629,84.861937,55.815455,0.161936,0,0.741436,36.042857,2.569371,4.037782,283.05
20260716_185200,1126.492,1,Right,12653,99.936774,0.000000,99.936774,1.928396,0.003429,0.020057,0.004556,529,0.000000,0.000000,0.147966,0.945177,0.025964,-0.107782,0.147966,0.042271,0.731682,0.011746,0.945177,0.731682,17.507664,17.270884,-48.456078,-46.542294,-29.322485,-61.182800,29.263351,28.521137,5.929846,119.945807,14.578436,38.829298,0.153482,7,0.741436,36.042857,2.569371,4.037782,283.05
20260716_185200,1131.492,1,Left,12868,99.945601,0.000000,99.945601,1.942804,0.002086,0.013486,0.002621,533,0.000000,0.000000,0.199114,0.947794,0.025871,-0.114236,0.199114,0.027275,0.793245,0.030230,0.947794,0.793245,18.902307,17.270513,6.255023,-116.595734,-4.057502,-147.158279,29.437403,29.723171,2.499684,145.803573,84.861937,56.009379,0.162147,0,0.866341,20.506672,0.615114,2.179596,241.36
20260716_185200,1131.492,1,Right,12707,99.937043,0.000000,99.937043,1.951680,0.003427,0.020174,0.004556,534,0.000000,0.000000,0.147966,0.945177,0.025954,-0.107782,0.147966,0.042192,0.731620,0.011746,0.945177,0.731620,17.505263,17.270967,-21.057568,-125.937073,-4.057502,-147.158279,29.437403,29.723171,2.829045,119.958760,14.578436,38.841130,0.153473,7,0.866341,20.506672,0.615114,2.179596,241.36
20260716_185200,1136.502,1,Left,12925,99.945841,0.000000,99.945841,1.934236,0.002086,0.013484,0.002616,534,0.000000,0.000000,0.199114,0.947794,0.025938,-0.114236,0.199114,0.027336,0.793378,0.030230,0.947794,0.793378,18.904921,17.270591,18.829676,-212.327011,-0.778132,-236.352142,30.105542,29.832059,2.524814,145.943903,84.861937,56.149687,0.162384,0,0.839624,1.388187,1.477939,1.830584,368.50
20260716_185200,1136.502,1,Right,12762,99.937314,0.000000,99.937314,1.951105,0.003426,0.020265,0.004560,543,0.000000,0.000000,0.147966,0.945177,0.026000,-0.107782,0.147966,0.042168,0.731589,0.011746,0.945177,0.731589,17.503977,17.271042,-11.724373,-209.872162,-0.778132,-236.352142,30.105542,29.832059,1.917921,119.973560,14.578436,38.857542,0.153475,7,0.839624,1.388187,1.477939,1.830584,368.50
20260716_185200,1141.505,1,Left,12980,99.946071,0.000000,99.946071,1.933744,0.002091,0.013520,0.002621,535,0.000000,0.000000,0.199114,0.947794,0.025922,-0.114236,0.199114,0.027326,0.793445,0.030230,0.947794,0.793445,18.904309,17.270664,5.663417,-303.749268,-19.424324,-323.272217,29.026127,28.613328,2.420309,146.115796,84.861937,56.321561,0.162584,0,0.794232,33.685303,1.975459,3.004157,346.72
20260716_185200,1141.505,1,Right,12817,99.937583,0.000000,99.937583,1.942732,0.003426,0.020263,0.004563,546,0.000000,0.000000,0.147966,0.945177,0.025934,-0.107782,0.147966,0.042088,0.731584,0.011746,0.945177,0.731584,17.506040,17.271114,-23.666231,-298.190735,-19.424324,-323.272217,29.026127,28.613328,4.606189,119.976725,14.578436,38.859573,0.153443,7,0.794232,33.685303,1.975459,3.004157,346.72
20260716_185200,1146.517,1,Left,13035,99.946298,0.000000,99.946298,1.925585,0.002095,0.013536,0.002627,538,0.000000,0.000000,0.199114,0.947794,0.025920,-0.114236,0.199114,0.027318,0.793450,0.030230,0.947794,0.793450,18.904895,17.270722,-31.755890,-391.543793,-59.794136,-404.470917,29.405374,28.311457,1.264636,146.141920,84.861937,56.347666,0.162657,0,0.743163,23.492338,1.630567,2.974561,364.15
20260716_185200,1146.517,1,Right,12871,99.937845,0.000000,99.937845,1.942351,0.003427,0.020256,0.004557,547,0.000000,0.000000,0.147966,0.945177,0.025954,-0.107782,0.147966,0.042081,0.731672,0.011746,0.945177,0.731672,17.507098,17.271169,-60.636795,-378.736603,-59.794136,-404.470917,29.405374,28.311457,4.994471,119.980791,14.578436,38.862535,0.153492,7,0.743163,23.492338,1.630567,2.974561,364.15
20260716_185200,1151.530,1,Left,13089,99.946520,0.000000,99.946520,1.917641,0.002090,0.013504,0.002623,540,0.000000,0.000000,0.199114,0.947794,0.025928,-0.114236,0.199114,0.027321,0.793485,0.030230,0.947794,0.793485,18.906297,17.270807,-89.403938,-466.688141,-117.838181,-471.803467,26.394991,26.776177,1.533450,146.105141,84.861937,56.310867,0.162627,0,0.698809,92.533081,2.392615,3.546488,347.27
20260716_185200,1151.530,1,Right,12924,99.938100,0.000000,99.938100,1.934386,0.003425,0.020239,0.004560,549,0.000000,0.000000,0.147966,0.945177,0.026028,-0.107782,0.147966,0.042120,0.731579,0.011746,0.945177,0.731579,17.506250,17.271253,-108.095398,-449.147888,-117.838181,-471.803467,26.394991,26.776177,5.948215,119.907835,14.578436,38.788503,0.153372,7,0.698809,92.533081,2.392615,3.546488,347.27
20260716_185200,1156.530,1,Left,13145,99.946748,0.000000,99.946748,1.909471,0.002089,0.013471,0.002620,542,0.000000,0.000000,0.199114,0.947794,0.025930,-0.114236,0.199114,0.027316,0.793510,0.030230,0.947794,0.793510,18.907025,17.270903,-164.259171,-525.588867,-191.565308,-523.363586,27.840063,27.507798,2.907903,146.038752,84.861937,56.244459,0.162545,0,0.784727,54.398383,1.673919,2.170518,254.88
20260716_185200,1156.530,1,Right,12979,99.938362,0.000000,99.938362,1.926188,0.003423,0.020212,0.004556,551,0.000000,0.000000,0.147966,0.945177,0.025959,-0.107782,0.147966,0.042042,0.731529,0.011746,0.945177,0.731529,17.504312,17.271345,-176.828156,-500.005035,-191.565308,-523.363586,27.840063,27.507798,2.382759,119.837280,14.578436,38.716842,0.153157,7,0.784727,54.398383,1.673919,2.170518,254.88
20260716_185200,1161.535,1,Left,13207,99.946998,0.000000,99.946998,1.900507,0.002085,0.013437,0.002615,543,0.000000,0.000000,0.199114,0.947794,0.025929,-0.114236,0.199114,0.027309,0.793418,0.030230,0.947794,0.793418,18.906401,17.271087,-249.948227,-564.936462,-276.473724,-555.199219,28.327493,27.705151,2.534499,145.930167,84.861937,56.135853,0.162375,0,0.754717,43.519755,1.800532,2.213926,304.55
20260716_185200,1161.535,1,Right,13040,99.938650,0.000000,99.938650,1.917178,0.003415,0.020182,0.004552,553,0.000000,0.000000,0.147966,0.945177,0.026006,-0.107782,0.147966,0.042014,0.731535,0.011746,0.945177,0.731535,17.504837,17.271525,-257.045471,-536.228577,-276.473724,-555.199219,28.327493,27.705151,2.877625,119.790459,14.578436,38.668805,0.153053,7,0.754717,43.519755,1.800532,2.213926,304.55
20260716_185200,1166.543,1,Left,13262,99.947218,0.000000,99.947218,1.892626,0.002083,0.013409,0.002612,545,0.000000,0.000000,0.199114,0.947794,0.025885,-0.114236,0.199114,0.027259,0.793329,0.030230,0.947794,0.793329,18.905398,17.271145,-340.908600,-578.424255,-364.847076,-564.839233,25.542795,25.947575,2.544523,145.825662,84.861937,56.031329,0.162175,0,0.717947,109.919186,2.188188,3.620961,250.62
20260716_185200,1166.543,1,Right,13094,99.938903,0.000000,99.938903,1.916909,0.003409,0.020171,0.004545,554,0.000000,0.000000,0.147966,0.945177,0.025974,-0.107782,0.147966,0.041932,0.731498,0.011746,0.945177,0.731498,17.505650,17.271581,-343.124969,-553.790527,-364.847076,-564.839233,25.542795,25.947575,5.732320,119.720668,14.578436,38.597947,0.152848,7,0.717947,109.919186,2.188188,3.620961,250.62
20260716_185200,1171.546,1,Left,13318,99.947440,0.000000,99.947440,1.884667,0.002079,0.013377,0.002607,546,0.000000,0.000000,0.199114,0.947794,0.025931,-0.114236,0.199114,0.027299,0.793317,0.030230,0.947794,0.793317,18.905600,17.271202,-434.471222,-573.121399,-453.235321,-552.436096,28.649459,27.679319,2.507252,145.730641,84.861937,55.936289,0.162043,0,0.706799,36.909824,1.943220,2.414547,211.91
20260716_185200,1171.546,1,Right,13150,99.939163,0.000000,99.939163,1.908745,0.003405,0.020164,0.004540,556,0.000000,0.000000,0.147966,0.945177,0.025949,-0.107782,0.147966,0.041930,0.731385,0.011746,0.945177,0.731385,17.504651,17.271636,-427.345062,-543.373291,-453.235321,-552.436096,28.649459,27.679319,3.347209,119.649172,14.578436,38.525354,0.152691,7,0.706799,36.909824,1.943220,2.414547,211.91
20260716_185200,1176.549,1,Left,13375,99.947664,0.000000,99.947664,1.876636,0.002077,0.013352,0.002605,547,0.000000,0.000000,0.199114,0.947794,0.025913,-0.114236,0.199114,0.027276,0.793259,0.030230,0.947794,0.793259,18.904978,17.271277,-523.572937,-543.015503,-536.794617,-518.139404,27.127351,27.541539,2.255715,145.640371,84.861937,55.846000,0.161891,0,0.737293,71.862647,1.837704,2.732096,372.83
20260716_185200,1176.549,1,Right,13207,99.939426,0.000000,99.939426,1.900507,0.003399,0.020163,0.004532,559,0.000000,0.000000,0.147966,0.945177,0.026027,-0.107782,0.147966,0.041940,0.731372,0.011746,0.945177,0.731372,17.503244,17.271711,-509.986572,-520.497803,-536.794617,-518.139404,27.127351,27.541539,4.159904,119.582395,14.578436,38.457470,0.152561,7,0.737293,71.862647,1.837704,2.732096,372.83
20260716_185200,1181.555,1,Left,13429,99.947874,0.000000,99.947874,1.869089,0.002075,0.013325,0.002601,549,0.000000,0.000000,0.199114,0.947794,0.025906,-0.114236,0.199114,0.027264,0.793186,0.030230,0.947794,0.793186,18.904198,17.271336,-600.525024,-491.808289,-608.409241,-464.869720,27.342898,27.179331,1.931651,145.537869,84.861937,55.743480,0.161720,0,0.798367,66.715783,1.722126,2.432434,345.01
20260716_185200,1181.555,1,Right,13261,99.939673,0.000000,99.939673,1.892768,0.003398,0.020144,0.004531,560,0.000000,0.000000,0.147966,0.945177,0.025945,-0.107782,0.147966,0.041864,0.731426,0.011746,0.945177,0.731426,17.504580,17.271769,-582.751587,-470.601318,-608.409241,-464.869720,27.342898,27.179331,3.744187,119.527323,14.578436,38.401358,0.152399,7,0.798367,66.715783,1.722126,2.432434,345.01
20260716_185200,1186.555,1,Left,13489,99.948106,0.000000,99.948106,1.860775,0.002073,0.013287,0.002597,551,0.000000,0.000000,0.199114,0.947794,0.025919,-0.114236,0.199114,0.027270,0.793172,0.030230,0.947794,0.793172,18.904466,17.271425,-665.591431,-422.124268,-665.476868,-394.398163,27.117853,26.343920,2.516570,145.438195,84.861937,55.643786,0.161567,0,0.669450,74.379999,2.579428,3.394531,281.52
20260716_185200,1186.555,1,Right,13319,99.939935,0.000000,99.939935,1.884526,0.003392,0.020113,0.004524,563,0.000000,0.000000,0.147966,0.945177,0.026013,-0.107782,0.147966,0.041876,0.731485,0.011746,0.945177,0.731485,17.506374,17.271855,-642.773560,-404.772949,-665.476868,-394.398163,27.117853,26.343920,5.313698,119.472198,14.578436,38.345125,0.152302,7,0.669450,74.379999,2.579428,3.394531,281.52
20260716_185200,1191.563,1,Left,13546,99.948324,0.000000,99.948324,1.852946,0.002071,0.013266,0.002596,553,0.000000,0.000000,0.199114,0.947794,0.025916,-0.114236,0.199114,0.027261,0.793095,0.030230,0.947794,0.793095,18.903941,17.271495,-709.894470,-339.852997,-702.802368,-312.931030,25.928564,26.136929,2.467630,145.335461,84.861937,55.541033,0.161395,0,0.673214,101.319370,2.581707,3.713060,285.68
20260716_185200,1191.563,1,Right,13376,99.940191,0.000000,99.940191,1.876495,0.003387,0.020114,0.004521,565,0.000000,0.000000,0.147966,0.945177,0.026010,-0.107782,0.147966,0.041877,0.731304,0.011746,0.945177,0.731304,17.504908,17.271924,-686.067993,-330.734192,-702.802368,-312.931030,25.928564,26.136929,5.938959,119.398107,14.578436,38.269955,0.152144,7,0.673214,101.319370,2.581707,3.713060,285.68
20260716_185200,1196.566,1,Left,13606,99.948552,0.000000,99.948552,1.844774,0.002068,0.013236,0.002590,555,0.000000,0.000000,0.199114,0.947794,0.025918,-0.114236,0.199114,0.027258,0.793040,0.030230,0.947794,0.793040,18.903517,17.271583,-731.861450,-249.199051,-718.850403,-224.768875,27.525673,26.691519,2.418278,145.230684,84.861937,55.436236,0.161218,0,0.681774,64.267192,2.410468,3.151397,276.43
20260716_185200,1196.566,1,Right,13436,99.940458,0.000000,99.940458,1.868116,0.003382,0.020087,0.004520,570,0.000000,0.000000,0.147966,0.945177,0.025924,-0.107782,0.147966,0.041807,0.731380,0.011746,0.945177,0.731380,17.505288,17.272012,-702.973450,-244.983368,-718.850403,-224.768875,27.525673,26.691519,4.893448,119.349664,14.578436,38.220385,0.152005,7,0.681774,64.267192,2.410468,3.151397,276.43
20260716_185200,1201.573,1,Left,13660,99.948755,0.000000,99.948755,1.837482,0.002063,0.013219,0.002585,558,0.000000,0.000000,0.199114,0.947794,0.025919,-0.114236,0.199114,0.027253,0.792951,0.030230,0.947794,0.792951,18.902435,17.271656,-731.599182,-157.101120,-712.695923,-135.727127,26.047908,26.089095,1.493747,145.129704,84.861937,55.335239,0.161038,0,0.722938,101.175446,2.451046,3.798957,244.97
20260716_185200,1201.573,1,Right,13489,99.940692,0.000000,99.940692,1.860775,0.003381,0.020063,0.004516,571,0.000000,0.000000,0.147966,0.945177,0.026017,-0.107782,0.147966,0.041837,0.731374,0.011746,0.945177,0.731374,17.505864,17.272084,-705.661377,-158.300781,-712.695923,-135.727127,26.047908,26.089095,6.408193,119.275024,14.578436,38.144759,0.151866,7,0.722938,101.175446,2.451046,3.798957,244.97
20260716_185200,1206.579,1,Left,13717,99.948968,0.000000,99.948968,1.829846,0.002063,0.013186,0.002581,560,0.000000,0.000000,0.199114,0.947794,0.025917,-0.114236,0.199114,0.027245,0.792947,0.030230,0.947794,0.792947,18.902332,17.271718,-708.693298,-66.592102,-684.824829,-50.936047,26.448751,26.123838,1.659764,145.040058,84.861937,55.245575,0.160902,0,0.714078,91.952928,2.586518,3.760008,251.91
20260716_185200,1206.579,1,Right,13546,99.940942,0.000000,99.940942,1.852946,0.003373,0.020054,0.004506,572,0.000000,0.000000,0.147966,0.945177,0.025943,-0.107782,0.147966,0.041718,0.731348,0.011746,0.945177,0.731348,17.505722,17.272144,-682.789917,-74.551231,-684.824829,-50.936047,26.448751,26.123838,6.297473,119.193945,14.578436,38.062627,0.151597,7,0.714078,91.952928,2.586518,3.760008,251.91
20260716_185200,1211.581,1,Left,13773,99.949176,0.000000,99.949176,1.822406,0.002063,0.013154,0.002580,563,0.000000,0.000000,0.199114,0.947794,0.025892,-0.114236,0.199114,0.027215,0.792878,0.030230,0.947794,0.792878,18.901341,17.271774,-663.184143,15.085715,-636.262512,25.222481,27.362447,26.760088,1.239747,144.947729,84.861937,55.153229,0.160740,0,0.723781,69.690834,2.178590,3.324425,353.68
20260716_185200,1211.581,1,Right,13600,99.941176,0.000000,99.941176,1.845588,0.003369,0.020030,0.004501,574,0.000000,0.000000,0.147966,0.945177,0.025952,-0.107782,0.147966,0.041705,0.731301,0.011746,0.945177,0.731301,17.505639,17.272197,-638.575378,0.577385,-636.262512,25.222481,27.362447,26.760088,5.623026,119.114053,14.578436,37.981746,0.151407,7,0.723781,69.690834,2.178590,3.324425,353.68
20260716_185200,1216.584,1,Left,13831,99.949389,0.000000,99.949389,1.814764,0.002060,0.013119,0.002576,564,0.000000,0.000000,0.199114,0.947794,0.025914,-0.114236,0.199114,0.027232,0.792820,0.030230,0.947794,0.792820,18.901211,17.271853,-599.526428,83.013550,-571.144470,86.263023,27.619717,28.797694,1.446312,144.853288,84.861937,55.058769,0.160599,0,0.817965,62.860421,1.020159,2.468072,363.05
20260716_185200,1216.584,1,Right,13658,99.941426,0.000000,99.941426,1.837751,0.003363,0.020024,0.004496,575,0.000000,0.000000,0.147966,0.945177,0.026013,-0.107782,0.147966,0.041708,0.731090,0.011746,0.945177,0.731090,17.500548,17.272276,-586.286316,61.497112,-571.144470,86.263023,27.619717,28.797694,4.022725,119.043853,14.578436,37.910494,0.151249,7,0.817965,62.860421,1.020159,2.468072,363.05
20260716_185200,1221.585,1,Left,13888,99.949597,0.000000,99.949597,1.836118,0.002062,0.013171,0.002579,566,0.000000,0.000000,0.199114,0.947794,0.025908,-0.114236,0.199114,0.027220,0.792665,0.030230,0.947794,0.792665,18.898227,17.271942,-522.941772,133.227173,-491.674927,129.938293,29.960869,29.920070,1.893407,144.775835,84.861937,54.981299,0.160476,0,0.856776,3.013517,0.192358,1.584068,206.05
20260716_185200,1221.585,1,Right,13713,99.941661,0.000000,99.941661,1.859549,0.003367,0.020053,0.004502,576,0.000000,0.000000,0.147966,0.945177,0.025910,-0.107782,0.147966,0.041662,0.731143,0.011746,0.945177,0.731143,17.502133,17.272361,-508.364227,106.958466,-491.674927,129.938293,29.960869,29.920070,1.985656,119.053440,14.578436,37.919090,0.151259,7,0.856776,3.013517,0.192358,1.584068,206.05
20260716_185200,1226.589,1,Left,13944,99.949799,0.000000,99.949799,1.828744,0.002060,0.013145,0.002579,568,0.000000,0.000000,0.199114,0.947794,0.025943,-0.114236,0.199114,0.027250,0.792745,0.030230,0.947794,0.792745,18.900930,17.271999,-431.129272,165.634598,-404.882355,152.235245,28.631424,28.072341,2.366800,144.753650,84.861937,54.959096,0.160495,0,0.760462,37.145137,1.896587,2.364171,225.35
20260716_185200,1226.589,1,Right,13768,99.941894,0.000000,99.941894,1.852121,0.003364,0.020033,0.004499,578,0.000000,0.000000,0.147966,0.945177,0.025991,-0.107782,0.147966,0.041680,0.731237,0.011746,0.945177,0.731237,17.503186,17.272416,-426.264099,136.285522,-404.882355,152.235245,28.631424,28.072341,3.341582,119.019069,14.578436,37.883736,0.151232,7,0.760462,37.145137,1.896587,2.364171,225.35
20260716_185200,1231.594,1,Left,14002,99.950007,0.000000,99.950007,1.821168,0.002059,0.013127,0.002580,569,0.000000,0.000000,0.199114,0.947794,0.025899,-0.114236,0.199114,0.027201,0.792701,0.030230,0.947794,0.792701,18.899747,17.272058,-338.851135,170.992874,-315.628418,152.448975,27.273683,27.641161,0.948909,144.684488,84.861937,54.889916,0.160373,0,0.756347,71.924109,1.988627,2.961643,249.57
20260716_185200,1231.594,1,Right,13826,99.942138,0.000000,99.942138,1.844351,0.003356,0.020006,0.004497,581,0.000000,0.000000,0.147966,0.945177,0.026004,-0.107782,0.147966,0.041627,0.731201,0.011746,0.945177,0.731201,17.502973,17.272474,-339.917297,144.475571,-315.628418,152.448975,27.273683,27.641161,5.041187,118.955198,14.578436,37.818837,0.151061,7,0.756347,71.924109,1.988627,2.961643,249.57
20260716_185200,1236.603,1,Left,14017,99.928658,0.000000,99.928658,1.819220,0.002062,0.013175,0.002580,570,0.000000,0.000000,0.199114,0.947794,0.025923,-0.114236,0.199114,0.027223,0.792506,0.030230,0.947794,0.792506,18.898658,17.272091,-305.167328,168.790588,-280.585236,146.386520,30.649457,31.915219,3.261059,144.664187,84.861937,54.869612,0.160355,0,0.718508,11.256768,2.466186,3.121100,360.15
20260716_185200,1236.603,1,Right,13841,99.920526,0.000000,99.920526,1.842352,0.003359,0.020066,0.004497,581,0.000000,0.000000,0.147966,0.945177,0.026021,-0.107782,0.147966,0.041627,0.730974,0.011746,0.945177,0.730974,17.501437,17.272507,-310.717010,141.225769,-280.585236,146.386520,30.649457,31.915219,4.311530,118.933122,14.578436,37.797958,0.151019,7,0.718508,11.256768,2.466186,3.121100,360.15
20260716_185200,1442.221,1,Left,14017,99.928658,0.000000,99.928658,1.819220,0.002062,0.013175,0.002580,570,0.000000,0.000000,0.199114,0.947794,0.025923,-0.114236,0.199114,0.027223,0.792506,0.030230,0.947794,0.792506,18.898658,17.272091,-305.167328,168.790588,-280.585236,146.386520,30.649457,31.915219,3.261059,144.664187,84.861937,54.869612,0.160355,0,0.718508,11.256768,2.466186,3.121100,307.77
20260716_185200,1442.221,1,Right,13841,99.920526,0.000000,99.920526,1.842352,0.003359,0.020066,0.004497,581,0.000000,0.000000,0.147966,0.945177,0.026021,-0.107782,0.147966,0.041627,0.730974,0.011746,0.945177,0.730974,17.501437,17.272507,-310.717010,141.225769,-280.585236,146.386520,30.649457,31.915219,4.311530,118.933122,14.578436,37.797958,0.151019,7,0.718508,11.256768,2.466186,3.121100,307.77
20260716_185200,1447.234,1,Left,14096,99.368615,0.000000,99.368615,1.809024,0.002050,0.013104,0.002580,570,0.000000,0.000000,0.199114,0.947794,0.025777,-0.114236,0.199114,0.027070,0.788066,0.000000,0.947794,0.788066,18.802714,17.272156,-300.483368,168.061371,-211.828598,123.483574,74.749171,97.914038,73.885782,144.664187,84.861937,54.869612,0.160355,0,0.059955,980.962490,47.381609,58.078406,337.41
20260716_185200,1447.234,1,Right,13920,99.353448,0.000000,99.353448,1.831897,0.003340,0.019955,0.004497,581,0.000000,0.000000,0.147966,0.945177,0.025874,-0.107782,0.147966,0.041391,0.726828,0.000000,0.945177,0.726828,17.411035,17.272571,-306.935455,140.384033,-211.828598,123.483574,74.749171,97.914038,68.265621,118.933122,14.578436,37.797958,0.151019,7,0.059955,980.962490,47.381609,58.078406,337.41
20260716_185200,1452.234,1,Left,14150,98.989399,0.000000,98.989399,1.802120,0.002043,0.013054,0.002580,570,0.000000,0.000000,0.199114,0.947794,0.025679,-0.114236,0.199114,0.026967,0.785059,0.000000,0.947794,0.785059,18.735624,17.272268,-300.482361,168.061340,-134.737900,76.415077,133.836244,186.544597,161.629592,144.664187,84.861937,54.869612,0.160355,0,0.018318,2199.641105,107.270771,133.424040,345.10
20260716_185200,1452.234,1,Right,13973,98.976598,0.000000,98.976598,1.824948,0.003328,0.019879,0.004497,581,0.000000,0.000000,0.147966,0.945177,0.025775,-0.107782,0.147966,0.041234,0.724071,0.000000,0.945177,0.724071,17.349705,17.272684,-306.934692,140.383957,-134.737900,76.415077,133.836244,186.544597,165.172027,118.933122,14.578436,37.797958,0.151019,7,0.018318,2199.641105,107.270771,133.424040,345.10
20260716_185200,1457.242,1,Left,14210,98.571429,0.000000,98.571429,1.794511,0.002034,0.012999,0.002580,570,0.000000,0.000000,0.199114,0.947794,0.025571,-0.114236,0.199114,0.026853,0.781744,0.000000,0.947794,0.781744,18.664205,17.272375,-300.482361,168.061340,-72.222710,12.212624,190.745680,271.908751,247.070793,144.664187,84.861937,54.869612,0.160355,0,0.009626,3271.897307,165.025031,203.355186,353.86
20260716_185200,1457.242,1,Right,14033,98.553410,0.000000,98.553410,1.817145,0.003313,0.019794,0.004497,581,0.000000,0.000000,0.147966,0.945177,0.025665,-0.107782,0.147966,0.041058,0.720975,0.000000,0.945177,0.720975,17.283422,17.272791,-306.934692,140.383957,-72.222710,12.212624,190.745680,271.908751,251.029914,118.933122,14.578436,37.797958,0.151019,7,0.009626,3271.897307,165.025031,203.355186,353.86
