run_id,elapsed_s,kalman_enabled,side,samples,leader_det_rate_pct,follower_det_rate_pct,det_rate_pct,stale_rate_pct,dsteer_mean_abs,dthr_mean_abs,pred_mae,pred_flips,steer_saturated_pct,throttle_saturated_pct,steer_max,throttle_max,steer_cmd_mean,steer_cmd_min,steer_cmd_max,steer_cmd_mean_abs,throttle_cmd_mean,throttle_cmd_min,throttle_cmd_max,throttle_cmd_mean_abs,mean_distance,min_distance,distance_error_mean,mean_formation_error,near_miss_count,fps
20260603_230156,5.009,1,Left,52,69.230769,69.230769,69.230769,0.000000,0.001638,0.000044,0.015391,0,0.000000,0.000000,0.084181,0.002304,-0.016913,-0.084181,0.000000,0.016913,0.000044,0.000000,0.002304,0.000044,75.143201,45.888897,55.301900,0.405879,0,247.32
20260603_230156,5.009,1,Right,52,69.230769,84.615385,69.230769,0.000000,0.002211,0.002277,0.014186,2,0.000000,0.000000,0.110736,0.055450,0.024786,0.000000,0.110736,0.024786,0.002302,0.000000,0.055450,0.002302,80.893075,51.280709,70.622077,0.464276,0,247.32
20260603_230156,10.011,1,Left,107,85.046729,85.046729,85.046729,0.000000,0.004247,0.019240,0.018000,2,0.000000,0.000000,0.143010,0.755568,0.010511,-0.084181,0.143010,0.038231,0.352332,0.000000,0.755568,0.352332,133.024499,45.888897,46.477849,0.240118,0,247.26
20260603_230156,10.011,1,Right,106,84.905660,92.452830,84.905660,0.000000,0.004598,0.021774,0.020553,3,0.000000,0.000000,0.132933,0.799360,-0.003399,-0.132933,0.110736,0.036898,0.338175,0.000000,0.799360,0.338175,150.502972,51.280709,55.485482,0.264837,0,247.26
20260603_230156,15.016,1,Left,166,90.361446,90.361446,90.361446,0.000000,0.002737,0.013502,0.013263,3,0.000000,0.000000,0.143010,0.783058,0.006775,-0.084181,0.143010,0.024643,0.498752,0.000000,0.783058,0.498752,156.961685,45.888897,53.241440,0.202352,0,453.98
20260603_230156,15.016,1,Right,164,90.243902,95.121951,90.243902,0.000000,0.004662,0.023377,0.017697,4,0.000000,0.000000,0.132933,0.861150,0.017915,-0.132933,0.110736,0.043960,0.457269,0.000000,0.861150,0.457269,177.718668,51.280709,60.560203,0.223383,0,453.98
20260603_230156,20.029,1,Left,221,92.760181,92.760181,92.760181,0.000000,0.003691,0.011230,0.011493,6,0.000000,0.000000,0.143010,0.835184,0.015926,-0.084181,0.143010,0.029347,0.573998,0.000000,0.835184,0.573998,175.399999,45.888897,64.573193,0.203122,0,250.29
20260603_230156,20.029,1,Right,219,92.694064,96.347032,92.694064,0.000000,0.003985,0.018426,0.015549,5,0.000000,0.000000,0.132933,0.861150,0.010385,-0.132933,0.110736,0.035951,0.535214,0.000000,0.861150,0.535214,189.321952,51.280709,62.855025,0.203170,0,250.29
20260603_230156,25.037,1,Left,276,94.202899,94.202899,94.202899,0.000000,0.003934,0.009892,0.010194,9,0.000000,0.000000,0.143010,0.872618,0.016727,-0.084181,0.143010,0.027473,0.623362,0.000000,0.872618,0.623362,188.310482,45.888897,73.383738,0.204454,0,456.25
20260603_230156,25.037,1,Right,274,94.160584,97.080292,94.160584,0.000000,0.004343,0.020341,0.015785,6,0.000000,0.000000,0.136543,0.861150,0.019863,-0.132933,0.136543,0.040297,0.555561,0.000000,0.861150,0.555561,195.254868,51.280709,63.448204,0.193778,0,456.25
20260603_230156,30.048,1,Left,330,95.151515,95.151515,95.151515,0.000000,0.004111,0.008910,0.009485,12,0.000000,0.000000,0.143010,0.872618,0.019040,-0.084181,0.143010,0.028028,0.652215,0.000000,0.872618,0.652215,194.174209,45.888897,76.619421,0.203397,0,247.90
20260603_230156,30.048,1,Right,327,95.107034,97.553517,95.107034,0.000000,0.004300,0.021076,0.014830,7,0.000000,0.000000,0.136543,0.861150,0.016265,-0.132933,0.136543,0.036903,0.576354,0.000000,0.861150,0.576354,198.558986,51.280709,63.393640,0.184661,0,247.90
20260603_230156,35.059,1,Left,383,95.822454,95.822454,95.822454,0.000000,0.004048,0.008078,0.008903,15,0.000000,0.000000,0.143010,0.872618,0.018822,-0.084181,0.143010,0.026566,0.671630,0.000000,0.872618,0.671630,197.813580,45.888897,78.431440,0.201678,0,242.38
20260603_230156,35.059,1,Right,380,95.789474,97.894737,95.789474,0.000000,0.004108,0.018645,0.014407,8,0.000000,0.000000,0.136543,0.861150,0.020287,-0.132933,0.136543,0.038046,0.603718,0.000000,0.861150,0.603718,202.521053,51.280709,64.975104,0.181937,0,242.38
20260603_230156,40.071,1,Left,435,96.321839,96.321839,96.321839,0.000000,0.006334,0.010924,0.015678,18,0.000000,0.000000,0.449342,0.872618,0.023297,-0.130976,0.449342,0.031631,0.676064,0.000000,0.872618,0.676064,197.967565,45.888897,78.036697,0.201827,0,250.02
20260603_230156,40.071,1,Right,432,96.296296,98.148148,96.296296,0.000000,0.003867,0.018643,0.013569,10,0.000000,0.000000,0.136543,0.865193,0.022110,-0.132933,0.136543,0.037731,0.612482,0.000000,0.865193,0.612482,201.751661,51.280709,62.459562,0.173652,0,250.02
20260603_230156,45.080,1,Left,487,96.714579,96.714579,96.714579,0.000000,0.006574,0.010157,0.016458,20,0.000000,0.000000,0.449342,0.884199,0.022677,-0.158130,0.449342,0.036485,0.693092,0.000000,0.884199,0.693092,205.957735,45.888897,84.892200,0.207641,0,454.13
20260603_230156,45.080,1,Right,483,96.687371,98.343685,96.687371,0.000000,0.003799,0.018233,0.013246,11,0.000000,0.000000,0.136543,0.865193,0.020790,-0.132933,0.136543,0.036875,0.628797,0.000000,0.865193,0.628797,207.041274,51.280709,66.414323,0.174945,0,454.13
20260603_230156,50.083,1,Left,534,97.003745,97.003745,97.003745,0.000000,0.006265,0.009875,0.015477,23,0.000000,0.000000,0.449342,0.897648,0.022686,-0.158130,0.449342,0.035280,0.707644,0.000000,0.897648,0.707644,211.377359,45.888897,89.482265,0.210209,0,238.06
20260603_230156,50.083,1,Right,530,96.981132,98.490566,96.981132,0.000000,0.003940,0.019180,0.013419,12,0.000000,0.000000,0.163544,0.865193,0.022447,-0.132933,0.163544,0.037459,0.631128,0.000000,0.865193,0.631128,207.100614,51.280709,65.478049,0.171934,0,238.06
20260603_230156,55.091,1,Left,581,97.246127,97.246127,97.246127,0.000000,0.006259,0.009261,0.014732,26,0.000000,0.000000,0.449342,0.897648,0.024018,-0.158130,0.449342,0.035592,0.715316,0.000000,0.897648,0.715316,212.928304,45.888897,90.341665,0.209838,0,236.70
20260603_230156,55.091,1,Right,577,97.227036,98.613518,97.227036,0.000000,0.004159,0.018070,0.014082,13,0.000000,0.000000,0.163544,0.865193,0.020704,-0.132933,0.163544,0.038198,0.646173,0.000000,0.865193,0.646173,212.136160,51.280709,69.684805,0.175388,0,236.70
20260603_230156,60.105,1,Left,624,97.435897,97.435897,97.435897,0.000000,0.006205,0.008909,0.014139,28,0.000000,0.000000,0.449342,0.897648,0.023920,-0.158130,0.449342,0.034697,0.721493,0.000000,0.897648,0.721493,213.587314,45.888897,90.461642,0.208854,0,201.57
20260603_230156,60.105,1,Right,619,97.415186,98.707593,97.415186,0.000000,0.004466,0.019070,0.014408,14,0.000000,0.000000,0.165431,0.865193,0.024387,-0.132933,0.165431,0.040693,0.645853,0.000000,0.865193,0.645853,211.738503,51.280709,68.655838,0.174155,0,201.57
20260603_230156,65.109,1,Left,671,97.615499,97.615499,97.615499,0.000000,0.006034,0.008439,0.013554,31,0.000000,0.000000,0.449342,0.897648,0.023367,-0.158130,0.449342,0.033389,0.726338,0.000000,0.897648,0.726338,213.838287,45.888897,90.204393,0.207281,0,247.69
20260603_230156,65.109,1,Right,666,97.597598,98.798799,97.597598,0.000000,0.004517,0.018071,0.014760,15,0.000000,0.000000,0.165431,0.866545,0.020487,-0.132933,0.165431,0.040194,0.658219,0.000000,0.866545,0.658219,215.394470,51.280709,71.702072,0.176074,0,247.69
20260603_230156,70.113,1,Left,721,97.780860,97.780860,97.780860,0.000000,0.005866,0.008127,0.013053,33,0.000000,0.000000,0.449342,0.897648,0.023201,-0.158130,0.449342,0.032528,0.731179,0.000000,0.897648,0.731179,214.184007,45.888897,90.083841,0.206058,0,462.59
20260603_230156,70.113,1,Right,714,97.759104,98.879552,97.759104,0.000000,0.004760,0.018987,0.015455,16,0.000000,0.000000,0.165926,0.866545,0.023110,-0.132933,0.165926,0.043002,0.660221,0.000000,0.866545,0.660221,216.688308,51.280709,72.457955,0.177072,0,462.59
20260603_230156,75.124,1,Left,772,97.927461,97.927461,97.927461,0.000000,0.005899,0.007894,0.012585,36,0.000000,0.000000,0.449342,0.897648,0.024257,-0.158130,0.449342,0.032968,0.735730,0.000000,0.897648,0.735730,214.637818,45.888897,90.125593,0.205625,0,449.45
20260603_230156,75.124,1,Right,765,97.908497,98.954248,97.908497,0.000000,0.004820,0.019566,0.015604,18,0.000000,0.000000,0.165926,0.866545,0.023297,-0.132933,0.165926,0.044454,0.661315,0.000000,0.866545,0.661315,216.292796,51.280709,71.566416,0.175868,0,449.45
20260603_230156,80.131,1,Left,818,98.044010,98.044010,98.044010,0.000000,0.005784,0.007613,0.012192,39,0.000000,0.000000,0.449342,0.897648,0.024010,-0.158130,0.449342,0.032231,0.739093,0.000000,0.897648,0.739093,215.262680,45.888897,90.423746,0.205155,0,453.93
20260603_230156,80.131,1,Right,811,98.027127,99.013564,98.027127,0.000000,0.004892,0.018614,0.015860,19,0.000000,0.000000,0.165926,0.866545,0.022425,-0.132933,0.165926,0.044381,0.667868,0.000000,0.866545,0.667868,217.140248,51.280709,72.021058,0.175995,0,453.93
20260603_230156,85.136,1,Left,857,98.133022,98.133022,98.133022,0.000000,0.005814,0.007526,0.011914,41,0.000000,0.000000,0.449342,0.897648,0.024134,-0.158130,0.449342,0.031981,0.742196,0.000000,0.897648,0.742196,215.756429,45.888897,90.668497,0.205015,0,216.05
20260603_230156,85.136,1,Right,850,98.117647,99.058824,98.117647,0.000000,0.005071,0.019309,0.015968,20,0.000000,0.000000,0.165926,0.866545,0.024572,-0.132933,0.165926,0.045520,0.667964,0.000000,0.866545,0.667964,216.239064,51.280709,70.820783,0.174440,0,216.05
20260603_230156,90.139,1,Left,897,98.216276,98.216276,98.216276,0.000000,0.005795,0.007362,0.011644,44,0.000000,0.000000,0.449342,0.897648,0.024673,-0.158130,0.449342,0.032170,0.744227,0.000000,0.897648,0.744227,215.900343,45.888897,90.579930,0.204540,0,196.39
20260603_230156,90.139,1,Right,890,98.202247,99.101124,98.202247,0.000000,0.005111,0.018582,0.016086,21,0.000000,0.000000,0.165926,0.866545,0.022327,-0.132933,0.165926,0.044902,0.672242,0.000000,0.866545,0.672242,216.260328,51.280709,70.563013,0.173537,0,196.39
20260603_230156,95.144,1,Left,939,98.296060,98.296060,98.296060,0.000000,0.005801,0.007230,0.011430,46,0.000000,0.000000,0.449342,0.897648,0.024536,-0.158130,0.449342,0.031697,0.746603,0.000000,0.897648,0.746603,215.978226,45.888897,90.435394,0.203787,0,192.09
20260603_230156,95.144,1,Right,932,98.283262,99.141631,98.283262,0.000000,0.005146,0.019226,0.015988,22,0.000000,0.000000,0.165926,0.866545,0.024565,-0.132933,0.165926,0.046122,0.672303,0.000000,0.866545,0.672303,216.010207,51.280709,70.046136,0.172903,0,192.09
20260603_230156,100.156,1,Left,984,98.373984,98.373984,98.373984,0.000000,0.005726,0.007014,0.011195,48,0.000000,0.000000,0.449342,0.897648,0.024544,-0.158130,0.449342,0.031378,0.748382,0.000000,0.897648,0.748382,215.720034,45.888897,89.960314,0.202669,0,445.82
20260603_230156,100.156,1,Right,977,98.362334,99.181167,98.362334,0.000000,0.005184,0.018546,0.015841,23,0.000000,0.000000,0.165926,0.866545,0.023057,-0.132933,0.165926,0.045825,0.677129,0.000000,0.866545,0.677129,216.640340,51.280709,70.416333,0.172654,0,445.82
20260603_230156,105.157,1,Left,1017,98.426745,98.426745,98.426745,0.000000,0.005729,0.006903,0.011042,51,0.000000,0.000000,0.449342,0.897648,0.024470,-0.158130,0.449342,0.031082,0.749830,0.000000,0.897648,0.749830,215.746438,45.888897,89.840060,0.202092,0,188.07
20260603_230156,105.157,1,Right,1010,98.415842,99.207921,98.415842,0.000000,0.005237,0.019282,0.015824,24,0.000000,0.000000,0.165926,0.866545,0.023420,-0.132933,0.165926,0.046620,0.676756,0.000000,0.866545,0.676756,216.977852,51.280709,70.578183,0.172809,0,188.07
20260603_230156,110.166,1,Left,1053,98.480532,98.480532,98.480532,0.000000,0.005711,0.006790,0.010892,53,0.000000,0.000000,0.449342,0.897648,0.024628,-0.158130,0.449342,0.031014,0.751732,0.000000,0.897648,0.751732,215.843006,45.888897,89.787284,0.201705,0,447.82
20260603_230156,110.166,1,Right,1046,98.470363,99.235182,98.470363,0.000000,0.005316,0.020439,0.015845,26,0.000000,0.000000,0.165926,0.866545,0.024448,-0.132933,0.165926,0.047596,0.676723,0.000000,0.866545,0.676723,216.698612,51.280709,70.120149,0.172260,0,447.82
20260603_230156,115.181,1,Left,1085,98.525346,98.525346,98.525346,0.000000,0.005724,0.006680,0.010817,55,0.000000,0.000000,0.449342,0.897648,0.024677,-0.158130,0.449342,0.030874,0.752624,0.000000,0.897648,0.752624,215.591630,45.888897,89.411601,0.200744,0,182.39
20260603_230156,115.181,1,Right,1078,98.515770,99.257885,98.515770,0.000000,0.005387,0.020607,0.015942,27,0.000000,0.000000,0.165926,0.871695,0.023102,-0.132933,0.165926,0.047823,0.680493,0.000000,0.871695,0.680493,217.869181,51.280709,71.141967,0.173102,0,182.39
20260603_230156,120.186,1,Left,1121,98.572703,98.572703,98.572703,0.000000,0.006509,0.007853,0.012116,57,0.000000,0.000000,0.449342,0.897648,0.024291,-0.208443,0.449342,0.033158,0.751694,0.000000,0.897648,0.751694,214.992819,45.888897,88.749433,0.200579,0,440.07
20260603_230156,120.186,1,Right,1114,98.563734,99.281867,98.563734,0.000000,0.005547,0.021195,0.016166,28,0.000000,0.000000,0.185754,0.871695,0.025387,-0.132933,0.185754,0.049309,0.678955,0.000000,0.871695,0.678955,217.587939,51.280709,70.703743,0.172918,0,440.07
20260603_230156,125.188,1,Left,1157,98.617113,98.617113,98.617113,0.000000,0.006746,0.007681,0.012695,58,0.000000,0.000000,0.449342,0.897648,0.025059,-0.208443,0.449342,0.034650,0.753956,0.000000,0.897648,0.753956,216.469301,45.888897,90.100815,0.202130,0,444.74
20260603_230156,125.188,1,Right,1150,98.608696,99.304348,98.608696,0.000000,0.005709,0.020676,0.016550,29,0.000000,0.000000,0.185754,0.871695,0.023081,-0.132933,0.185754,0.049376,0.683365,0.000000,0.871695,0.683365,219.831713,51.280709,72.800503,0.174912,0,444.74
20260603_230156,130.195,1,Left,1195,98.661088,98.661088,98.661088,0.000000,0.006605,0.007625,0.012481,59,0.000000,0.000000,0.449342,0.897648,0.024815,-0.208443,0.449342,0.034101,0.756091,0.000000,0.897648,0.756091,217.061885,45.888897,90.569638,0.201902,0,449.84
20260603_230156,130.195,1,Right,1188,98.653199,99.326599,98.653199,0.000000,0.005707,0.020600,0.016468,30,0.000000,0.000000,0.185754,0.871695,0.024652,-0.132933,0.185754,0.050106,0.683876,0.000000,0.871695,0.683876,219.078914,51.280709,71.902320,0.173601,0,449.84
20260603_230156,135.200,1,Left,1237,98.706548,98.706548,98.706548,0.000000,0.006524,0.007462,0.012278,62,0.000000,0.000000,0.449342,0.897648,0.024945,-0.208443,0.449342,0.033916,0.757338,0.000000,0.897648,0.757338,217.084106,45.888897,90.464033,0.201479,0,442.25
20260603_230156,135.200,1,Right,1229,98.698129,99.349064,98.698129,0.000000,0.005581,0.020510,0.016143,31,0.000000,0.000000,0.185754,0.871695,0.024130,-0.132933,0.185754,0.048735,0.686515,0.000000,0.871695,0.686515,219.435086,51.280709,72.111846,0.172924,0,442.25
20260603_230156,140.209,1,Left,1288,98.757764,98.757764,98.757764,0.000000,0.006426,0.007384,0.012002,65,0.000000,0.000000,0.449342,0.897648,0.024858,-0.208443,0.449342,0.033473,0.759936,0.000000,0.897648,0.759936,217.801758,45.888897,91.037816,0.201906,0,431.78
20260603_230156,140.209,1,Right,1279,98.749023,99.374511,98.749023,0.000000,0.005539,0.020701,0.015865,34,0.000000,0.000000,0.185754,0.871695,0.025145,-0.132933,0.185754,0.048788,0.686028,0.000000,0.871695,0.686028,218.438197,51.280709,70.949007,0.171036,0,431.78
20260603_230156,145.216,1,Left,1339,98.805078,98.805078,98.805078,0.000000,0.006416,0.007258,0.011757,68,0.000000,0.000000,0.449342,0.897648,0.025187,-0.208443,0.449342,0.033474,0.761732,0.000000,0.897648,0.761732,218.271115,45.888897,91.374396,0.202116,0,252.32
20260603_230156,145.216,1,Right,1329,98.796087,99.398044,98.796087,0.000000,0.005397,0.020008,0.015580,35,0.000000,0.000000,0.185754,0.871695,0.024318,-0.132933,0.185754,0.047071,0.688524,0.000000,0.871695,0.688524,217.919520,51.280709,70.277018,0.169021,0,252.32
20260603_230156,150.223,1,Left,1392,98.850575,98.850575,98.850575,0.000000,0.006292,0.007184,0.011511,71,0.000000,0.000000,0.449342,0.897648,0.024943,-0.208443,0.449342,0.032915,0.763506,0.000000,0.897648,0.763506,218.344417,45.888897,91.320143,0.201777,0,257.10
20260603_230156,150.223,1,Right,1381,98.841419,99.420710,98.841419,0.000000,0.005382,0.020431,0.015688,36,0.000000,0.000000,0.185754,0.871695,0.025306,-0.132933,0.185754,0.047203,0.685704,0.000000,0.871695,0.685704,217.529971,51.280709,69.739940,0.167901,0,257.10
20260603_230156,155.223,1,Left,1446,98.893499,98.893499,98.893499,0.000000,0.006250,0.007055,0.011298,74,0.000000,0.000000,0.449342,0.897648,0.025137,-0.208443,0.449342,0.032811,0.764842,0.000000,0.897648,0.764842,218.619531,45.888897,91.475020,0.201721,0,455.70
20260603_230156,155.223,1,Right,1435,98.885017,99.442509,98.885017,0.000000,0.005269,0.019799,0.015484,37,0.000000,0.000000,0.185754,0.871695,0.023924,-0.132933,0.185754,0.045857,0.689356,0.000000,0.871695,0.689356,218.256121,51.280709,70.324331,0.167714,0,455.70
20260603_230156,160.226,1,Left,1500,98.933333,98.933333,98.933333,0.000000,0.006203,0.006940,0.011095,77,0.000000,0.000000,0.449342,0.897648,0.024870,-0.208443,0.449342,0.032268,0.765902,0.000000,0.897648,0.765902,218.378225,45.888897,91.122227,0.201014,0,461.47
20260603_230156,160.226,1,Right,1488,98.924731,99.462366,98.924731,0.000000,0.005242,0.020213,0.015509,38,0.000000,0.000000,0.185754,0.871933,0.024927,-0.132933,0.185754,0.046079,0.689286,0.000000,0.871933,0.689286,218.635211,51.280709,70.574401,0.167687,0,461.47
20260603_230156,165.228,1,Left,1553,98.969736,98.969736,98.969736,0.000000,0.006591,0.007828,0.012007,81,0.000000,0.000000,0.449342,0.900000,0.024841,-0.208443,0.449342,0.033078,0.766089,0.000000,0.900000,0.766089,218.171978,45.888897,90.850333,0.200756,0,239.54
20260603_230156,165.228,1,Right,1541,98.961713,99.480857,98.961713,0.000000,0.005350,0.020660,0.016046,41,0.000000,0.000000,0.222248,0.871933,0.023758,-0.222248,0.185754,0.044806,0.690251,0.000000,0.871933,0.690251,218.346152,51.280709,70.183545,0.166703,0,239.54
20260603_230156,170.231,1,Left,1606,99.003736,99.003736,99.003736,0.000000,0.006501,0.007712,0.011978,83,0.000000,0.000000,0.449342,0.900000,0.024931,-0.208443,0.449342,0.032896,0.767158,0.000000,0.900000,0.767158,218.476117,45.888897,91.058250,0.200689,0,465.93
20260603_230156,170.231,1,Right,1594,98.996236,99.498118,98.996236,0.000000,0.005364,0.020048,0.016083,42,0.000000,0.000000,0.222248,0.871933,0.024819,-0.222248,0.185754,0.045168,0.692297,0.000000,0.871933,0.692297,217.859009,51.280709,69.583800,0.165897,0,465.93
20260603_230156,175.234,1,Left,1659,99.035564,99.035564,99.035564,0.000000,0.006490,0.007668,0.011804,86,0.000000,0.000000,0.449342,0.900000,0.025385,-0.208443,0.449342,0.033096,0.768702,0.000000,0.900000,0.768702,218.851160,45.888897,91.343278,0.200972,0,275.25
20260603_230156,175.234,1,Right,1647,99.028537,99.514268,99.028537,0.000000,0.005293,0.020219,0.015876,44,0.000000,0.000000,0.222248,0.871933,0.025139,-0.222248,0.185754,0.044833,0.691215,0.000000,0.871933,0.691215,217.179996,51.280709,68.799504,0.164439,0,275.25
20260603_230156,180.245,1,Left,1712,99.065421,99.065421,99.065421,0.000000,0.006389,0.007515,0.011601,89,0.000000,0.000000,0.449342,0.900000,0.025173,-0.208443,0.449342,0.032645,0.769433,0.000000,0.900000,0.769433,218.851026,45.888897,91.258755,0.200647,0,265.97
20260603_230156,180.245,1,Right,1699,99.058270,99.529135,99.058270,0.000000,0.005263,0.019703,0.015806,45,0.000000,0.000000,0.222248,0.871933,0.024459,-0.222248,0.185754,0.044121,0.694034,0.000000,0.871933,0.694034,217.768216,51.280709,69.290872,0.164714,0,265.97
20260603_230156,185.248,1,Left,1737,99.021301,99.021301,99.021301,0.000000,0.006385,0.007964,0.011526,90,0.000000,0.000000,0.449342,0.900000,0.025298,-0.208443,0.449342,0.032663,0.769524,0.000000,0.900000,0.769524,218.910667,45.888897,91.281892,0.200676,0,470.32
20260603_230156,185.248,1,Right,1724,99.013921,99.477958,99.013921,0.000000,0.005275,0.019878,0.015798,45,0.000000,0.000000,0.222248,0.871933,0.024243,-0.222248,0.185754,0.043619,0.692524,0.000000,0.871933,0.692524,217.399273,51.280709,68.879218,0.163818,0,470.32
20260603_230156,190.254,1,Left,1866,93.944266,93.944266,93.944266,0.000000,0.006006,0.007896,0.011783,91,0.000000,0.000000,0.449342,0.900000,0.023254,-0.208443,0.449342,0.030700,0.732241,0.000000,0.900000,0.732241,225.000557,45.888897,97.323222,0.203153,0,263.18
20260603_230156,190.254,1,Right,1853,93.847814,94.333513,93.847814,0.000000,0.005650,0.019068,0.016811,46,0.000000,0.000000,0.356934,0.937744,0.025131,-0.287691,0.356934,0.043791,0.660073,0.000000,0.937744,0.660073,222.957686,51.280709,74.382517,0.168245,0,263.18
20260603_230156,195.259,1,Left,1914,94.096134,94.096134,94.096134,0.000000,0.006032,0.007698,0.011683,94,0.000000,0.000000,0.449342,0.900000,0.024047,-0.208443,0.449342,0.031306,0.736449,0.000000,0.900000,0.736449,233.782854,45.888897,106.038063,0.206903,0,438.18
20260603_230156,195.259,1,Right,1900,94.000000,94.473684,94.000000,0.000000,0.005600,0.018597,0.016733,47,0.000000,0.000000,0.356934,0.937744,0.023373,-0.287691,0.356934,0.043844,0.666008,0.000000,0.937744,0.666008,232.645292,51.280709,83.992755,0.172747,0,438.18
20260603_230156,200.260,1,Left,1963,94.243505,94.243505,94.243505,0.000000,0.005988,0.007557,0.011538,97,0.000000,0.000000,0.449342,0.950000,0.023933,-0.208443,0.449342,0.031010,0.740557,0.000000,0.950000,0.740557,242.149150,45.888897,114.339109,0.210366,0,435.59
20260603_230156,200.260,1,Right,1947,94.144838,94.607088,94.144838,0.000000,0.005564,0.018244,0.016514,49,0.000000,0.000000,0.356934,0.937744,0.023516,-0.287691,0.356934,0.043493,0.670904,0.000000,0.937744,0.670904,237.035209,51.280709,88.309272,0.175404,0,435.59
20260603_230156,205.262,1,Left,2019,94.403170,94.403170,94.403170,0.000000,0.005935,0.007347,0.011337,100,0.000000,0.000000,0.449342,0.950000,0.024138,-0.208443,0.449342,0.031019,0.744979,0.000000,0.950000,0.744979,252.288586,45.888897,124.408081,0.214640,0,247.93
20260603_230156,205.262,1,Right,2003,94.308537,94.757863,94.308537,0.000000,0.005572,0.018716,0.016282,51,0.000000,0.000000,0.356934,0.937744,0.024188,-0.287691,0.356934,0.043607,0.671644,0.000000,0.937744,0.671644,236.265371,51.280709,87.456746,0.174390,0,247.93
20260603_230156,210.271,1,Left,2077,94.559461,94.559461,94.559461,0.000000,0.005866,0.007142,0.011131,104,0.000000,0.000000,0.449342,0.950000,0.024219,-0.208443,0.449342,0.030909,0.749308,0.000000,0.950000,0.749308,262.935829,45.888897,134.986580,0.218859,0,254.79
20260603_230156,210.271,1,Right,2058,94.460641,94.897959,94.460641,0.000000,0.005487,0.018582,0.016110,52,0.000000,0.000000,0.356934,0.937744,0.024258,-0.287691,0.356934,0.043158,0.674234,0.000000,0.937744,0.674234,236.136961,51.280709,87.251763,0.174215,0,254.79
20260603_230156,215.275,1,Left,2133,94.702297,94.702297,94.702297,0.000000,0.005868,0.006955,0.010936,107,0.000000,0.000000,0.449342,0.950000,0.024198,-0.208443,0.449342,0.030712,0.753264,0.000000,0.950000,0.753264,273.777505,45.888897,145.765628,0.222880,0,455.06
20260603_230156,215.275,1,Right,2113,94.604827,95.030762,94.604827,0.000000,0.005423,0.018813,0.015976,53,0.000000,0.000000,0.356934,0.937744,0.024125,-0.287691,0.356934,0.042533,0.673535,0.000000,0.937744,0.673535,234.928973,51.280709,85.971415,0.172552,0,455.06
20260603_230156,220.280,1,Left,2187,94.833105,94.833105,94.833105,0.000000,0.005833,0.006783,0.010751,111,0.000000,0.000000,0.449342,0.950000,0.024172,-0.208443,0.449342,0.030525,0.756887,0.000000,0.950000,0.756887,284.589138,45.888897,156.520073,0.226589,0,249.42
20260603_230156,220.280,1,Right,2166,94.736842,95.152355,94.736842,0.000000,0.005447,0.018423,0.015992,55,0.000000,0.000000,0.356934,0.937744,0.024030,-0.287691,0.356934,0.042816,0.676287,0.000000,0.937744,0.676287,235.049900,51.280709,86.026284,0.173079,0,249.42
20260603_230156,225.291,1,Left,2240,94.955357,94.955357,94.955357,0.044643,0.005816,0.006953,0.010581,115,0.000000,0.000000,0.449342,0.950000,0.024140,-0.208443,0.449342,0.030342,0.760108,0.000000,0.950000,0.760108,294.753361,45.888897,166.630989,0.230128,0,459.45
20260603_230156,225.291,1,Right,2218,94.860234,95.266005,94.860234,0.000000,0.005474,0.018683,0.015928,56,0.000000,0.000000,0.356934,0.937744,0.024914,-0.287691,0.356934,0.043259,0.675950,0.000000,0.937744,0.675950,234.246244,51.280709,85.161049,0.172157,0,459.45
20260603_230156,230.296,1,Left,2295,95.076253,95.076253,95.076253,0.043573,0.005773,0.006787,0.010420,119,0.000000,0.000000,0.449342,0.950000,0.024227,-0.208443,0.449342,0.030281,0.763460,0.000000,0.950000,0.763460,304.523094,45.888897,176.348143,0.233582,0,246.97
20260603_230156,230.296,1,Right,2273,94.984602,95.380554,94.984602,0.000000,0.005433,0.018291,0.015888,57,0.000000,0.000000,0.356934,0.937744,0.024044,-0.287691,0.356934,0.042553,0.678745,0.000000,0.937744,0.678745,234.560291,51.280709,85.413195,0.172456,0,246.97
20260603_230156,235.305,1,Left,2346,95.183291,95.183291,95.183291,0.042626,0.005780,0.006639,0.010275,122,0.000000,0.000000,0.449342,0.950000,0.024327,-0.208443,0.449342,0.030250,0.766429,0.000000,0.950000,0.766429,313.031754,45.888897,184.810363,0.236659,0,249.33
20260603_230156,235.305,1,Right,2324,95.094664,95.481928,95.094664,0.000000,0.005508,0.018988,0.015906,58,0.000000,0.000000,0.356934,0.937744,0.024752,-0.287691,0.356934,0.042856,0.678880,0.000000,0.937744,0.678880,233.862792,51.280709,84.661048,0.171604,0,249.33
20260603_230156,240.317,1,Left,2403,95.297545,95.297545,95.297545,0.083229,0.005755,0.006792,0.010116,126,0.000000,0.000000,0.449342,0.950000,0.024313,-0.208443,0.449342,0.030095,0.769442,0.000000,0.950000,0.769442,322.022940,45.888897,193.752092,0.239907,0,446.54
20260603_230156,240.317,1,Right,2379,95.208071,95.586381,95.208071,0.000000,0.005381,0.018592,0.015650,59,0.000000,0.000000,0.356934,0.937744,0.024180,-0.287691,0.356934,0.041865,0.680639,0.000000,0.937744,0.680639,233.152404,51.280709,83.894484,0.170683,0,446.54
20260603_230156,245.328,1,Left,2453,95.393396,95.393396,95.393396,0.081533,0.005728,0.006654,0.009973,130,0.000000,0.000000,0.449342,0.950000,0.024346,-0.208443,0.449342,0.030010,0.772103,0.000000,0.950000,0.772103,329.922552,45.888897,201.610305,0.242672,0,459.95
20260603_230156,245.328,1,Right,2429,95.306711,95.677233,95.306711,0.000000,0.005377,0.019225,0.015596,61,0.000000,0.000000,0.356934,0.937744,0.024584,-0.287691,0.356934,0.041905,0.680133,0.000000,0.937744,0.680133,232.143384,51.280709,82.836712,0.169327,0,459.95
20260603_230156,250.333,1,Left,2505,95.489022,95.489022,95.489022,0.199601,0.005916,0.007404,0.009810,134,0.000000,0.000000,0.449342,0.950000,0.024328,-0.208443,0.449342,0.029875,0.774314,0.000000,0.950000,0.774314,338.462784,45.888897,210.109317,0.245490,0,271.00
20260603_230156,250.333,1,Right,2481,95.405079,95.767836,95.405079,0.000000,0.005335,0.018870,0.015337,63,0.000000,0.000000,0.356934,0.937744,0.024309,-0.287691,0.356934,0.041267,0.682073,0.000000,0.937744,0.682073,231.961259,51.280709,82.606069,0.169020,0,271.00
20260603_230156,255.339,1,Left,2554,95.575568,95.575568,95.575568,0.313234,0.006134,0.008141,0.009641,137,0.000000,0.000000,0.449342,0.950000,0.024243,-0.208443,0.449342,0.029683,0.776286,0.000000,0.950000,0.776286,346.428865,45.888897,218.038165,0.248024,0,461.12
20260603_230156,255.339,1,Right,2530,95.494071,95.849802,95.494071,0.000000,0.005315,0.019491,0.015181,64,0.000000,0.000000,0.356934,0.937744,0.024530,-0.287691,0.356934,0.041160,0.682480,0.000000,0.937744,0.682480,231.372725,51.280709,81.973729,0.168064,0,461.12
20260603_230156,260.343,1,Left,2608,95.667178,94.516871,95.667178,0.958589,0.006219,0.010350,0.009544,139,0.000000,0.000000,0.449342,0.950000,0.024156,-0.208443,0.449342,0.029483,0.776333,0.000000,0.950000,0.776333,355.012566,45.888897,226.582526,0.250571,0,213.65
20260603_230156,260.343,1,Right,2584,95.588235,95.936533,95.588235,0.000000,0.005256,0.019592,0.014980,66,0.000000,0.000000,0.356934,0.937744,0.024891,-0.287691,0.356934,0.041173,0.681708,0.000000,0.937744,0.681708,230.532925,51.280709,81.087664,0.166815,0,213.65
20260603_230156,265.352,1,Left,2656,94.992470,92.884036,94.992470,1.242470,0.006146,0.010805,0.009504,140,0.000000,0.000000,0.449342,0.950000,0.024039,-0.208443,0.449342,0.029270,0.770581,0.000000,0.950000,0.770581,358.472485,45.888897,230.022710,0.251734,0,464.74
20260603_230156,265.352,1,Right,2632,95.668693,94.338906,95.668693,0.000000,0.005241,0.019313,0.014895,67,0.000000,0.000000,0.356934,0.937744,0.024427,-0.287691,0.356934,0.040631,0.683329,0.000000,0.937744,0.683329,231.122618,51.280709,81.637900,0.167322,0,464.74
20260603_230156,270.353,1,Left,2704,93.306213,91.457101,93.306213,1.220414,0.006228,0.010820,0.009504,140,0.000000,0.000000,0.449342,0.950000,0.023051,-0.259200,0.449342,0.029311,0.757378,0.000000,0.950000,0.757378,358.472485,45.888897,230.022710,0.251734,0,449.02
20260603_230156,270.353,1,Right,2680,95.746269,92.910448,95.746269,0.000000,0.005248,0.019461,0.014851,68,0.000000,0.000000,0.356934,0.937744,0.024847,-0.287691,0.356934,0.040761,0.683665,0.000000,0.937744,0.683665,230.689878,51.280709,81.167178,0.166818,0,449.02
20260603_230156,275.354,1,Left,2753,91.645478,89.829277,91.645478,1.198692,0.006117,0.010627,0.009504,140,0.000000,0.000000,0.449342,0.950000,0.022641,-0.259200,0.449342,0.028789,0.743898,0.000000,0.950000,0.743898,358.472485,45.888897,230.022710,0.251734,0,248.74
20260603_230156,275.354,1,Right,2729,95.822646,91.242213,95.822646,0.000000,0.005205,0.019148,0.014669,70,0.000000,0.000000,0.356934,0.937744,0.024739,-0.287691,0.356934,0.040367,0.684227,0.000000,0.937744,0.684227,230.081695,51.280709,80.521660,0.166031,0,248.74
20260603_230156,280.362,1,Left,2805,89.946524,88.163993,89.946524,1.176471,0.006004,0.010430,0.009504,140,0.000000,0.000000,0.449342,0.950000,0.022221,-0.259200,0.449342,0.028256,0.730107,0.000000,0.950000,0.730107,358.472485,45.888897,230.022710,0.251734,0,457.49
20260603_230156,280.362,1,Right,2781,95.900755,89.536138,95.900755,0.000000,0.005158,0.019264,0.014480,72,0.000000,0.000000,0.356934,0.937744,0.024680,-0.287691,0.356934,0.040016,0.684266,0.000000,0.937744,0.684266,229.345384,51.280709,79.747229,0.165062,0,457.49
20260603_230156,285.373,1,Left,2858,88.278516,86.529041,88.278516,1.154654,0.005893,0.010237,0.009504,140,0.000000,0.000000,0.449342,0.950000,0.021809,-0.259200,0.449342,0.027732,0.716568,0.000000,0.950000,0.716568,358.472485,45.888897,230.022710,0.251734,0,453.59
20260603_230156,285.373,1,Right,2834,95.977417,88.108680,95.977417,0.000000,0.005132,0.018967,0.014298,75,0.000000,0.000000,0.356934,0.937744,0.024639,-0.287691,0.356934,0.039688,0.684947,0.000000,0.937744,0.684947,228.812144,51.280709,79.176636,0.164424,0,453.59
20260603_230156,290.385,1,Left,2913,86.611740,84.895297,86.611740,1.132853,0.005781,0.010044,0.009504,140,0.000000,0.000000,0.449342,0.950000,0.021397,-0.259200,0.449342,0.027208,0.703038,0.000000,0.950000,0.703038,358.472485,45.888897,230.022710,0.251734,0,449.65
20260603_230156,290.385,1,Right,2889,96.053998,86.431291,96.053998,0.000000,0.005089,0.018645,0.014114,78,0.000000,0.000000,0.356934,0.937744,0.024794,-0.287691,0.356934,0.039556,0.685872,0.000000,0.937744,0.685872,228.585947,51.280709,78.913184,0.164246,0,449.65
20260603_230156,295.386,1,Left,2967,85.035389,83.350185,85.035389,1.112235,0.005676,0.009861,0.009504,140,0.000000,0.000000,0.449342,0.950000,0.021008,-0.259200,0.449342,0.026713,0.690243,0.000000,0.950000,0.690243,358.472485,45.888897,230.022710,0.251734,0,235.94
20260603_230156,295.386,1,Right,2943,96.126402,84.845396,96.126402,0.000000,0.005066,0.018347,0.013956,81,0.000000,0.000000,0.356934,0.937744,0.024737,-0.287691,0.356934,0.039229,0.686555,0.000000,0.937744,0.686555,228.161946,51.280709,78.454016,0.163758,0,235.94
20260603_230156,300.395,1,Left,3023,83.460139,81.806153,83.460139,1.091631,0.005571,0.009678,0.009504,140,0.000000,0.000000,0.449342,0.950000,0.020619,-0.259200,0.449342,0.026218,0.677456,0.000000,0.950000,0.677456,358.472485,45.888897,230.022710,0.251734,0,257.13
20260603_230156,300.395,1,Right,2999,96.198733,83.527843,96.198733,0.000000,0.005038,0.018049,0.013784,83,0.000000,0.000000,0.356934,0.937744,0.024651,-0.287691,0.356934,0.038873,0.687212,0.000000,0.937744,0.687212,227.667288,51.280709,77.924278,0.163172,0,257.13
20260603_230156,305.402,1,Left,3078,81.968811,80.344379,81.968811,1.072125,0.005471,0.009505,0.009504,140,0.000000,0.000000,0.449342,0.950000,0.020250,-0.259200,0.449342,0.025749,0.665351,0.000000,0.950000,0.665351,358.472485,45.888897,230.022710,0.251734,0,464.90
20260603_230156,305.402,1,Right,3053,96.265968,82.279725,96.265968,0.000000,0.005002,0.017781,0.013629,86,0.000000,0.000000,0.356934,0.937744,0.024850,-0.287691,0.356934,0.038819,0.687763,0.000000,0.937744,0.687763,227.147356,51.280709,77.371786,0.162593,0,464.90
20260603_230156,310.413,1,Left,3127,80.684362,79.309242,80.684362,1.055325,0.005551,0.009536,0.009504,140,0.000000,0.000000,0.449342,0.950000,0.019354,-0.259200,0.449342,0.025925,0.655402,0.000000,0.950000,0.655402,358.472485,45.888897,230.022710,0.251734,0,443.65
20260603_230156,310.413,1,Right,3102,96.324952,80.980013,96.324952,0.000000,0.004992,0.017538,0.013514,88,0.000000,0.000000,0.356934,0.937744,0.024850,-0.287691,0.356934,0.038599,0.688260,0.000000,0.937744,0.688260,226.741060,51.280709,76.936963,0.162126,0,443.65
20260603_230156,315.423,1,Left,3180,79.339623,78.427673,79.339623,1.037736,0.005737,0.009730,0.009504,140,0.000000,0.000000,0.449342,0.950000,0.019697,-0.259200,0.449342,0.026158,0.645443,0.000000,0.950000,0.645443,358.472485,45.888897,230.022710,0.251734,0,458.54
20260603_230156,315.423,1,Right,3155,96.386688,79.619651,96.386688,0.000000,0.004956,0.017280,0.013372,90,0.000000,0.000000,0.356934,0.937744,0.024774,-0.287691,0.356934,0.038291,0.688791,0.000000,0.937744,0.688791,226.328357,51.280709,76.494439,0.161585,0,458.54
20260603_230156,320.426,1,Left,3233,78.038973,77.575008,78.038973,1.020724,0.006052,0.009842,0.009504,140,0.000000,0.000000,0.450406,0.950000,0.020547,-0.259200,0.450406,0.026901,0.635836,0.000000,0.950000,0.635836,358.472485,45.888897,230.022710,0.251734,0,258.81
20260603_230156,320.426,1,Right,3207,96.445276,78.328656,96.445276,0.000000,0.004921,0.017040,0.013251,93,0.000000,0.000000,0.356934,0.937744,0.024705,-0.287691,0.356934,0.038004,0.689279,0.000000,0.937744,0.689279,225.920737,51.280709,76.058553,0.161084,0,258.81
20260603_230156,325.433,1,Left,3283,76.850442,76.393542,76.850442,1.005178,0.005960,0.009692,0.009504,140,0.000000,0.000000,0.450406,0.950000,0.020234,-0.259200,0.450406,0.026492,0.626152,0.000000,0.950000,0.626152,358.472485,45.888897,230.022710,0.251734,0,458.39
20260603_230156,325.433,1,Right,3257,96.499846,77.341111,96.499846,0.000000,0.004914,0.016836,0.013139,95,0.000000,0.000000,0.356934,0.937744,0.024802,-0.287691,0.356934,0.037896,0.689809,0.000000,0.937744,0.689809,225.612780,51.280709,75.724301,0.160757,0,458.39
20260603_230156,330.439,1,Left,3342,75.493716,75.733094,75.493716,0.987433,0.005981,0.010026,0.009504,140,0.000000,0.000000,0.450406,0.950000,0.020168,-0.259200,0.450406,0.026316,0.616564,0.000000,0.950000,0.616564,358.472485,45.888897,230.022710,0.251734,0,443.89
20260603_230156,330.439,1,Right,3316,96.562123,75.965018,96.562123,0.000000,0.004875,0.016590,0.013000,98,0.000000,0.000000,0.356934,0.937744,0.024942,-0.287691,0.356934,0.037804,0.690249,0.000000,0.937744,0.690249,225.097289,51.280709,75.178836,0.160143,0,443.89
20260603_230156,335.449,1,Left,3395,74.315169,75.022091,74.315169,0.972018,0.005966,0.010248,0.009504,140,0.000000,0.000000,0.450406,0.950000,0.019672,-0.259200,0.450406,0.026087,0.607963,0.000000,0.950000,0.607963,358.472485,45.888897,230.022710,0.251734,0,459.30
20260603_230156,335.449,1,Right,3369,96.616207,74.769961,96.616207,0.000000,0.004860,0.016365,0.012892,100,0.000000,0.000000,0.356934,0.937744,0.024864,-0.287691,0.356934,0.037523,0.690602,0.000000,0.937744,0.690602,224.621172,51.280709,74.676721,0.159520,0,459.30
20260603_230156,340.459,1,Left,3449,73.151638,74.775297,73.151638,0.956799,0.005873,0.010667,0.009504,140,0.000000,0.000000,0.450406,0.950000,0.019364,-0.259200,0.450406,0.025678,0.600458,0.000000,0.950000,0.600458,358.472485,45.888897,230.022710,0.251734,0,235.82
20260603_230156,340.459,1,Right,3423,96.669588,73.590418,96.669588,0.000000,0.004824,0.016145,0.012762,103,0.000000,0.000000,0.356934,0.937744,0.024755,-0.287691,0.356934,0.037215,0.690995,0.000000,0.937744,0.690995,224.197745,51.280709,74.227661,0.158973,0,235.82
20260603_230156,345.468,1,Left,3502,72.044546,74.129069,72.044546,0.942319,0.006044,0.010873,0.009504,140,0.000000,0.000000,0.450406,0.950000,0.019607,-0.259200,0.450406,0.025827,0.592423,0.000000,0.950000,0.592423,358.472485,45.888897,230.022710,0.251734,0,262.74
20260603_230156,345.468,1,Right,3476,96.720368,72.468354,96.720368,0.000000,0.004813,0.015931,0.012660,105,0.000000,0.000000,0.356934,0.937744,0.024821,-0.287691,0.356934,0.037091,0.691391,0.000000,0.937744,0.691391,223.817734,51.280709,73.823294,0.158531,0,262.74
20260603_230156,350.473,1,Left,3556,70.950506,73.003375,70.950506,0.928009,0.005952,0.010708,0.009504,140,0.000000,0.000000,0.450406,0.950000,0.019310,-0.259200,0.450406,0.025434,0.583427,0.000000,0.950000,0.583427,358.472485,45.888897,230.022710,0.251734,0,233.67
20260603_230156,350.473,1,Right,3530,96.770538,71.359773,96.770538,0.000000,0.004801,0.015723,0.012552,108,0.000000,0.000000,0.356934,0.937744,0.024935,-0.287691,0.356934,0.037017,0.691790,0.000000,0.937744,0.691790,223.450475,51.280709,73.431995,0.158117,0,233.67
20260603_230156,355.473,1,Left,3607,69.947325,71.971167,69.947325,0.914888,0.005868,0.010556,0.009504,140,0.000000,0.000000,0.450406,0.950000,0.019037,-0.259200,0.450406,0.025075,0.575177,0.000000,0.950000,0.575177,358.472485,45.888897,230.022710,0.251734,0,431.38
20260603_230156,355.473,1,Right,3581,96.816532,70.343479,96.816532,0.000000,0.004773,0.015535,0.012449,111,0.000000,0.000000,0.356934,0.937744,0.024895,-0.287691,0.356934,0.036805,0.692158,0.000000,0.937744,0.692158,223.116251,51.280709,73.075754,0.157706,0,431.38
20260603_230156,360.476,1,Left,3661,68.915597,70.909588,68.915597,0.901393,0.005781,0.010401,0.009504,140,0.000000,0.000000,0.450406,0.950000,0.018756,-0.259200,0.450406,0.024705,0.566693,0.000000,0.950000,0.566693,358.472485,45.888897,230.022710,0.251734,0,452.26
20260603_230156,360.476,1,Right,3633,96.862097,69.336636,96.862097,0.000000,0.004745,0.015351,0.012352,113,0.000000,0.000000,0.356934,0.937744,0.024829,-0.287691,0.356934,0.036568,0.692557,0.000000,0.937744,0.692557,222.822133,51.280709,72.759846,0.157335,0,452.26
20260603_230156,365.481,1,Left,3716,67.895587,70.048439,67.895587,0.888052,0.005832,0.010398,0.009504,140,0.000000,0.000000,0.450406,0.950000,0.018781,-0.259200,0.450406,0.024642,0.558709,0.000000,0.950000,0.558709,358.472485,45.888897,230.022710,0.251734,0,449.89
20260603_230156,365.481,1,Right,3688,96.908894,68.302603,96.908894,0.000000,0.004733,0.015156,0.012264,115,0.000000,0.000000,0.356934,0.937744,0.024849,-0.287691,0.356934,0.036413,0.692881,0.000000,0.937744,0.692881,222.431244,51.280709,72.346599,0.156861,0,449.89
20260603_230156,370.483,1,Left,3766,66.994158,69.118428,66.994158,0.876261,0.005755,0.010260,0.009504,140,0.000000,0.000000,0.450406,0.950000,0.018531,-0.259200,0.450406,0.024315,0.551291,0.000000,0.950000,0.551291,358.472485,45.888897,230.022710,0.251734,0,253.02
20260603_230156,370.483,1,Right,3738,96.950241,67.388978,96.950241,0.000000,0.004711,0.014987,0.012181,117,0.000000,0.000000,0.356934,0.937744,0.024924,-0.287691,0.356934,0.036334,0.693240,0.000000,0.937744,0.693240,222.160756,51.280709,72.056374,0.156552,0,253.02
20260603_230156,375.490,1,Left,3814,66.203461,68.694284,66.203461,0.865233,0.006042,0.010611,0.009726,141,0.000000,0.000000,0.450406,0.950000,0.019250,-0.259200,0.450406,0.024961,0.545740,0.000000,0.950000,0.545740,358.698706,45.888897,230.247538,0.251899,0,450.95
20260603_230156,375.490,1,Right,3786,96.988906,66.534601,96.988906,0.000000,0.004710,0.014832,0.012098,120,0.000000,0.000000,0.356934,0.937744,0.025012,-0.287691,0.356934,0.036277,0.693541,0.000000,0.937744,0.693541,221.871498,51.280709,71.748675,0.156222,0,450.95
20260603_230156,380.504,1,Left,3864,66.252588,68.478261,66.252588,1.242236,0.006511,0.012325,0.009878,142,0.000000,0.000000,0.450406,0.950000,0.020207,-0.259200,0.450406,0.026399,0.545935,0.000000,0.950000,0.545935,363.635417,45.888897,235.160225,0.254737,0,254.03
20260603_230156,380.504,1,Right,3835,97.027379,65.684485,97.027379,0.000000,0.004688,0.014671,0.012031,122,0.000000,0.000000,0.356934,0.937744,0.024988,-0.287691,0.356934,0.036109,0.693891,0.000000,0.937744,0.693891,221.637459,51.280709,71.496301,0.155939,0,254.03
20260603_230156,385.507,1,Left,3914,66.683700,68.548799,66.683700,1.251916,0.007054,0.012866,0.011766,145,0.000000,0.000000,0.880579,0.950000,0.023418,-0.259200,0.880579,0.029531,0.545241,0.000000,0.950000,0.545241,361.528268,34.957143,234.163460,0.261448,0,244.68
20260603_230156,385.507,1,Right,3885,97.065637,64.864865,97.065637,0.000000,0.004692,0.014893,0.011998,125,0.000000,0.000000,0.356934,0.937744,0.024998,-0.287691,0.356934,0.035976,0.693362,0.000000,0.937744,0.693362,221.266222,51.280709,71.106846,0.155414,0,244.68
20260603_230156,390.516,1,Left,3964,67.103935,68.945510,67.103935,1.236125,0.007158,0.013155,0.012062,149,0.000000,0.000000,0.880579,0.950000,0.024385,-0.259200,0.880579,0.030449,0.548113,0.000000,0.950000,0.548113,362.908223,34.957143,235.599239,0.263183,0,245.22
20260603_230156,390.516,1,Right,3935,97.102922,64.498094,97.102922,0.000000,0.004669,0.014808,0.011991,127,0.000000,0.000000,0.356934,0.937744,0.024952,-0.287691,0.356934,0.035790,0.694502,0.000000,0.937744,0.694502,221.674449,51.280709,71.497332,0.155867,0,245.22
20260603_230156,395.518,1,Left,4015,67.521793,69.339975,67.521793,1.270237,0.007143,0.013176,0.012109,151,0.000000,0.000000,0.880579,0.950000,0.024623,-0.259200,0.880579,0.030611,0.552394,0.000000,0.950000,0.552394,367.161260,34.957143,239.797732,0.265009,0,447.06
20260603_230156,395.518,1,Right,3985,97.139272,64.943538,97.139272,0.000000,0.004655,0.014808,0.011955,127,0.000000,0.000000,0.356934,0.937744,0.024877,-0.287691,0.356934,0.035580,0.694445,0.000000,0.937744,0.694445,221.423011,51.280709,71.228611,0.155412,0,447.06
20260603_230156,400.523,1,Left,4066,67.929169,69.724545,67.929169,1.328087,0.007204,0.013558,0.012100,155,0.000000,0.000000,0.880579,0.950000,0.024659,-0.259200,0.880579,0.030572,0.556481,0.000000,0.950000,0.556481,373.305509,34.957143,245.889452,0.266961,0,455.61
20260603_230156,400.523,1,Right,4036,97.175421,65.386521,97.175421,0.000000,0.004663,0.014811,0.011997,129,0.000000,0.000000,0.356934,0.937744,0.024822,-0.287691,0.356934,0.035760,0.694897,0.000000,0.937744,0.694897,221.603301,51.280709,71.391727,0.155736,0,455.61
20260603_230156,405.532,1,Left,4117,68.326451,70.099587,68.326451,1.408793,0.007257,0.014104,0.012096,159,0.000000,0.000000,0.880579,0.950000,0.024680,-0.259200,0.880579,0.030520,0.560379,0.000000,0.950000,0.560379,380.269660,34.957143,252.802979,0.268954,0,242.05
20260603_230156,405.532,1,Right,4087,97.210668,65.818449,97.210668,0.000000,0.004641,0.014948,0.011992,130,0.000000,0.000000,0.356934,0.937744,0.025088,-0.287691,0.356934,0.035889,0.694198,0.000000,0.937744,0.694198,221.369078,51.280709,71.140770,0.155410,0,242.05
20260603_230156,410.533,1,Left,4171,68.544713,70.486694,68.544713,1.870055,0.007775,0.015618,0.012164,161,0.000000,0.000000,0.880579,0.950000,0.023869,-0.500000,0.880579,0.030993,0.561725,0.000000,0.950000,0.561725,386.703669,34.957143,259.192876,0.270745,0,254.71
20260603_230156,410.533,1,Right,4141,97.247042,66.264187,97.247042,0.000000,0.004638,0.014787,0.012003,131,0.000000,0.000000,0.356934,0.937744,0.024907,-0.287691,0.356934,0.035723,0.695205,0.000000,0.937744,0.695205,221.409919,51.280709,71.164355,0.155512,0,254.71
20260603_230156,415.541,1,Left,4224,68.229167,70.265152,68.229167,2.154356,0.008442,0.016791,0.012340,162,0.000000,0.000000,0.880579,0.950000,0.023703,-0.500000,0.880579,0.032748,0.559320,0.000000,0.950000,0.559320,389.705993,34.957143,262.173673,0.272523,0,260.29
20260603_230156,415.541,1,Right,4194,97.281831,66.595136,97.281831,0.000000,0.004636,0.014924,0.012029,132,0.000000,0.000000,0.356934,0.937744,0.025202,-0.287691,0.356934,0.035881,0.695015,0.000000,0.937744,0.695015,221.248369,51.280709,70.986313,0.155311,0,260.29
20260603_230156,420.546,1,Left,4278,67.882188,69.939224,67.882188,2.571295,0.009035,0.017705,0.012359,163,0.000000,0.000000,0.880579,0.950000,0.023504,-0.500000,0.880579,0.034134,0.555967,0.000000,0.950000,0.555967,392.761478,34.957143,265.208884,0.274432,0,458.34
20260603_230156,420.546,1,Right,4248,97.316384,65.748588,97.316384,0.000000,0.004590,0.014769,0.011970,133,0.000000,0.000000,0.356934,0.937744,0.024882,-0.287691,0.356934,0.035425,0.695740,0.000000,0.937744,0.695740,221.492005,51.280709,71.213581,0.155304,0,458.34
20260603_230156,425.558,1,Left,4335,67.035755,69.181084,67.035755,2.537486,0.009027,0.017745,0.012359,163,0.000000,0.000000,0.880579,0.950000,0.022913,-0.500000,0.880579,0.034163,0.549399,0.000000,0.950000,0.549399,393.008235,34.957143,265.453813,0.274689,0,463.41
20260603_230156,425.558,1,Right,4305,97.351916,64.878049,97.351916,0.000000,0.004572,0.014608,0.011918,135,0.000000,0.000000,0.356934,0.937744,0.025045,-0.287691,0.356934,0.035449,0.696035,0.000000,0.937744,0.696035,221.212449,51.280709,70.917204,0.155016,0,463.41
20260603_230156,430.559,1,Left,4389,66.370472,68.352700,66.370472,2.665755,0.009088,0.017796,0.012359,163,0.000000,0.000000,0.880579,0.950000,0.023181,-0.500000,0.880579,0.034410,0.543567,0.000000,0.950000,0.543567,393.869215,34.957143,266.308417,0.275587,0,254.34
20260603_230156,430.559,1,Right,4359,97.384721,64.074329,97.384721,0.000000,0.004549,0.014456,0.011839,137,0.000000,0.000000,0.356934,0.937744,0.024998,-0.287691,0.356934,0.035272,0.696311,0.000000,0.937744,0.696311,220.961575,51.280709,70.650812,0.154711,0,254.34
20260603_230156,435.572,1,Left,4446,65.519568,67.611336,65.519568,2.631579,0.009030,0.017631,0.012359,163,0.000000,0.000000,0.880579,0.950000,0.022572,-0.500000,0.880579,0.034282,0.536872,0.000000,0.950000,0.536872,393.869215,34.957143,266.308417,0.275587,0,242.45
20260603_230156,435.572,1,Right,4415,97.417894,63.420159,97.417894,0.000000,0.004568,0.014310,0.011760,140,0.000000,0.000000,0.356934,0.937744,0.025193,-0.287691,0.356934,0.035337,0.696591,0.000000,0.937744,0.696591,220.687760,51.280709,70.361316,0.154431,0,242.45
20260603_230156,440.582,1,Left,4499,64.747722,67.037119,64.747722,2.600578,0.009023,0.017549,0.012359,163,0.000000,0.000000,0.880579,0.950000,0.022256,-0.500000,0.880579,0.033928,0.531051,0.000000,0.950000,0.531051,393.869215,34.957143,266.308417,0.275587,0,462.79
20260603_230156,440.582,1,Right,4466,97.447380,62.695925,97.447380,0.000000,0.004548,0.014172,0.011693,143,0.000000,0.000000,0.356934,0.937744,0.025139,-0.287691,0.356934,0.035168,0.696831,0.000000,0.937744,0.696831,220.454863,51.280709,70.114489,0.154142,0,462.79
20260603_230156,445.583,1,Left,4553,63.979794,66.417747,63.979794,2.569734,0.008983,0.017465,0.012359,163,0.000000,0.000000,0.880579,0.950000,0.022147,-0.500000,0.880579,0.033681,0.525127,0.000000,0.950000,0.525127,393.869215,34.957143,266.308417,0.275587,0,252.76
20260603_230156,445.583,1,Right,4519,97.477318,62.115512,97.477318,0.000000,0.004527,0.014039,0.011621,145,0.000000,0.000000,0.356934,0.937744,0.025067,-0.287691,0.356934,0.034978,0.697123,0.000000,0.937744,0.697123,220.248816,51.280709,69.894307,0.153892,0,252.76
20260603_230156,450.593,1,Left,4608,63.216146,65.755208,63.216146,2.539062,0.008972,0.017379,0.012359,163,0.000000,0.000000,0.880579,0.950000,0.022056,-0.500000,0.880579,0.033452,0.519140,0.000000,0.950000,0.519140,393.869215,34.957143,266.308417,0.275587,0,230.71
20260603_230156,450.593,1,Right,4574,97.507652,61.543507,97.507652,0.000000,0.004523,0.013906,0.011549,148,0.000000,0.000000,0.356934,0.937744,0.025170,-0.287691,0.356934,0.034962,0.697415,0.000000,0.937744,0.697415,220.054019,51.280709,69.685197,0.153724,0,230.71
20260603_230156,455.601,1,Left,4664,62.457118,65.759005,62.457118,2.508576,0.009049,0.017634,0.012359,163,0.000000,0.000000,0.880579,0.950000,0.022235,-0.500000,0.880579,0.033495,0.514667,0.000000,0.950000,0.514667,393.869215,34.957143,266.308417,0.275587,0,227.99
20260603_230156,455.601,1,Right,4629,97.537265,60.812270,97.537265,0.000000,0.004517,0.013770,0.011485,150,0.000000,0.000000,0.356934,0.937744,0.025221,-0.287691,0.356934,0.034896,0.697636,0.000000,0.937744,0.697636,219.798970,51.280709,69.416184,0.153435,0,227.99
20260603_230156,460.607,1,Left,4720,61.716102,65.953390,61.716102,2.478814,0.008942,0.017949,0.012359,163,0.000000,0.000000,0.880579,0.950000,0.021972,-0.500000,0.880579,0.033097,0.510719,0.000000,0.950000,0.510719,393.869215,34.957143,266.308417,0.275587,0,242.11
20260603_230156,460.607,1,Right,4683,97.565663,60.260517,97.565663,0.000000,0.004497,0.013644,0.011418,153,0.000000,0.000000,0.356934,0.937744,0.025178,-0.287691,0.356934,0.034742,0.697810,0.000000,0.937744,0.697810,219.515656,51.280709,69.119486,0.153070,0,242.11
20260603_230156,465.614,1,Left,4772,61.043588,65.716681,61.043588,2.451802,0.008910,0.018023,0.012359,163,0.000000,0.000000,0.880579,0.950000,0.021895,-0.500000,0.880579,0.032899,0.506213,0.000000,0.950000,0.506213,393.869215,34.957143,266.308417,0.275587,0,249.74
20260603_230156,465.614,1,Right,4735,97.592397,59.598733,97.592397,0.000000,0.004493,0.013522,0.011353,155,0.000000,0.000000,0.356934,0.937744,0.025176,-0.287691,0.356934,0.034635,0.698046,0.000000,0.937744,0.698046,219.324267,51.280709,68.915506,0.152860,0,249.74
20260603_230156,470.614,1,Left,4826,60.360547,65.250725,60.360547,2.424368,0.008866,0.018029,0.012359,163,0.000000,0.000000,0.880579,0.950000,0.021762,-0.500000,0.880579,0.032644,0.501160,0.000000,0.950000,0.501160,393.869215,34.957143,266.308417,0.275587,0,249.22
20260603_230156,470.614,1,Right,4789,97.619545,58.926707,97.619545,0.000000,0.004475,0.013394,0.011290,158,0.000000,0.000000,0.356934,0.937744,0.025260,-0.287691,0.356934,0.034613,0.698279,0.000000,0.937744,0.698279,219.122265,51.280709,68.700724,0.152639,0,249.22
20260603_230156,475.622,1,Left,4877,59.729342,64.957966,59.729342,2.399016,0.008842,0.018004,0.012359,163,0.000000,0.000000,0.880579,0.950000,0.021752,-0.500000,0.880579,0.032520,0.496741,0.000000,0.950000,0.496741,393.869215,34.957143,266.308417,0.275587,0,457.19
20260603_230156,475.622,1,Right,4840,97.644628,58.429752,97.644628,0.000000,0.004471,0.013281,0.011234,160,0.000000,0.000000,0.356934,0.937744,0.025241,-0.287691,0.356934,0.034494,0.698464,0.000000,0.937744,0.698464,218.904533,51.280709,68.471190,0.152376,0,457.19
20260603_230156,480.626,1,Left,4935,59.027356,64.680851,59.027356,2.370821,0.008753,0.018175,0.012359,163,0.000000,0.000000,0.880579,0.950000,0.021496,-0.500000,0.880579,0.032137,0.491950,0.000000,0.950000,0.491950,393.869215,34.957143,266.308417,0.275587,0,463.92
20260603_230156,480.626,1,Right,4898,97.672519,57.737852,97.672519,0.000000,0.004448,0.013149,0.011157,165,0.000000,0.000000,0.356934,0.937744,0.025182,-0.287691,0.356934,0.034326,0.698685,0.000000,0.937744,0.698685,218.678137,51.280709,68.231679,0.152095,0,463.92
20260603_230156,485.635,1,Left,4991,58.365057,64.355841,58.365057,2.344220,0.008723,0.018309,0.012359,163,0.000000,0.000000,0.880579,0.950000,0.021378,-0.500000,0.880579,0.031900,0.487289,0.000000,0.950000,0.487289,393.869215,34.957143,266.308417,0.275587,0,240.43
20260603_230156,485.635,1,Right,4954,97.698829,57.085184,97.698829,0.000000,0.004442,0.013022,0.011092,168,0.000000,0.000000,0.356934,0.937744,0.025287,-0.287691,0.356934,0.034327,0.698884,0.000000,0.937744,0.698884,218.455737,51.280709,67.996914,0.151857,0,240.43
20260603_230156,490.637,1,Left,5044,57.751784,63.798573,57.751784,2.319588,0.008736,0.018195,0.012359,163,0.000000,0.000000,0.880579,0.950000,0.021462,-0.500000,0.880579,0.031874,0.482350,0.000000,0.950000,0.482350,393.869215,34.957143,266.308417,0.275587,0,219.23
20260603_230156,490.637,1,Right,5006,97.722733,56.612066,97.722733,0.000000,0.004439,0.012910,0.011041,170,0.000000,0.000000,0.356934,0.937744,0.025297,-0.287691,0.356934,0.034244,0.699086,0.000000,0.937744,0.699086,218.271497,51.280709,67.801445,0.151645,0,219.23
20260603_230156,495.650,1,Left,5098,57.140055,63.122793,57.140055,2.295018,0.008644,0.018003,0.012359,163,0.000000,0.000000,0.880579,0.950000,0.021235,-0.500000,0.880579,0.031536,0.477241,0.000000,0.950000,0.477241,393.869215,34.957143,266.308417,0.275587,0,252.24
20260603_230156,495.650,1,Right,5060,97.747036,56.007905,97.747036,0.000000,0.004419,0.012797,0.010976,173,0.000000,0.000000,0.356934,0.937744,0.025246,-0.287691,0.356934,0.034097,0.699333,0.000000,0.937744,0.699333,218.131867,51.280709,67.650405,0.151477,0,252.24
20260603_230156,500.664,1,Left,5152,56.541149,62.461180,56.541149,2.270963,0.008553,0.017814,0.012359,163,0.000000,0.000000,0.880579,0.950000,0.021013,-0.500000,0.880579,0.031205,0.472239,0.000000,0.950000,0.472239,393.869215,34.957143,266.308417,0.275587,0,246.75
20260603_230156,500.664,1,Right,5113,97.770389,55.427342,97.770389,0.000000,0.004416,0.012693,0.010921,175,0.000000,0.000000,0.356934,0.937744,0.025299,-0.287691,0.356934,0.034058,0.699517,0.000000,0.937744,0.699517,217.941892,51.280709,67.449471,0.151272,0,246.75
20260603_230156,505.666,1,Left,5204,55.976172,61.837048,55.976172,2.248271,0.008468,0.017636,0.012359,163,0.000000,0.000000,0.880579,0.950000,0.020803,-0.500000,0.880579,0.030894,0.467520,0.000000,0.950000,0.467520,393.869215,34.957143,266.308417,0.275587,0,263.18
20260603_230156,505.666,1,Right,5165,97.792836,55.121007,97.792836,0.000000,0.004422,0.012594,0.010868,178,0.000000,0.000000,0.356934,0.937744,0.025373,-0.287691,0.356934,0.034045,0.699730,0.000000,0.937744,0.699730,217.783828,51.280709,67.280878,0.151108,0,263.18
20260603_230156,510.674,1,Left,5260,55.380228,61.311787,55.380228,2.224335,0.008476,0.017532,0.012359,163,0.000000,0.000000,0.880579,0.950000,0.020918,-0.500000,0.880579,0.030902,0.462764,0.000000,0.950000,0.462764,393.869215,34.957143,266.308417,0.275587,0,447.97
20260603_230156,510.674,1,Right,5221,97.816510,54.529784,97.816510,0.000000,0.004402,0.012482,0.010816,180,0.000000,0.000000,0.356934,0.937744,0.025330,-0.287691,0.356934,0.033908,0.699952,0.000000,0.937744,0.699952,217.628604,51.280709,67.114555,0.150902,0,447.97
20260603_230156,515.685,1,Left,5311,54.848428,60.723028,54.848428,2.202975,0.008395,0.017363,0.012359,163,0.000000,0.000000,0.880579,0.950000,0.020718,-0.500000,0.880579,0.030605,0.458321,0.000000,0.950000,0.458321,393.869215,34.957143,266.308417,0.275587,0,251.40
20260603_230156,515.685,1,Right,5272,97.837633,54.135053,97.837633,0.000000,0.004398,0.012391,0.010758,183,0.000000,0.000000,0.356934,0.937744,0.025288,-0.287691,0.356934,0.033783,0.700128,0.000000,0.937744,0.700128,217.461979,51.280709,66.938032,0.150705,0,251.40
20260603_230156,520.690,1,Left,5367,54.276132,60.201230,54.276132,2.179989,0.008404,0.017270,0.012359,163,0.000000,0.000000,0.880579,0.950000,0.020784,-0.500000,0.880579,0.030568,0.453740,0.000000,0.950000,0.453740,393.869215,34.957143,266.308417,0.275587,0,438.46
20260603_230156,520.690,1,Right,5328,97.860360,53.566066,97.860360,0.000000,0.004382,0.012287,0.010697,188,0.000000,0.000000,0.356934,0.937744,0.025402,-0.287691,0.356934,0.033808,0.700294,0.000000,0.937744,0.700294,217.264326,51.280709,66.729733,0.150496,0,438.46
20260603_230156,525.692,1,Left,5418,53.765227,59.634551,53.765227,2.159468,0.008325,0.017107,0.012359,163,0.000000,0.000000,0.880579,0.950000,0.020588,-0.500000,0.880579,0.030280,0.449469,0.000000,0.950000,0.449469,393.869215,34.957143,266.308417,0.275587,0,259.24
20260603_230156,525.692,1,Right,5379,97.880647,53.058189,97.880647,0.000000,0.004381,0.012192,0.010659,190,0.000000,0.000000,0.356934,0.937744,0.025435,-0.287691,0.356934,0.033761,0.700394,0.000000,0.937744,0.700394,217.039281,51.280709,66.495189,0.150204,0,259.24
20260603_230156,530.703,1,Left,5471,53.244379,59.660026,53.244379,2.138549,0.008524,0.017327,0.012359,163,0.000000,0.000000,0.880579,0.950000,0.020112,-0.500000,0.880579,0.030646,0.446323,0.000000,0.950000,0.446323,393.869215,34.957143,266.308417,0.275587,0,237.68
20260603_230156,530.703,1,Right,5431,97.900939,52.550175,97.900939,0.000000,0.004371,0.012312,0.010654,192,0.000000,0.000000,0.356934,0.937744,0.025443,-0.287691,0.356934,0.033690,0.700069,0.000000,0.937744,0.700069,216.929465,51.280709,66.375877,0.150020,0,237.68
20260603_230156,535.712,1,Left,5526,53.564966,59.989142,53.564966,2.551574,0.009039,0.018458,0.012786,164,0.000000,0.000000,0.880579,0.950000,0.020871,-0.500000,0.880579,0.032561,0.448417,0.000000,0.950000,0.448417,397.810830,34.957143,270.207993,0.279115,0,458.64
20260603_230156,535.712,1,Right,5484,97.921225,52.279358,97.921225,0.000000,0.004343,0.012348,0.010600,193,0.000000,0.000000,0.356934,0.937744,0.025299,-0.287691,0.356934,0.033466,0.700200,0.000000,0.937744,0.700200,216.934346,51.280709,66.371267,0.149866,0,458.64
20260603_230156,540.714,1,Left,5580,53.691756,59.641577,53.691756,2.688172,0.009221,0.018604,0.013248,166,0.000000,0.000000,0.880579,0.950000,0.020230,-0.500000,0.880579,0.033098,0.446908,0.000000,0.950000,0.446908,395.324695,2.890609,269.000240,0.340872,13,444.26
20260603_230156,540.714,1,Right,5538,97.941495,52.202961,97.941495,0.000000,0.004318,0.012467,0.010556,195,0.000000,0.000000,0.356934,0.937744,0.025279,-0.287691,0.356934,0.033367,0.700721,0.000000,0.937744,0.700721,216.914409,51.280709,66.341851,0.149799,0,444.26
20260603_230156,545.719,1,Left,5635,53.220941,59.059450,53.220941,2.715173,0.009183,0.018422,0.013248,166,0.000000,0.000000,0.880579,0.950000,0.019864,-0.500000,0.880579,0.032944,0.442546,0.000000,0.950000,0.442546,394.933029,2.890609,268.857611,0.354135,16,243.05
20260603_230156,545.719,1,Right,5593,97.961738,51.904166,97.961738,0.000000,0.004324,0.012372,0.010521,197,0.000000,0.000000,0.356934,0.937744,0.025341,-0.287691,0.356934,0.033349,0.700852,0.000000,0.937744,0.700852,216.735748,51.280709,66.153729,0.149601,0,243.05
20260603_230156,550.722,1,Left,5689,52.715767,58.498857,52.715767,2.689401,0.009096,0.018248,0.013248,166,0.000000,0.000000,0.880579,0.950000,0.019676,-0.500000,0.880579,0.032631,0.438345,0.000000,0.950000,0.438345,394.933029,2.890609,268.857611,0.354135,16,241.82
20260603_230156,550.722,1,Right,5647,97.981229,51.407827,97.981229,0.000000,0.004322,0.012279,0.010470,200,0.000000,0.000000,0.356934,0.937744,0.025431,-0.287691,0.356934,0.033363,0.701010,0.000000,0.937744,0.701010,216.576866,51.280709,65.985740,0.149446,0,241.82
20260603_230156,555.731,1,Left,5742,52.229188,57.958899,52.229188,2.664577,0.009012,0.018079,0.013248,166,0.000000,0.000000,0.880579,0.950000,0.019494,-0.500000,0.880579,0.032330,0.434299,0.000000,0.950000,0.434299,394.933029,2.890609,268.857611,0.354135,16,418.76
20260603_230156,555.731,1,Right,5700,98.000000,51.052632,98.000000,0.000000,0.004316,0.012185,0.010425,202,0.000000,0.000000,0.356934,0.937744,0.025393,-0.287691,0.356934,0.033251,0.701206,0.000000,0.937744,0.701206,216.468405,51.280709,65.868511,0.149312,0,418.76
20260603_230156,560.732,1,Left,5800,51.706897,57.379310,51.706897,2.637931,0.008922,0.017898,0.013248,166,0.000000,0.000000,0.880579,0.950000,0.019299,-0.500000,0.880579,0.032006,0.429956,0.000000,0.950000,0.429956,394.933029,2.890609,268.857611,0.354135,16,237.33
20260603_230156,560.732,1,Right,5758,98.020146,50.538381,98.020146,0.000000,0.004297,0.012086,0.010370,205,0.000000,0.000000,0.356934,0.937744,0.025344,-0.287691,0.356934,0.033122,0.701400,0.000000,0.937744,0.701400,216.337429,51.280709,65.728129,0.149149,0,237.33
20260603_230156,565.732,1,Left,5854,51.229928,56.850017,51.229928,2.613598,0.008840,0.017733,0.013248,166,0.000000,0.000000,0.880579,0.950000,0.019121,-0.500000,0.880579,0.031711,0.425990,0.000000,0.950000,0.425990,394.933029,2.890609,268.857611,0.354135,16,255.31
20260603_230156,565.732,1,Right,5813,98.038878,50.060210,98.038878,0.000000,0.004294,0.011994,0.010331,207,0.000000,0.000000,0.356934,0.937744,0.025355,-0.287691,0.356934,0.033060,0.701567,0.000000,0.937744,0.701567,216.201279,51.280709,65.583237,0.149000,0,255.31
20260603_230156,570.740,1,Left,5912,50.727334,56.292287,50.727334,2.587957,0.008753,0.017559,0.013248,166,0.000000,0.000000,0.880579,0.950000,0.018934,-0.500000,0.880579,0.031400,0.421811,0.000000,0.950000,0.421811,394.933029,2.890609,268.857611,0.354135,16,441.23
20260603_230156,570.740,1,Right,5871,98.058252,49.684892,98.058252,0.000000,0.004281,0.011900,0.010283,210,0.000000,0.000000,0.356934,0.937744,0.025458,-0.287691,0.356934,0.033086,0.701763,0.000000,0.937744,0.701763,216.078764,51.280709,65.451684,0.148891,0,441.23
20260603_230156,575.744,1,Left,5969,50.242922,55.754733,50.242922,2.563243,0.008669,0.017392,0.013248,166,0.000000,0.000000,0.880579,0.950000,0.018753,-0.500000,0.880579,0.031100,0.417783,0.000000,0.950000,0.417783,394.933029,2.890609,268.857611,0.354135,16,459.90
20260603_230156,575.744,1,Right,5927,98.076599,49.215455,98.076599,0.000000,0.004276,0.011818,0.010248,212,0.000000,0.000000,0.356934,0.937744,0.025433,-0.287691,0.356934,0.032989,0.701956,0.000000,0.937744,0.701956,215.976083,51.280709,65.340448,0.148775,0,459.90
20260603_230156,580.754,1,Left,6022,49.800731,55.264032,49.800731,2.540684,0.008593,0.017239,0.013248,166,0.000000,0.000000,0.880579,0.950000,0.018588,-0.500000,0.880579,0.030827,0.414106,0.000000,0.950000,0.414106,394.933029,2.890609,268.857611,0.354135,16,251.58
20260603_230156,580.754,1,Right,5979,98.093327,48.787423,98.093327,0.000000,0.004265,0.011742,0.010205,215,0.000000,0.000000,0.356934,0.937744,0.025410,-0.287691,0.356934,0.032900,0.702074,0.000000,0.937744,0.702074,215.822239,51.280709,65.178806,0.148573,0,251.58
20260603_230156,585.754,1,Left,6076,49.358130,54.772877,49.358130,2.518104,0.008517,0.017085,0.013248,166,0.000000,0.000000,0.880579,0.950000,0.018423,-0.500000,0.880579,0.030553,0.410426,0.000000,0.950000,0.410426,394.933029,2.890609,268.857611,0.354135,16,456.95
20260603_230156,585.754,1,Right,6033,98.110393,48.350738,98.110393,0.000000,0.004252,0.011666,0.010163,217,0.000000,0.000000,0.356934,0.937744,0.025376,-0.287691,0.356934,0.032800,0.702209,0.000000,0.937744,0.702209,215.680843,51.280709,65.029457,0.148394,0,456.95
20260603_230156,590.764,1,Left,6132,48.907371,54.272668,48.907371,2.495108,0.008439,0.016929,0.013248,166,0.000000,0.000000,0.880579,0.950000,0.018254,-0.500000,0.880579,0.030274,0.406678,0.000000,0.950000,0.406678,394.933029,2.890609,268.857611,0.354135,16,225.90
20260603_230156,590.764,1,Right,6087,98.127156,47.921801,98.127156,0.000000,0.004250,0.011587,0.010126,219,0.000000,0.000000,0.356934,0.937744,0.025436,-0.287691,0.356934,0.032794,0.702319,0.000000,0.937744,0.702319,215.518400,51.280709,64.859205,0.148208,0,225.90
20260603_230156,595.764,1,Left,6185,48.488278,53.807599,48.488278,2.473727,0.008367,0.016784,0.013248,166,0.000000,0.000000,0.880579,0.950000,0.018098,-0.500000,0.880579,0.030014,0.403193,0.000000,0.950000,0.403193,394.933029,2.890609,268.857611,0.354135,16,240.78
20260603_230156,595.764,1,Right,6140,98.143322,47.508143,98.143322,0.000000,0.004249,0.011509,0.010087,222,0.000000,0.000000,0.356934,0.937744,0.025475,-0.287691,0.356934,0.032769,0.702471,0.000000,0.937744,0.702471,215.408769,51.280709,64.742046,0.148100,0,240.78
20260603_230156,600.768,1,Left,6240,48.060897,53.333333,48.060897,2.451923,0.008293,0.016636,0.013248,166,0.000000,0.000000,0.880579,0.950000,0.017938,-0.500000,0.880579,0.029750,0.399639,0.000000,0.950000,0.399639,394.933029,2.890609,268.857611,0.354135,16,464.28
20260603_230156,600.768,1,Right,6195,98.159806,47.086360,98.159806,0.000000,0.004235,0.011426,0.010044,224,0.000000,0.000000,0.356934,0.937744,0.025458,-0.287691,0.356934,0.032687,0.702604,0.000000,0.937744,0.702604,215.274429,51.280709,64.600032,0.147934,0,464.28
20260603_230156,605.768,1,Left,6292,47.663700,52.892562,47.663700,2.431659,0.008224,0.016499,0.013248,166,0.000000,0.000000,0.880579,0.950000,0.017790,-0.500000,0.880579,0.029504,0.396336,0.000000,0.950000,0.396336,394.933029,2.890609,268.857611,0.354135,16,467.75
20260603_230156,605.768,1,Right,6247,98.175124,46.694413,98.175124,0.000000,0.004233,0.011351,0.010005,227,0.000000,0.000000,0.356934,0.937744,0.025462,-0.287691,0.356934,0.032632,0.702725,0.000000,0.937744,0.702725,215.147163,51.280709,64.465638,0.147791,0,467.75
20260603_230156,610.778,1,Left,6345,47.265563,52.561072,47.265563,2.411348,0.008197,0.016395,0.013248,166,0.000000,0.000000,0.880579,0.950000,0.017356,-0.500000,0.880579,0.029543,0.393166,0.000000,0.950000,0.393166,394.933029,2.890609,268.857611,0.354135,16,240.82
20260603_230156,610.778,1,Right,6300,98.190476,46.301587,98.190476,0.000000,0.004222,0.011273,0.009964,230,0.000000,0.000000,0.356934,0.937744,0.025518,-0.287691,0.356934,0.032628,0.702870,0.000000,0.937744,0.702870,215.044211,51.280709,64.355544,0.147687,0,240.82
20260603_230156,615.783,1,Left,6398,46.874023,52.235073,46.874023,2.391372,0.008250,0.016339,0.013248,166,0.000000,0.000000,0.880579,0.950000,0.016934,-0.500000,0.880579,0.029576,0.390071,0.000000,0.950000,0.390071,394.933029,2.890609,268.857611,0.354135,16,243.97
20260603_230156,615.783,1,Right,6352,98.205290,45.922544,98.205290,0.000000,0.004220,0.011200,0.009934,232,0.000000,0.000000,0.356934,0.937744,0.025489,-0.287691,0.356934,0.032540,0.702993,0.000000,0.937744,0.702993,214.927971,51.280709,64.232413,0.147544,0,243.97
20260603_230156,620.791,1,Left,6452,46.481711,51.797892,46.481711,2.371358,0.008181,0.016202,0.013248,166,0.000000,0.000000,0.880579,0.950000,0.016793,-0.500000,0.880579,0.029328,0.386806,0.000000,0.950000,0.386806,394.933029,2.890609,268.857611,0.354135,16,461.83
20260603_230156,620.791,1,Right,6406,98.220418,45.535436,98.220418,0.000000,0.004207,0.011126,0.009894,235,0.000000,0.000000,0.356934,0.937744,0.025461,-0.287691,0.356934,0.032453,0.703140,0.000000,0.937744,0.703140,214.830529,51.280709,64.127938,0.147429,0,461.83
20260603_230156,625.799,1,Left,6503,46.117177,51.391665,46.117177,2.352760,0.008117,0.016075,0.013248,166,0.000000,0.000000,0.880579,0.950000,0.016661,-0.500000,0.880579,0.029098,0.383773,0.000000,0.950000,0.383773,394.933029,2.890609,268.857611,0.354135,16,243.61
20260603_230156,625.799,1,Right,6457,98.234474,45.175778,98.234474,0.000000,0.004207,0.011054,0.009863,237,0.000000,0.000000,0.356934,0.937744,0.025454,-0.287691,0.356934,0.032390,0.703245,0.000000,0.937744,0.703245,214.707492,51.280709,63.998368,0.147281,0,243.61
20260603_230156,630.802,1,Left,6558,45.730406,51.372370,45.730406,2.333028,0.008395,0.016149,0.013248,166,0.000000,0.000000,0.880579,0.950000,0.016902,-0.500000,0.880579,0.029900,0.381357,0.000000,0.950000,0.381357,394.933029,2.890609,268.857611,0.354135,16,255.30
20260603_230156,630.802,1,Right,6511,98.249117,44.801106,98.249117,0.000000,0.004196,0.010980,0.009827,240,0.000000,0.000000,0.356934,0.937744,0.025516,-0.287691,0.356934,0.032395,0.703381,0.000000,0.937744,0.703381,214.606892,51.280709,63.890964,0.147183,0,255.30
20260603_230156,635.815,1,Left,6611,45.363788,51.051278,45.363788,2.314325,0.008406,0.016101,0.013248,166,0.000000,0.000000,0.880579,0.950000,0.017001,-0.500000,0.880579,0.029895,0.378487,0.000000,0.950000,0.378487,394.933029,2.890609,268.857611,0.354135,16,244.07
20260603_230156,635.815,1,Right,6564,98.263254,44.439366,98.263254,0.000000,0.004195,0.010911,0.009800,242,0.000000,0.000000,0.356934,0.937744,0.025518,-0.287691,0.356934,0.032342,0.703510,0.000000,0.937744,0.703510,214.508121,51.280709,63.785625,0.147071,0,244.07
20260603_230156,640.827,1,Left,6663,45.009755,50.652859,45.009755,2.296263,0.008340,0.015975,0.013248,166,0.000000,0.000000,0.880579,0.950000,0.016868,-0.500000,0.880579,0.029662,0.375533,0.000000,0.950000,0.375533,394.933029,2.890609,268.857611,0.354135,16,255.22
20260603_230156,640.827,1,Right,6616,98.276904,44.090085,98.276904,0.000000,0.004184,0.010847,0.009764,245,0.000000,0.000000,0.356934,0.937744,0.025490,-0.287691,0.356934,0.032260,0.703625,0.000000,0.937744,0.703625,214.402402,51.280709,63.673567,0.146936,0,255.22
20260603_230156,645.830,1,Left,6713,44.674512,50.275585,44.674512,2.279160,0.008278,0.015856,0.013248,166,0.000000,0.000000,0.880579,0.950000,0.016743,-0.500000,0.880579,0.029441,0.372736,0.000000,0.950000,0.372736,394.933029,2.890609,268.857611,0.354135,16,250.53
20260603_230156,645.830,1,Right,6666,98.289829,43.759376,98.289829,0.000000,0.004184,0.010788,0.009732,247,0.000000,0.000000,0.356934,0.937744,0.025485,-0.287691,0.356934,0.032204,0.703734,0.000000,0.937744,0.703734,214.302871,51.280709,63.568036,0.146826,0,250.53
20260603_230156,650.835,1,Left,6767,44.318014,49.977834,44.318014,2.260972,0.008283,0.015810,0.013248,166,0.000000,0.000000,0.880579,0.950000,0.016861,-0.500000,0.880579,0.029457,0.369976,0.000000,0.950000,0.369976,394.933029,2.890609,268.857611,0.354135,16,456.35
20260603_230156,650.835,1,Right,6720,98.303571,43.407738,98.303571,0.000000,0.004182,0.010719,0.009693,250,0.000000,0.000000,0.356934,0.937744,0.025525,-0.287691,0.356934,0.032189,0.703772,0.000000,0.937744,0.703772,214.117885,51.280709,63.376671,0.146586,0,456.35
20260603_230156,655.845,1,Left,6821,44.436300,50.007330,44.436300,2.580267,0.008649,0.016138,0.013275,169,0.000000,0.000000,0.880579,0.950000,0.017345,-0.500000,0.880579,0.030574,0.367922,0.000000,0.950000,0.367922,390.882230,2.890609,267.275077,0.416973,46,459.45
20260603_230156,655.845,1,Right,6773,98.316846,43.068064,98.316846,0.000000,0.004176,0.011018,0.009687,252,0.000000,0.000000,0.356934,0.937744,0.025559,-0.287691,0.356934,0.032172,0.703646,0.000000,0.937744,0.703646,213.939758,51.280709,63.192384,0.146349,0,459.45
20260603_230156,660.847,1,Left,6876,44.880745,50.305410,44.880745,2.734148,0.008822,0.016706,0.013900,171,0.000000,0.000000,0.880579,0.950000,0.018583,-0.500000,0.880579,0.031769,0.370006,0.000000,0.950000,0.370006,389.592243,2.890609,266.221471,0.415928,46,405.17
20260603_230156,660.847,1,Right,6826,98.329915,42.733665,98.329915,0.000000,0.004152,0.011076,0.009661,253,0.000000,0.000000,0.356934,0.937744,0.025369,-0.287691,0.356934,0.031931,0.703843,0.000000,0.937744,0.703843,213.810030,51.280709,63.056594,0.146009,0,405.17
20260603_230156,665.850,1,Left,6931,45.318136,50.685327,45.318136,2.712451,0.008870,0.016984,0.014217,174,0.000000,0.000000,0.880579,0.950000,0.020086,-0.500000,0.880579,0.033167,0.372724,0.000000,0.950000,0.372724,388.256590,2.890609,264.797921,0.414626,46,444.36
20260603_230156,665.850,1,Right,6881,98.343264,42.392094,98.343264,0.000000,0.004137,0.011229,0.009649,255,0.000000,0.000000,0.356934,0.937744,0.025503,-0.287691,0.356934,0.032012,0.703739,0.000000,0.937744,0.703739,213.925308,51.280709,63.165680,0.146095,0,444.36
20260603_230156,670.853,1,Left,6985,45.740873,51.066571,45.740873,2.748747,0.008862,0.017063,0.014152,176,0.000000,0.000000,0.880579,0.950000,0.020318,-0.500000,0.880579,0.033298,0.376589,0.000000,0.950000,0.376589,393.427787,2.890609,269.855040,0.413960,46,459.55
20260603_230156,670.853,1,Right,6934,98.355927,42.760312,98.355927,0.000000,0.004137,0.011163,0.009626,256,0.000000,0.000000,0.356934,0.937744,0.025554,-0.287691,0.356934,0.032013,0.704173,0.000000,0.937744,0.704173,213.985438,51.280709,63.219939,0.146102,0,459.55
20260603_230156,675.859,1,Left,7037,46.141822,51.428165,46.141822,2.742646,0.008843,0.017042,0.014008,179,0.000000,0.000000,0.880579,0.950000,0.020409,-0.500000,0.880579,0.033293,0.380404,0.000000,0.950000,0.380404,399.187811,2.890609,275.508796,0.413376,46,240.00
20260603_230156,675.859,1,Right,6985,98.367931,43.178239,98.367931,0.000000,0.004135,0.011269,0.009619,258,0.000000,0.000000,0.356934,0.937744,0.025513,-0.287691,0.356934,0.031925,0.704278,0.000000,0.937744,0.704278,213.834017,51.280709,63.062954,0.145847,0,240.00
20260603_230156,680.866,1,Left,7094,46.574570,51.818438,46.574570,2.776995,0.008838,0.017112,0.013871,186,0.000000,0.000000,0.880579,0.950000,0.020479,-0.500000,0.880579,0.033260,0.384372,0.000000,0.950000,0.384372,405.385289,2.890609,281.593632,0.412758,46,248.83
20260603_230156,680.866,1,Right,7041,98.380912,43.630166,98.380912,0.000000,0.004132,0.011367,0.009612,260,0.000000,0.000000,0.356934,0.937744,0.025603,-0.287691,0.356934,0.031964,0.704199,0.000000,0.937744,0.704199,213.691451,51.280709,62.914372,0.145610,0,248.83
20260603_230156,685.869,1,Left,7145,46.955913,52.148355,46.955913,2.827152,0.008922,0.017509,0.013740,192,0.000000,0.000000,0.880579,0.950000,0.020495,-0.500000,0.880579,0.033184,0.387793,0.000000,0.950000,0.387793,410.483084,2.890609,286.593885,0.412153,46,267.34
20260603_230156,685.869,1,Right,7092,98.392555,44.035533,98.392555,0.000000,0.004117,0.011470,0.009590,261,0.000000,0.000000,0.356934,0.937744,0.025445,-0.287691,0.356934,0.031761,0.704134,0.000000,0.937744,0.704134,213.603382,51.280709,62.820909,0.145358,0,267.34
20260603_230156,690.879,1,Left,7198,47.346485,52.472909,47.346485,3.084190,0.008957,0.018464,0.013602,195,0.000000,0.000000,0.880579,0.950000,0.020469,-0.500000,0.880579,0.033064,0.390535,0.000000,0.950000,0.390535,416.151441,2.890609,292.163969,0.411593,46,444.31
20260603_230156,690.879,1,Right,7145,98.404479,44.030791,98.404479,0.000000,0.004138,0.011410,0.009628,262,0.000000,0.000000,0.356934,0.937744,0.025585,-0.287691,0.356934,0.031853,0.704466,0.000000,0.937744,0.704466,213.644052,51.280709,62.856056,0.145480,0,444.31
20260603_230156,695.885,1,Left,7250,47.600000,52.179310,47.600000,3.462069,0.008913,0.019205,0.013539,197,0.000000,0.000000,0.880579,0.950000,0.020424,-0.500000,0.880579,0.032929,0.391532,0.000000,0.950000,0.391532,420.919558,2.890609,296.854574,0.411040,46,237.11
20260603_230156,695.885,1,Right,7197,98.416007,44.046130,98.416007,0.000000,0.004119,0.011357,0.009617,263,0.000000,0.000000,0.356934,0.937744,0.025439,-0.287691,0.356934,0.031662,0.704710,0.000000,0.937744,0.704710,213.608981,51.280709,62.815646,0.145380,0,237.11
20260603_230156,700.888,1,Left,7307,47.310798,52.511291,47.310798,3.517175,0.009428,0.019428,0.013539,197,0.000000,0.000000,0.880579,0.950000,0.019967,-0.500000,0.880579,0.034295,0.390438,0.000000,0.950000,0.390438,421.573077,2.890609,297.497430,0.410959,46,411.05
20260603_230156,700.888,1,Right,7254,98.428453,44.072236,98.428453,0.000000,0.004126,0.011468,0.009636,264,0.000000,0.000000,0.356934,0.937744,0.025606,-0.287691,0.356934,0.031780,0.704586,0.000000,0.937744,0.704586,213.803423,51.280709,63.004327,0.145640,0,411.05
20260603_230156,705.899,1,Left,7360,46.970109,52.133152,46.970109,3.491848,0.009389,0.019315,0.013539,197,0.000000,0.000000,0.880579,0.950000,0.019823,-0.500000,0.880579,0.034048,0.387626,0.000000,0.950000,0.387626,421.573077,2.890609,297.497430,0.410959,46,469.21
20260603_230156,705.899,1,Right,7307,98.439852,43.752566,98.439852,0.000000,0.004105,0.011406,0.009610,265,0.000000,0.000000,0.356934,0.937744,0.025429,-0.287691,0.356934,0.031558,0.704835,0.000000,0.937744,0.704835,213.879296,51.280709,63.074923,0.145640,0,469.21
20260603_230156,710.899,1,Left,7415,46.621713,51.840863,46.621713,3.465947,0.009319,0.019243,0.013539,197,0.000000,0.000000,0.880579,0.950000,0.019676,-0.500000,0.880579,0.033795,0.384940,0.000000,0.950000,0.384940,421.573077,2.890609,297.497430,0.410959,46,236.90
20260603_230156,710.899,1,Right,7361,98.451297,43.553865,98.451297,0.000000,0.004102,0.011501,0.009589,267,0.000000,0.000000,0.356934,0.937744,0.025565,-0.287691,0.356934,0.031650,0.704729,0.000000,0.937744,0.704729,213.743616,51.280709,62.933946,0.145526,0,236.90
20260603_230156,715.904,1,Left,7469,46.284643,51.466060,46.284643,3.440889,0.009252,0.019104,0.013539,197,0.000000,0.000000,0.880579,0.950000,0.019534,-0.500000,0.880579,0.033551,0.382157,0.000000,0.950000,0.382157,421.573077,2.890609,297.497430,0.410959,46,245.97
20260603_230156,715.904,1,Right,7415,98.462576,43.236682,98.462576,0.000000,0.004091,0.011435,0.009553,269,0.000000,0.000000,0.356934,0.937744,0.025511,-0.287691,0.356934,0.031551,0.704905,0.000000,0.937744,0.704905,213.734158,51.280709,62.919270,0.145535,0,245.97
20260603_230156,720.915,1,Left,7527,45.927993,51.069483,45.927993,3.414375,0.009180,0.018957,0.013539,197,0.000000,0.000000,0.880579,0.950000,0.019384,-0.500000,0.880579,0.033293,0.379212,0.000000,0.950000,0.379212,421.573077,2.890609,297.497430,0.410959,46,214.33
20260603_230156,720.915,1,Right,7473,98.474508,43.008163,98.474508,0.000000,0.004105,0.011366,0.009524,271,0.000000,0.000000,0.356934,0.937744,0.025567,-0.287691,0.356934,0.031560,0.705039,0.000000,0.937744,0.705039,213.672708,51.280709,62.852302,0.145497,0,214.33
20260603_230156,725.922,1,Left,7584,45.582806,50.685654,45.582806,3.388713,0.009111,0.018814,0.013539,197,0.000000,0.000000,0.880579,0.950000,0.019238,-0.500000,0.880579,0.033042,0.376362,0.000000,0.950000,0.376362,421.573077,2.890609,297.497430,0.410959,46,227.88
20260603_230156,725.922,1,Right,7530,98.486056,42.682603,98.486056,0.000000,0.004102,0.011299,0.009491,274,0.000000,0.000000,0.356934,0.937744,0.025594,-0.287691,0.356934,0.031542,0.705109,0.000000,0.937744,0.705109,213.547777,51.280709,62.722031,0.145354,0,227.88
20260603_230156,730.928,1,Left,7638,45.260539,50.327311,45.260539,3.364755,0.009047,0.018681,0.013539,197,0.000000,0.000000,0.880579,0.950000,0.019102,-0.500000,0.880579,0.032809,0.373701,0.000000,0.950000,0.373701,421.573077,2.890609,297.497430,0.410959,46,258.33
20260603_230156,730.928,1,Right,7584,98.496835,42.378692,98.496835,0.000000,0.004091,0.011233,0.009457,277,0.000000,0.000000,0.356934,0.937744,0.025529,-0.287691,0.356934,0.031435,0.705211,0.000000,0.937744,0.705211,213.468973,51.280709,62.638244,0.145265,0,258.33
20260603_230156,735.936,1,Left,7689,44.960333,50.110548,44.960333,3.342437,0.009068,0.018672,0.013539,197,0.000000,0.000000,0.880579,0.950000,0.019099,-0.500000,0.880579,0.032715,0.371468,0.000000,0.950000,0.371468,421.573077,2.890609,297.497430,0.410959,46,244.55
20260603_230156,735.936,1,Right,7635,98.506876,42.095612,98.506876,0.000000,0.004093,0.011176,0.009431,280,0.000000,0.000000,0.356934,0.937744,0.025598,-0.287691,0.356934,0.031465,0.705313,0.000000,0.937744,0.705313,213.402271,51.280709,62.566900,0.145216,0,244.55
20260603_230156,740.947,1,Left,7743,44.646778,49.941883,44.646778,3.319127,0.009074,0.018637,0.013539,197,0.000000,0.000000,0.880579,0.950000,0.019191,-0.500000,0.880579,0.032712,0.369252,0.000000,0.950000,0.369252,421.573077,2.890609,297.497430,0.410959,46,224.25
20260603_230156,740.947,1,Right,7688,98.517170,41.805411,98.517170,0.000000,0.004093,0.011116,0.009411,282,0.000000,0.000000,0.356934,0.937744,0.025619,-0.287691,0.356934,0.031444,0.705409,0.000000,0.937744,0.705409,213.325031,51.280709,62.484903,0.145137,0,224.25
20260603_230156,745.961,1,Left,7800,44.320513,49.576923,44.320513,3.294872,0.009007,0.018501,0.013539,197,0.000000,0.000000,0.880579,0.950000,0.019051,-0.500000,0.880579,0.032473,0.366553,0.000000,0.950000,0.366553,421.573077,2.890609,297.497430,0.410959,46,258.76
20260603_230156,745.961,1,Right,7745,98.528083,41.497740,98.528083,0.000000,0.004082,0.011050,0.009381,285,0.000000,0.000000,0.356934,0.937744,0.025604,-0.287691,0.356934,0.031387,0.705508,0.000000,0.937744,0.705508,213.240758,51.280709,62.395588,0.145037,0,258.76
20260603_230156,750.965,1,Left,7854,44.015788,49.236058,44.015788,3.272218,0.008946,0.018374,0.013539,197,0.000000,0.000000,0.880579,0.950000,0.018920,-0.500000,0.880579,0.032250,0.364033,0.000000,0.950000,0.364033,421.573077,2.890609,297.497430,0.410959,46,449.65
20260603_230156,750.965,1,Right,7798,98.538087,41.215696,98.538087,0.000000,0.004073,0.010989,0.009353,287,0.000000,0.000000,0.356934,0.937744,0.025576,-0.287691,0.356934,0.031319,0.705579,0.000000,0.937744,0.705579,213.143295,51.280709,62.293504,0.144917,0,449.65
20260603_230156,755.971,1,Left,7909,43.709698,48.893665,43.709698,3.249463,0.008883,0.018246,0.013539,197,0.000000,0.000000,0.880579,0.950000,0.018789,-0.500000,0.880579,0.032026,0.361502,0.000000,0.950000,0.361502,421.573077,2.890609,297.497430,0.410959,46,456.30
20260603_230156,755.971,1,Right,7853,98.548325,40.927034,98.548325,0.000000,0.004073,0.010927,0.009330,289,0.000000,0.000000,0.356934,0.937744,0.025627,-0.287691,0.356934,0.031330,0.705664,0.000000,0.937744,0.705664,213.055246,51.280709,62.200727,0.144833,0,456.30
20260603_230156,760.979,1,Left,7960,43.429648,48.768844,43.429648,3.228643,0.008955,0.018268,0.013539,197,0.000000,0.000000,0.880579,0.950000,0.019101,-0.500000,0.880579,0.032253,0.359579,0.000000,0.950000,0.359579,421.573077,2.890609,297.497430,0.410959,46,459.25
20260603_230156,760.979,1,Right,7904,98.557692,40.662955,98.557692,0.000000,0.004066,0.010873,0.009307,292,0.000000,0.000000,0.356934,0.937744,0.025642,-0.287691,0.356934,0.031308,0.705777,0.000000,0.937744,0.705777,213.011135,51.280709,62.152291,0.144792,0,459.25
20260603_230156,765.979,1,Left,8012,43.147778,48.452322,43.147778,3.207688,0.008897,0.018149,0.013539,197,0.000000,0.000000,0.880579,0.950000,0.018977,-0.500000,0.880579,0.032044,0.357246,0.000000,0.950000,0.357246,421.573077,2.890609,297.497430,0.410959,46,456.20
20260603_230156,765.979,1,Right,7955,98.566939,40.402263,98.566939,0.000000,0.004067,0.010820,0.009288,294,0.000000,0.000000,0.356934,0.937744,0.025642,-0.287691,0.356934,0.031272,0.705852,0.000000,0.937744,0.705852,212.931195,51.280709,62.068082,0.144701,0,456.20
20260603_230156,770.983,1,Left,8065,42.864228,48.220707,42.864228,3.186609,0.008903,0.018084,0.013539,197,0.000000,0.000000,0.880579,0.950000,0.019073,-0.500000,0.880579,0.032054,0.355042,0.000000,0.950000,0.355042,421.573077,2.890609,297.497430,0.410959,46,253.11
20260603_230156,770.983,1,Right,8008,98.576424,40.134865,98.576424,0.000000,0.004057,0.010763,0.009256,297,0.000000,0.000000,0.356934,0.937744,0.025602,-0.287691,0.356934,0.031195,0.705939,0.000000,0.937744,0.705939,212.859318,51.280709,61.991827,0.144615,0,253.11
20260603_230156,775.991,1,Left,8118,42.584380,47.905888,42.584380,3.165804,0.008844,0.017966,0.013539,197,0.000000,0.000000,0.880579,0.950000,0.018949,-0.500000,0.880579,0.031845,0.352724,0.000000,0.950000,0.352724,421.573077,2.890609,297.497430,0.410959,46,243.32
20260603_230156,775.991,1,Right,8061,98.585783,39.870984,98.585783,0.000000,0.004057,0.010707,0.009234,299,0.000000,0.000000,0.356934,0.937744,0.025622,-0.287691,0.356934,0.031178,0.705962,0.000000,0.937744,0.705962,212.724503,51.280709,61.852693,0.144448,0,243.32
20260603_230156,780.991,1,Left,8178,42.271949,47.737833,42.271949,3.142578,0.008884,0.017952,0.013539,197,0.000000,0.000000,0.880579,0.950000,0.019116,-0.500000,0.880579,0.031918,0.350470,0.000000,0.950000,0.350470,421.573077,2.890609,297.497430,0.410959,46,412.22
20260603_230156,780.991,1,Right,8120,98.596059,39.667488,98.596059,0.000000,0.004060,0.010789,0.009238,302,0.000000,0.000000,0.356934,0.937744,0.025706,-0.287691,0.356934,0.031222,0.705575,0.000000,0.937744,0.705575,212.667598,51.280709,61.791046,0.144388,0,412.22
20260603_230156,785.993,1,Left,8231,41.999757,47.430446,41.999757,3.122342,0.008827,0.017836,0.013539,197,0.000000,0.000000,0.880579,0.950000,0.018993,-0.500000,0.880579,0.031712,0.348213,0.000000,0.950000,0.348213,421.573077,2.890609,297.497430,0.410959,46,466.55
20260603_230156,785.993,1,Right,8172,98.604993,39.415076,98.604993,0.000000,0.004034,0.010737,0.009208,303,0.000000,0.000000,0.356934,0.937744,0.025542,-0.287691,0.356934,0.031023,0.705793,0.000000,0.937744,0.705793,212.744651,51.280709,61.863978,0.144347,0,466.55
20260603_230156,791.006,1,Left,8283,41.736086,47.132681,41.736086,3.102741,0.008771,0.017724,0.013539,197,0.000000,0.000000,0.880579,0.950000,0.018874,-0.500000,0.880579,0.031513,0.346027,0.000000,0.950000,0.346027,421.573077,2.890609,297.497430,0.410959,46,245.73
20260603_230156,791.006,1,Right,8224,98.613813,39.165856,98.613813,0.000000,0.004029,0.010691,0.009193,305,0.000000,0.000000,0.356934,0.937744,0.025589,-0.287691,0.356934,0.031035,0.705950,0.000000,0.937744,0.705950,212.758613,51.280709,61.873872,0.144393,0,245.73
20260603_230156,796.009,1,Left,8339,41.455810,46.816165,41.455810,3.081904,0.008712,0.017605,0.013539,197,0.000000,0.000000,0.880579,0.950000,0.018747,-0.500000,0.880579,0.031301,0.343703,0.000000,0.950000,0.343703,421.573077,2.890609,297.497430,0.410959,46,446.44
20260603_230156,796.009,1,Right,8280,98.623188,38.900966,98.623188,0.000000,0.004029,0.010634,0.009167,307,0.000000,0.000000,0.356934,0.937744,0.025651,-0.287691,0.356934,0.031060,0.706098,0.000000,0.937744,0.706098,212.748514,51.280709,61.859450,0.144422,0,446.44
20260603_230156,801.021,1,Left,8392,41.193994,46.603908,41.193994,3.062440,0.008657,0.017555,0.013539,197,0.000000,0.000000,0.880579,0.950000,0.018628,-0.500000,0.880579,0.031104,0.341695,0.000000,0.950000,0.341695,421.573077,2.890609,297.497430,0.410959,46,447.34
20260603_230156,801.021,1,Right,8333,98.631945,38.653546,98.631945,0.000000,0.004028,0.010583,0.009145,310,0.000000,0.000000,0.356934,0.937744,0.025650,-0.287691,0.356934,0.031025,0.706178,0.000000,0.937744,0.706178,212.678275,51.280709,61.785173,0.144349,0,447.34
20260603_230156,806.025,1,Left,8446,41.013498,46.376983,41.013498,3.113900,0.008702,0.017714,0.013539,197,0.000000,0.000000,0.880579,0.950000,0.018581,-0.500000,0.880579,0.031130,0.340144,0.000000,0.950000,0.340144,422.299301,2.890609,298.211261,0.411104,46,412.66
20260603_230156,806.025,1,Right,8387,98.640754,38.404674,98.640754,0.000000,0.004020,0.010534,0.009122,313,0.000000,0.000000,0.356934,0.937744,0.025631,-0.287691,0.356934,0.030971,0.706277,0.000000,0.937744,0.706277,212.626306,51.280709,61.729144,0.144289,0,412.66
20260603_230156,811.035,1,Left,8498,41.044952,46.422688,41.044952,3.188986,0.009066,0.018219,0.013625,200,0.000000,0.000000,0.880579,0.950000,0.019005,-0.500000,0.880579,0.032590,0.340833,0.000000,0.950000,0.340833,424.486120,2.890609,300.355968,0.412426,46,253.65
20260603_230156,811.035,1,Right,8439,98.649129,38.168029,98.649129,0.000000,0.004013,0.010483,0.009103,315,0.000000,0.000000,0.356934,0.937744,0.025609,-0.287691,0.356934,0.030916,0.706391,0.000000,0.937744,0.706391,212.597842,51.280709,61.696821,0.144262,0,253.65
20260603_230156,816.040,1,Left,8551,41.281721,46.707987,41.281721,3.274471,0.009450,0.018316,0.014390,201,0.000000,0.000000,0.880579,0.950000,0.019398,-0.500000,0.880579,0.033631,0.341892,0.000000,0.950000,0.341892,423.718311,2.890609,300.350998,0.420277,58,452.26
20260603_230156,816.040,1,Right,8492,98.657560,37.929816,98.657560,0.000000,0.004014,0.010496,0.009083,317,0.000000,0.000000,0.356934,0.937744,0.025624,-0.287691,0.356934,0.030899,0.706523,0.000000,0.937744,0.706523,212.489583,51.280709,61.584676,0.144132,0,452.26
20260603_230156,821.041,1,Left,8608,41.043216,46.480019,41.043216,3.287639,0.009464,0.018194,0.014390,201,0.000000,0.000000,0.880579,0.950000,0.019575,-0.500000,0.880579,0.033713,0.339628,0.000000,0.950000,0.339628,423.369077,2.890609,300.195963,0.423514,61,259.89
20260603_230156,821.041,1,Right,8547,98.666199,37.685738,98.666199,0.000000,0.004014,0.010446,0.009061,320,0.000000,0.000000,0.356934,0.937744,0.025683,-0.287691,0.356934,0.030923,0.706538,0.000000,0.937744,0.706538,212.356008,51.280709,61.447121,0.143978,0,259.89
20260603_230156,826.053,1,Left,8660,40.796767,46.200924,40.796767,3.267898,0.009407,0.018085,0.014390,201,0.000000,0.000000,0.880579,0.950000,0.019457,-0.500000,0.880579,0.033511,0.337588,0.000000,0.950000,0.337588,423.369077,2.890609,300.195963,0.423514,61,439.84
20260603_230156,826.053,1,Right,8599,98.674264,37.492732,98.674264,0.000000,0.004007,0.010402,0.009038,323,0.000000,0.000000,0.356934,0.937744,0.025642,-0.287691,0.356934,0.030850,0.706642,0.000000,0.937744,0.706642,212.325984,51.280709,61.413381,0.143946,0,439.84
20260603_230156,831.060,1,Left,8719,40.520702,45.888290,40.520702,3.245785,0.009343,0.017963,0.014390,201,0.000000,0.000000,0.880579,0.950000,0.019325,-0.500000,0.880579,0.033284,0.335304,0.000000,0.950000,0.335304,423.369077,2.890609,300.195963,0.423514,61,258.14
20260603_230156,831.060,1,Right,8657,98.683147,37.287744,98.683147,0.000000,0.004005,0.010353,0.009018,325,0.000000,0.000000,0.356934,0.937744,0.025633,-0.287691,0.356934,0.030807,0.706724,0.000000,0.937744,0.706724,212.259209,51.280709,61.342516,0.143882,0,258.14
20260603_230156,836.066,1,Left,8772,40.275878,45.611035,40.275878,3.226174,0.009287,0.017854,0.014390,201,0.000000,0.000000,0.880579,0.950000,0.019209,-0.500000,0.880579,0.033083,0.333278,0.000000,0.950000,0.333278,423.369077,2.890609,300.195963,0.423514,61,239.20
20260603_230156,836.066,1,Right,8710,98.691160,37.060850,98.691160,0.000000,0.003999,0.010307,0.008997,328,0.000000,0.000000,0.356934,0.937744,0.025673,-0.287691,0.356934,0.030815,0.706776,0.000000,0.937744,0.706776,212.173695,51.280709,61.253312,0.143786,0,239.20
20260603_230156,841.070,1,Left,8826,40.029458,45.331974,40.029458,3.206436,0.009230,0.017745,0.014390,201,0.000000,0.000000,0.880579,0.950000,0.019091,-0.500000,0.880579,0.032881,0.331239,0.000000,0.950000,0.331239,423.369077,2.890609,300.195963,0.423514,61,258.73
20260603_230156,841.070,1,Right,8764,98.699224,36.832497,98.699224,0.000000,0.003999,0.010259,0.008979,330,0.000000,0.000000,0.356934,0.937744,0.025672,-0.287691,0.356934,0.030783,0.706823,0.000000,0.937744,0.706823,212.082132,51.280709,61.158036,0.143676,0,258.73
20260603_230156,846.074,1,Left,8881,39.781556,45.051233,39.781556,3.186578,0.009173,0.017635,0.014390,201,0.000000,0.000000,0.880579,0.950000,0.018973,-0.500000,0.880579,0.032677,0.329188,0.000000,0.950000,0.329188,423.369077,2.890609,300.195963,0.423514,61,254.06
20260603_230156,846.074,1,Right,8819,98.707336,36.602789,98.707336,0.000000,0.003990,0.010209,0.008954,333,0.000000,0.000000,0.356934,0.937744,0.025632,-0.287691,0.356934,0.030710,0.706896,0.000000,0.937744,0.706896,212.016368,51.280709,61.088537,0.143590,0,254.06
20260603_230156,851.087,1,Left,8935,39.541130,44.778959,39.541130,3.167320,0.009117,0.017528,0.014390,201,0.000000,0.000000,0.880579,0.950000,0.018858,-0.500000,0.880579,0.032480,0.327198,0.000000,0.950000,0.327198,423.369077,2.890609,300.195963,0.423514,61,228.91
20260603_230156,851.087,1,Right,8873,98.715203,36.380029,98.715203,0.000000,0.003990,0.010165,0.008934,335,0.000000,0.000000,0.356934,0.937744,0.025647,-0.287691,0.356934,0.030695,0.706963,0.000000,0.937744,0.706963,211.949607,51.280709,61.018156,0.143521,0,228.91
20260603_230156,856.093,1,Left,8986,39.316715,44.524816,39.316715,3.149343,0.009066,0.017429,0.014390,201,0.000000,0.000000,0.880579,0.950000,0.018751,-0.500000,0.880579,0.032295,0.325341,0.000000,0.950000,0.325341,423.369077,2.890609,300.195963,0.423514,61,244.88
20260603_230156,856.093,1,Right,8923,98.722403,36.176174,98.722403,0.000000,0.003993,0.010123,0.008917,338,0.000000,0.000000,0.356934,0.937744,0.025705,-0.287691,0.356934,0.030724,0.707026,0.000000,0.937744,0.707026,211.888513,51.280709,60.953749,0.143469,0,244.88
20260603_230156,861.095,1,Left,9041,39.077536,44.253954,39.077536,3.130185,0.009010,0.017323,0.014390,201,0.000000,0.000000,0.880579,0.950000,0.018637,-0.500000,0.880579,0.032099,0.323362,0.000000,0.950000,0.323362,423.369077,2.890609,300.195963,0.423514,61,461.93
20260603_230156,861.095,1,Right,8978,98.730229,35.954556,98.730229,0.000000,0.003985,0.010075,0.008901,340,0.000000,0.000000,0.356934,0.937744,0.025678,-0.287691,0.356934,0.030666,0.707101,0.000000,0.937744,0.707101,211.830152,51.280709,60.891787,0.143397,0,461.93
20260603_230156,866.095,1,Left,9096,38.841249,43.986368,38.841249,3.111258,0.008956,0.017218,0.014390,201,0.000000,0.000000,0.880579,0.950000,0.018524,-0.500000,0.880579,0.031905,0.321407,0.000000,0.950000,0.321407,423.369077,2.890609,300.195963,0.423514,61,254.06
20260603_230156,866.095,1,Right,9032,98.737821,35.739593,98.737821,0.000000,0.003978,0.010027,0.008877,343,0.000000,0.000000,0.356934,0.937744,0.025659,-0.287691,0.356934,0.030618,0.707158,0.000000,0.937744,0.707158,211.756717,51.280709,60.814859,0.143309,0,254.06
20260603_230156,871.098,1,Left,9150,38.612022,43.726776,38.612022,3.092896,0.008903,0.017117,0.014390,201,0.000000,0.000000,0.880579,0.950000,0.018415,-0.500000,0.880579,0.031716,0.319510,0.000000,0.950000,0.319510,423.369077,2.890609,300.195963,0.423514,61,237.54
20260603_230156,871.098,1,Right,9086,98.745322,35.527185,98.745322,0.000000,0.003978,0.009981,0.008858,345,0.000000,0.000000,0.356934,0.937744,0.025678,-0.287691,0.356934,0.030607,0.707233,0.000000,0.937744,0.707233,211.703389,51.280709,60.758080,0.143261,0,237.54
20260603_230156,876.111,1,Left,9207,38.372977,43.456066,38.372977,3.073748,0.008848,0.017011,0.014390,201,0.000000,0.000000,0.880579,0.950000,0.018301,-0.500000,0.880579,0.031520,0.317532,0.000000,0.950000,0.317532,423.369077,2.890609,300.195963,0.423514,61,239.46
20260603_230156,876.111,1,Right,9143,98.753144,35.305698,98.753144,0.000000,0.003977,0.009934,0.008838,348,0.000000,0.000000,0.356934,0.937744,0.025715,-0.287691,0.356934,0.030613,0.707300,0.000000,0.937744,0.707300,211.636426,51.280709,60.687520,0.143199,0,239.46
20260603_230156,881.121,1,Left,9259,38.157468,43.212010,38.157468,3.056486,0.008798,0.016915,0.014390,201,0.000000,0.000000,0.880579,0.950000,0.018198,-0.500000,0.880579,0.031343,0.315748,0.000000,0.950000,0.315748,423.369077,2.890609,300.195963,0.423514,61,248.39
20260603_230156,881.121,1,Right,9195,98.760196,35.106036,98.760196,0.000000,0.003970,0.009889,0.008819,351,0.000000,0.000000,0.356934,0.937744,0.025693,-0.287691,0.356934,0.030564,0.707370,0.000000,0.937744,0.707370,211.585965,51.280709,60.633816,0.143139,0,248.39
20260603_230156,886.125,1,Left,9310,37.948443,42.975295,37.948443,3.039742,0.008750,0.016822,0.014390,201,0.000000,0.000000,0.880579,0.950000,0.018099,-0.500000,0.880579,0.031171,0.314019,0.000000,0.950000,0.314019,423.369077,2.890609,300.195963,0.423514,61,413.23
20260603_230156,886.125,1,Right,9245,98.766901,34.916171,98.766901,0.000000,0.003971,0.009848,0.008801,353,0.000000,0.000000,0.356934,0.937744,0.025678,-0.287691,0.356934,0.030522,0.707448,0.000000,0.937744,0.707448,211.550676,51.280709,60.595444,0.143105,0,413.23
20260603_230156,891.135,1,Left,9362,37.737663,42.736595,37.737663,3.022858,0.008701,0.016729,0.014390,201,0.000000,0.000000,0.880579,0.950000,0.017998,-0.500000,0.880579,0.030998,0.312275,0.000000,0.950000,0.312275,423.369077,2.890609,300.195963,0.423514,61,465.00
20260603_230156,891.135,1,Right,9297,98.773798,34.720878,98.773798,0.000000,0.003965,0.009807,0.008781,356,0.000000,0.000000,0.356934,0.937744,0.025713,-0.287691,0.356934,0.030530,0.707508,0.000000,0.937744,0.707508,211.492950,51.280709,60.534548,0.143048,0,465.00
20260603_230156,896.147,1,Left,9413,37.533199,42.505046,37.533199,3.006480,0.008654,0.016638,0.014390,201,0.000000,0.000000,0.880579,0.950000,0.017900,-0.500000,0.880579,0.030830,0.310583,0.000000,0.950000,0.310583,423.369077,2.890609,300.195963,0.423514,61,257.56
20260603_230156,896.147,1,Right,9347,98.780357,34.535145,98.780357,0.000000,0.003966,0.009770,0.008767,358,0.000000,0.000000,0.356934,0.937744,0.025709,-0.287691,0.356934,0.030501,0.707557,0.000000,0.937744,0.707557,211.429713,51.280709,60.468296,0.142978,0,257.56
20260603_230156,901.152,1,Left,9470,37.307286,42.249208,37.307286,2.988384,0.008602,0.016538,0.014390,201,0.000000,0.000000,0.880579,0.950000,0.017793,-0.500000,0.880579,0.030645,0.308713,0.000000,0.950000,0.308713,423.369077,2.890609,300.195963,0.423514,61,248.65
20260603_230156,901.152,1,Right,9403,98.787621,34.329469,98.787621,0.000000,0.003958,0.009728,0.008743,361,0.000000,0.000000,0.356934,0.937744,0.025675,-0.287691,0.356934,0.030438,0.707588,0.000000,0.937744,0.707588,211.335426,51.280709,60.370670,0.142849,0,248.65
20260603_230156,906.158,1,Left,9523,37.099653,42.014071,37.099653,2.971753,0.008554,0.016446,0.014390,201,0.000000,0.000000,0.880579,0.950000,0.017694,-0.500000,0.880579,0.030474,0.306995,0.000000,0.950000,0.306995,423.369077,2.890609,300.195963,0.423514,61,454.47
20260603_230156,906.158,1,Right,9455,98.794289,34.204125,98.794289,0.000000,0.003960,0.009813,0.008725,363,0.000000,0.000000,0.356934,0.937744,0.025696,-0.287691,0.356934,0.030433,0.707464,0.000000,0.937744,0.707464,211.225219,51.280709,60.257399,0.142718,0,454.47
20260603_230156,911.169,1,Left,9577,36.890467,41.777174,36.890467,2.954996,0.008506,0.016353,0.014390,201,0.000000,0.000000,0.880579,0.950000,0.017594,-0.500000,0.880579,0.030302,0.305264,0.000000,0.950000,0.305264,423.369077,2.890609,300.195963,0.423514,61,217.65
20260603_230156,911.169,1,Right,9509,98.801136,34.009885,98.801136,0.000000,0.003960,0.009777,0.008704,366,0.000000,0.000000,0.356934,0.937744,0.025713,-0.287691,0.356934,0.030424,0.707493,0.000000,0.937744,0.707493,211.136355,51.280709,60.165390,0.142610,0,217.65
20260603_230156,916.171,1,Left,9633,36.676010,41.534309,36.676010,2.937818,0.008457,0.016258,0.014390,201,0.000000,0.000000,0.880579,0.950000,0.017492,-0.500000,0.880579,0.030126,0.303490,0.000000,0.950000,0.303490,423.369077,2.890609,300.195963,0.423514,61,251.80
20260603_230156,916.171,1,Right,9565,98.808155,33.810768,98.808155,0.000000,0.003952,0.009734,0.008683,369,0.000000,0.000000,0.356934,0.937744,0.025665,-0.287691,0.356934,0.030348,0.707609,0.000000,0.937744,0.707609,211.137135,51.280709,60.162945,0.142607,0,251.80
20260603_230156,921.175,1,Left,9691,36.456506,41.285729,36.456506,2.920235,0.008406,0.016161,0.014390,201,0.000000,0.000000,0.880579,0.950000,0.017387,-0.500000,0.880579,0.029946,0.301673,0.000000,0.950000,0.301673,423.369077,2.890609,300.195963,0.423514,61,461.17
20260603_230156,921.175,1,Right,9623,98.815338,33.606983,98.815338,0.000000,0.003951,0.009689,0.008666,371,0.000000,0.000000,0.356934,0.937744,0.025670,-0.287691,0.356934,0.030324,0.707731,0.000000,0.937744,0.707731,211.138684,51.280709,60.161195,0.142636,0,461.17
20260603_230156,926.189,1,Left,9747,36.247050,41.048528,36.247050,2.903457,0.008358,0.016068,0.014390,201,0.000000,0.000000,0.880579,0.950000,0.017287,-0.500000,0.880579,0.029774,0.299940,0.000000,0.950000,0.299940,423.369077,2.890609,300.195963,0.423514,61,253.28
20260603_230156,926.189,1,Right,9678,98.822071,33.415995,98.822071,0.000000,0.003945,0.009646,0.008646,374,0.000000,0.000000,0.356934,0.937744,0.025719,-0.287691,0.356934,0.030347,0.707810,0.000000,0.937744,0.707810,211.102394,51.280709,60.121813,0.142618,0,253.28
20260603_230156,931.196,1,Left,9802,36.166089,40.818200,36.166089,2.907570,0.008464,0.015988,0.014706,203,0.000000,0.000000,0.880579,0.950000,0.016528,-0.829153,0.880579,0.030296,0.298278,0.000000,0.950000,0.298278,422.180905,2.890609,299.377337,0.425864,64,248.92
20260603_230156,931.196,1,Right,9732,98.828607,33.230580,98.828607,0.000000,0.003944,0.009639,0.008636,376,0.000000,0.000000,0.356934,0.937744,0.025701,-0.287691,0.356934,0.030303,0.707982,0.000000,0.937744,0.707982,211.038195,51.280709,60.054613,0.142535,0,248.92
20260603_230156,936.198,1,Left,9855,36.509386,40.994419,36.509386,3.013699,0.008625,0.016175,0.016047,205,0.000000,0.000000,0.880579,0.950000,0.017090,-0.829153,0.880579,0.031668,0.300767,0.000000,0.950000,0.300767,421.574148,2.890609,298.661506,0.425896,64,448.59
20260603_230156,936.198,1,Right,9785,98.834951,33.050588,98.834951,0.000000,0.003940,0.009729,0.008625,378,0.000000,0.000000,0.356934,0.937744,0.025758,-0.287691,0.356934,0.030335,0.707749,0.000000,0.937744,0.707749,210.940036,51.280709,59.953540,0.142398,0,448.59
20260603_230156,941.208,1,Left,9906,36.836261,41.298203,36.836261,2.998183,0.008665,0.016162,0.016227,206,0.000000,0.000000,0.880579,0.950000,0.018080,-0.829153,0.880579,0.032583,0.303630,0.000000,0.950000,0.303630,421.119175,2.890609,298.104565,0.425342,64,253.82
20260603_230156,941.208,1,Right,9836,98.840992,32.879219,98.840992,0.000000,0.003920,0.009712,0.008611,379,0.000000,0.000000,0.356934,0.937744,0.025624,-0.287691,0.356934,0.030178,0.708004,0.000000,0.937744,0.708004,211.084693,51.280709,60.095424,0.142448,0,253.82
20260603_230156,946.218,1,Left,9957,37.159787,41.598875,37.159787,3.053128,0.008688,0.016527,0.016038,206,0.000000,0.000000,0.880579,0.950000,0.018234,-0.829153,0.880579,0.032663,0.306424,0.000000,0.950000,0.306424,424.688569,2.890609,301.574802,0.424614,64,459.55
20260603_230156,946.218,1,Right,9887,98.846971,32.992819,98.846971,0.000000,0.003922,0.009801,0.008617,381,0.000000,0.000000,0.356934,0.937744,0.025675,-0.287691,0.356934,0.030205,0.707909,0.000000,0.937744,0.707909,210.999539,51.280709,60.007526,0.142311,0,459.55
20260603_230156,951.227,1,Left,10011,37.498751,41.913895,37.498751,3.086605,0.008748,0.016808,0.015841,211,0.000000,0.000000,0.880579,0.950000,0.018296,-0.829153,0.880579,0.032647,0.309441,0.000000,0.950000,0.309441,428.877592,2.890609,305.661772,0.423850,64,248.33
20260603_230156,951.227,1,Right,9941,98.853234,33.306508,98.853234,0.000000,0.003921,0.009770,0.008609,383,0.000000,0.000000,0.356934,0.937744,0.025640,-0.287691,0.356934,0.030145,0.708217,0.000000,0.937744,0.708217,211.063241,51.280709,60.068353,0.142305,0,248.33
20260603_230156,956.228,1,Left,10065,37.834078,42.225534,37.834078,3.099851,0.008766,0.016940,0.015669,215,0.000000,0.000000,0.880579,0.950000,0.018340,-0.829153,0.880579,0.032614,0.312498,0.000000,0.950000,0.312498,433.184710,2.890609,309.869732,0.423112,64,442.06
20260603_230156,956.228,1,Right,9994,98.859316,33.550130,98.859316,0.000000,0.003943,0.009862,0.008636,384,0.000000,0.000000,0.356934,0.937744,0.025745,-0.287691,0.356934,0.030227,0.708055,0.000000,0.937744,0.708055,211.060456,51.280709,60.062777,0.142306,0,442.06
20260603_230156,961.231,1,Left,10123,38.190260,42.171293,38.190260,3.319174,0.008760,0.017566,0.015495,217,0.000000,0.000000,0.880579,0.950000,0.018333,-0.829153,0.880579,0.032526,0.314953,0.000000,0.950000,0.314953,438.205862,2.890609,314.787466,0.422282,64,448.44
20260603_230156,961.231,1,Right,10052,98.865897,33.784322,98.865897,0.000000,0.003920,0.009824,0.008608,385,0.000000,0.000000,0.356934,0.937744,0.025597,-0.287691,0.356934,0.030052,0.708313,0.000000,0.937744,0.708313,211.063930,51.280709,60.063231,0.142256,0,448.44
20260603_230156,966.233,1,Left,10179,38.107869,42.440318,38.107869,3.408979,0.009044,0.017885,0.015540,217,0.000000,0.000000,0.880579,0.950000,0.018076,-0.829153,0.880579,0.032993,0.314828,0.000000,0.950000,0.314828,439.428052,2.890609,315.986900,0.422223,64,450.71
20260603_230156,966.233,1,Right,10107,98.872069,33.867617,98.872069,0.000000,0.003929,0.010017,0.008652,386,0.000000,0.000000,0.356934,0.937744,0.025689,-0.287691,0.356934,0.030120,0.708074,0.000000,0.937744,0.708074,211.093506,51.280709,60.089976,0.142280,0,450.71
20260603_230156,971.243,1,Left,10233,37.906772,42.665885,37.906772,3.390990,0.009336,0.018010,0.015540,217,0.000000,0.000000,0.880579,0.950000,0.018004,-0.829153,0.880579,0.033816,0.314145,0.000000,0.950000,0.314145,439.428052,2.890609,315.986900,0.422223,64,249.22
20260603_230156,971.243,1,Right,10161,98.878063,33.687629,98.878063,0.000000,0.003917,0.009974,0.008643,387,0.000000,0.000000,0.356934,0.937744,0.025618,-0.287691,0.356934,0.030026,0.708185,0.000000,0.937744,0.708185,211.103040,51.280709,60.096760,0.142231,0,249.22
20260603_230156,976.254,1,Left,10290,37.696793,42.711370,37.696793,3.372206,0.009543,0.018104,0.015540,217,0.000000,0.000000,0.880579,0.950000,0.017750,-0.829153,0.880579,0.034309,0.313049,0.000000,0.950000,0.313049,439.428052,2.890609,315.986900,0.422223,64,411.17
20260603_230156,976.254,1,Right,10218,98.884322,33.499706,98.884322,0.000000,0.003911,0.009930,0.008629,389,0.000000,0.000000,0.356934,0.937744,0.025651,-0.287691,0.356934,0.030035,0.708195,0.000000,0.937744,0.708195,211.000711,51.280709,59.991561,0.142104,0,411.17
20260603_230156,981.261,1,Left,10345,37.496375,42.793620,37.496375,3.354277,0.009727,0.018235,0.015540,217,0.000000,0.000000,0.880579,0.950000,0.018024,-0.829153,0.880579,0.034745,0.312069,0.000000,0.950000,0.312069,439.428052,2.890609,315.986900,0.422223,64,451.00
20260603_230156,981.261,1,Right,10273,98.890295,33.320354,98.890295,0.000000,0.003906,0.009889,0.008611,392,0.000000,0.000000,0.356934,0.937744,0.025706,-0.287691,0.356934,0.030066,0.708224,0.000000,0.937744,0.708224,210.923456,51.280709,59.911566,0.142026,0,451.00
20260603_230156,986.262,1,Left,10402,37.290906,42.885983,37.290906,3.335897,0.009884,0.018250,0.015540,217,0.000000,0.000000,0.880579,0.950000,0.018049,-0.829153,0.880579,0.035300,0.311085,0.000000,0.950000,0.311085,439.428052,2.890609,315.986900,0.422223,64,236.54
20260603_230156,986.262,1,Right,10330,98.896418,33.136496,98.896418,0.000000,0.003905,0.009846,0.008595,394,0.000000,0.000000,0.356934,0.937744,0.025674,-0.287691,0.356934,0.030010,0.708264,0.000000,0.937744,0.708264,210.854357,51.280709,59.839659,0.141943,0,236.54
20260603_230156,991.266,1,Left,10454,37.105414,42.902238,37.105414,3.319304,0.009984,0.018335,0.015540,217,0.000000,0.000000,0.880579,0.950000,0.017684,-0.829153,0.880579,0.035498,0.310040,0.000000,0.950000,0.310040,439.428052,2.890609,315.986900,0.422223,64,243.05
20260603_230156,991.266,1,Right,10382,98.901946,32.970526,98.901946,0.000000,0.003899,0.009808,0.008579,397,0.000000,0.000000,0.356934,0.937744,0.025647,-0.287691,0.356934,0.029961,0.708323,0.000000,0.937744,0.708323,210.815476,51.280709,59.798243,0.141896,0,243.05
20260603_230156,996.278,1,Left,10508,36.914732,42.995813,36.914732,3.302246,0.010150,0.018388,0.015540,217,0.000000,0.000000,0.880579,0.950000,0.017976,-0.829153,0.880579,0.035952,0.309124,0.000000,0.950000,0.309124,439.428052,2.890609,315.986900,0.422223,64,254.34
20260603_230156,996.278,1,Right,10436,98.907627,32.799923,98.907627,0.000000,0.003900,0.009772,0.008566,399,0.000000,0.000000,0.356934,0.937744,0.025677,-0.287691,0.356934,0.029968,0.708353,0.000000,0.937744,0.708353,210.744450,51.280709,59.724613,0.141819,0,254.34
20260603_230156,1001.292,1,Left,10560,36.732955,43.049242,36.732955,3.285985,0.010260,0.018486,0.015540,217,0.000000,0.000000,0.880579,0.950000,0.017647,-0.829153,0.880579,0.036141,0.308175,0.000000,0.950000,0.308175,439.428052,2.890609,315.986900,0.422223,64,234.83
20260603_230156,1001.292,1,Right,10488,98.913043,32.637300,98.913043,0.000000,0.003895,0.009734,0.008552,401,0.000000,0.000000,0.356934,0.937744,0.025707,-0.287691,0.356934,0.029978,0.708406,0.000000,0.937744,0.708406,210.701753,51.280709,59.679433,0.141780,0,234.83
20260603_230156,1006.296,1,Left,10618,36.532304,42.814089,36.532304,3.268035,0.010204,0.018385,0.015540,217,0.000000,0.000000,0.880579,0.950000,0.017550,-0.829153,0.880579,0.035944,0.306492,0.000000,0.950000,0.306492,439.428052,2.890609,315.986900,0.422223,64,248.05
20260603_230156,1006.296,1,Right,10545,98.918919,32.527264,98.918919,0.000000,0.003895,0.009697,0.008537,404,0.000000,0.000000,0.356934,0.937744,0.025722,-0.287691,0.356934,0.029970,0.708447,0.000000,0.937744,0.708447,210.627933,51.280709,59.602920,0.141696,0,248.05
20260603_230156,1011.302,1,Left,10673,36.344046,42.752741,36.344046,3.251195,0.010223,0.018396,0.015540,217,0.000000,0.000000,0.880579,0.950000,0.017627,-0.829153,0.880579,0.035925,0.305256,0.000000,0.950000,0.305256,439.428052,2.890609,315.986900,0.422223,64,396.25
20260603_230156,1011.302,1,Right,10599,98.924427,32.361544,98.924427,0.000000,0.003889,0.009661,0.008527,406,0.000000,0.000000,0.356934,0.937744,0.025704,-0.287691,0.356934,0.029930,0.708508,0.000000,0.937744,0.708508,210.591512,51.280709,59.563974,0.141652,0,396.25
20260603_230156,1016.307,1,Left,10726,36.164460,42.541488,36.164460,3.235130,0.010172,0.018305,0.015540,217,0.000000,0.000000,0.880579,0.950000,0.017540,-0.829153,0.880579,0.035748,0.303748,0.000000,0.950000,0.303748,439.428052,2.890609,315.986900,0.422223,64,256.61
20260603_230156,1016.307,1,Right,10652,98.929778,32.200526,98.929778,0.000000,0.003883,0.009625,0.008512,409,0.000000,0.000000,0.356934,0.937744,0.025672,-0.287691,0.356934,0.029877,0.708533,0.000000,0.937744,0.708533,210.521685,51.280709,59.491695,0.141554,0,256.61
20260603_230156,1021.317,1,Left,10780,35.983302,42.523191,35.983302,3.218924,0.010195,0.018309,0.015540,217,0.000000,0.000000,0.880579,0.950000,0.017420,-0.829153,0.880579,0.035732,0.302664,0.000000,0.950000,0.302664,439.428052,2.890609,315.986900,0.422223,64,461.88
20260603_230156,1021.317,1,Right,10706,98.935177,32.038109,98.935177,0.000000,0.003883,0.009592,0.008497,411,0.000000,0.000000,0.356934,0.937744,0.025675,-0.287691,0.356934,0.029859,0.708574,0.000000,0.937744,0.708574,210.467434,51.280709,59.434971,0.141492,0,461.88
20260603_230156,1026.327,1,Left,10833,35.807256,42.684390,35.807256,3.203175,0.010271,0.018399,0.015540,217,0.000000,0.000000,0.880579,0.950000,0.017410,-0.829153,0.880579,0.035845,0.302068,0.000000,0.950000,0.302068,439.428052,2.890609,315.986900,0.422223,64,451.29
20260603_230156,1026.327,1,Right,10759,98.940422,31.880286,98.940422,0.000000,0.003879,0.009669,0.008482,414,0.000000,0.000000,0.356934,0.937744,0.025724,-0.287691,0.356934,0.029887,0.708470,0.000000,0.937744,0.708470,210.379922,51.280709,59.345055,0.141391,0,451.29
20260603_230156,1031.331,1,Left,10886,35.632923,42.908323,35.632923,3.187580,0.010361,0.018543,0.015540,217,0.000000,0.000000,0.880579,0.950000,0.017557,-0.829153,0.880579,0.035966,0.301621,0.000000,0.950000,0.301621,439.428052,2.890609,315.986900,0.422223,64,240.18
20260603_230156,1031.331,1,Right,10811,98.945518,31.726945,98.945518,0.000000,0.003875,0.009633,0.008471,416,0.000000,0.000000,0.356934,0.937744,0.025711,-0.287691,0.356934,0.029853,0.708489,0.000000,0.937744,0.708489,210.307893,51.280709,59.270691,0.141288,0,240.18
20260603_230156,1036.345,1,Left,10938,35.463522,43.115743,35.463522,3.172426,0.010620,0.018649,0.015540,217,0.000000,0.000000,0.880579,0.950000,0.017394,-0.829153,0.880579,0.036443,0.301151,0.000000,0.950000,0.301151,439.428052,2.890609,315.986900,0.422223,64,273.17
20260603_230156,1036.345,1,Right,10863,98.950566,31.575071,98.950566,0.000000,0.003877,0.009706,0.008469,418,0.000000,0.000000,0.356934,0.937744,0.025717,-0.287691,0.356934,0.029840,0.708345,0.000000,0.937744,0.708345,210.233108,51.280709,59.193594,0.141187,0,273.17
20260603_230156,1041.352,1,Left,10991,35.292512,43.117096,35.292512,3.157129,0.010749,0.018643,0.015540,217,0.000000,0.000000,0.880579,0.950000,0.017381,-0.829153,0.880579,0.036756,0.300138,0.000000,0.950000,0.300138,439.428052,2.890609,315.986900,0.422223,64,248.80
20260603_230156,1041.352,1,Right,10916,98.955661,31.421766,98.955661,0.000000,0.003872,0.009742,0.008457,422,0.000000,0.000000,0.356934,0.937744,0.025697,-0.287691,0.356934,0.029800,0.708258,0.000000,0.937744,0.708258,210.222367,51.280709,59.221838,0.141302,0,248.80
20260603_230156,1046.361,1,Left,11046,35.116784,43.192106,35.116784,3.141409,0.010928,0.018726,0.015540,217,0.000000,0.000000,0.880579,0.950000,0.017117,-0.829153,0.880579,0.037288,0.299243,0.000000,0.950000,0.299243,439.428052,2.890609,315.986900,0.422223,64,244.88
20260603_230156,1046.361,1,Right,10971,98.960897,31.264242,98.960897,0.000000,0.003870,0.009777,0.008468,424,0.000000,0.000000,0.356934,0.937744,0.025703,-0.287691,0.356934,0.029786,0.708277,0.000000,0.937744,0.708277,210.599481,51.280709,59.608088,0.141635,0,244.88
20260603_230156,1051.365,1,Left,11098,34.952244,43.034781,34.952244,3.126689,0.010889,0.018656,0.015540,217,0.000000,0.000000,0.880579,0.950000,0.017101,-0.829153,0.880579,0.037177,0.297931,0.000000,0.950000,0.297931,439.428052,2.890609,315.986900,0.422223,64,262.19
20260603_230156,1051.365,1,Right,11023,98.965799,31.116756,98.965799,0.000000,0.003860,0.009742,0.008462,425,0.000000,0.000000,0.356934,0.937744,0.025655,-0.287691,0.356934,0.029718,0.708531,0.000000,0.937744,0.708531,210.808343,51.280709,59.814454,0.141808,0,262.19
20260603_230156,1056.373,1,Left,11153,34.779880,43.217072,34.779880,3.111271,0.011092,0.018807,0.015540,217,0.000000,0.000000,0.880579,0.950000,0.016565,-0.829153,0.880579,0.037548,0.297346,0.000000,0.950000,0.297346,439.428052,2.890609,315.986900,0.422223,64,467.59
20260603_230156,1056.373,1,Right,11077,98.970840,30.965063,98.970840,0.000000,0.003857,0.009705,0.008452,427,0.000000,0.000000,0.356934,0.937744,0.025695,-0.287691,0.356934,0.029738,0.708563,0.000000,0.937744,0.708563,210.745590,51.280709,59.749132,0.141749,0,467.59
20260603_230156,1061.380,1,Left,11207,34.612296,43.240832,34.612296,3.096279,0.011186,0.018862,0.015540,217,0.000000,0.000000,0.880579,0.950000,0.016647,-0.829153,0.880579,0.037649,0.296424,0.000000,0.950000,0.296424,439.428052,2.890609,315.986900,0.422223,64,421.24
20260603_230156,1061.380,1,Right,11130,98.975741,30.817610,98.975741,0.000000,0.003853,0.009671,0.008440,429,0.000000,0.000000,0.356934,0.937744,0.025698,-0.287691,0.356934,0.029722,0.708617,0.000000,0.937744,0.708617,210.708168,51.280709,59.709215,0.141705,0,421.24
20260603_230156,1066.383,1,Left,11262,34.443261,43.225004,34.443261,3.081158,0.011167,0.018887,0.015540,217,0.000000,0.000000,0.880579,0.950000,0.016639,-0.829153,0.880579,0.037538,0.295398,0.000000,0.950000,0.295398,439.428052,2.890609,315.986900,0.422223,64,396.44
20260603_230156,1066.383,1,Right,11185,98.980778,30.666071,98.980778,0.000000,0.003853,0.009635,0.008427,432,0.000000,0.000000,0.356934,0.937744,0.025720,-0.287691,0.356934,0.029725,0.708652,0.000000,0.937744,0.708652,210.650164,51.280709,59.648647,0.141646,0,396.44
20260603_230156,1071.384,1,Left,11315,34.281927,43.384887,34.281927,3.066726,0.011238,0.019013,0.015540,217,0.000000,0.000000,0.880579,0.950000,0.016395,-0.829153,0.880579,0.037583,0.294822,0.000000,0.950000,0.294822,439.428052,2.890609,315.986900,0.422223,64,240.75
20260603_230156,1071.384,1,Right,11238,98.985585,30.521445,98.985585,0.000000,0.003848,0.009602,0.008411,435,0.000000,0.000000,0.356934,0.937744,0.025701,-0.287691,0.356934,0.029686,0.708699,0.000000,0.937744,0.708699,210.607355,51.280709,59.603391,0.141594,0,240.75
20260603_230156,1076.393,1,Left,11369,34.119096,43.521858,34.119096,3.052159,0.011296,0.019073,0.015540,217,0.000000,0.000000,0.880579,0.950000,0.016533,-0.829153,0.880579,0.037621,0.294199,0.000000,0.950000,0.294199,439.428052,2.890609,315.986900,0.422223,64,456.50
20260603_230156,1076.393,1,Right,11292,98.990436,30.375487,98.990436,0.000000,0.003848,0.009571,0.008398,437,0.000000,0.000000,0.356934,0.937744,0.025704,-0.287691,0.356934,0.029671,0.708766,0.000000,0.937744,0.708766,210.585643,51.280709,59.579209,0.141585,0,456.50
20260603_230156,1081.405,1,Left,11424,33.954832,43.627451,33.954832,3.037465,0.011274,0.019175,0.015540,217,0.000000,0.000000,0.880579,0.950000,0.016380,-0.829153,0.880579,0.037514,0.293462,0.000000,0.950000,0.293462,439.428052,2.890609,315.986900,0.422223,64,256.14
20260603_230156,1081.405,1,Right,11347,98.995329,30.228254,98.995329,0.000000,0.003850,0.009541,0.008385,440,0.000000,0.000000,0.356934,0.937744,0.025746,-0.287691,0.356934,0.029693,0.708820,0.000000,0.937744,0.708820,210.549128,51.280709,59.540203,0.141561,0,256.14
20260603_230156,1086.416,1,Left,11481,33.786256,43.811515,33.786256,3.022385,0.011377,0.019288,0.015540,217,0.000000,0.000000,0.880579,0.950000,0.016428,-0.829153,0.880579,0.037633,0.292917,0.000000,0.950000,0.292917,439.428052,2.890609,315.986900,0.422223,64,247.64
20260603_230156,1086.416,1,Right,11403,99.000263,30.079804,99.000263,0.000000,0.003844,0.009609,0.008379,443,0.000000,0.000000,0.356934,0.937744,0.025711,-0.287691,0.356934,0.029639,0.708767,0.000000,0.937744,0.708767,210.620523,51.280709,59.609087,0.141624,0,247.64
20260603_230156,1091.418,1,Left,11534,33.631004,43.983007,33.631004,3.008497,0.011364,0.019385,0.015540,217,0.000000,0.000000,0.880579,0.950000,0.016304,-0.829153,0.880579,0.037508,0.292399,0.000000,0.950000,0.292399,439.428052,2.890609,315.986900,0.422223,64,258.43
20260603_230156,1091.418,1,Right,11456,99.004888,29.940642,99.004888,0.000000,0.003840,0.009577,0.008370,444,0.000000,0.000000,0.356934,0.937744,0.025726,-0.287691,0.356934,0.029635,0.708842,0.000000,0.937744,0.708842,210.609585,51.280709,59.595795,0.141621,0,258.43
20260603_230156,1096.424,1,Left,11588,33.474284,44.071453,33.474284,2.994477,0.011417,0.019473,0.015540,217,0.000000,0.000000,0.880579,0.950000,0.016478,-0.829153,0.880579,0.037583,0.291683,0.000000,0.950000,0.291683,439.428052,2.890609,315.986900,0.422223,64,405.40
20260603_230156,1096.424,1,Right,11510,99.009557,29.800174,99.009557,0.000000,0.003840,0.009544,0.008355,447,0.000000,0.000000,0.356934,0.937744,0.025701,-0.287691,0.356934,0.029592,0.708871,0.000000,0.937744,0.708871,210.550863,51.280709,59.534698,0.141548,0,405.40
20260603_230156,1101.427,1,Left,11644,33.716936,44.091378,33.716936,3.074545,0.011590,0.019851,0.016539,219,0.000000,0.000000,0.880579,0.950000,0.016712,-0.829153,0.880579,0.038630,0.293701,0.000000,0.950000,0.293701,441.575744,2.890609,318.053578,0.423334,64,443.70
20260603_230156,1101.427,1,Right,11566,99.014352,29.655888,99.014352,0.000000,0.003835,0.009511,0.008341,450,0.000000,0.000000,0.356934,0.937744,0.025731,-0.287691,0.356934,0.029603,0.708910,0.000000,0.937744,0.708910,210.500098,51.280709,59.481492,0.141496,0,443.70
20260603_230156,1106.430,1,Left,11698,34.022910,44.349461,34.022910,3.060352,0.011547,0.019759,0.016477,222,0.000000,0.000000,0.880579,0.950000,0.016617,-0.829153,0.880579,0.038469,0.296500,0.000000,0.950000,0.296500,444.552235,2.890609,320.939353,0.422122,64,455.95
20260603_230156,1106.430,1,Right,11617,99.018680,29.930275,99.018680,0.000000,0.003842,0.009536,0.008334,452,0.000000,0.000000,0.356934,0.937744,0.025732,-0.287691,0.356934,0.029588,0.708731,0.000000,0.937744,0.708731,210.405886,51.280709,59.385079,0.141355,0,455.95
20260603_230156,1111.431,1,Left,11751,34.320483,44.600460,34.320483,3.046549,0.011510,0.019670,0.016324,223,0.000000,0.000000,0.880579,0.950000,0.016514,-0.829153,0.880579,0.038325,0.299222,0.000000,0.950000,0.299222,445.832599,2.890609,322.133042,0.420885,64,451.00
20260603_230156,1111.431,1,Right,11669,99.023053,30.242523,99.023053,0.000000,0.003840,0.009558,0.008327,455,0.000000,0.000000,0.356934,0.937744,0.025685,-0.287691,0.356934,0.029523,0.708994,0.000000,0.937744,0.708994,210.437075,51.280709,59.414043,0.141326,0,451.00
20260603_230156,1116.435,1,Left,11804,34.615385,44.849204,34.615385,3.032870,0.011470,0.019582,0.016231,224,0.000000,0.000000,0.880579,0.950000,0.016549,-0.829153,0.880579,0.038262,0.301919,0.000000,0.950000,0.301919,446.169887,2.890609,322.385904,0.419540,64,229.84
20260603_230156,1116.435,1,Right,11722,99.027470,30.557925,99.027470,0.000000,0.003845,0.009627,0.008355,456,0.000000,0.000000,0.356934,0.937744,0.025757,-0.287691,0.356934,0.029578,0.708883,0.000000,0.937744,0.708883,210.397892,51.280709,59.372613,0.141255,0,229.84
20260603_230156,1121.445,1,Left,11855,34.896668,45.086461,34.896668,3.019823,0.011436,0.019497,0.016095,227,0.000000,0.000000,0.880579,0.950000,0.016597,-0.829153,0.880579,0.038216,0.304492,0.000000,0.950000,0.304492,446.526719,2.890609,322.663538,0.418420,64,391.88
20260603_230156,1121.445,1,Right,11772,99.031600,30.852871,99.031600,0.000000,0.003829,0.009646,0.008343,457,0.000000,0.000000,0.356934,0.937744,0.025648,-0.287691,0.356934,0.029452,0.709017,0.000000,0.937744,0.709017,210.359504,51.280709,59.332124,0.141199,0,391.88
20260603_230156,1126.451,1,Left,11905,35.170097,45.317094,35.170097,3.007140,0.011402,0.019416,0.015954,231,0.000000,0.000000,0.880579,0.950000,0.016632,-0.829153,0.880579,0.038161,0.306993,0.000000,0.950000,0.306993,446.819054,2.890609,322.880101,0.417332,64,451.10
20260603_230156,1126.451,1,Right,11822,99.035696,31.145322,99.035696,0.000000,0.003835,0.009666,0.008376,458,0.000000,0.000000,0.356934,0.937744,0.025719,-0.287691,0.356934,0.029508,0.709005,0.000000,0.937744,0.709005,210.317488,51.280709,59.288025,0.141129,0,451.10
20260603_230156,1131.457,1,Left,11956,35.446638,45.550351,35.446638,2.994312,0.011372,0.019333,0.015810,234,0.000000,0.000000,0.880579,0.950000,0.016691,-0.829153,0.880579,0.038128,0.309523,0.000000,0.950000,0.309523,447.016214,2.890609,323.001816,0.416246,64,456.00
20260603_230156,1131.457,1,Right,11872,99.039757,31.435310,99.039757,0.000000,0.003836,0.009832,0.008373,460,0.000000,0.000000,0.356934,0.937744,0.025754,-0.287691,0.356934,0.029527,0.708971,0.000000,0.937744,0.708971,210.207088,51.280709,59.175559,0.140940,0,456.00
20260603_230156,1136.457,1,Left,12006,35.715476,45.777111,35.715476,2.981842,0.011339,0.019252,0.015680,238,0.000000,0.000000,0.880579,0.950000,0.016735,-0.829153,0.880579,0.038082,0.311982,0.000000,0.950000,0.311982,446.705640,2.890609,322.619018,0.415058,64,277.20
20260603_230156,1136.457,1,Right,11922,99.043785,31.722865,99.043785,0.000000,0.003835,0.009852,0.008371,461,0.000000,0.000000,0.356934,0.937744,0.025676,-0.287691,0.356934,0.029432,0.709046,0.000000,0.937744,0.709046,210.114413,51.280709,59.080837,0.140735,0,277.20
20260603_230156,1141.463,1,Left,12054,35.971462,45.993031,35.971462,2.969968,0.011314,0.019176,0.015556,241,0.000000,0.000000,0.880579,0.950000,0.016755,-0.829153,0.880579,0.038017,0.314323,0.000000,0.950000,0.314323,445.677587,2.890609,321.523197,0.413649,64,456.75
20260603_230156,1141.463,1,Right,11970,99.047619,31.996658,99.047619,0.000000,0.003839,0.009874,0.008397,463,0.000000,0.000000,0.356934,0.937744,0.025694,-0.287691,0.356934,0.029528,0.709021,0.000000,0.937744,0.709021,210.195921,51.280709,59.160395,0.140862,0,456.75
20260603_230156,1146.464,1,Left,12098,36.204331,46.189453,36.204331,2.959167,0.011289,0.019106,0.015453,244,0.000000,0.000000,0.880579,0.950000,0.016816,-0.829153,0.880579,0.038001,0.316453,0.000000,0.950000,0.316453,444.966009,2.890609,320.750803,0.412489,64,450.13
20260603_230156,1146.464,1,Right,12014,99.051107,32.245713,99.051107,0.000000,0.003851,0.009964,0.008425,463,0.000000,0.000000,0.356934,0.937744,0.025742,-0.287691,0.356934,0.029587,0.708699,0.000000,0.937744,0.708699,210.150054,51.280709,59.113014,0.140810,0,450.13
20260603_230156,1151.473,1,Left,12148,36.466908,46.410932,36.466908,2.946987,0.011261,0.019027,0.015344,247,0.000000,0.000000,0.880579,0.950000,0.016844,-0.829153,0.880579,0.037942,0.318855,0.000000,0.950000,0.318855,444.222685,2.890609,319.939836,0.411183,64,414.87
20260603_230156,1151.473,1,Right,12064,99.055040,32.526525,99.055040,0.000000,0.003863,0.009936,0.008465,465,0.000000,0.000000,0.356934,0.937744,0.025648,-0.287691,0.356934,0.029632,0.709085,0.000000,0.937744,0.709085,210.364725,51.280709,59.325685,0.141100,0,414.87
20260603_230156,1156.479,1,Left,12195,36.711767,46.617466,36.711767,2.935629,0.011233,0.018954,0.015230,251,0.000000,0.000000,0.880579,0.950000,0.016870,-0.829153,0.880579,0.037887,0.321095,0.000000,0.950000,0.321095,443.273939,2.890609,318.928884,0.409885,64,444.83
20260603_230156,1156.479,1,Right,12111,99.058707,32.788374,99.058707,0.000000,0.003864,0.010010,0.008488,466,0.000000,0.000000,0.356934,0.937744,0.025774,-0.287691,0.356934,0.029742,0.708733,0.000000,0.937744,0.708733,210.344299,51.280709,59.303394,0.141089,0,444.83
20260603_230156,1161.481,1,Left,12250,36.995918,46.857143,36.995918,2.922449,0.011208,0.018875,0.015114,254,0.000000,0.000000,0.880579,0.950000,0.016936,-0.829153,0.880579,0.037858,0.323679,0.000000,0.950000,0.323679,442.129413,2.890609,317.713202,0.408366,64,396.55
20260603_230156,1161.481,1,Right,12166,99.062962,33.092224,99.062962,0.000000,0.003867,0.009979,0.008524,467,0.000000,0.000000,0.356934,0.937744,0.025582,-0.287691,0.356934,0.029726,0.709150,0.000000,0.937744,0.709150,210.566674,51.280709,59.523604,0.141350,0,396.55
20260603_230156,1166.482,1,Left,12307,37.287722,47.103275,37.287722,2.908914,0.011175,0.018796,0.014999,258,0.000000,0.000000,0.880579,0.950000,0.017005,-0.829153,0.880579,0.037830,0.326284,0.000000,0.950000,0.326284,440.693295,2.890609,316.205140,0.406706,64,454.77
20260603_230156,1166.482,1,Right,12222,99.067256,33.398789,99.067256,0.000000,0.003872,0.010047,0.008564,468,0.000000,0.000000,0.356934,0.937744,0.025731,-0.287691,0.356934,0.029856,0.708900,0.000000,0.937744,0.708900,210.624970,51.280709,59.579717,0.141444,0,454.77
20260603_230156,1171.483,1,Left,12362,37.566737,47.338618,37.566737,2.895972,0.011182,0.018742,0.015259,260,0.000000,0.000000,0.880579,0.950000,0.017065,-0.829153,0.880579,0.037798,0.328581,0.000000,0.950000,0.328581,438.647111,2.890609,314.091210,0.404723,64,451.73
20260603_230156,1171.483,1,Right,12277,99.071434,33.697157,99.071434,0.000000,0.003863,0.010023,0.008565,469,0.000000,0.000000,0.356934,0.937744,0.025571,-0.287691,0.356934,0.029767,0.709276,0.000000,0.937744,0.709276,210.794794,51.280709,59.747416,0.141597,0,451.73
20260603_230156,1176.495,1,Left,12417,37.843279,47.571877,37.843279,2.883144,0.011132,0.018675,0.015177,261,0.000000,0.000000,0.880579,0.950000,0.016989,-0.829153,0.880579,0.037630,0.330643,0.000000,0.950000,0.330643,436.044546,2.890609,311.422485,0.402097,64,471.16
20260603_230156,1176.495,1,Right,12332,99.075576,33.992864,99.075576,0.000000,0.003866,0.010092,0.008595,470,0.000000,0.000000,0.356934,0.937744,0.025712,-0.287691,0.356934,0.029889,0.709141,0.000000,0.937744,0.709141,210.774773,51.280709,59.725289,0.141611,0,471.16
20260603_230156,1181.503,1,Left,12469,38.102494,47.790520,38.102494,2.871120,0.011110,0.018616,0.015108,264,0.000000,0.000000,0.880579,0.950000,0.017091,-0.829153,0.880579,0.037646,0.332589,0.000000,0.950000,0.332589,433.657301,2.890609,308.974098,0.399835,64,452.51
20260603_230156,1181.503,1,Right,12384,99.079457,34.270026,99.079457,0.000000,0.003893,0.010125,0.008702,471,0.000000,0.000000,0.356934,0.937744,0.025551,-0.287691,0.356934,0.029864,0.709294,0.000000,0.937744,0.709294,210.758151,51.280709,59.706694,0.141614,0,452.51
20260603_230156,1186.515,1,Left,12522,38.364479,48.011500,38.364479,2.858968,0.011088,0.018550,0.014995,267,0.000000,0.000000,0.880579,0.950000,0.017100,-0.829153,0.880579,0.037568,0.334549,0.000000,0.950000,0.334549,431.281187,2.890609,306.537028,0.397563,64,259.64
20260603_230156,1186.515,1,Right,12437,99.083380,34.550133,99.083380,0.000000,0.003904,0.010166,0.008748,472,0.000000,0.000000,0.356934,0.937744,0.025637,-0.287691,0.356934,0.030006,0.709278,0.000000,0.937744,0.709278,210.864529,51.280709,59.811077,0.141810,0,259.64
20260603_230156,1191.521,1,Left,12577,38.634014,48.238849,38.634014,2.846466,0.011054,0.018489,0.014891,272,0.000000,0.000000,0.880579,0.950000,0.017189,-0.829153,0.880579,0.037567,0.336585,0.000000,0.950000,0.336585,428.865417,2.890609,304.059408,0.395271,64,424.78
20260603_230156,1191.521,1,Right,12492,99.087416,34.838297,99.087416,0.000000,0.003905,0.010232,0.008764,473,0.000000,0.000000,0.356934,0.937744,0.025646,-0.287691,0.356934,0.030040,0.709089,0.000000,0.937744,0.709089,210.838256,51.280709,59.782753,0.141780,0,424.78
20260603_230156,1196.521,1,Left,12630,38.891528,48.456057,38.891528,2.834521,0.011027,0.018423,0.014790,275,0.000000,0.000000,0.880579,0.950000,0.017182,-0.829153,0.880579,0.037475,0.338493,0.000000,0.950000,0.338493,426.609550,2.890609,301.745251,0.393077,64,409.40
20260603_230156,1196.521,1,Right,12545,99.091271,35.113591,99.091271,0.000000,0.003900,0.010204,0.008775,474,0.000000,0.000000,0.356934,0.937744,0.025650,-0.287691,0.356934,0.030026,0.709386,0.000000,0.937744,0.709386,210.937698,51.280709,59.880235,0.141913,0,409.40
20260603_230156,1201.524,1,Left,12685,39.156484,48.679543,39.156484,2.822231,0.010998,0.018363,0.014686,278,0.000000,0.000000,0.880579,0.950000,0.017258,-0.829153,0.880579,0.037463,0.340487,0.000000,0.950000,0.340487,424.304638,2.890609,299.381164,0.390902,64,248.54
20260603_230156,1201.524,1,Right,12600,99.095238,35.396825,99.095238,0.000000,0.003897,0.010270,0.008785,475,0.000000,0.000000,0.356934,0.937744,0.025631,-0.287691,0.356934,0.029988,0.709056,0.000000,0.937744,0.709056,210.871170,51.280709,59.811691,0.141808,0,248.54
20260603_230156,1206.536,1,Left,12740,39.419152,48.901099,39.419152,2.810047,0.010970,0.018295,0.014585,281,0.000000,0.000000,0.880579,0.950000,0.017265,-0.829153,0.880579,0.037382,0.342421,0.000000,0.950000,0.342421,422.033659,2.890609,297.052306,0.388703,64,257.16
20260603_230156,1206.536,1,Right,12655,99.099170,35.677598,99.099170,0.000000,0.003902,0.010252,0.008816,477,0.000000,0.000000,0.356934,0.937744,0.025597,-0.287691,0.356934,0.030059,0.709448,0.000000,0.937744,0.709448,211.024831,51.280709,59.963353,0.142038,0,257.16
20260603_230156,1211.547,1,Left,12793,39.670132,49.112796,39.670132,2.798405,0.010952,0.018238,0.014490,284,0.000000,0.000000,0.880579,0.950000,0.017323,-0.829153,0.880579,0.037357,0.344326,0.000000,0.950000,0.344326,419.945763,2.890609,294.909823,0.386734,64,238.76
20260603_230156,1211.547,1,Right,12707,99.102857,35.940820,99.102857,0.000000,0.003909,0.010408,0.008854,478,0.000000,0.000000,0.356934,0.937744,0.025713,-0.287691,0.356934,0.030157,0.709292,0.000000,0.937744,0.709292,210.990523,51.280709,59.927173,0.142028,0,238.76
20260603_230156,1216.553,1,Left,12845,39.914364,49.318801,39.914364,2.787077,0.010928,0.018181,0.014392,287,0.000000,0.000000,0.880579,0.950000,0.017337,-0.829153,0.880579,0.037290,0.346155,0.000000,0.950000,0.346155,417.956384,2.890609,292.867983,0.384832,64,454.03
20260603_230156,1216.553,1,Right,12759,99.106513,36.201897,99.106513,0.000000,0.003893,0.010376,0.008844,479,0.000000,0.000000,0.356934,0.937744,0.025608,-0.287691,0.356934,0.030034,0.709496,0.000000,0.937744,0.709496,210.998242,51.280709,59.933034,0.142009,0,454.03
20260603_230156,1221.561,1,Left,12899,40.165904,49.530971,40.165904,2.775409,0.010903,0.018125,0.014296,291,0.000000,0.000000,0.880579,0.950000,0.017383,-0.829153,0.880579,0.037253,0.348070,0.000000,0.950000,0.348070,415.909848,2.890609,290.768084,0.382874,64,247.51
20260603_230156,1221.561,1,Right,12813,99.110279,36.470772,99.110279,0.000000,0.003901,0.010440,0.008881,480,0.000000,0.000000,0.356934,0.937744,0.025713,-0.287691,0.356934,0.030121,0.709307,0.000000,0.937744,0.709307,210.970366,51.280709,59.903244,0.142008,0,247.51
20260603_230156,1226.563,1,Left,12953,40.415348,49.741373,40.415348,2.763838,0.010877,0.018064,0.014203,293,0.000000,0.000000,0.880579,0.950000,0.017416,-0.829153,0.880579,0.037202,0.349903,0.000000,0.950000,0.349903,413.838481,2.890609,288.644454,0.380876,64,264.14
20260603_230156,1226.563,1,Right,12867,99.114013,36.737390,99.114013,0.000000,0.003884,0.010408,0.008869,481,0.000000,0.000000,0.356934,0.937744,0.025605,-0.287691,0.356934,0.029994,0.709513,0.000000,0.937744,0.709513,210.976182,51.280709,59.907163,0.141951,0,264.14
20260603_230156,1231.566,1,Left,13005,40.653595,49.942330,40.653595,2.752787,0.010854,0.018007,0.014114,297,0.000000,0.000000,0.880579,0.950000,0.017443,-0.829153,0.880579,0.037151,0.351667,0.000000,0.950000,0.351667,411.875085,2.890609,286.631740,0.378977,64,251.37
20260603_230156,1231.566,1,Right,12919,99.117579,36.992027,99.117579,0.000000,0.003889,0.010561,0.008902,482,0.000000,0.000000,0.356934,0.937744,0.025716,-0.287691,0.356934,0.030087,0.709404,0.000000,0.937744,0.709404,210.945466,51.280709,59.874635,0.141940,0,251.37
20260603_230156,1236.573,1,Left,13056,40.885417,50.137868,40.885417,2.742034,0.010839,0.017959,0.014034,300,0.000000,0.000000,0.880579,0.950000,0.017512,-0.829153,0.880579,0.037143,0.353382,0.000000,0.950000,0.353382,409.964748,2.890609,284.673967,0.377157,64,245.18
20260603_230156,1236.573,1,Right,12970,99.121049,37.239784,99.121049,0.000000,0.003925,0.010628,0.009019,484,0.000000,0.000000,0.356934,0.937744,0.025675,-0.287691,0.356934,0.030148,0.709407,0.000000,0.937744,0.709407,210.965560,51.280709,59.901619,0.142036,0,245.18
20260603_230156,1241.577,1,Left,13108,41.119927,50.335673,41.119927,2.731157,0.010808,0.017898,0.013953,303,0.000000,0.000000,0.880579,0.950000,0.017515,-0.829153,0.880579,0.037068,0.355109,0.000000,0.950000,0.355109,408.079502,2.890609,282.741280,0.375320,64,454.57
20260603_230156,1241.577,1,Right,13022,99.124558,37.490401,99.124558,0.000000,0.003921,0.010596,0.009016,485,0.000000,0.000000,0.356934,0.937744,0.025626,-0.287691,0.356934,0.030082,0.709568,0.000000,0.937744,0.709568,210.932333,51.280709,59.866574,0.141954,0,454.57
20260603_230156,1246.588,1,Left,13160,41.352584,50.531915,41.352584,2.720365,0.010786,0.017840,0.013882,305,0.000000,0.000000,0.880579,0.950000,0.017536,-0.829153,0.880579,0.037011,0.356825,0.000000,0.950000,0.356825,406.215313,2.890609,280.830555,0.373509,64,224.97
20260603_230156,1246.588,1,Right,13074,99.128040,37.739024,99.128040,0.000000,0.003916,0.010655,0.009018,486,0.000000,0.000000,0.356934,0.937744,0.025676,-0.287691,0.356934,0.030114,0.709540,0.000000,0.937744,0.709540,210.937361,51.280709,59.869799,0.141953,0,224.97
20260603_230156,1251.600,1,Left,13216,41.601090,50.741525,41.601090,2.708838,0.010759,0.017782,0.013798,308,0.000000,0.000000,0.880579,0.950000,0.017595,-0.829153,0.880579,0.036988,0.358684,0.000000,0.950000,0.358684,404.273963,2.890609,278.840074,0.371659,64,219.63
20260603_230156,1251.600,1,Right,13129,99.131693,37.999848,99.131693,0.000000,0.003910,0.010710,0.009020,487,0.000000,0.000000,0.356934,0.937744,0.025674,-0.287691,0.356934,0.030093,0.709319,0.000000,0.937744,0.709319,210.875371,51.280709,59.805918,0.141837,0,219.63
20260603_230156,1256.601,1,Left,13266,41.821197,50.927182,41.821197,2.698628,0.010739,0.017741,0.013724,311,0.000000,0.000000,0.880579,0.950000,0.017607,-0.829153,0.880579,0.036927,0.360311,0.000000,0.950000,0.360311,402.502686,2.890609,277.025769,0.369923,64,453.59
20260603_230156,1256.601,1,Right,13179,99.134987,38.235071,99.134987,0.000000,0.004022,0.010797,0.009286,491,0.000000,0.000000,0.555646,0.937744,0.025464,-0.555646,0.356934,0.030296,0.709285,0.000000,0.937744,0.709285,210.903218,51.280709,59.842765,0.142012,0,453.59
20260603_230156,1261.604,1,Left,13316,42.039652,51.111445,42.039652,2.688495,0.010714,0.017683,0.013656,314,0.000000,0.000000,0.880579,0.950000,0.017657,-0.829153,0.880579,0.036905,0.361861,0.000000,0.950000,0.361861,400.686826,2.890609,275.167649,0.368115,64,248.01
20260603_230156,1261.604,1,Right,13229,99.138257,38.468516,99.138257,0.000000,0.004084,0.010795,0.009495,493,0.000000,0.000000,0.555646,0.937744,0.025680,-0.555646,0.387173,0.030811,0.709694,0.000000,0.937744,0.709694,210.976064,51.280709,59.913877,0.142458,0,248.01
20260603_230156,1266.618,1,Left,13368,42.265111,51.301616,42.265111,2.678037,0.010689,0.017630,0.013579,317,0.000000,0.000000,0.880579,0.950000,0.017660,-0.829153,0.880579,0.036832,0.363502,0.000000,0.950000,0.363502,398.873575,2.890609,273.311241,0.366348,64,226.83
20260603_230156,1266.618,1,Right,13281,99.141631,38.709435,99.141631,0.000000,0.004094,0.010878,0.009532,494,0.000000,0.000000,0.555646,0.937744,0.025736,-0.555646,0.387173,0.030982,0.709627,0.000000,0.937744,0.709627,211.028486,51.280709,59.964510,0.142580,0,226.83
20260603_230156,1271.624,1,Left,13418,42.480250,51.483082,42.480250,2.668058,0.010674,0.017573,0.013511,320,0.000000,0.000000,0.880579,0.950000,0.017732,-0.829153,0.880579,0.036833,0.365120,0.000000,0.950000,0.365120,397.344598,2.890609,271.741509,0.364898,64,454.86
20260603_230156,1271.624,1,Right,13331,99.144850,38.939314,99.144850,0.000000,0.004100,0.010847,0.009562,495,0.000000,0.000000,0.555646,0.937744,0.025640,-0.555646,0.387173,0.031011,0.709890,0.000000,0.937744,0.709890,211.119830,51.280709,60.054147,0.142729,0,454.86
20260603_230156,1276.636,1,Left,13469,42.698047,51.666790,42.698047,2.657955,0.010645,0.017526,0.013439,323,0.000000,0.000000,0.880579,0.950000,0.017750,-0.829153,0.880579,0.036779,0.366842,0.000000,0.950000,0.366842,395.889318,2.890609,270.245390,0.363524,64,236.45
20260603_230156,1276.636,1,Right,13381,99.148046,39.167476,99.148046,0.000000,0.004106,0.010908,0.009587,496,0.000000,0.000000,0.555646,0.937744,0.025773,-0.555646,0.387173,0.031124,0.709676,0.000000,0.937744,0.709676,211.078267,51.280709,60.010891,0.142724,0,236.45
20260603_230156,1281.640,1,Left,13519,42.909979,51.845551,42.909979,2.648125,0.010630,0.017473,0.013371,326,0.000000,0.000000,0.880579,0.950000,0.017800,-0.829153,0.880579,0.036758,0.368428,0.000000,0.950000,0.368428,394.389148,2.890609,268.705879,0.362105,64,450.27
20260603_230156,1281.640,1,Right,13430,99.151154,39.389427,99.151154,0.000000,0.004105,0.010880,0.009600,497,0.000000,0.000000,0.555646,0.937744,0.025651,-0.555646,0.387173,0.031048,0.709865,0.000000,0.937744,0.709865,211.088488,51.280709,60.019464,0.142719,0,450.27
20260603_230156,1286.649,1,Left,13572,43.132921,52.033599,43.132921,2.637784,0.010601,0.017428,0.013297,329,0.000000,0.000000,0.880579,0.950000,0.017806,-0.829153,0.880579,0.036690,0.370171,0.000000,0.950000,0.370171,392.882714,2.890609,267.158477,0.360656,64,258.38
20260603_230156,1286.649,1,Right,13483,99.154491,39.627679,99.154491,0.000000,0.004111,0.010937,0.009633,498,0.000000,0.000000,0.555646,0.937744,0.025754,-0.555646,0.387173,0.031130,0.709609,0.000000,0.937744,0.709609,211.031267,51.280709,59.960475,0.142680,0,258.38
20260603_230156,1291.653,1,Left,13628,43.366598,52.230701,43.366598,2.626945,0.010578,0.017370,0.013227,331,0.000000,0.000000,0.880579,0.950000,0.017846,-0.829153,0.880579,0.036653,0.371890,0.000000,0.950000,0.371890,391.199193,2.890609,265.432466,0.359012,64,458.29
20260603_230156,1291.653,1,Right,13539,99.157988,39.877391,99.157988,0.000000,0.004094,0.010948,0.009612,499,0.000000,0.000000,0.555646,0.937744,0.025647,-0.555646,0.387173,0.031001,0.709674,0.000000,0.937744,0.709674,211.019239,51.280709,59.946593,0.142605,0,458.29
20260603_230156,1296.654,1,Left,13685,43.602484,52.429668,43.602484,2.616003,0.010558,0.017309,0.013150,335,0.000000,0.000000,0.880579,0.950000,0.017851,-0.829153,0.880579,0.036579,0.373623,0.000000,0.950000,0.373623,389.508774,2.890609,263.699619,0.357381,64,393.91
20260603_230156,1296.654,1,Right,13596,99.161518,40.129450,99.161518,0.000000,0.004089,0.010965,0.009619,501,0.000000,0.000000,0.555646,0.937744,0.025681,-0.555646,0.387173,0.031013,0.709851,0.000000,0.937744,0.709851,211.101710,51.280709,60.027193,0.142705,0,393.91
20260603_230156,1301.665,1,Left,13737,43.815971,52.609740,43.815971,2.606100,0.010573,0.017371,0.013344,338,0.000000,0.000000,0.880579,0.950000,0.017904,-0.829153,0.880579,0.036610,0.375041,0.000000,0.950000,0.375041,387.982699,2.890609,262.157907,0.355980,64,237.62
20260603_230156,1301.665,1,Right,13648,99.164713,40.357562,99.164713,0.000000,0.004087,0.011119,0.009610,503,0.000000,0.000000,0.555646,0.937744,0.025710,-0.555646,0.387173,0.031021,0.709810,0.000000,0.937744,0.709810,211.022428,51.280709,59.946218,0.142602,0,237.62
20260603_230156,1306.673,1,Left,13792,44.040023,52.798724,44.040023,2.595708,0.010551,0.017323,0.013330,340,0.000000,0.000000,0.880579,0.950000,0.017938,-0.829153,0.880579,0.036617,0.376821,0.000000,0.950000,0.376821,386.675073,2.890609,260.810588,0.354731,64,251.79
20260603_230156,1306.673,1,Right,13701,99.167944,40.588278,99.167944,0.000000,0.004087,0.011087,0.009595,505,0.000000,0.000000,0.555646,0.937744,0.025667,-0.555646,0.387173,0.030958,0.709974,0.000000,0.937744,0.709974,211.000683,51.280709,59.922761,0.142545,0,251.79
20260603_230156,1311.681,1,Left,13847,44.262295,52.986206,44.262295,2.585398,0.010526,0.017273,0.013257,344,0.000000,0.000000,0.880579,0.950000,0.017979,-0.829153,0.880579,0.036583,0.378577,0.000000,0.950000,0.378577,385.291405,2.890609,259.387939,0.353433,64,454.91
20260603_230156,1311.681,1,Right,13756,99.171271,40.825821,99.171271,0.000000,0.004080,0.011138,0.009583,507,0.000000,0.000000,0.555646,0.937744,0.025693,-0.555646,0.387173,0.030963,0.710006,0.000000,0.937744,0.710006,210.920316,51.280709,59.840631,0.142402,0,454.91
20260603_230156,1316.688,1,Left,13902,44.482808,53.172205,44.482808,2.575169,0.010502,0.017221,0.013187,347,0.000000,0.000000,0.880579,0.950000,0.017992,-0.829153,0.880579,0.036523,0.380230,0.000000,0.950000,0.380230,383.788228,2.890609,257.846476,0.351980,64,249.19
20260603_230156,1316.688,1,Right,13811,99.174571,41.061473,99.174571,0.000000,0.004079,0.011211,0.009590,508,0.000000,0.000000,0.555646,0.937744,0.025745,-0.555646,0.387173,0.030993,0.709910,0.000000,0.937744,0.709910,210.919346,51.280709,59.837912,0.142386,0,249.19
20260603_230156,1321.695,1,Left,13959,44.709506,53.363421,44.709506,2.564654,0.010477,0.017162,0.013117,349,0.000000,0.000000,0.880579,0.950000,0.018026,-0.829153,0.880579,0.036482,0.381915,0.000000,0.950000,0.381915,382.294814,2.890609,256.314093,0.350557,64,257.38
20260603_230156,1321.695,1,Right,13866,99.177845,41.295255,99.177845,0.000000,0.004063,0.011177,0.009571,509,0.000000,0.000000,0.555646,0.937744,0.025642,-0.555646,0.387173,0.030870,0.710132,0.000000,0.937744,0.710132,210.956160,51.280709,59.872992,0.142403,0,257.38
20260603_230156,1326.697,1,Left,14013,44.922572,53.543139,44.922572,2.554771,0.010454,0.017114,0.013052,353,0.000000,0.000000,0.880579,0.950000,0.018033,-0.829153,0.880579,0.036417,0.383518,0.000000,0.950000,0.383518,380.893986,2.890609,254.877001,0.349194,64,410.20
20260603_230156,1326.697,1,Right,13919,99.180976,41.518787,99.180976,0.000000,0.004071,0.011230,0.009610,510,0.000000,0.000000,0.555646,0.937744,0.025732,-0.555646,0.387173,0.030940,0.709971,0.000000,0.937744,0.709971,210.952863,51.280709,59.868037,0.142423,0,410.20
20260603_230156,1331.697,1,Left,14069,45.141801,53.728055,45.141801,2.544602,0.010429,0.017060,0.012985,356,0.000000,0.000000,0.880579,0.950000,0.018103,-0.829153,0.880579,0.036414,0.385158,0.000000,0.950000,0.385158,379.457588,2.890609,253.403646,0.347846,64,240.06
20260603_230156,1331.697,1,Right,13971,99.184024,41.736454,99.184024,0.000000,0.004056,0.011282,0.009596,511,0.000000,0.000000,0.555646,0.937744,0.025637,-0.555646,0.387173,0.030825,0.710064,0.000000,0.937744,0.710064,210.910636,51.280709,59.824195,0.142334,0,240.06
20260603_230156,1336.704,1,Left,14124,45.355423,53.908241,45.355423,2.534693,0.010406,0.017004,0.012917,359,0.000000,0.000000,0.880579,0.950000,0.018104,-0.829153,0.880579,0.036344,0.386760,0.000000,0.950000,0.386760,378.092746,2.890609,252.003134,0.346530,64,269.54
20260603_230156,1336.704,1,Right,14026,99.187224,41.964922,99.187224,0.000000,0.004063,0.011333,0.009629,512,0.000000,0.000000,0.555646,0.937744,0.025716,-0.555646,0.387173,0.030884,0.709997,0.000000,0.937744,0.709997,210.906457,51.280709,59.818321,0.142354,0,269.54
20260603_230156,1341.711,1,Left,14179,45.567388,54.087030,45.567388,2.524861,0.010384,0.016958,0.012857,362,0.000000,0.000000,0.880579,0.950000,0.018184,-0.829153,0.880579,0.036353,0.388371,0.000000,0.950000,0.388371,376.763255,2.890609,250.638583,0.345284,64,436.86
20260603_230156,1341.711,1,Right,14081,99.190398,42.191606,99.190398,0.000000,0.004053,0.011381,0.009618,513,0.000000,0.000000,0.555646,0.937744,0.025636,-0.555646,0.387173,0.030784,0.710075,0.000000,0.937744,0.710075,210.837828,51.280709,59.748011,0.142197,0,436.86
20260603_230156,1346.712,1,Left,14231,45.766285,54.254796,45.766285,2.515635,0.010363,0.016913,0.012800,365,0.000000,0.000000,0.880579,0.950000,0.018173,-0.829153,0.880579,0.036276,0.389854,0.000000,0.950000,0.389854,375.473545,2.890609,249.316269,0.344006,64,454.82
20260603_230156,1346.712,1,Right,14133,99.193377,42.404302,99.193377,0.000000,0.004047,0.011605,0.009622,514,0.000000,0.000000,0.555646,0.937744,0.025717,-0.555646,0.387173,0.030846,0.709963,0.000000,0.937744,0.709963,210.840084,51.280709,59.748689,0.142211,0,454.82
20260603_230156,1351.713,1,Left,14284,45.967516,54.424531,45.967516,2.506301,0.010343,0.016865,0.012746,367,0.000000,0.000000,0.880579,0.950000,0.018222,-0.829153,0.880579,0.036258,0.391363,0.000000,0.950000,0.391363,374.214061,2.890609,248.024085,0.342807,64,460.91
20260603_230156,1351.713,1,Right,14185,99.196334,42.615439,99.196334,0.000000,0.004032,0.011613,0.009608,515,0.000000,0.000000,0.555646,0.937744,0.025623,-0.555646,0.387173,0.030733,0.709982,0.000000,0.937744,0.709982,210.808309,51.280709,59.715347,0.142131,0,460.91
20260603_230156,1356.715,1,Left,14339,46.174768,54.599344,46.174768,2.496687,0.010321,0.016820,0.012678,371,0.000000,0.000000,0.880579,0.950000,0.018221,-0.829153,0.880579,0.036188,0.392905,0.000000,0.950000,0.392905,372.848916,2.890609,246.625560,0.341470,64,221.08
20260603_230156,1356.715,1,Right,14240,99.199438,42.837079,99.199438,0.000000,0.004076,0.011672,0.009715,517,0.000000,0.000000,0.555646,0.937744,0.025602,-0.555646,0.387173,0.030893,0.709810,0.000000,0.937744,0.709810,210.793862,51.280709,59.739525,0.142321,0,221.08
20260603_230156,1361.728,1,Left,14394,46.380436,54.772822,46.380436,2.487147,0.010295,0.016770,0.012626,373,0.000000,0.000000,0.880579,0.950000,0.018235,-0.829153,0.880579,0.036133,0.394408,0.000000,0.950000,0.394408,371.451041,2.890609,245.194855,0.340048,64,247.07
20260603_230156,1361.728,1,Right,14294,99.202463,43.053029,99.202463,0.000000,0.004110,0.011717,0.009895,518,0.000000,0.000000,0.555646,0.937744,0.025702,-0.555646,0.387173,0.031064,0.709897,0.000000,0.937744,0.709897,210.867166,51.280709,59.837320,0.142577,0,247.07
20260603_230156,1366.736,1,Left,14445,46.569747,54.932503,46.569747,2.478366,0.010285,0.016733,0.012578,376,0.000000,0.000000,0.880579,0.950000,0.018299,-0.829153,0.880579,0.036134,0.395804,0.000000,0.950000,0.395804,370.195128,2.890609,243.908979,0.338844,64,455.56
20260603_230156,1366.736,1,Right,14345,99.205298,43.255490,99.205298,0.000000,0.004153,0.011783,0.010024,522,0.000000,0.000000,0.555646,0.937744,0.025698,-0.555646,0.387173,0.031254,0.709927,0.000000,0.937744,0.709927,210.925764,51.280709,59.912724,0.142798,0,455.56
20260603_230156,1371.740,1,Left,14497,46.761399,55.094157,46.761399,2.469476,0.010260,0.016682,0.012522,379,0.000000,0.000000,0.880579,0.950000,0.018300,-0.829153,0.880579,0.036070,0.397221,0.000000,0.950000,0.397221,369.010621,2.890609,242.694385,0.337691,64,411.37
20260603_230156,1371.740,1,Right,14395,99.208058,43.452588,99.208058,0.000000,0.004139,0.011750,0.010016,523,0.000000,0.000000,0.555646,0.937744,0.025608,-0.555646,0.387173,0.031145,0.710066,0.000000,0.937744,0.710066,210.899436,51.280709,59.884638,0.142683,0,411.37
20260603_230156,1376.747,1,Left,14543,46.929794,55.236196,46.929794,2.461665,0.010356,0.016745,0.013090,381,0.000000,0.000000,0.880579,0.950000,0.018288,-0.829153,0.880579,0.036366,0.398284,0.000000,0.950000,0.398284,368.082455,2.890609,241.784052,0.337107,64,247.09
20260603_230156,1376.747,1,Right,14441,99.210581,43.632712,99.210581,0.000000,0.004150,0.011823,0.010034,524,0.000000,0.000000,0.555646,0.937744,0.025696,-0.555646,0.387173,0.031215,0.709901,0.000000,0.937744,0.709901,210.940230,51.280709,59.923826,0.142738,0,247.09
20260603_230156,1381.748,1,Left,14598,47.129744,55.404850,47.129744,2.452391,0.010333,0.016699,0.013065,383,0.000000,0.000000,0.880579,0.950000,0.018382,-0.829153,0.880579,0.036392,0.400073,0.000000,0.950000,0.400073,367.446494,2.890609,241.116834,0.336448,64,248.60
20260603_230156,1381.748,1,Right,14496,99.213576,43.846578,99.213576,0.000000,0.004152,0.011789,0.010042,525,0.000000,0.000000,0.555646,0.937744,0.025563,-0.555646,0.387173,0.031183,0.710156,0.000000,0.937744,0.710156,211.013330,51.280709,59.995018,0.142816,0,248.60
20260603_230156,1386.761,1,Left,14649,47.313810,55.560106,47.313810,2.443853,0.010313,0.016655,0.013006,387,0.000000,0.000000,0.880579,0.950000,0.018408,-0.829153,0.880579,0.036355,0.401558,0.000000,0.950000,0.401558,366.494862,2.890609,240.136663,0.335543,64,246.06
20260603_230156,1386.761,1,Right,14547,99.216333,44.043445,99.216333,0.000000,0.004154,0.011840,0.010070,526,0.000000,0.000000,0.555646,0.937744,0.025654,-0.555646,0.387173,0.031290,0.710040,0.000000,0.937744,0.710040,211.053082,51.280709,60.033014,0.142907,0,246.06
20260603_230156,1391.773,1,Left,14698,47.489454,55.708260,47.489454,2.435706,0.010295,0.016619,0.012957,389,0.000000,0.000000,0.880579,0.950000,0.018422,-0.829153,0.880579,0.036309,0.402856,0.000000,0.950000,0.402856,365.401818,2.890609,239.016590,0.334476,64,251.55
20260603_230156,1391.773,1,Right,14596,99.218964,44.231296,99.218964,0.000000,0.004255,0.011907,0.010325,530,0.000000,0.000000,0.555646,0.937744,0.025787,-0.555646,0.387173,0.031681,0.710078,0.000000,0.937744,0.710078,211.035982,51.280709,60.018607,0.143127,0,251.55
20260603_230156,1396.773,1,Left,14746,47.660382,55.852435,47.660382,2.427777,0.010278,0.016576,0.012912,392,0.000000,0.000000,0.880579,0.950000,0.018463,-0.829153,0.880579,0.036292,0.404144,0.000000,0.950000,0.404144,364.437980,2.890609,238.026641,0.333560,64,429.39
20260603_230156,1396.773,1,Right,14644,99.221524,44.414095,99.221524,0.000000,0.004260,0.011877,0.010366,531,0.000000,0.000000,0.555646,0.937744,0.025571,-0.555646,0.387173,0.031717,0.710264,0.000000,0.937744,0.710264,211.067575,51.280709,60.048556,0.143208,0,429.39
20260603_230156,1401.780,1,Left,14796,47.837253,56.001622,47.837253,2.419573,0.010255,0.016537,0.012860,395,0.000000,0.000000,0.880579,0.950000,0.018468,-0.829153,0.880579,0.036237,0.405535,0.000000,0.950000,0.405535,363.507585,2.890609,237.069424,0.332657,64,416.27
20260603_230156,1401.780,1,Right,14694,99.224173,44.603239,99.224173,0.000000,0.004265,0.012010,0.010391,532,0.000000,0.000000,0.555646,0.937744,0.025702,-0.555646,0.387173,0.031827,0.710127,0.000000,0.937744,0.710127,211.094772,51.280709,60.074052,0.143290,0,416.27
20260603_230156,1406.788,1,Left,14847,48.016434,56.152758,48.016434,2.411262,0.010237,0.016494,0.012813,398,0.000000,0.000000,0.880579,0.950000,0.018544,-0.829153,0.880579,0.036252,0.406916,0.000000,0.950000,0.406916,362.522801,2.890609,236.057668,0.331737,64,247.03
20260603_230156,1406.788,1,Right,14744,99.226804,44.791101,99.226804,0.000000,0.004267,0.012020,0.010397,533,0.000000,0.000000,0.555646,0.937744,0.025582,-0.555646,0.387173,0.031804,0.710063,0.000000,0.937744,0.710063,211.111116,51.280709,60.088706,0.143299,0,247.03
20260603_230156,1411.791,1,Left,14897,48.190911,56.299926,48.190911,2.403168,0.010219,0.016452,0.012764,401,0.000000,0.000000,0.880579,0.950000,0.018544,-0.829153,0.880579,0.036193,0.408249,0.000000,0.950000,0.408249,361.580391,2.890609,235.089188,0.330818,64,263.48
20260603_230156,1411.791,1,Right,14794,99.229417,44.977694,99.229417,0.000000,0.004271,0.012034,0.010423,534,0.000000,0.000000,0.555646,0.937744,0.025660,-0.555646,0.387173,0.031890,0.710082,0.000000,0.937744,0.710082,211.124794,51.280709,60.100706,0.143366,0,263.48
20260603_230156,1416.795,1,Left,14950,48.374582,56.454849,48.374582,2.394649,0.010201,0.016408,0.012715,404,0.000000,0.000000,0.880579,0.950000,0.018593,-0.829153,0.880579,0.036180,0.409656,0.000000,0.950000,0.409656,360.556869,2.890609,234.038425,0.329845,64,269.68
20260603_230156,1416.795,1,Right,14846,99.232116,45.170416,99.232116,0.000000,0.004268,0.012252,0.010427,535,0.000000,0.000000,0.555646,0.937744,0.025622,-0.555646,0.387173,0.031872,0.709780,0.000000,0.937744,0.709780,211.102772,51.280709,60.076950,0.143307,0,269.68
20260603_230156,1421.803,1,Left,15001,48.550097,56.602893,48.550097,2.386508,0.010185,0.016362,0.012670,408,0.000000,0.000000,0.880579,0.950000,0.018607,-0.829153,0.880579,0.036133,0.410923,0.000000,0.950000,0.410923,359.496302,2.890609,232.952018,0.328794,64,242.56
20260603_230156,1421.803,1,Right,14897,99.234745,45.358126,99.234745,0.000000,0.004262,0.012240,0.010434,536,0.000000,0.000000,0.555646,0.937744,0.025637,-0.555646,0.387173,0.031866,0.710216,0.000000,0.937744,0.710216,211.297981,51.280709,60.270471,0.143524,0,242.56
20260603_230156,1426.806,1,Left,15058,48.744853,56.767167,48.744853,2.377474,0.010181,0.016359,0.012701,412,0.000000,0.000000,0.880579,0.950000,0.018667,-0.829153,0.880579,0.036127,0.412207,0.000000,0.950000,0.412207,358.301262,2.890609,231.738841,0.327670,64,455.65
20260603_230156,1426.806,1,Right,14953,99.237611,45.562763,99.237611,0.000000,0.004254,0.012288,0.010434,537,0.000000,0.000000,0.555646,0.937744,0.025613,-0.555646,0.387173,0.031818,0.710077,0.000000,0.937744,0.710077,211.240890,51.280709,60.211540,0.143420,0,455.65
20260603_230156,1431.807,1,Left,15114,48.934762,56.927352,48.934762,2.368665,0.010229,0.016469,0.013051,416,0.000000,0.000000,0.880579,0.950000,0.018627,-0.829153,0.880579,0.036406,0.413591,0.000000,0.950000,0.413591,357.487831,2.890609,230.922009,0.327080,64,251.37
20260603_230156,1431.807,1,Right,15009,99.240456,45.765874,99.240456,0.000000,0.004259,0.012268,0.010448,539,0.000000,0.000000,0.555646,0.937744,0.025636,-0.555646,0.387173,0.031876,0.710340,0.000000,0.937744,0.710340,211.290627,51.280709,60.259450,0.143528,0,251.37
20260603_230156,1436.816,1,Left,15167,49.113206,57.077866,49.113206,2.360388,0.010211,0.016421,0.013020,418,0.000000,0.000000,0.880579,0.950000,0.018673,-0.829153,0.880579,0.036390,0.415270,0.000000,0.950000,0.415270,356.990875,2.890609,230.399137,0.326559,64,461.22
20260603_230156,1436.816,1,Right,15062,99.243128,45.956712,99.243128,0.000000,0.004261,0.012326,0.010459,540,0.000000,0.000000,0.555646,0.937744,0.025664,-0.555646,0.387173,0.031882,0.710140,0.000000,0.937744,0.710140,211.227010,51.280709,60.194117,0.143445,0,461.22
20260603_230156,1441.824,1,Left,15221,49.293739,57.230143,49.293739,2.352014,0.010191,0.016374,0.012960,421,0.000000,0.000000,0.880579,0.950000,0.018708,-0.829153,0.880579,0.036362,0.416732,0.000000,0.950000,0.416732,356.307414,2.890609,229.689647,0.325901,64,256.78
20260603_230156,1441.824,1,Right,15116,99.245832,46.149775,99.245832,0.000000,0.004265,0.012290,0.010474,541,0.000000,0.000000,0.555646,0.937744,0.025607,-0.555646,0.387173,0.031891,0.710419,0.000000,0.937744,0.710419,211.342116,51.280709,60.307487,0.143607,0,256.78
20260603_230156,1446.829,1,Left,15275,49.472995,57.381342,49.472995,2.343699,0.010169,0.016332,0.012902,425,0.000000,0.000000,0.880579,0.950000,0.018722,-0.829153,0.880579,0.036313,0.418132,0.000000,0.950000,0.418132,355.404773,2.890609,228.761349,0.325048,64,451.58
20260603_230156,1446.829,1,Right,15170,99.248517,46.341463,99.248517,0.000000,0.004266,0.012336,0.010491,542,0.000000,0.000000,0.555646,0.937744,0.025725,-0.555646,0.387173,0.031987,0.710194,0.000000,0.937744,0.710194,211.293629,51.280709,60.257278,0.143585,0,451.58
20260603_230156,1451.837,1,Left,15329,49.650988,57.531476,49.650988,2.335443,0.010155,0.016282,0.012850,428,0.000000,0.000000,0.880579,0.950000,0.018757,-0.829153,0.880579,0.036286,0.419442,0.000000,0.950000,0.419442,354.427879,2.890609,227.759162,0.324117,64,465.05
20260603_230156,1451.837,1,Right,15223,99.251133,46.528280,99.251133,0.000000,0.004264,0.012307,0.010503,543,0.000000,0.000000,0.555646,0.937744,0.025609,-0.555646,0.387173,0.031929,0.710433,0.000000,0.937744,0.710433,211.369050,51.280709,60.331018,0.143662,0,465.05
20260603_230156,1456.841,1,Left,15387,49.840775,57.691558,49.840775,2.326639,0.010126,0.016239,0.012787,431,0.000000,0.000000,0.880579,0.950000,0.018754,-0.829153,0.880579,0.036218,0.420873,0.000000,0.950000,0.420873,353.402458,2.890609,226.706971,0.323131,64,384.90
20260603_230156,1456.841,1,Right,15280,99.253927,46.727749,99.253927,0.000000,0.004269,0.012382,0.010533,544,0.000000,0.000000,0.555646,0.937744,0.025739,-0.555646,0.387173,0.032036,0.710290,0.000000,0.937744,0.710290,211.425905,51.280709,60.386081,0.143741,0,384.90
20260603_230156,1461.848,1,Left,15440,50.012953,57.836788,50.012953,2.318653,0.010113,0.016196,0.012737,434,0.000000,0.000000,0.880579,0.950000,0.018806,-0.829153,0.880579,0.036210,0.422175,0.000000,0.950000,0.422175,352.487500,2.890609,225.767903,0.322266,64,266.37
20260603_230156,1461.848,1,Right,15332,99.256457,46.908427,99.256457,0.000000,0.004305,0.012527,0.010633,545,0.000000,0.000000,0.555646,0.937744,0.025658,-0.555646,0.387173,0.032098,0.710233,0.000000,0.937744,0.710233,211.437950,51.280709,60.396502,0.143796,0,266.37
20260603_230156,1466.855,1,Left,15494,50.187169,57.983736,50.187169,2.310572,0.010094,0.016151,0.012686,437,0.000000,0.000000,0.880579,0.950000,0.018810,-0.829153,0.880579,0.036153,0.423453,0.000000,0.950000,0.423453,351.547611,2.890609,224.803786,0.321355,64,261.67
20260603_230156,1466.855,1,Right,15385,99.259019,47.091323,99.259019,0.000000,0.004306,0.012496,0.010650,547,0.000000,0.000000,0.555646,0.937744,0.025665,-0.555646,0.387173,0.032184,0.710439,0.000000,0.937744,0.710439,211.481218,51.280709,60.438126,0.143902,0,261.67
20260603_230156,1471.863,1,Left,15547,50.356982,58.126970,50.356982,2.302695,0.010077,0.016113,0.012641,440,0.000000,0.000000,0.880579,0.950000,0.018865,-0.829153,0.880579,0.036149,0.424760,0.000000,0.950000,0.424760,350.688512,2.890609,223.921233,0.320545,64,251.40
20260603_230156,1471.863,1,Right,15438,99.261562,47.272963,99.261562,0.000000,0.004305,0.012617,0.010660,548,0.000000,0.000000,0.555646,0.937744,0.025754,-0.555646,0.387173,0.032251,0.710283,0.000000,0.937744,0.710283,211.425209,51.280709,60.380483,0.143848,0,251.40
20260603_230156,1476.876,1,Left,15602,50.531983,58.274580,50.531983,2.294578,0.010053,0.016079,0.012584,443,0.000000,0.000000,0.880579,0.950000,0.018852,-0.829153,0.880579,0.036075,0.426082,0.000000,0.950000,0.426082,349.743063,2.890609,222.951779,0.319614,64,245.94
20260603_230156,1476.876,1,Right,15492,99.264136,47.456752,99.264136,0.000000,0.004380,0.012681,0.010852,549,0.000000,0.000000,0.555646,0.937744,0.025658,-0.555646,0.387173,0.032347,0.710191,0.000000,0.937744,0.710191,211.449710,51.280709,60.446375,0.144058,0,245.94
20260603_230156,1481.887,1,Left,15656,50.702606,58.418498,50.702606,2.286663,0.010036,0.016047,0.012541,446,0.000000,0.000000,0.880579,0.950000,0.018909,-0.829153,0.880579,0.036072,0.427321,0.000000,0.950000,0.427321,348.758786,2.890609,221.944257,0.318635,64,454.08
20260603_230156,1481.887,1,Right,15546,99.266692,47.639264,99.266692,0.000000,0.004405,0.012743,0.010984,551,0.000000,0.000000,0.555646,0.937744,0.025651,-0.555646,0.387173,0.032435,0.710288,0.000000,0.937744,0.710288,211.547521,51.280709,60.558108,0.144267,0,454.08
20260603_230156,1486.897,1,Left,15708,50.865801,58.556150,50.865801,2.279093,0.010020,0.016002,0.012503,448,0.000000,0.000000,0.880579,0.950000,0.018909,-0.829153,0.880579,0.036016,0.428484,0.000000,0.950000,0.428484,347.825206,2.890609,220.988589,0.317699,64,448.64
20260603_230156,1486.897,1,Right,15598,99.269137,47.813822,99.269137,0.000000,0.004401,0.012717,0.010978,553,0.000000,0.000000,0.555646,0.937744,0.025668,-0.555646,0.387173,0.032430,0.710549,0.000000,0.937744,0.710549,211.621650,51.280709,60.630472,0.144361,0,448.64
20260603_230156,1491.910,1,Left,15763,51.037239,58.700755,51.037239,2.271141,0.010001,0.015958,0.012453,451,0.000000,0.000000,0.880579,0.950000,0.018933,-0.829153,0.880579,0.035980,0.429757,0.000000,0.950000,0.429757,346.923724,2.890609,220.064056,0.316837,64,253.63
20260603_230156,1491.910,1,Right,15653,99.271705,47.997189,99.271705,0.000000,0.004397,0.012831,0.010966,554,0.000000,0.000000,0.555646,0.937744,0.025730,-0.555646,0.387173,0.032468,0.710475,0.000000,0.937744,0.710475,211.567681,51.280709,60.574647,0.144276,0,253.63
20260603_230156,1496.923,1,Left,15814,51.195144,58.833945,51.195144,2.263817,0.010021,0.016013,0.012612,454,0.000000,0.000000,0.880579,0.950000,0.018993,-0.829153,0.880579,0.036012,0.430788,0.000000,0.950000,0.430788,346.059620,2.890609,219.186737,0.316037,64,262.46
20260603_230156,1496.923,1,Right,15704,99.274070,48.166072,99.274070,0.000000,0.004394,0.012884,0.010954,555,0.000000,0.000000,0.555646,0.937744,0.025737,-0.555646,0.387173,0.032452,0.710363,0.000000,0.937744,0.710363,211.513134,51.280709,60.518393,0.144172,0,262.46
20260603_230156,1501.935,1,Left,15866,51.355099,58.968864,51.355099,2.256397,0.010009,0.015970,0.012632,456,0.000000,0.000000,0.880579,0.950000,0.018970,-0.829153,0.880579,0.036075,0.432041,0.000000,0.950000,0.432041,345.420937,2.890609,218.526768,0.315469,64,418.13
20260603_230156,1501.935,1,Right,15755,99.276420,48.333862,99.276420,0.000000,0.004391,0.012851,0.010957,557,0.000000,0.000000,0.555646,0.937744,0.025698,-0.555646,0.387173,0.032446,0.710561,0.000000,0.937744,0.710561,211.563643,51.280709,60.567205,0.144248,0,418.13
20260603_230156,1506.935,1,Left,15923,51.529234,59.115745,51.529234,2.248320,0.009985,0.015927,0.012587,459,0.000000,0.000000,0.880579,0.950000,0.018973,-0.829153,0.880579,0.036016,0.433450,0.000000,0.950000,0.433450,344.678691,2.890609,217.761498,0.314734,64,228.12
20260603_230156,1506.935,1,Right,15809,99.278892,48.510342,99.278892,0.000000,0.004475,0.012908,0.011168,562,0.000000,0.000000,0.555646,0.937744,0.025809,-0.555646,0.387173,0.032741,0.710477,0.000000,0.937744,0.710477,211.555399,51.280709,60.567290,0.144437,0,228.12
20260603_230156,1511.943,1,Left,15975,51.687011,59.248826,51.687011,2.241002,0.009975,0.015894,0.012549,462,0.000000,0.000000,0.880579,0.950000,0.019016,-0.829153,0.880579,0.036004,0.434615,0.000000,0.950000,0.434615,343.813491,2.890609,216.875572,0.313900,64,459.35
20260603_230156,1511.943,1,Right,15861,99.281256,48.679150,99.281256,0.000000,0.004563,0.012971,0.011405,566,0.000000,0.000000,0.555646,0.937744,0.025793,-0.555646,0.387173,0.033088,0.710518,0.000000,0.937744,0.710518,211.564455,51.280709,60.585710,0.144702,0,459.35
20260603_230156,1516.944,1,Left,16026,51.840759,59.378510,51.840759,2.233870,0.009954,0.015851,0.012504,465,0.000000,0.000000,0.880579,0.950000,0.019012,-0.829153,0.880579,0.035945,0.435708,0.000000,0.950000,0.435708,342.950868,2.890609,215.992873,0.313029,64,454.86
20260603_230156,1516.944,1,Right,15912,99.283560,48.843640,99.283560,0.000000,0.004608,0.012957,0.011558,569,0.000000,0.000000,0.555646,0.937744,0.025641,-0.555646,0.387173,0.033258,0.710785,0.000000,0.937744,0.710785,211.617905,51.280709,60.637428,0.144883,0,454.86
20260603_230156,1521.949,1,Left,16077,51.993531,59.507371,51.993531,2.226784,0.009942,0.015813,0.012465,468,0.000000,0.000000,0.880579,0.950000,0.019067,-0.829153,0.880579,0.035947,0.436847,0.000000,0.950000,0.436847,342.174635,2.890609,215.196809,0.312300,64,426.68
20260603_230156,1521.949,1,Right,15962,99.285804,49.003884,99.285804,0.000000,0.004617,0.013078,0.011601,570,0.000000,0.000000,0.555646,0.937744,0.025828,-0.555646,0.387173,0.033421,0.710678,0.000000,0.937744,0.710678,211.622380,51.280709,60.640216,0.144963,0,426.68
20260603_230156,1526.955,1,Left,16127,52.142370,59.632914,52.142370,2.219880,0.009921,0.015774,0.012423,471,0.000000,0.000000,0.880579,0.950000,0.019066,-0.829153,0.880579,0.035894,0.438004,0.000000,0.950000,0.438004,341.535663,2.890609,214.538628,0.311682,64,433.79
20260603_230156,1526.955,1,Right,16012,99.288034,49.163128,99.288034,0.000000,0.004619,0.013045,0.011610,571,0.000000,0.000000,0.555646,0.937744,0.025711,-0.555646,0.387173,0.033441,0.710877,0.000000,0.937744,0.710877,211.674990,51.280709,60.691150,0.145038,0,433.79
20260603_230156,1531.967,1,Left,16176,52.287339,59.755193,52.287339,2.213155,0.009906,0.015738,0.012388,473,0.000000,0.000000,0.880579,0.950000,0.019094,-0.829153,0.880579,0.035870,0.439118,0.000000,0.950000,0.439118,340.864275,2.890609,213.848636,0.311040,64,455.36
20260603_230156,1531.967,1,Right,16061,99.290206,49.318224,99.290206,0.000000,0.004619,0.013100,0.011615,572,0.000000,0.000000,0.555646,0.937744,0.025788,-0.555646,0.387173,0.033494,0.710731,0.000000,0.937744,0.710731,211.691570,51.280709,60.706097,0.145078,0,455.36
20260603_230156,1536.969,1,Left,16227,52.437296,59.881679,52.437296,2.206200,0.009891,0.015703,0.012351,476,0.000000,0.000000,0.880579,0.950000,0.019126,-0.829153,0.880579,0.035850,0.440287,0.000000,0.950000,0.440287,340.206634,2.890609,213.171859,0.310416,64,451.63
20260603_230156,1536.969,1,Right,16112,99.292453,49.478649,99.292453,0.000000,0.004617,0.013103,0.011613,573,0.000000,0.000000,0.555646,0.937744,0.025715,-0.555646,0.387173,0.033455,0.710741,0.000000,0.937744,0.710741,211.697749,51.280709,60.710587,0.145061,0,451.63
20260603_230156,1541.975,1,Left,16280,52.592138,60.012285,52.592138,2.199017,0.009875,0.015666,0.012308,479,0.000000,0.000000,0.880579,0.950000,0.019123,-0.829153,0.880579,0.035793,0.441447,0.000000,0.950000,0.441447,339.446025,2.890609,212.391606,0.309660,64,449.84
20260603_230156,1541.975,1,Right,16165,99.294773,49.644293,99.294773,0.000000,0.004611,0.013131,0.011617,574,0.000000,0.000000,0.555646,0.937744,0.025777,-0.555646,0.387173,0.033491,0.710628,0.000000,0.937744,0.710628,211.758463,51.280709,60.769559,0.145139,0,449.84
20260603_230156,1546.976,1,Left,16336,52.754652,60.149363,52.754652,2.191479,0.009859,0.015620,0.012268,482,0.000000,0.000000,0.880579,0.950000,0.019185,-0.829153,0.880579,0.035798,0.442631,0.000000,0.950000,0.442631,338.614973,2.890609,211.540059,0.308863,64,243.59
20260603_230156,1546.976,1,Right,16220,99.297164,49.815043,99.297164,0.000000,0.004595,0.013096,0.011596,575,0.000000,0.000000,0.555646,0.937744,0.025690,-0.555646,0.387173,0.033378,0.710799,0.000000,0.937744,0.710799,211.761022,51.280709,60.770320,0.145105,0,243.59
20260603_230156,1551.977,1,Left,16389,52.907438,60.278235,52.907438,2.184392,0.009841,0.015587,0.012222,485,0.000000,0.000000,0.880579,0.950000,0.019192,-0.829153,0.880579,0.035750,0.443761,0.000000,0.950000,0.443761,337.855455,2.890609,210.761389,0.308128,64,251.16
20260603_230156,1551.977,1,Right,16273,99.299453,49.978492,99.299453,0.000000,0.004593,0.013060,0.011587,577,0.000000,0.000000,0.555646,0.937744,0.025766,-0.555646,0.387173,0.033429,0.710875,0.000000,0.937744,0.710875,211.676967,51.280709,60.684546,0.144999,0,251.16
20260603_230156,1556.980,1,Left,16446,53.070655,60.415907,53.070655,2.176821,0.009822,0.015547,0.012178,489,0.000000,0.000000,0.880579,0.950000,0.019207,-0.829153,0.880579,0.035708,0.444969,0.000000,0.950000,0.444969,337.050637,2.890609,209.936232,0.307347,64,449.74
20260603_230156,1556.980,1,Right,16329,99.301856,50.150040,99.301856,0.000000,0.004590,0.013098,0.011588,578,0.000000,0.000000,0.555646,0.937744,0.025798,-0.555646,0.387173,0.033435,0.710771,0.000000,0.937744,0.710771,211.657002,51.280709,60.662775,0.144957,0,449.74
20260603_230156,1561.992,1,Left,16501,53.227077,60.547846,53.227077,2.169565,0.009805,0.015504,0.012136,492,0.000000,0.000000,0.880579,0.950000,0.019243,-0.829153,0.880579,0.035689,0.446124,0.000000,0.950000,0.446124,336.297509,2.890609,209.163730,0.306632,64,234.70
20260603_230156,1561.992,1,Right,16383,99.304157,50.314350,99.304157,0.000000,0.004575,0.013064,0.011568,579,0.000000,0.000000,0.555646,0.937744,0.025713,-0.555646,0.387173,0.033325,0.710906,0.000000,0.937744,0.710906,211.627270,51.280709,60.631314,0.144857,0,234.70
20260603_230156,1566.995,1,Left,16554,53.376827,60.674157,53.376827,2.162619,0.009789,0.015465,0.012094,495,0.000000,0.000000,0.880579,0.950000,0.019233,-0.829153,0.880579,0.035626,0.447239,0.000000,0.950000,0.447239,335.583617,2.890609,208.431396,0.305934,64,456.00
20260603_230156,1566.995,1,Right,16436,99.306401,50.474568,99.306401,0.000000,0.004580,0.013110,0.011584,580,0.000000,0.000000,0.555646,0.937744,0.025794,-0.555646,0.387173,0.033381,0.710786,0.000000,0.937744,0.710786,211.673568,51.280709,60.675926,0.144936,0,456.00
20260603_230156,1572.008,1,Left,16608,53.528420,60.802023,53.528420,2.155588,0.009776,0.015426,0.012055,498,0.000000,0.000000,0.880579,0.950000,0.019275,-0.829153,0.880579,0.035615,0.448378,0.000000,0.950000,0.448378,334.876876,2.890609,207.706091,0.305275,64,261.21
20260603_230156,1572.008,1,Right,16489,99.308630,50.633756,99.308630,0.000000,0.004577,0.013183,0.011579,581,0.000000,0.000000,0.555646,0.937744,0.025722,-0.555646,0.387173,0.033318,0.710773,0.000000,0.937744,0.710773,211.646354,51.280709,60.647037,0.144875,0,261.21
20260603_230156,1577.019,1,Left,16663,53.681810,60.931405,53.681810,2.148473,0.009759,0.015387,0.012007,502,0.000000,0.000000,0.880579,0.950000,0.019302,-0.829153,0.880579,0.035588,0.449519,0.000000,0.950000,0.449519,334.172994,2.890609,206.983533,0.304614,64,254.25
20260603_230156,1577.019,1,Right,16543,99.310887,50.794898,99.310887,0.000000,0.004575,0.013185,0.011580,582,0.000000,0.000000,0.555646,0.937744,0.025781,-0.555646,0.387173,0.033353,0.710882,0.000000,0.937744,0.710882,211.602034,51.280709,60.601021,0.144825,0,254.25
20260603_230156,1582.022,1,Left,16718,53.834191,61.059935,53.834191,2.141404,0.009740,0.015352,0.011965,505,0.000000,0.000000,0.880579,0.950000,0.019302,-0.829153,0.880579,0.035535,0.450659,0.000000,0.950000,0.450659,333.480219,2.890609,206.272309,0.303949,64,462.23
20260603_230156,1582.022,1,Right,16598,99.313170,50.957947,99.313170,0.000000,0.004568,0.013224,0.011570,584,0.000000,0.000000,0.555646,0.937744,0.025773,-0.555646,0.387173,0.033320,0.710839,0.000000,0.937744,0.710839,211.553225,51.280709,60.550497,0.144737,0,462.23
20260603_230156,1587.026,1,Left,16768,53.971851,61.176050,53.971851,2.135019,0.009759,0.015410,0.012132,509,0.000000,0.000000,0.880579,0.950000,0.019284,-0.829153,0.880579,0.035597,0.451646,0.000000,0.950000,0.451646,332.918770,2.890609,205.705824,0.303443,64,443.94
20260603_230156,1587.026,1,Right,16648,99.315233,51.105238,99.315233,0.000000,0.004562,0.013311,0.011560,585,0.000000,0.000000,0.555646,0.937744,0.025759,-0.555646,0.387173,0.033282,0.710750,0.000000,0.937744,0.710750,211.508531,51.280709,60.504253,0.144635,0,443.94
20260603_230156,1592.038,1,Left,16826,54.130512,61.309878,54.130512,2.127660,0.009747,0.015372,0.012117,511,0.000000,0.000000,0.880579,0.950000,0.019379,-0.829153,0.880579,0.035636,0.452954,0.000000,0.950000,0.452954,332.398428,2.890609,205.166407,0.302974,64,250.27
20260603_230156,1592.038,1,Right,16704,99.317529,51.269157,99.317529,0.000000,0.004558,0.013310,0.011556,587,0.000000,0.000000,0.555646,0.937744,0.025762,-0.555646,0.387173,0.033260,0.710902,0.000000,0.937744,0.710902,211.497952,51.280709,60.491950,0.144598,0,250.27
20260603_230156,1597.040,1,Left,16880,54.277251,61.433649,54.277251,2.120853,0.009732,0.015340,0.012075,514,0.000000,0.000000,0.880579,0.950000,0.019408,-0.829153,0.880579,0.035613,0.454107,0.000000,0.950000,0.454107,331.782617,2.890609,204.533054,0.302389,64,250.27
20260603_230156,1597.040,1,Right,16757,99.319687,51.423286,99.319687,0.000000,0.004553,0.013347,0.011543,588,0.000000,0.000000,0.555646,0.937744,0.025800,-0.555646,0.387173,0.033275,0.710862,0.000000,0.937744,0.710862,211.444669,51.280709,60.437046,0.144525,0,250.27
20260603_230156,1602.047,1,Left,16933,54.420363,61.554361,54.420363,2.114215,0.009716,0.015304,0.012039,517,0.000000,0.000000,0.880579,0.950000,0.019417,-0.829153,0.880579,0.035572,0.455147,0.000000,0.950000,0.455147,331.104411,2.890609,203.837831,0.301729,64,466.19
20260603_230156,1602.047,1,Right,16810,99.321832,51.576443,99.321832,0.000000,0.004544,0.013314,0.011526,589,0.000000,0.000000,0.555646,0.937744,0.025755,-0.555646,0.387173,0.033206,0.710988,0.000000,0.937744,0.710988,211.423227,51.280709,60.413993,0.144437,0,466.19
20260603_230156,1607.056,1,Left,16988,54.567930,61.678832,54.567930,2.107370,0.009700,0.015266,0.012001,520,0.000000,0.000000,0.880579,0.950000,0.019455,-0.829153,0.880579,0.035558,0.456230,0.000000,0.950000,0.456230,330.422112,2.890609,203.138078,0.301074,64,459.45
20260603_230156,1607.056,1,Right,16864,99.324004,51.731499,99.324004,0.000000,0.004537,0.013349,0.011514,590,0.000000,0.000000,0.555646,0.937744,0.025778,-0.555646,0.387173,0.033205,0.710957,0.000000,0.937744,0.710957,211.416426,51.280709,60.405561,0.144408,0,459.45
20260603_230156,1612.057,1,Left,17042,54.711888,61.800258,54.711888,2.100692,0.009684,0.015230,0.011961,523,0.000000,0.000000,0.880579,0.950000,0.019478,-0.829153,0.880579,0.035529,0.457306,0.000000,0.950000,0.457306,329.755625,2.890609,202.454655,0.300433,64,262.03
20260603_230156,1612.057,1,Right,16917,99.326122,51.882722,99.326122,0.000000,0.004532,0.013456,0.011504,592,0.000000,0.000000,0.555646,0.937744,0.025807,-0.555646,0.387173,0.033211,0.710766,0.000000,0.937744,0.710766,211.356667,51.280709,60.344210,0.144312,0,262.03
20260603_230156,1617.059,1,Left,17094,54.849655,61.916462,54.849655,2.094302,0.009671,0.015206,0.011930,526,0.000000,0.000000,0.880579,0.950000,0.019496,-0.829153,0.880579,0.035498,0.458328,0.000000,0.950000,0.458328,329.072400,2.890609,201.755306,0.299751,64,225.68
20260603_230156,1617.059,1,Right,16969,99.328187,52.030173,99.328187,0.000000,0.004597,0.013523,0.011643,595,0.000000,0.000000,0.555646,0.937744,0.025751,-0.555646,0.387173,0.033330,0.710724,0.000000,0.937744,0.710724,211.407761,51.280709,60.418847,0.144494,0,225.68
20260603_230156,1622.065,1,Left,17146,54.986586,62.031961,54.986586,2.087951,0.009653,0.015167,0.011892,529,0.000000,0.000000,0.880579,0.950000,0.019484,-0.829153,0.880579,0.035438,0.459306,0.000000,0.950000,0.459306,328.398172,2.890609,201.065131,0.299069,64,444.12
20260603_230156,1622.065,1,Right,17021,99.330239,52.176723,99.330239,0.000000,0.004603,0.013502,0.011675,597,0.000000,0.000000,0.555646,0.937744,0.025759,-0.555646,0.387173,0.033445,0.711075,0.000000,0.937744,0.711075,211.558167,51.280709,60.567635,0.144735,0,444.12
20260603_230156,1627.067,1,Left,17198,55.122689,62.146761,55.122689,2.081637,0.009644,0.015132,0.011862,532,0.000000,0.000000,0.880579,0.950000,0.019533,-0.829153,0.880579,0.035439,0.460324,0.000000,0.950000,0.460324,327.778805,2.890609,200.429993,0.298485,64,457.49
20260603_230156,1627.067,1,Right,17074,99.332318,52.325173,99.332318,0.000000,0.004604,0.013541,0.011690,598,0.000000,0.000000,0.555646,0.937744,0.025869,-0.555646,0.387173,0.033531,0.710953,0.000000,0.937744,0.710953,211.534995,51.280709,60.542823,0.144745,0,457.49
20260603_230156,1632.075,1,Left,17249,55.255377,62.258682,55.255377,2.075483,0.009625,0.015100,0.011829,535,0.000000,0.000000,0.880579,0.950000,0.019529,-0.829153,0.880579,0.035388,0.461297,0.000000,0.950000,0.461297,327.159236,2.890609,199.795122,0.297865,64,225.63
20260603_230156,1632.075,1,Right,17125,99.334307,52.467153,99.334307,0.000000,0.004636,0.013591,0.011796,599,0.000000,0.000000,0.555646,0.937744,0.025765,-0.555646,0.387173,0.033554,0.711053,0.000000,0.937744,0.711053,211.575776,51.280709,60.582731,0.144822,0,225.63
20260603_230156,1637.082,1,Left,17300,55.387283,62.369942,55.387283,2.069364,0.009611,0.015064,0.011796,538,0.000000,0.000000,0.880579,0.950000,0.019558,-0.829153,0.880579,0.035370,0.462236,0.000000,0.950000,0.462236,326.509161,2.890609,199.129909,0.297230,64,263.02
20260603_230156,1637.082,1,Right,17175,99.336245,52.605531,99.336245,0.000000,0.004635,0.013627,0.011790,601,0.000000,0.000000,0.555646,0.937744,0.025798,-0.555646,0.387173,0.033564,0.711044,0.000000,0.937744,0.711044,211.528421,51.280709,60.533845,0.144757,0,263.02
20260603_230156,1642.083,1,Left,17352,55.520977,62.482711,55.520977,2.063163,0.009596,0.015027,0.011761,541,0.000000,0.000000,0.880579,0.950000,0.019555,-0.829153,0.880579,0.035320,0.463171,0.000000,0.950000,0.463171,325.826165,2.890609,198.431643,0.296548,64,451.34
20260603_230156,1642.083,1,Right,17226,99.338210,52.745849,99.338210,0.000000,0.004631,0.013632,0.011774,603,0.000000,0.000000,0.555646,0.937744,0.025781,-0.555646,0.387173,0.033524,0.711146,0.000000,0.937744,0.711146,211.521235,51.280709,60.525108,0.144731,0,451.34
20260603_230156,1647.093,1,Left,17401,55.646227,62.588357,55.646227,2.057353,0.009586,0.014999,0.011730,544,0.000000,0.000000,0.880579,0.950000,0.019598,-0.829153,0.880579,0.035318,0.464107,0.000000,0.950000,0.464107,325.283113,2.890609,197.874352,0.296042,64,253.88
20260603_230156,1647.093,1,Right,17274,99.340049,52.877156,99.340049,0.000000,0.004630,0.013769,0.011765,606,0.000000,0.000000,0.555646,0.937744,0.025815,-0.555646,0.387173,0.033536,0.711141,0.000000,0.937744,0.711141,211.482710,51.280709,60.485131,0.144674,0,253.88
20260603_230156,1652.099,1,Left,17452,55.775842,62.697685,55.775842,2.051341,0.009570,0.014975,0.011697,547,0.000000,0.000000,0.880579,0.950000,0.019609,-0.829153,0.880579,0.035283,0.465168,0.000000,0.950000,0.465168,324.830975,2.890609,197.407546,0.295620,64,249.50
20260603_230156,1652.099,1,Right,17324,99.341953,53.013161,99.341953,0.000000,0.004631,0.013806,0.011752,608,0.000000,0.000000,0.555646,0.937744,0.025821,-0.555646,0.387173,0.033520,0.711098,0.000000,0.937744,0.711098,211.438375,51.280709,60.439292,0.144611,0,249.50
20260603_230156,1657.105,1,Left,17501,55.899663,62.802126,55.899663,2.045597,0.009557,0.014941,0.011669,550,0.000000,0.000000,0.880579,0.950000,0.019628,-0.829153,0.880579,0.035258,0.466097,0.000000,0.950000,0.466097,324.327565,2.890609,196.890187,0.295142,64,462.28
20260603_230156,1657.105,1,Right,17373,99.343809,53.145686,99.343809,0.000000,0.004625,0.013774,0.011745,609,0.000000,0.000000,0.555646,0.937744,0.025794,-0.555646,0.387173,0.033472,0.711212,0.000000,0.937744,0.711212,211.415056,51.280709,60.414509,0.144542,0,462.28
20260603_230156,1662.115,1,Left,17552,56.027803,62.910210,56.027803,2.039654,0.009540,0.014913,0.011638,553,0.000000,0.000000,0.880579,0.950000,0.019631,-0.829153,0.880579,0.035216,0.467086,0.000000,0.950000,0.467086,323.828130,2.890609,196.376382,0.294660,64,255.70
20260603_230156,1662.115,1,Right,17424,99.345730,53.282828,99.345730,0.000000,0.004625,0.013810,0.011751,610,0.000000,0.000000,0.555646,0.937744,0.025831,-0.555646,0.387173,0.033486,0.711117,0.000000,0.937744,0.711117,211.378838,51.280709,60.376774,0.144496,0,255.70
20260603_230156,1667.116,1,Left,17600,56.147727,63.011364,56.147727,2.034091,0.009534,0.014891,0.011613,556,0.000000,0.000000,0.880579,0.950000,0.019680,-0.829153,0.880579,0.035222,0.467998,0.000000,0.950000,0.467998,323.326680,2.890609,195.861542,0.294184,64,256.06
20260603_230156,1667.116,1,Right,17472,99.347527,53.411172,99.347527,0.000000,0.004618,0.013880,0.011734,612,0.000000,0.000000,0.555646,0.937744,0.025820,-0.555646,0.387173,0.033454,0.711056,0.000000,0.937744,0.711056,211.318380,51.280709,60.314898,0.144375,0,256.06
20260603_230156,1672.119,1,Left,17658,56.291766,63.132858,56.291766,2.027410,0.009513,0.014849,0.011576,559,0.000000,0.000000,0.880579,0.950000,0.019669,-0.829153,0.880579,0.035161,0.469054,0.000000,0.950000,0.469054,322.713902,2.890609,195.232758,0.293575,64,258.08
20260603_230156,1672.119,1,Right,17530,99.349686,53.565317,99.349686,0.000000,0.004614,0.013876,0.011709,615,0.000000,0.000000,0.555646,0.937744,0.025785,-0.555646,0.387173,0.033394,0.711208,0.000000,0.937744,0.711208,211.311974,51.280709,60.306788,0.144367,0,258.08
20260603_230156,1677.126,1,Left,17710,56.420102,63.241107,56.420102,2.021457,0.009532,0.014906,0.011702,562,0.000000,0.000000,0.880579,0.950000,0.019707,-0.829153,0.880579,0.035197,0.469883,0.000000,0.950000,0.469883,322.126895,2.890609,194.642782,0.293041,64,231.00
20260603_230156,1677.126,1,Right,17582,99.351610,53.702650,99.351610,0.000000,0.004615,0.013922,0.011693,617,0.000000,0.000000,0.555646,0.937744,0.025806,-0.555646,0.387173,0.033392,0.711051,0.000000,0.937744,0.711051,211.234512,51.280709,60.227808,0.144257,0,231.00
20260603_230156,1682.129,1,Left,17768,56.562359,63.361099,56.562359,2.014858,0.009518,0.014869,0.011702,564,0.000000,0.000000,0.880579,0.950000,0.019727,-0.829153,0.880579,0.035211,0.470993,0.000000,0.950000,0.470993,321.657747,2.890609,194.157912,0.292589,64,248.05
20260603_230156,1682.129,1,Right,17636,99.353595,53.844409,99.353595,0.000000,0.004608,0.013891,0.011689,618,0.000000,0.000000,0.555646,0.937744,0.025801,-0.555646,0.387173,0.033364,0.711254,0.000000,0.937744,0.711254,211.305635,51.280709,60.297363,0.144338,0,248.05
20260603_230156,1687.136,1,Left,17826,56.703691,63.480310,56.703691,2.008302,0.009499,0.014840,0.011666,567,0.000000,0.000000,0.880579,0.950000,0.019752,-0.829153,0.880579,0.035186,0.472143,0.000000,0.950000,0.472143,321.164128,2.890609,193.648752,0.292131,64,243.23
20260603_230156,1687.136,1,Right,17694,99.355714,53.995705,99.355714,0.000000,0.004601,0.013953,0.011683,619,0.000000,0.000000,0.555646,0.937744,0.025779,-0.555646,0.387173,0.033317,0.711158,0.000000,0.937744,0.711158,211.246234,51.280709,60.236290,0.144239,0,243.23
20260603_230156,1692.137,1,Left,17882,56.839280,63.594676,56.839280,2.002013,0.009495,0.014838,0.011657,571,0.000000,0.000000,0.880579,0.950000,0.019762,-0.829153,0.880579,0.035147,0.473099,0.000000,0.950000,0.473099,320.574000,2.890609,193.047808,0.291581,64,249.32
20260603_230156,1692.137,1,Right,17749,99.357710,54.138261,99.357710,0.000000,0.004596,0.013958,0.011684,620,0.000000,0.000000,0.555646,0.937744,0.025809,-0.555646,0.387173,0.033324,0.711270,0.000000,0.937744,0.711270,211.274531,51.280709,60.263011,0.144288,0,249.32
20260603_230156,1697.147,1,Left,17931,56.957225,63.694161,56.957225,1.996542,0.009504,0.014859,0.011798,573,0.000000,0.000000,0.880579,0.950000,0.019751,-0.829153,0.880579,0.035151,0.474001,0.000000,0.950000,0.474001,320.123382,2.890609,192.585366,0.291123,64,255.69
20260603_230156,1697.147,1,Right,17797,99.359443,54.261954,99.359443,0.000000,0.004590,0.013999,0.011680,621,0.000000,0.000000,0.555646,0.937744,0.025757,-0.555646,0.387173,0.033251,0.711199,0.000000,0.937744,0.711199,211.222847,51.280709,60.209960,0.144198,0,255.69
20260603_230156,1702.151,1,Left,17984,57.084075,63.801157,57.084075,1.990658,0.009515,0.014907,0.011917,576,0.000000,0.000000,0.880579,0.950000,0.019828,-0.829153,0.880579,0.035183,0.474807,0.000000,0.950000,0.474807,319.579473,2.890609,192.041360,0.290628,64,260.84
20260603_230156,1702.151,1,Right,17850,99.361345,54.397759,99.361345,0.000000,0.004588,0.013981,0.011681,622,0.000000,0.000000,0.555646,0.937744,0.025807,-0.555646,0.387173,0.033279,0.711354,0.000000,0.937744,0.711354,211.212232,51.280709,60.197844,0.144195,0,260.84
20260603_230156,1707.151,1,Left,18043,57.224408,63.919526,57.224408,1.984149,0.009505,0.014879,0.011929,578,0.000000,0.000000,0.880579,0.950000,0.019834,-0.829153,0.880579,0.035205,0.476018,0.000000,0.950000,0.476018,319.180931,2.890609,191.627560,0.290249,64,236.17
20260603_230156,1707.151,1,Right,17908,99.363413,54.545455,99.363413,0.000000,0.004586,0.014078,0.011675,624,0.000000,0.000000,0.555646,0.937744,0.025838,-0.555646,0.387173,0.033286,0.711250,0.000000,0.937744,0.711250,211.158328,51.280709,60.142309,0.144109,0,236.17
20260603_230156,1712.162,1,Left,18098,57.354404,64.029174,57.354404,1.978119,0.009488,0.014854,0.011894,581,0.000000,0.000000,0.880579,0.950000,0.019836,-0.829153,0.880579,0.035160,0.477062,0.000000,0.950000,0.477062,318.742205,2.890609,191.174767,0.289835,64,262.09
20260603_230156,1712.162,1,Right,17962,99.365327,54.682107,99.365327,0.000000,0.004582,0.014108,0.011667,625,0.000000,0.000000,0.555646,0.937744,0.025788,-0.555646,0.387173,0.033214,0.711160,0.000000,0.937744,0.711160,211.114773,51.280709,60.097243,0.143987,0,262.09
20260603_230156,1717.168,1,Left,18151,57.478927,64.134207,57.478927,1.972343,0.009476,0.014820,0.011862,584,0.000000,0.000000,0.880579,0.950000,0.019870,-0.829153,0.880579,0.035149,0.477982,0.000000,0.950000,0.477982,318.251728,2.890609,190.670874,0.289372,64,262.00
20260603_230156,1717.168,1,Right,18015,99.367194,54.815432,99.367194,0.000000,0.004575,0.014075,0.011657,627,0.000000,0.000000,0.555646,0.937744,0.025789,-0.555646,0.387173,0.033193,0.711331,0.000000,0.937744,0.711331,211.149062,51.280709,60.130059,0.143997,0,262.00
20260603_230156,1722.168,1,Left,18203,57.600396,64.236664,57.600396,1.966709,0.009463,0.014790,0.011827,587,0.000000,0.000000,0.880579,0.950000,0.019870,-0.829153,0.880579,0.035105,0.478913,0.000000,0.950000,0.478913,317.774964,2.890609,190.181079,0.288915,64,257.51
20260603_230156,1722.168,1,Right,18067,99.369015,54.945481,99.369015,0.000000,0.004576,0.014239,0.011659,628,0.000000,0.000000,0.555646,0.937744,0.025850,-0.555646,0.387173,0.033233,0.711207,0.000000,0.937744,0.711207,211.119903,51.280709,60.099462,0.143964,0,257.51
20260603_230156,1727.173,1,Left,18254,57.718856,64.336584,57.718856,1.961214,0.009451,0.014757,0.011799,590,0.000000,0.000000,0.880579,0.950000,0.019903,-0.829153,0.880579,0.035096,0.479787,0.000000,0.950000,0.479787,317.304142,2.890609,189.697602,0.288464,64,429.08
20260603_230156,1727.173,1,Right,18117,99.370757,55.069824,99.370757,0.000000,0.004563,0.014209,0.011642,629,0.000000,0.000000,0.555646,0.937744,0.025779,-0.555646,0.387173,0.033141,0.711355,0.000000,0.937744,0.711355,211.140079,51.280709,60.118265,0.143967,0,429.08
20260603_230156,1732.180,1,Left,18305,57.836657,64.435946,57.836657,1.955750,0.009433,0.014729,0.011768,593,0.000000,0.000000,0.880579,0.950000,0.019903,-0.829153,0.880579,0.035054,0.480668,0.000000,0.950000,0.480668,316.820524,2.890609,189.201450,0.287983,64,441.23
20260603_230156,1732.180,1,Right,18168,99.372523,55.195949,99.372523,0.000000,0.004565,0.014245,0.011661,630,0.000000,0.000000,0.555646,0.937744,0.025849,-0.555646,0.387173,0.033190,0.711252,0.000000,0.937744,0.711252,211.126482,51.280709,60.103274,0.143961,0,441.23
20260603_230156,1737.191,1,Left,18359,57.960673,64.540552,57.960673,1.949997,0.009426,0.014709,0.011742,596,0.000000,0.000000,0.880579,0.950000,0.019945,-0.829153,0.880579,0.035051,0.481604,0.000000,0.950000,0.481604,316.264109,2.890609,188.631895,0.287444,64,262.83
20260603_230156,1737.191,1,Right,18222,99.374383,55.328724,99.374383,0.000000,0.004623,0.014298,0.011798,634,0.000000,0.000000,0.555646,0.937744,0.025855,-0.555646,0.387173,0.033407,0.711096,0.000000,0.937744,0.711096,211.134935,51.280709,60.149312,0.144193,0,262.83
20260603_230156,1742.197,1,Left,18414,58.086239,64.646465,58.086239,1.944173,0.009407,0.014682,0.011705,598,0.000000,0.000000,0.880579,0.950000,0.019942,-0.829153,0.880579,0.035004,0.482509,0.000000,0.950000,0.482509,315.680955,2.890609,188.035494,0.286842,64,457.69
20260603_230156,1742.197,1,Right,18277,99.376265,55.463150,99.376265,0.000000,0.004651,0.014353,0.011911,635,0.000000,0.000000,0.555646,0.937744,0.025755,-0.555646,0.387173,0.033495,0.711242,0.000000,0.937744,0.711242,211.227430,51.280709,60.252505,0.144375,0,457.69
20260603_230156,1747.208,1,Left,18466,58.204267,64.746020,58.204267,1.938698,0.009395,0.014649,0.011679,601,0.000000,0.000000,0.880579,0.950000,0.019961,-0.829153,0.880579,0.034980,0.483373,0.000000,0.950000,0.483373,315.180309,2.890609,187.522449,0.286359,64,465.52
20260603_230156,1747.208,1,Right,18328,99.378001,55.587080,99.378001,0.000000,0.004645,0.014321,0.011903,637,0.000000,0.000000,0.555646,0.937744,0.025778,-0.555646,0.387173,0.033497,0.711377,0.000000,0.937744,0.711377,211.226967,51.280709,60.250529,0.144363,0,465.52
20260603_230156,1752.214,1,Left,18518,58.321633,64.845016,58.321633,1.933254,0.009383,0.014619,0.011653,604,0.000000,0.000000,0.880579,0.950000,0.019979,-0.829153,0.880579,0.034955,0.484238,0.000000,0.950000,0.484238,314.686840,2.890609,187.016700,0.285875,64,461.42
20260603_230156,1752.214,1,Right,18380,99.379761,55.712731,99.379761,0.000000,0.004644,0.014357,0.011908,638,0.000000,0.000000,0.555646,0.937744,0.025835,-0.555646,0.387173,0.033532,0.711282,0.000000,0.937744,0.711282,211.222045,51.280709,60.244073,0.144354,0,461.42
20260603_230156,1757.228,1,Left,18570,58.438341,64.943457,58.438341,1.927841,0.009367,0.014595,0.011628,607,0.000000,0.000000,0.880579,0.950000,0.019992,-0.829153,0.880579,0.034926,0.485092,0.000000,0.950000,0.485092,314.172194,2.890609,186.489891,0.285352,64,247.35
20260603_230156,1757.228,1,Right,18432,99.381510,55.837674,99.381510,0.000000,0.004672,0.014412,0.011990,640,0.000000,0.000000,0.555646,0.937744,0.025798,-0.555646,0.387173,0.033576,0.711390,0.000000,0.937744,0.711390,211.278910,51.280709,60.305970,0.144462,0,247.35
20260603_230156,1762.231,1,Left,18620,58.549946,65.037594,58.549946,1.922664,0.009356,0.014564,0.011605,609,0.000000,0.000000,0.880579,0.950000,0.020021,-0.829153,0.880579,0.034915,0.485886,0.000000,0.950000,0.485886,313.676532,2.890609,185.982644,0.284872,64,452.41
20260603_230156,1762.231,1,Right,18482,99.383184,55.957147,99.383184,0.000000,0.004669,0.014508,0.011975,642,0.000000,0.000000,0.555646,0.937744,0.025813,-0.555646,0.387173,0.033570,0.711339,0.000000,0.937744,0.711339,211.228118,51.280709,60.253702,0.144381,0,452.41
20260603_230156,1767.239,1,Left,18672,58.665381,65.134961,58.665381,1.917309,0.009343,0.014543,0.011579,612,0.000000,0.000000,0.880579,0.950000,0.020036,-0.829153,0.880579,0.034889,0.486717,0.000000,0.950000,0.486717,313.146174,2.890609,185.440350,0.284344,64,250.68
20260603_230156,1767.239,1,Right,18534,99.384914,56.080717,99.384914,0.000000,0.004691,0.014555,0.012057,648,0.000000,0.000000,0.555646,0.937744,0.025817,-0.555646,0.387173,0.033590,0.711230,0.000000,0.937744,0.711230,211.211833,51.280709,60.251127,0.144416,0,250.68
20260603_230156,1772.249,1,Left,18721,58.773570,65.226217,58.773570,1.912291,0.009332,0.014513,0.011552,615,0.000000,0.000000,0.880579,0.950000,0.020046,-0.829153,0.880579,0.034860,0.487493,0.000000,0.950000,0.487493,312.674758,2.890609,184.957790,0.283881,64,454.77
20260603_230156,1772.249,1,Right,18583,99.386536,56.196524,99.386536,0.000000,0.004694,0.014538,0.012081,649,0.000000,0.000000,0.555646,0.937744,0.025757,-0.555646,0.387173,0.033627,0.711450,0.000000,0.937744,0.711450,211.290511,51.280709,60.328333,0.144540,0,454.77
20260603_230156,1777.260,1,Left,18772,58.885574,65.320690,58.885574,1.907096,0.009320,0.014487,0.011529,618,0.000000,0.000000,0.880579,0.950000,0.020080,-0.829153,0.880579,0.034853,0.488404,0.000000,0.950000,0.488404,312.319675,2.890609,184.591212,0.283553,64,244.85
20260603_230156,1777.260,1,Right,18634,99.388215,56.316411,99.388215,0.000000,0.004700,0.014571,0.012100,650,0.000000,0.000000,0.555646,0.937744,0.025866,-0.555646,0.387173,0.033715,0.711285,0.000000,0.937744,0.711285,211.281514,51.280709,60.317814,0.144559,0,244.85
20260603_230156,1782.262,1,Left,18825,59.001328,65.418327,59.001328,1.901726,0.009303,0.014454,0.011499,621,0.000000,0.000000,0.880579,0.950000,0.020069,-0.829153,0.880579,0.034801,0.489276,0.000000,0.950000,0.489276,311.900111,2.890609,184.159815,0.283141,64,259.07
20260603_230156,1782.262,1,Right,18687,99.389950,56.440306,99.389950,0.000000,0.004693,0.014537,0.012098,651,0.000000,0.000000,0.555646,0.937744,0.025760,-0.555646,0.387173,0.033652,0.711450,0.000000,0.937744,0.711450,211.312987,51.280709,60.347714,0.144574,0,259.07
20260603_230156,1787.270,1,Left,18874,59.107767,65.508106,59.107767,1.896789,0.009296,0.014430,0.011477,624,0.000000,0.000000,0.880579,0.950000,0.020115,-0.829153,0.880579,0.034809,0.490125,0.000000,0.950000,0.490125,311.549324,2.890609,183.798188,0.282822,64,408.72
20260603_230156,1787.270,1,Right,18736,99.391546,56.554227,99.391546,0.000000,0.004696,0.014580,0.012117,652,0.000000,0.000000,0.555646,0.937744,0.025844,-0.555646,0.387173,0.033716,0.711251,0.000000,0.937744,0.711251,211.312209,51.280709,60.345488,0.144593,0,408.72
20260603_230156,1792.272,1,Left,18927,59.222275,65.604692,59.222275,1.891478,0.009280,0.014398,0.011448,627,0.000000,0.000000,0.880579,0.950000,0.020108,-0.829153,0.880579,0.034761,0.490988,0.000000,0.950000,0.490988,311.134304,2.890609,183.371549,0.282406,64,269.57
20260603_230156,1792.272,1,Right,18789,99.393262,56.676779,99.393262,0.000000,0.004693,0.014546,0.012112,653,0.000000,0.000000,0.555646,0.937744,0.025740,-0.555646,0.387173,0.033662,0.711431,0.000000,0.937744,0.711431,211.364115,51.280709,60.395838,0.144628,0,269.57
20260603_230156,1797.286,1,Left,18978,59.331858,65.697123,59.331858,1.886395,0.009265,0.014369,0.011422,629,0.000000,0.000000,0.880579,0.950000,0.020115,-0.829153,0.880579,0.034728,0.491800,0.000000,0.950000,0.491800,310.685407,2.890609,182.911576,0.281945,64,244.03
20260603_230156,1797.286,1,Right,18840,99.394904,56.794055,99.394904,0.000000,0.004689,0.014658,0.012118,654,0.000000,0.000000,0.555646,0.937744,0.025818,-0.555646,0.387173,0.033719,0.711356,0.000000,0.937744,0.711356,211.417984,51.280709,60.448218,0.144702,0,244.03
20260603_230156,1802.289,1,Left,19031,59.445116,65.792654,59.445116,1.881141,0.009290,0.014417,0.011562,633,0.000000,0.000000,0.880579,0.950000,0.020110,-0.829153,0.880579,0.034797,0.492558,0.000000,0.950000,0.492558,310.230461,2.890609,182.451264,0.281535,64,469.79
20260603_230156,1802.289,1,Right,18892,99.396570,56.912979,99.396570,0.000000,0.004676,0.014701,0.012103,655,0.000000,0.000000,0.555646,0.937744,0.025747,-0.555646,0.387173,0.033626,0.711465,0.000000,0.937744,0.711465,211.401615,51.280709,60.430338,0.144638,0,469.79
20260603_230156,1807.297,1,Left,19084,59.557745,65.887655,59.557745,1.875917,0.009277,0.014387,0.011564,635,0.000000,0.000000,0.880579,0.950000,0.020155,-0.829153,0.880579,0.034802,0.493448,0.000000,0.950000,0.493448,309.862176,2.890609,182.071651,0.281175,64,412.05
20260603_230156,1807.297,1,Right,18944,99.398226,57.031250,99.398226,0.000000,0.004678,0.014732,0.012116,656,0.000000,0.000000,0.555646,0.937744,0.025828,-0.555646,0.387173,0.033686,0.711394,0.000000,0.937744,0.711394,211.421704,51.280709,60.448926,0.144680,0,412.05
20260603_230156,1812.309,1,Left,19139,59.673964,65.985684,59.673964,1.870526,0.009262,0.014358,0.011541,637,0.000000,0.000000,0.880579,0.950000,0.020185,-0.829153,0.880579,0.034789,0.494332,0.000000,0.950000,0.494332,309.443785,2.890609,181.641618,0.280782,64,452.61
20260603_230156,1812.309,1,Right,18999,99.399968,57.155640,99.399968,0.000000,0.004676,0.014728,0.012112,657,0.000000,0.000000,0.555646,0.937744,0.025760,-0.555646,0.387173,0.033641,0.711342,0.000000,0.937744,0.711342,211.418779,51.280709,60.444420,0.144654,0,452.61
20260603_230156,1817.310,1,Left,19191,59.783232,66.077849,59.783232,1.865458,0.009252,0.014328,0.011515,640,0.000000,0.000000,0.880579,0.950000,0.020217,-0.829153,0.880579,0.034782,0.495145,0.000000,0.950000,0.495145,309.036939,2.890609,181.223865,0.280392,64,423.62
20260603_230156,1817.310,1,Right,19050,99.401575,57.270341,99.401575,0.000000,0.004678,0.014738,0.012127,659,0.000000,0.000000,0.555646,0.937744,0.025796,-0.555646,0.387173,0.033717,0.711455,0.000000,0.937744,0.711455,211.513786,51.280709,60.537971,0.144800,0,423.62
20260603_230156,1822.317,1,Left,19247,59.900244,66.176547,59.900244,1.860030,0.009237,0.014299,0.011485,643,0.000000,0.000000,0.880579,0.950000,0.020231,-0.829153,0.880579,0.034754,0.496035,0.000000,0.950000,0.496035,308.608108,2.890609,180.783400,0.279985,64,248.73
20260603_230156,1822.317,1,Right,19106,99.403329,57.395583,99.403329,0.000000,0.004680,0.014828,0.012131,660,0.000000,0.000000,0.555646,0.937744,0.025825,-0.555646,0.387173,0.033758,0.711425,0.000000,0.937744,0.711425,211.500538,51.280709,60.523133,0.144800,0,248.73
20260603_230156,1827.321,1,Left,19303,60.016578,66.274672,60.016578,1.854634,0.009223,0.014265,0.011458,646,0.000000,0.000000,0.880579,0.950000,0.020249,-0.829153,0.880579,0.034729,0.496886,0.000000,0.950000,0.496886,308.167975,2.890609,180.331745,0.279561,64,234.46
20260603_230156,1827.321,1,Right,19162,99.405073,57.520092,99.405073,0.000000,0.004673,0.014791,0.012126,661,0.000000,0.000000,0.555646,0.937744,0.025789,-0.555646,0.387173,0.033699,0.711566,0.000000,0.937744,0.711566,211.502462,51.280709,60.523476,0.144780,0,234.46
20260603_230156,1832.328,1,Left,19356,60.126059,66.367018,60.126059,1.849556,0.009213,0.014238,0.011428,650,0.000000,0.000000,0.880579,0.950000,0.020274,-0.829153,0.880579,0.034715,0.497722,0.000000,0.950000,0.497722,307.776034,2.890609,179.929001,0.279198,64,255.11
20260603_230156,1832.328,1,Right,19215,99.406714,57.637263,99.406714,0.000000,0.004672,0.014820,0.012128,662,0.000000,0.000000,0.555646,0.937744,0.025835,-0.555646,0.387173,0.033723,0.711498,0.000000,0.937744,0.711498,211.463348,51.280709,60.482874,0.144738,0,255.11
20260603_230156,1837.334,1,Left,19410,60.236991,66.460587,60.236991,1.844410,0.009196,0.014206,0.011398,653,0.000000,0.000000,0.880579,0.950000,0.020256,-0.829153,0.880579,0.034657,0.498551,0.000000,0.950000,0.498551,307.373162,2.890609,179.515223,0.278804,64,453.00
20260603_230156,1837.334,1,Right,19268,99.408345,57.753789,99.408345,0.000000,0.004663,0.014787,0.012117,663,0.000000,0.000000,0.555646,0.937744,0.025775,-0.555646,0.387173,0.033641,0.711610,0.000000,0.937744,0.711610,211.446952,51.280709,60.464999,0.144655,0,453.00
20260603_230156,1842.343,1,Left,19463,60.345271,66.551919,60.345271,1.839388,0.009188,0.014183,0.011373,656,0.000000,0.000000,0.880579,0.950000,0.020304,-0.829153,0.880579,0.034665,0.499361,0.000000,0.950000,0.499361,306.970223,2.890609,179.101678,0.278431,64,230.01
20260603_230156,1842.343,1,Right,19321,99.409968,57.869675,99.409968,0.000000,0.004661,0.014873,0.012111,665,0.000000,0.000000,0.555646,0.937744,0.025810,-0.555646,0.387173,0.033654,0.711584,0.000000,0.937744,0.711584,211.379087,51.280709,60.395663,0.144556,0,230.01
20260603_230156,1847.347,1,Left,19515,60.450935,66.641045,60.450935,1.834486,0.009172,0.014160,0.011347,659,0.000000,0.000000,0.880579,0.950000,0.020308,-0.829153,0.880579,0.034631,0.500167,0.000000,0.950000,0.500167,306.591902,2.890609,178.713043,0.278068,64,462.39
20260603_230156,1847.347,1,Right,19373,99.411552,57.982760,99.411552,0.000000,0.004658,0.014901,0.012093,666,0.000000,0.000000,0.555646,0.937744,0.025814,-0.555646,0.387173,0.033638,0.711561,0.000000,0.937744,0.711561,211.320331,51.280709,60.335471,0.144468,0,462.39
20260603_230156,1852.357,1,Left,19570,60.562085,66.734798,60.562085,1.829331,0.009159,0.014133,0.011316,661,0.000000,0.000000,0.880579,0.950000,0.020329,-0.829153,0.880579,0.034611,0.500997,0.000000,0.950000,0.500997,306.194186,2.890609,178.304518,0.277694,64,257.26
20260603_230156,1852.357,1,Right,19427,99.413188,58.099552,99.413188,0.000000,0.004655,0.014867,0.012070,669,0.000000,0.000000,0.555646,0.937744,0.025806,-0.555646,0.387173,0.033608,0.711649,0.000000,0.937744,0.711649,211.276787,51.280709,60.290444,0.144411,0,257.26
20260603_230156,1857.367,1,Left,19621,60.664594,66.821263,60.664594,1.824576,0.009148,0.014110,0.011293,665,0.000000,0.000000,0.880579,0.950000,0.020331,-0.829153,0.880579,0.034577,0.501748,0.000000,0.950000,0.501748,305.798582,2.890609,177.898979,0.277304,64,253.07
20260603_230156,1857.367,1,Right,19478,99.414724,58.209262,99.414724,0.000000,0.004654,0.014895,0.012051,672,0.000000,0.000000,0.555646,0.937744,0.025804,-0.555646,0.387173,0.033585,0.711645,0.000000,0.937744,0.711645,211.212001,51.280709,60.224265,0.144317,0,253.07
20260603_230156,1862.378,1,Left,19669,60.760588,66.902232,60.760588,1.820123,0.009138,0.014087,0.011269,667,0.000000,0.000000,0.880579,0.950000,0.020342,-0.829153,0.880579,0.034553,0.502444,0.000000,0.950000,0.502444,305.414612,2.890609,177.505736,0.276929,64,468.06
20260603_230156,1862.378,1,Right,19526,99.416163,58.311994,99.416163,0.000000,0.004651,0.014927,0.012031,675,0.000000,0.000000,0.555646,0.937744,0.025809,-0.555646,0.387173,0.033572,0.711609,0.000000,0.937744,0.711609,211.182092,51.280709,60.193052,0.144268,0,468.06
20260603_230156,1867.385,1,Left,19718,60.858099,66.984481,60.858099,1.815600,0.009128,0.014061,0.011246,670,0.000000,0.000000,0.880579,0.950000,0.020367,-0.829153,0.880579,0.034543,0.503167,0.000000,0.950000,0.503167,305.040261,2.890609,177.121995,0.276571,64,256.30
20260603_230156,1867.385,1,Right,19575,99.417625,58.416347,99.417625,0.000000,0.004648,0.014926,0.012014,677,0.000000,0.000000,0.555646,0.937744,0.025807,-0.555646,0.387173,0.033550,0.711629,0.000000,0.937744,0.711629,211.143949,51.280709,60.153585,0.144210,0,256.30
20260603_230156,1872.396,1,Left,19771,60.963027,67.072986,60.963027,1.810733,0.009117,0.014031,0.011221,673,0.000000,0.000000,0.880579,0.950000,0.020384,-0.829153,0.880579,0.034522,0.503935,0.000000,0.950000,0.503935,304.642062,2.890609,176.713727,0.276186,64,448.83
20260603_230156,1872.396,1,Right,19627,99.419167,58.526520,99.419167,0.000000,0.004645,0.014922,0.012009,678,0.000000,0.000000,0.555646,0.937744,0.025807,-0.555646,0.387173,0.033530,0.711690,0.000000,0.937744,0.711690,211.139505,51.280709,60.147742,0.144183,0,448.83
20260603_230156,1877.398,1,Left,19820,61.059536,67.154390,61.059536,1.806256,0.009107,0.014009,0.011201,676,0.000000,0.000000,0.880579,0.950000,0.020395,-0.829153,0.880579,0.034497,0.504647,0.000000,0.950000,0.504647,304.268622,2.890609,176.331056,0.275821,64,243.37
20260603_230156,1877.398,1,Right,19676,99.420614,58.629803,99.420614,0.000000,0.004640,0.015012,0.012000,680,0.000000,0.000000,0.555646,0.937744,0.025837,-0.555646,0.387173,0.033540,0.711570,0.000000,0.937744,0.711570,211.083914,51.280709,60.090840,0.144093,0,243.37
20260603_230156,1882.402,1,Left,19876,61.169249,67.246931,61.169249,1.801167,0.009091,0.013984,0.011177,679,0.000000,0.000000,0.880579,0.950000,0.020390,-0.829153,0.880579,0.034453,0.505459,0.000000,0.950000,0.505459,303.850935,2.890609,175.902909,0.275406,64,452.70
20260603_230156,1882.402,1,Right,19731,99.422229,58.745122,99.422229,0.000000,0.004661,0.015051,0.012078,681,0.000000,0.000000,0.555646,0.937744,0.025763,-0.555646,0.387173,0.033526,0.711640,0.000000,0.937744,0.711640,211.128021,51.280709,60.135964,0.144147,0,452.70
20260603_230156,1887.406,1,Left,19927,61.268631,67.330757,61.268631,1.796557,0.009085,0.013954,0.011157,682,0.000000,0.000000,0.880579,0.950000,0.020424,-0.829153,0.880579,0.034451,0.506165,0.000000,0.950000,0.506165,303.446307,2.890609,175.488839,0.275014,64,241.01
20260603_230156,1887.406,1,Right,19782,99.423719,58.851481,99.423719,0.000000,0.004657,0.015021,0.012068,683,0.000000,0.000000,0.555646,0.937744,0.025787,-0.555646,0.387173,0.033529,0.711764,0.000000,0.937744,0.711764,211.129310,51.280709,60.135896,0.144151,0,241.01
20260603_230156,1892.411,1,Left,19980,61.371371,67.417417,61.371371,1.791792,0.009070,0.013937,0.011136,685,0.000000,0.000000,0.880579,0.950000,0.020415,-0.829153,0.880579,0.034405,0.506908,0.000000,0.950000,0.506908,302.977565,2.890609,175.010369,0.274513,64,464.13
20260603_230156,1892.411,1,Right,19835,99.425258,58.961432,99.425258,0.000000,0.004722,0.015071,0.012234,688,0.000000,0.000000,0.555646,0.937744,0.025843,-0.555646,0.387173,0.033742,0.711701,0.000000,0.937744,0.711701,211.159119,51.280709,60.206283,0.144405,0,464.13
20260603_230156,1897.416,1,Left,20026,61.460102,67.492260,61.460102,1.787676,0.009066,0.013921,0.011117,688,0.000000,0.000000,0.880579,0.950000,0.020444,-0.829153,0.880579,0.034401,0.507547,0.000000,0.950000,0.507547,302.595040,2.890609,174.619467,0.274135,64,415.94
20260603_230156,1897.416,1,Right,19881,99.426588,59.056385,99.426588,0.000000,0.004798,0.015124,0.012431,692,0.000000,0.000000,0.555646,0.937744,0.025926,-0.555646,0.387173,0.034096,0.711736,0.000000,0.937744,0.711736,211.162327,51.280709,60.219021,0.144652,0,415.94
20260603_230156,1902.418,1,Left,20075,61.554172,67.571606,61.554172,1.783313,0.009052,0.013892,0.011092,691,0.000000,0.000000,0.880579,0.950000,0.020437,-0.829153,0.880579,0.034360,0.508269,0.000000,0.950000,0.508269,302.308156,2.890609,174.323729,0.273856,64,460.91
20260603_230156,1902.418,1,Right,19930,99.427998,59.157050,99.427998,0.000000,0.004810,0.015094,0.012483,693,0.000000,0.000000,0.555646,0.937744,0.025735,-0.555646,0.387173,0.034159,0.711917,0.000000,0.937744,0.711917,211.237475,51.280709,60.292756,0.144787,0,460.91
20260603_230156,1907.422,1,Left,20124,61.647784,67.650566,61.647784,1.778970,0.009045,0.013871,0.011072,694,0.000000,0.000000,0.880579,0.950000,0.020471,-0.829153,0.880579,0.034361,0.509022,0.000000,0.950000,0.509022,302.017355,2.890609,174.024145,0.273591,64,462.34
20260603_230156,1907.422,1,Right,19979,99.429401,59.257220,99.429401,0.000000,0.004806,0.015182,0.012478,694,0.000000,0.000000,0.555646,0.937744,0.025810,-0.555646,0.387173,0.034214,0.711918,0.000000,0.937744,0.711918,211.180305,51.280709,60.234179,0.144711,0,462.34
20260603_230156,1912.424,1,Left,20173,61.740941,67.729143,61.740941,1.774649,0.009035,0.013850,0.011048,697,0.000000,0.000000,0.880579,0.950000,0.020471,-0.829153,0.880579,0.034326,0.509734,0.000000,0.950000,0.509734,301.703878,2.890609,173.701953,0.273290,64,265.21
20260603_230156,1912.424,1,Right,20027,99.430768,59.354871,99.430768,0.000000,0.004805,0.015211,0.012474,696,0.000000,0.000000,0.555646,0.937744,0.025827,-0.555646,0.387173,0.034210,0.711823,0.000000,0.937744,0.711823,211.143979,51.280709,60.196481,0.144640,0,265.21
20260603_230156,1917.430,1,Left,20227,61.843081,67.815296,61.843081,1.769912,0.009024,0.013825,0.011028,700,0.000000,0.000000,0.880579,0.950000,0.020502,-0.829153,0.880579,0.034321,0.510520,0.000000,0.950000,0.510520,301.366331,2.890609,173.354881,0.272973,64,249.39
20260603_230156,1917.430,1,Right,20081,99.432299,59.464170,99.432299,0.000000,0.004795,0.015235,0.012460,697,0.000000,0.000000,0.555646,0.937744,0.025768,-0.555646,0.387173,0.034128,0.711709,0.000000,0.937744,0.711709,211.105624,51.280709,60.156591,0.144519,0,249.39
20260603_230156,1922.434,1,Left,20280,61.942801,67.899408,61.942801,1.765286,0.009010,0.013796,0.011004,703,0.000000,0.000000,0.880579,0.950000,0.020487,-0.829153,0.880579,0.034270,0.511244,0.000000,0.950000,0.511244,301.001754,2.890609,172.981035,0.272608,64,461.52
20260603_230156,1922.434,1,Right,20134,99.433794,59.570875,99.433794,0.000000,0.004790,0.015203,0.012453,699,0.000000,0.000000,0.555646,0.937744,0.025790,-0.555646,0.387173,0.034129,0.711857,0.000000,0.937744,0.711857,211.130636,51.280709,60.180103,0.144553,0,461.52
20260603_230156,1927.445,1,Left,20334,62.043867,67.984656,62.043867,1.760598,0.009003,0.013769,0.010982,706,0.000000,0.000000,0.880579,0.950000,0.020524,-0.829153,0.880579,0.034270,0.511976,0.000000,0.950000,0.511976,300.627606,2.890609,172.597524,0.272252,64,260.39
20260603_230156,1927.445,1,Right,20186,99.435252,59.675022,99.435252,0.000000,0.004786,0.015171,0.012440,700,0.000000,0.000000,0.555646,0.937744,0.025802,-0.555646,0.387173,0.034119,0.711949,0.000000,0.937744,0.711949,211.101158,51.280709,60.149163,0.144509,0,260.39
20260603_230156,1932.456,1,Left,20387,62.142542,68.067886,62.142542,1.756021,0.008988,0.013741,0.010958,709,0.000000,0.000000,0.880579,0.950000,0.020510,-0.829153,0.880579,0.034220,0.512685,0.000000,0.950000,0.512685,300.255747,2.890609,172.216552,0.271878,64,443.23
20260603_230156,1932.456,1,Right,20238,99.436703,59.778634,99.436703,0.000000,0.004782,0.015195,0.012427,702,0.000000,0.000000,0.555646,0.937744,0.025799,-0.555646,0.387173,0.034095,0.711945,0.000000,0.937744,0.711945,211.060110,51.280709,60.106660,0.144434,0,443.23
20260603_230156,1937.466,1,Left,20436,62.233314,68.144451,62.233314,1.751811,0.008983,0.013720,0.010942,712,0.000000,0.000000,0.880579,0.950000,0.020547,-0.829153,0.880579,0.034225,0.513377,0.000000,0.950000,0.513377,299.952824,2.890609,171.905272,0.271600,64,463.61
20260603_230156,1937.466,1,Right,20287,99.438064,59.875783,99.438064,0.000000,0.004780,0.015224,0.012416,704,0.000000,0.000000,0.555646,0.937744,0.025825,-0.555646,0.387173,0.034101,0.711900,0.000000,0.937744,0.711900,211.015764,51.280709,60.060950,0.144367,0,463.61
20260603_230156,1942.475,1,Left,20491,62.334684,68.229955,62.334684,1.747108,0.008966,0.013693,0.010917,715,0.000000,0.000000,0.880579,0.950000,0.020538,-0.829153,0.880579,0.034179,0.514131,0.000000,0.950000,0.514131,299.598549,2.890609,171.541693,0.271250,64,250.68
20260603_230156,1942.475,1,Right,20342,99.439583,59.984269,99.439583,0.000000,0.004771,0.015217,0.012398,705,0.000000,0.000000,0.555646,0.937744,0.025782,-0.555646,0.387173,0.034035,0.711928,0.000000,0.937744,0.711928,210.974393,51.280709,60.018055,0.144251,0,250.68
20260603_230156,1947.481,1,Left,20546,62.435511,68.315000,62.435511,1.742432,0.008955,0.013667,0.010894,718,0.000000,0.000000,0.880579,0.950000,0.020579,-0.829153,0.880579,0.034184,0.514874,0.000000,0.950000,0.514874,299.247822,2.890609,171.181741,0.270919,64,461.78
20260603_230156,1947.481,1,Right,20396,99.441067,60.090214,99.441067,0.000000,0.004764,0.015212,0.012388,706,0.000000,0.000000,0.555646,0.937744,0.025801,-0.555646,0.387173,0.034032,0.711959,0.000000,0.937744,0.711959,210.998403,51.280709,60.040578,0.144266,0,461.78
20260603_230156,1952.489,1,Left,20599,62.532162,68.396524,62.532162,1.737948,0.008947,0.013644,0.010870,721,0.000000,0.000000,0.880579,0.950000,0.020585,-0.829153,0.880579,0.034155,0.515605,0.000000,0.950000,0.515605,298.925806,2.890609,170.850911,0.270618,64,241.40
20260603_230156,1952.489,1,Right,20448,99.442488,60.191706,99.442488,0.000000,0.004761,0.015242,0.012382,708,0.000000,0.000000,0.555646,0.937744,0.025816,-0.555646,0.387173,0.034026,0.711809,0.000000,0.937744,0.711809,210.965563,51.280709,60.006312,0.144212,0,241.40
20260603_230156,1957.502,1,Left,20649,62.622887,68.473050,62.622887,1.733740,0.008938,0.013617,0.010849,724,0.000000,0.000000,0.880579,0.950000,0.020594,-0.829153,0.880579,0.034130,0.516272,0.000000,0.950000,0.516272,298.618725,2.890609,170.535581,0.270322,64,244.87
20260603_230156,1957.502,1,Right,20498,99.443848,60.288809,99.443848,0.000000,0.004761,0.015217,0.012389,709,0.000000,0.000000,0.555646,0.937744,0.025771,-0.555646,0.387173,0.034021,0.712023,0.000000,0.937744,0.712023,211.059835,51.280709,60.099220,0.144330,0,244.87
20260603_230156,1962.511,1,Left,20705,62.723980,68.558319,62.723980,1.729051,0.008929,0.013591,0.010825,728,0.000000,0.000000,0.880579,0.950000,0.020626,-0.829153,0.880579,0.034126,0.517031,0.000000,0.950000,0.517031,298.285155,2.890609,170.192846,0.270017,64,237.93
20260603_230156,1962.511,1,Right,20553,99.445336,60.395076,99.445336,0.000000,0.004768,0.015244,0.012413,710,0.000000,0.000000,0.555646,0.937744,0.025847,-0.555646,0.387173,0.034075,0.711959,0.000000,0.937744,0.711959,211.079675,51.280709,60.117568,0.144374,0,237.93
20260603_230156,1967.511,1,Left,20759,62.820945,68.640108,62.820945,1.724553,0.008917,0.013569,0.010800,731,0.000000,0.000000,0.880579,0.950000,0.020624,-0.829153,0.880579,0.034089,0.517782,0.000000,0.950000,0.517782,297.997741,2.890609,169.896671,0.269746,64,232.20
20260603_230156,1967.511,1,Right,20606,99.446763,60.496943,99.446763,0.000000,0.004761,0.015243,0.012407,711,0.000000,0.000000,0.555646,0.937744,0.025757,-0.555646,0.387173,0.034011,0.711997,0.000000,0.937744,0.711997,211.054859,51.280709,60.091322,0.144315,0,232.20
20260603_230156,1972.515,1,Left,20813,62.917407,68.721472,62.917407,1.720079,0.008907,0.013543,0.010779,734,0.000000,0.000000,0.880579,0.950000,0.020659,-0.829153,0.880579,0.034089,0.518497,0.000000,0.950000,0.518497,297.668106,2.890609,169.558346,0.269436,64,261.28
20260603_230156,1972.515,1,Right,20660,99.448209,60.600194,99.448209,0.000000,0.004763,0.015296,0.012421,712,0.000000,0.000000,0.555646,0.937744,0.025833,-0.555646,0.387173,0.034065,0.711963,0.000000,0.937744,0.711963,211.071709,51.280709,60.106722,0.144365,0,261.28
20260603_230156,1977.526,1,Left,20869,63.016915,68.805405,63.016915,1.715463,0.008891,0.013516,0.010756,737,0.000000,0.000000,0.880579,0.950000,0.020655,-0.829153,0.880579,0.034048,0.519253,0.000000,0.950000,0.519253,297.350985,2.890609,169.232288,0.269128,64,243.53
20260603_230156,1977.526,1,Right,20715,99.449674,60.704803,99.449674,0.000000,0.004751,0.015289,0.012403,713,0.000000,0.000000,0.555646,0.937744,0.025764,-0.555646,0.387173,0.033975,0.711968,0.000000,0.937744,0.711968,211.043450,51.280709,60.076994,0.144296,0,243.53
20260603_230156,1982.537,1,Left,20925,63.115890,68.888889,63.115890,1.710872,0.008883,0.013487,0.010735,740,0.000000,0.000000,0.880579,0.950000,0.020685,-0.829153,0.880579,0.034043,0.519973,0.000000,0.950000,0.519973,297.005945,2.890609,168.878389,0.268801,64,232.58
20260603_230156,1982.537,1,Right,20771,99.451158,60.810746,99.451158,0.000000,0.004751,0.015283,0.012406,714,0.000000,0.000000,0.555646,0.937744,0.025826,-0.555646,0.387173,0.034014,0.712023,0.000000,0.937744,0.712023,211.000460,51.280709,60.032517,0.144246,0,232.58
20260603_230156,1987.540,1,Left,20980,63.212583,68.970448,63.212583,1.706387,0.008868,0.013468,0.010713,743,0.000000,0.000000,0.880579,0.950000,0.020683,-0.829153,0.880579,0.034006,0.520685,0.000000,0.950000,0.520685,296.642224,2.890609,168.506038,0.268432,64,450.71
20260603_230156,1987.540,1,Right,20826,99.452607,60.914242,99.452607,0.000000,0.004775,0.015321,0.012483,718,0.000000,0.000000,0.555646,0.937744,0.025846,-0.555646,0.387173,0.034068,0.711994,0.000000,0.937744,0.711994,211.015184,51.280709,60.060737,0.144319,0,450.71
20260603_230156,1992.546,1,Left,21031,63.301793,69.045694,63.301793,1.702249,0.008860,0.013451,0.010693,745,0.000000,0.000000,0.880579,0.950000,0.020712,-0.829153,0.880579,0.034002,0.521345,0.000000,0.950000,0.521345,296.278631,2.890609,168.134507,0.268068,64,450.27
20260603_230156,1992.546,1,Right,20877,99.453945,61.009724,99.453945,0.000000,0.004838,0.015368,0.012640,720,0.000000,0.000000,0.555646,0.937744,0.025872,-0.555646,0.387173,0.034234,0.711963,0.000000,0.937744,0.711963,211.056544,46.345203,60.152160,0.144637,0,450.27
20260603_230156,1997.551,1,Left,21083,63.392307,69.122041,63.392307,1.698051,0.008850,0.013425,0.010677,748,0.000000,0.000000,0.880579,0.950000,0.020721,-0.829153,0.880579,0.033979,0.522010,0.000000,0.950000,0.522010,295.959064,2.890609,167.806908,0.267754,64,247.35
20260603_230156,1997.551,1,Right,20929,99.455301,61.106598,99.455301,0.000000,0.004837,0.015368,0.012643,721,0.000000,0.000000,0.555646,0.937744,0.025780,-0.555646,0.387173,0.034217,0.712082,0.000000,0.937744,0.712082,211.083750,46.345203,60.177840,0.144658,0,247.35
20260603_230156,2002.558,1,Left,21134,63.480647,69.196555,63.480647,1.693953,0.008841,0.013399,0.010659,751,0.000000,0.000000,0.880579,0.950000,0.020721,-0.829153,0.880579,0.033946,0.522655,0.000000,0.950000,0.522655,295.639659,2.890609,167.479687,0.267435,64,455.46
20260603_230156,2002.558,1,Right,20980,99.456625,61.201144,99.456625,0.000000,0.004834,0.015366,0.012647,722,0.000000,0.000000,0.555646,0.937744,0.025840,-0.555646,0.387173,0.034256,0.712061,0.000000,0.937744,0.712061,211.094685,46.345203,60.187285,0.144686,0,455.46
20260603_230156,2007.570,1,Left,21186,63.570282,69.272161,63.570282,1.689795,0.008833,0.013383,0.010642,754,0.000000,0.000000,0.880579,0.950000,0.020743,-0.829153,0.880579,0.033936,0.523338,0.000000,0.950000,0.523338,295.306328,2.890609,167.138448,0.267104,64,245.87
20260603_230156,2007.570,1,Right,21032,99.457969,61.297071,99.457969,0.000000,0.004892,0.015410,0.012790,728,0.000000,0.000000,0.555646,0.937744,0.025892,-0.555646,0.387173,0.034462,0.711967,0.000000,0.937744,0.711967,211.097975,46.345203,60.215216,0.144871,0,245.87
20260603_230156,2012.579,1,Left,21235,63.654344,69.343066,63.654344,1.685896,0.008821,0.013357,0.010624,757,0.000000,0.000000,0.880579,0.950000,0.020739,-0.829153,0.880579,0.033902,0.523932,0.000000,0.950000,0.523932,294.977821,2.890609,166.802544,0.266771,64,259.39
20260603_230156,2012.579,1,Right,21081,99.459229,61.387031,99.459229,0.000000,0.004891,0.015384,0.012807,729,0.000000,0.000000,0.555646,0.937744,0.025765,-0.555646,0.387173,0.034454,0.712125,0.000000,0.937744,0.712125,211.141208,46.345203,60.256970,0.144926,0,259.39
20260603_230156,2017.583,1,Left,21288,63.744833,69.419391,63.744833,1.681699,0.008815,0.013332,0.010609,760,0.000000,0.000000,0.880579,0.950000,0.020770,-0.829153,0.880579,0.033900,0.524570,0.000000,0.950000,0.524570,294.620819,2.890609,166.437601,0.266425,64,447.20
20260603_230156,2017.583,1,Right,21133,99.460559,61.482042,99.460559,0.000000,0.004892,0.015424,0.012816,730,0.000000,0.000000,0.555646,0.937744,0.025844,-0.555646,0.387173,0.034512,0.712107,0.000000,0.937744,0.712107,211.183760,46.345203,60.297962,0.144992,0,447.20
20260603_230156,2022.589,1,Left,21338,63.829787,69.491049,63.829787,1.677758,0.008802,0.013316,0.010590,763,0.000000,0.000000,0.880579,0.950000,0.020761,-0.829153,0.880579,0.033861,0.525197,0.000000,0.950000,0.525197,294.291926,2.890609,166.101274,0.266091,64,240.80
20260603_230156,2022.589,1,Right,21181,99.461782,61.569331,99.461782,0.000000,0.004965,0.015534,0.012971,734,0.000000,0.000000,0.555646,0.937744,0.025916,-0.555646,0.387173,0.034774,0.711896,0.000000,0.937744,0.711896,211.141016,46.345203,60.254714,0.145094,0,240.80
20260603_230156,2027.600,1,Left,21385,63.909282,69.558101,63.909282,1.674071,0.008796,0.013292,0.010577,766,0.000000,0.000000,0.880579,0.950000,0.020792,-0.829153,0.880579,0.033863,0.525798,0.000000,0.950000,0.525798,294.049728,2.890609,165.852137,0.265858,64,462.69
20260603_230156,2027.600,1,Right,21228,99.462973,61.654419,99.462973,0.000000,0.004977,0.015518,0.013026,735,0.000000,0.000000,0.555646,0.937744,0.025772,-0.555646,0.387173,0.034863,0.712196,0.000000,0.937744,0.712196,211.306879,46.345203,60.419177,0.145313,0,462.69
20260603_230156,2032.601,1,Left,21437,63.996828,69.631945,63.996828,1.670010,0.008788,0.013271,0.010556,769,0.000000,0.000000,0.880579,0.950000,0.020792,-0.829153,0.880579,0.033830,0.526493,0.000000,0.950000,0.526493,293.803047,2.890609,165.597835,0.265630,64,457.84
20260603_230156,2032.601,1,Right,21280,99.464286,61.748120,99.464286,0.000000,0.004981,0.015546,0.013026,736,0.000000,0.000000,0.555646,0.937744,0.025890,-0.555646,0.387173,0.034960,0.712093,0.000000,0.937744,0.712093,211.311632,46.345203,60.422389,0.145360,0,457.84
20260603_230156,2037.607,1,Left,21489,64.083950,69.705431,64.083950,1.665969,0.008779,0.013244,0.010538,772,0.000000,0.000000,0.880579,0.950000,0.020814,-0.829153,0.880579,0.033821,0.527152,0.000000,0.950000,0.527152,293.546463,2.890609,165.333686,0.265385,64,455.75
20260603_230156,2037.607,1,Right,21331,99.465567,61.839576,99.465567,0.000000,0.004974,0.015517,0.013021,737,0.000000,0.000000,0.555646,0.937744,0.025799,-0.555646,0.387173,0.034906,0.712253,0.000000,0.937744,0.712253,211.363128,46.345203,60.472380,0.145398,0,455.75
20260603_230156,2042.616,1,Left,21543,64.173978,69.781367,64.173978,1.661793,0.008765,0.013223,0.010516,775,0.000000,0.000000,0.880579,0.950000,0.020818,-0.829153,0.880579,0.033792,0.527865,0.000000,0.950000,0.527865,293.279127,2.890609,165.058556,0.265127,64,461.62
20260603_230156,2042.616,1,Right,21385,99.466916,61.935936,99.466916,0.000000,0.004973,0.015548,0.013021,738,0.000000,0.000000,0.555646,0.937744,0.025877,-0.555646,0.387173,0.034961,0.712018,0.000000,0.937744,0.712018,211.336406,46.345203,60.444073,0.145382,0,461.62
20260603_230156,2047.624,1,Left,21601,64.270173,69.862506,64.270173,1.657331,0.008758,0.013194,0.010497,778,0.000000,0.000000,0.880579,0.950000,0.020841,-0.829153,0.880579,0.033781,0.528569,0.000000,0.950000,0.528569,292.956780,2.890609,164.727905,0.264821,64,462.13
20260603_230156,2047.624,1,Right,21441,99.468308,62.035353,99.468308,0.000000,0.004960,0.015515,0.012999,739,0.000000,0.000000,0.555646,0.937744,0.025810,-0.555646,0.387173,0.034869,0.712174,0.000000,0.937744,0.712174,211.369302,46.345203,60.475333,0.145375,0,462.13
20260603_230156,2052.625,1,Left,21657,64.362562,69.940435,64.362562,1.653045,0.008760,0.013199,0.010522,782,0.000000,0.000000,0.880579,0.950000,0.020874,-0.829153,0.880579,0.033780,0.529146,0.000000,0.950000,0.529146,292.619747,2.890609,164.389980,0.264514,64,243.42
20260603_230156,2052.625,1,Right,21497,99.469693,62.134251,99.469693,0.000000,0.004957,0.015488,0.012992,740,0.000000,0.000000,0.555646,0.937744,0.025854,-0.555646,0.387173,0.034890,0.712262,0.000000,0.937744,0.712262,211.322274,46.345203,60.426679,0.145314,0,243.42
20260603_230156,2057.626,1,Left,21710,64.449562,70.013819,64.449562,1.649010,0.008814,0.013297,0.010784,787,0.000000,0.000000,0.880579,0.950000,0.020777,-0.829153,0.880579,0.033898,0.529587,0.000000,0.950000,0.529587,292.407600,2.890609,164.200015,0.264385,64,238.41
20260603_230156,2057.626,1,Right,21550,99.470998,62.227378,99.470998,0.000000,0.004954,0.015584,0.012988,742,0.000000,0.000000,0.555646,0.937744,0.025860,-0.555646,0.387173,0.034873,0.712240,0.000000,0.937744,0.712240,211.300243,46.345203,60.403116,0.145259,0,238.41
20260603_230156,2062.628,1,Left,21764,64.537769,70.088219,64.537769,1.644918,0.008807,0.013264,0.010798,789,0.000000,0.000000,0.880579,0.950000,0.020861,-0.829153,0.880579,0.033949,0.530506,0.000000,0.950000,0.530506,292.680184,2.890609,164.464907,0.264524,64,252.56
20260603_230156,2062.628,1,Right,21603,99.472296,62.320048,99.472296,0.000000,0.004957,0.015618,0.012988,746,0.000000,0.000000,0.555646,0.937744,0.025868,-0.555646,0.387173,0.034860,0.712067,0.000000,0.937744,0.712067,211.272528,46.345203,60.403439,0.145269,0,252.56
20260603_230156,2067.629,1,Left,21816,64.622296,70.159516,64.622296,1.640997,0.008797,0.013233,0.010777,792,0.000000,0.000000,0.880579,0.950000,0.020893,-0.829153,0.880579,0.033950,0.531386,0.000000,0.950000,0.531386,292.902953,2.890609,164.680325,0.264609,64,257.84
20260603_230156,2067.629,1,Right,21655,99.473563,62.410529,99.473563,0.000000,0.004949,0.015586,0.012974,747,0.000000,0.000000,0.555646,0.937744,0.025813,-0.555646,0.387173,0.034784,0.712260,0.000000,0.937744,0.712260,211.361281,46.345203,60.490633,0.145311,0,257.84
20260603_230156,2072.632,1,Left,21870,64.709648,70.233196,64.709648,1.636946,0.008784,0.013203,0.010752,796,0.000000,0.000000,0.880579,0.950000,0.020919,-0.829153,0.880579,0.033944,0.532286,0.000000,0.950000,0.532286,293.013555,2.890609,164.783350,0.264643,64,244.17
20260603_230156,2072.632,1,Right,21709,99.474872,62.504031,99.474872,0.000000,0.004948,0.015610,0.012968,748,0.000000,0.000000,0.555646,0.937744,0.025887,-0.555646,0.387173,0.034835,0.712079,0.000000,0.937744,0.712079,211.330616,46.345203,60.458356,0.145261,0,244.17
20260603_230156,2077.643,1,Left,21923,64.794964,70.305159,64.794964,1.632988,0.008775,0.013183,0.010730,799,0.000000,0.000000,0.880579,0.950000,0.020917,-0.829153,0.880579,0.033911,0.533076,0.000000,0.950000,0.533076,293.027353,2.890609,164.789767,0.264616,64,270.34
20260603_230156,2077.643,1,Right,21761,99.476127,62.593631,99.476127,0.000000,0.004936,0.015580,0.012947,749,0.000000,0.000000,0.555646,0.937744,0.025825,-0.555646,0.387173,0.034752,0.712280,0.000000,0.937744,0.712280,211.434785,46.345203,60.560981,0.145343,0,270.34
20260603_230156,2082.649,1,Left,21977,64.881467,70.378123,64.881467,1.628976,0.008765,0.013161,0.010708,803,0.000000,0.000000,0.880579,0.950000,0.020933,-0.829153,0.880579,0.033895,0.533881,0.000000,0.950000,0.533881,292.909407,2.890609,164.664358,0.264501,64,182.93
20260603_230156,2082.649,1,Right,21815,99.477424,62.686225,99.477424,0.000000,0.004940,0.015608,0.012963,750,0.000000,0.000000,0.555646,0.937744,0.025898,-0.555646,0.387173,0.034803,0.712131,0.000000,0.937744,0.712131,211.443604,46.345203,60.568204,0.145357,0,182.93
20260603_230156,2087.654,1,Left,22031,64.967546,70.450729,64.967546,1.624983,0.008753,0.013137,0.010686,806,0.000000,0.000000,0.880579,0.950000,0.020946,-0.829153,0.880579,0.033875,0.534529,0.000000,0.950000,0.534529,292.656607,2.890609,164.404151,0.264267,64,457.79
20260603_230156,2087.654,1,Right,21868,99.478690,62.776660,99.478690,0.000000,0.004937,0.015608,0.012966,751,0.000000,0.000000,0.555646,0.937744,0.025794,-0.555646,0.387173,0.034765,0.712254,0.000000,0.937744,0.712254,211.484819,46.345203,60.607860,0.145389,0,457.79
20260603_230156,2092.659,1,Left,22083,65.050038,70.520310,65.050038,1.621157,0.008744,0.013116,0.010667,809,0.000000,0.000000,0.880579,0.950000,0.020948,-0.829153,0.880579,0.033847,0.535157,0.000000,0.950000,0.535157,292.413515,2.890609,164.153979,0.264031,64,451.15
20260603_230156,2092.659,1,Right,21920,99.479927,62.864964,99.479927,0.000000,0.004936,0.015660,0.012974,752,0.000000,0.000000,0.555646,0.937744,0.025862,-0.555646,0.387173,0.034812,0.712216,0.000000,0.937744,0.712216,211.500425,46.345203,60.621944,0.145425,0,451.15
20260603_230156,2097.670,1,Left,22136,65.133719,70.590893,65.133719,1.617275,0.008739,0.013099,0.010652,812,0.000000,0.000000,0.880579,0.950000,0.020989,-0.829153,0.880579,0.033857,0.535821,0.000000,0.950000,0.535821,292.166013,2.890609,163.899313,0.263808,64,241.75
20260603_230156,2097.670,1,Right,21973,99.481181,62.954535,99.481181,0.000000,0.004958,0.015692,0.013032,756,0.000000,0.000000,0.555646,0.937744,0.025849,-0.555646,0.387173,0.034837,0.712079,0.000000,0.937744,0.712079,211.471799,46.345203,60.611248,0.145462,0,241.75
20260603_230156,2102.676,1,Left,22188,65.215432,70.659816,65.215432,1.613485,0.008726,0.013073,0.010634,815,0.000000,0.000000,0.880579,0.950000,0.020987,-0.829153,0.880579,0.033825,0.536412,0.000000,0.950000,0.536412,291.893809,2.890609,163.620131,0.263535,64,269.56
20260603_230156,2102.676,1,Right,22024,99.482383,63.040320,99.482383,0.000000,0.004960,0.015667,0.013042,757,0.000000,0.000000,0.555646,0.937744,0.025814,-0.555646,0.387173,0.034843,0.712255,0.000000,0.937744,0.712255,211.539221,46.345203,60.677145,0.145551,0,269.56
20260603_230156,2107.678,1,Left,22242,65.299883,70.731049,65.299883,1.609567,0.008720,0.013054,0.010615,818,0.000000,0.000000,0.880579,0.950000,0.021011,-0.829153,0.880579,0.033818,0.537051,0.000000,0.950000,0.537051,291.616635,2.890609,163.335765,0.263275,64,244.94
20260603_230156,2107.678,1,Right,22078,99.483649,63.130718,99.483649,0.000000,0.004959,0.015693,0.013044,758,0.000000,0.000000,0.555646,0.937744,0.025890,-0.555646,0.387173,0.034897,0.712111,0.000000,0.937744,0.712111,211.514344,46.345203,60.650663,0.145530,0,244.94
20260603_230156,2112.685,1,Left,22300,65.390135,70.807175,65.390135,1.605381,0.008706,0.013026,0.010594,821,0.000000,0.000000,0.880579,0.950000,0.020996,-0.829153,0.880579,0.033770,0.537685,0.000000,0.950000,0.537685,291.288217,2.890609,162.999680,0.262940,64,455.90
20260603_230156,2112.685,1,Right,22134,99.484955,63.223999,99.484955,0.000000,0.004947,0.015662,0.013029,759,0.000000,0.000000,0.555646,0.937744,0.025824,-0.555646,0.387173,0.034809,0.712260,0.000000,0.937744,0.712260,211.547044,46.345203,60.681706,0.145552,0,455.90
20260603_230156,2117.692,1,Left,22353,65.472196,70.876392,65.472196,1.601575,0.008700,0.013005,0.010579,824,0.000000,0.000000,0.880579,0.950000,0.021028,-0.829153,0.880579,0.033771,0.538295,0.000000,0.950000,0.538295,291.012951,2.890609,162.717462,0.262686,64,440.21
20260603_230156,2117.692,1,Right,22186,99.486162,63.310196,99.486162,0.000000,0.004945,0.015685,0.013035,760,0.000000,0.000000,0.555646,0.937744,0.025880,-0.555646,0.387173,0.034843,0.712139,0.000000,0.937744,0.712139,211.505550,46.345203,60.638682,0.145505,0,440.21
20260603_230156,2122.693,1,Left,22406,65.553869,70.945283,65.553869,1.597786,0.008688,0.012988,0.010564,826,0.000000,0.000000,0.880579,0.950000,0.021048,-0.829153,0.880579,0.033761,0.538923,0.000000,0.950000,0.538923,290.722789,2.890609,162.420398,0.262391,64,383.85
20260603_230156,2122.693,1,Right,22239,99.487387,63.397635,99.487387,0.000000,0.005013,0.015724,0.013223,762,0.000000,0.000000,0.642228,0.937744,0.025881,-0.642228,0.387173,0.035034,0.712017,0.000000,0.937744,0.712017,211.491031,46.345203,60.664758,0.145734,0,383.85
20260603_230156,2127.703,1,Left,22456,65.630566,71.009975,65.630566,1.594229,0.008678,0.012963,0.010547,829,0.000000,0.000000,0.880579,0.950000,0.021041,-0.829153,0.880579,0.033726,0.539465,0.000000,0.950000,0.539465,290.442018,2.890609,162.133160,0.262095,64,455.90
20260603_230156,2127.703,1,Right,22289,99.488537,63.479743,99.488537,0.000000,0.005020,0.015702,0.013261,763,0.000000,0.000000,0.642228,0.937744,0.025780,-0.642228,0.387173,0.035070,0.712240,0.000000,0.937744,0.712240,211.585135,46.345203,60.757308,0.145863,0,455.90
20260603_230156,2132.714,1,Left,22508,65.709970,71.076950,65.709970,1.590546,0.008673,0.012941,0.010531,832,0.000000,0.000000,0.880579,0.950000,0.021072,-0.829153,0.880579,0.033727,0.540049,0.000000,0.950000,0.540049,290.164284,2.890609,161.848748,0.261834,64,454.77
20260603_230156,2132.714,1,Right,22340,99.489705,63.563115,99.489705,0.000000,0.005021,0.015728,0.013273,764,0.000000,0.000000,0.642228,0.937744,0.025889,-0.642228,0.387173,0.035158,0.712169,0.000000,0.937744,0.712169,211.585528,46.345203,60.756124,0.145896,0,454.77
20260603_230156,2137.716,1,Left,22560,65.789007,71.143617,65.789007,1.586879,0.008660,0.012918,0.010513,835,0.000000,0.000000,0.880579,0.950000,0.021059,-0.829153,0.880579,0.033686,0.540621,0.000000,0.950000,0.540621,289.879642,2.890609,161.557474,0.261549,64,239.56
20260603_230156,2137.716,1,Right,22391,99.490867,63.646108,99.490867,0.000000,0.005047,0.015760,0.013352,765,0.000000,0.000000,0.642228,0.937744,0.025859,-0.642228,0.387173,0.035231,0.712154,0.000000,0.937744,0.712154,211.569295,46.345203,60.738321,0.145919,0,239.56
20260603_230156,2142.722,1,Left,22614,65.870700,71.212523,65.870700,1.583090,0.008651,0.012893,0.010497,838,0.000000,0.000000,0.880579,0.950000,0.021086,-0.829153,0.880579,0.033682,0.541184,0.000000,0.950000,0.541184,289.560005,2.890609,161.231000,0.261231,64,274.21
20260603_230156,2142.722,1,Right,22445,99.492092,63.733571,99.492092,0.000000,0.005039,0.015738,0.013346,766,0.000000,0.000000,0.642228,0.937744,0.025847,-0.642228,0.387173,0.035197,0.712309,0.000000,0.937744,0.712309,211.602249,46.345203,60.769621,0.145954,0,274.21
20260603_230156,2147.733,1,Left,22663,65.944491,71.274765,65.944491,1.579667,0.008643,0.012875,0.010482,841,0.000000,0.000000,0.880579,0.950000,0.021084,-0.829153,0.880579,0.033653,0.541703,0.000000,0.950000,0.541703,289.278702,2.890609,160.943536,0.260947,64,468.90
20260603_230156,2147.733,1,Right,22493,99.493176,63.810963,99.493176,0.000000,0.005086,0.015776,0.013458,772,0.000000,0.000000,0.642228,0.937744,0.025901,-0.642228,0.387173,0.035359,0.712270,0.000000,0.937744,0.712270,211.564653,46.345203,60.730573,0.146014,0,468.90
20260603_230156,2152.744,1,Left,22715,66.022452,71.340524,66.022452,1.576051,0.008637,0.012853,0.010464,844,0.000000,0.000000,0.880579,0.950000,0.021110,-0.829153,0.880579,0.033650,0.542296,0.000000,0.950000,0.542296,289.067674,2.890609,160.726012,0.260757,64,238.38
20260603_230156,2152.744,1,Right,22545,99.494345,63.894433,99.494345,0.000000,0.005092,0.015745,0.013490,773,0.000000,0.000000,0.642228,0.937744,0.025796,-0.642228,0.387173,0.035400,0.712374,0.000000,0.937744,0.712374,211.564901,46.345203,60.729241,0.146047,0,238.38
20260603_230156,2157.755,1,Left,22765,66.097079,71.403470,66.097079,1.572590,0.008627,0.012835,0.010445,847,0.000000,0.000000,0.880579,0.950000,0.021109,-0.829153,0.880579,0.033622,0.542898,0.000000,0.950000,0.542898,288.887498,2.890609,160.539634,0.260592,64,456.85
20260603_230156,2157.755,1,Right,22595,99.495464,63.974331,99.495464,0.000000,0.005095,0.015778,0.013501,774,0.000000,0.000000,0.642228,0.937744,0.025869,-0.642228,0.387173,0.035451,0.712311,0.000000,0.937744,0.712311,211.557101,46.345203,60.719930,0.146059,0,456.85
20260603_230156,2162.767,1,Left,22814,66.169896,71.464890,66.169896,1.569212,0.008620,0.012815,0.010432,850,0.000000,0.000000,0.880579,0.950000,0.021133,-0.829153,0.880579,0.033619,0.543454,0.000000,0.950000,0.543454,288.676201,2.890609,160.322298,0.260396,64,265.21
20260603_230156,2162.767,1,Right,22644,99.496555,64.052288,99.496555,0.000000,0.005088,0.015749,0.013491,775,0.000000,0.000000,0.642228,0.937744,0.025798,-0.642228,0.387173,0.035389,0.712407,0.000000,0.937744,0.712407,211.551527,46.345203,60.712881,0.146029,0,265.21
20260603_230156,2167.776,1,Left,22865,66.245353,71.528537,66.245353,1.565712,0.008609,0.012797,0.010417,853,0.000000,0.000000,0.880579,0.950000,0.021134,-0.829153,0.880579,0.033592,0.544065,0.000000,0.950000,0.544065,288.473867,2.890609,160.113720,0.260191,64,459.25
20260603_230156,2167.776,1,Right,22695,99.497687,64.133069,99.497687,0.000000,0.005090,0.015782,0.013503,776,0.000000,0.000000,0.642228,0.937744,0.025865,-0.642228,0.387173,0.035435,0.712224,0.000000,0.937744,0.712224,211.536071,46.345203,60.695898,0.146020,0,459.25
20260603_230156,2172.781,1,Left,22920,66.326353,71.596859,66.326353,1.561955,0.008600,0.012773,0.010400,856,0.000000,0.000000,0.880579,0.950000,0.021163,-0.829153,0.880579,0.033591,0.544651,0.000000,0.950000,0.544651,288.203448,2.890609,159.836614,0.259933,64,245.45
20260603_230156,2172.781,1,Right,22750,99.498901,64.219780,99.498901,0.000000,0.005078,0.015752,0.013481,777,0.000000,0.000000,0.642228,0.937744,0.025803,-0.642228,0.387173,0.035349,0.712357,0.000000,0.937744,0.712357,211.555880,46.345203,60.714066,0.146028,0,245.45
20260603_230156,2177.782,1,Left,22971,66.401114,71.659919,66.401114,1.558487,0.008593,0.012755,0.010384,859,0.000000,0.000000,0.880579,0.950000,0.021153,-0.829153,0.880579,0.033554,0.545197,0.000000,0.950000,0.545197,287.948482,2.890609,159.575491,0.259677,64,451.49
20260603_230156,2177.782,1,Right,22801,99.500022,64.299811,99.500022,0.000000,0.005076,0.015775,0.013486,778,0.000000,0.000000,0.642228,0.937744,0.025844,-0.642228,0.387173,0.035368,0.712309,0.000000,0.937744,0.712309,211.552892,46.345203,60.709565,0.146026,0,451.49
20260603_230156,2182.787,1,Left,23029,66.485735,71.731295,66.485735,1.554562,0.008604,0.012796,0.010476,862,0.000000,0.000000,0.880579,0.950000,0.021188,-0.829153,0.880579,0.033557,0.545734,0.000000,0.950000,0.545734,287.641702,2.890609,159.265205,0.259385,64,462.59
20260603_230156,2182.787,1,Right,22858,99.501269,64.388835,99.501269,0.000000,0.005068,0.015775,0.013468,779,0.000000,0.000000,0.642228,0.937744,0.025817,-0.642228,0.387173,0.035318,0.712309,0.000000,0.937744,0.712309,211.527241,46.345203,60.682230,0.145945,0,462.59
20260603_230156,2187.799,1,Left,23082,66.562690,71.796205,66.562690,1.550992,0.008594,0.012774,0.010472,864,0.000000,0.000000,0.880579,0.950000,0.021182,-0.829153,0.880579,0.033543,0.546330,0.000000,0.950000,0.546330,287.449580,2.890609,159.066764,0.259186,64,259.34
20260603_230156,2187.799,1,Right,22911,99.502422,64.471215,99.502422,0.000000,0.005084,0.015781,0.013512,781,0.000000,0.000000,0.642228,0.937744,0.025794,-0.642228,0.387173,0.035326,0.712411,0.000000,0.937744,0.712411,211.553178,46.345203,60.706609,0.145977,0,259.34
20260603_230156,2192.810,1,Left,23131,66.633522,71.855951,66.633522,1.547707,0.008587,0.012757,0.010465,866,0.000000,0.000000,0.880579,0.950000,0.021191,-0.829153,0.880579,0.033525,0.546880,0.000000,0.950000,0.546880,287.250662,2.890609,158.862043,0.258991,64,253.54
20260603_230156,2192.810,1,Right,22960,99.503484,64.547038,99.503484,0.000000,0.005087,0.015806,0.013527,782,0.000000,0.000000,0.642228,0.937744,0.025852,-0.642228,0.387173,0.035363,0.712347,0.000000,0.937744,0.712347,211.541892,46.345203,60.693889,0.145973,0,253.54
20260603_230156,2197.812,1,Left,23185,66.711236,71.921501,66.711236,1.544102,0.008577,0.012733,0.010448,869,0.000000,0.000000,0.880579,0.950000,0.021190,-0.829153,0.880579,0.033496,0.547464,0.000000,0.950000,0.547464,287.033200,2.890609,158.638228,0.258781,64,224.81
20260603_230156,2197.812,1,Right,23013,99.504628,64.628688,99.504628,0.000000,0.005079,0.015774,0.013512,783,0.000000,0.000000,0.642228,0.937744,0.025782,-0.642228,0.387173,0.035292,0.712462,0.000000,0.937744,0.712462,211.550094,46.345203,60.700547,0.145962,0,224.81
20260603_230156,2202.812,1,Left,23239,66.788588,71.986746,66.788588,1.540514,0.008568,0.012714,0.010427,873,0.000000,0.000000,0.880579,0.950000,0.021206,-0.829153,0.880579,0.033483,0.548056,0.000000,0.950000,0.548056,286.811366,2.890609,158.410085,0.258579,64,233.65
20260603_230156,2202.812,1,Right,23067,99.505787,64.711493,99.505787,0.000000,0.005082,0.015897,0.013523,784,0.000000,0.000000,0.642228,0.937744,0.025846,-0.642228,0.387173,0.035334,0.712389,0.000000,0.937744,0.712389,211.546736,46.345203,60.695623,0.145971,0,233.65
20260603_230156,2207.818,1,Left,23293,66.865582,72.051689,66.865582,1.536942,0.008559,0.012693,0.010408,876,0.000000,0.000000,0.880579,0.950000,0.021236,-0.829153,0.880579,0.033485,0.548627,0.000000,0.950000,0.548627,286.578866,2.890609,158.171319,0.258369,64,256.72
20260603_230156,2207.818,1,Right,23121,99.506942,64.793910,99.506942,0.000000,0.005074,0.015917,0.013511,785,0.000000,0.000000,0.642228,0.937744,0.025770,-0.642228,0.387173,0.035267,0.712463,0.000000,0.937744,0.712463,211.539057,46.345203,60.686385,0.145937,0,256.72
20260603_230156,2212.821,1,Left,23346,66.940804,72.115137,66.940804,1.533453,0.008553,0.012672,0.010390,879,0.000000,0.000000,0.880579,0.950000,0.021233,-0.829153,0.880579,0.033454,0.549184,0.000000,0.950000,0.549184,286.348701,2.890609,157.935047,0.258152,64,261.39
20260603_230156,2212.821,1,Right,23174,99.508069,64.874428,99.508069,0.000000,0.005077,0.015941,0.013520,786,0.000000,0.000000,0.642228,0.937744,0.025836,-0.642228,0.387173,0.035312,0.712442,0.000000,0.937744,0.712442,211.570403,46.345203,60.716208,0.145997,0,261.39
20260603_230156,2217.826,1,Left,23404,67.022731,72.184242,67.022731,1.529653,0.008542,0.012653,0.010369,883,0.000000,0.000000,0.880579,0.950000,0.021242,-0.829153,0.880579,0.033433,0.549817,0.000000,0.950000,0.549817,286.113548,2.890609,157.693259,0.257935,64,235.93
20260603_230156,2217.826,1,Right,23230,99.509255,64.959105,99.509255,0.000000,0.005067,0.016009,0.013506,789,0.000000,0.000000,0.642228,0.937744,0.025777,-0.642228,0.387173,0.035230,0.712433,0.000000,0.937744,0.712433,211.523762,46.345203,60.667966,0.145910,0,235.93
20260603_230156,2222.830,1,Left,23460,67.101449,72.250639,67.101449,1.526002,0.008535,0.012634,0.010352,886,0.000000,0.000000,0.880579,0.950000,0.021265,-0.829153,0.880579,0.033426,0.550405,0.000000,0.950000,0.550405,285.875839,2.890609,157.449188,0.257716,64,455.36
20260603_230156,2222.830,1,Right,23286,99.510435,65.043374,99.510435,0.000000,0.005063,0.016027,0.013497,791,0.000000,0.000000,0.642228,0.937744,0.025816,-0.642228,0.387173,0.035246,0.712413,0.000000,0.937744,0.712413,211.469082,46.345203,60.611693,0.145834,0,455.36
20260603_230156,2227.830,1,Left,23513,67.175605,72.313188,67.175605,1.522562,0.008527,0.012614,0.010334,889,0.000000,0.000000,0.880579,0.950000,0.021263,-0.829153,0.880579,0.033397,0.550960,0.000000,0.950000,0.550960,285.664617,2.890609,157.231988,0.257517,64,227.67
20260603_230156,2227.830,1,Right,23339,99.511547,65.122756,99.511547,0.000000,0.005061,0.015995,0.013480,793,0.000000,0.000000,0.642228,0.937744,0.025813,-0.642228,0.387173,0.035222,0.712498,0.000000,0.937744,0.712498,211.448174,46.345203,60.589284,0.145802,0,227.67
20260603_230156,2232.840,1,Left,23567,67.250817,72.376628,67.250817,1.519073,0.008519,0.012595,0.010316,892,0.000000,0.000000,0.880579,0.950000,0.021278,-0.829153,0.880579,0.033384,0.551508,0.000000,0.950000,0.551508,285.424121,2.890609,156.985442,0.257290,64,239.58
20260603_230156,2232.840,1,Right,23392,99.512654,65.201778,99.512654,0.000000,0.005056,0.016016,0.013457,796,0.000000,0.000000,0.642228,0.937744,0.025822,-0.642228,0.387173,0.035210,0.712481,0.000000,0.937744,0.712481,211.428035,46.345203,60.567651,0.145778,0,239.58
20260603_230156,2237.842,1,Left,23621,67.325685,72.439778,67.325685,1.515601,0.008510,0.012575,0.010299,895,0.000000,0.000000,0.880579,0.950000,0.021289,-0.829153,0.880579,0.033368,0.552055,0.000000,0.950000,0.552055,285.184561,2.890609,156.739873,0.257061,64,460.96
20260603_230156,2237.842,1,Right,23446,99.513776,65.281924,99.513776,0.000000,0.005054,0.016035,0.013438,798,0.000000,0.000000,0.642228,0.937744,0.025820,-0.642228,0.387173,0.035186,0.712504,0.000000,0.937744,0.712504,211.371180,46.345203,60.509280,0.145691,0,460.96
20260603_230156,2242.847,1,Left,23674,67.398834,72.501478,67.398834,1.512207,0.008502,0.012561,0.010281,899,0.000000,0.000000,0.880579,0.950000,0.021288,-0.829153,0.880579,0.033339,0.552593,0.000000,0.950000,0.552593,284.920040,2.890609,156.469494,0.256796,64,250.95
20260603_230156,2242.847,1,Right,23499,99.514873,65.360228,99.514873,0.000000,0.005078,0.016079,0.013513,802,0.000000,0.000000,0.642228,0.937744,0.025846,-0.642228,0.387173,0.035241,0.712454,0.000000,0.937744,0.712454,211.411976,46.345203,60.569078,0.145806,0,250.95
20260603_230156,2247.847,1,Left,23728,67.473028,72.564059,67.473028,1.508766,0.008493,0.012546,0.010267,901,0.000000,0.000000,0.880579,0.950000,0.021297,-0.829153,0.880579,0.033321,0.553135,0.000000,0.950000,0.553135,284.666426,2.890609,156.209951,0.256543,64,255.50
20260603_230156,2247.847,1,Right,23552,99.515965,65.438179,99.515965,0.000000,0.005098,0.016119,0.013576,804,0.000000,0.000000,0.642228,0.937744,0.025832,-0.642228,0.387173,0.035330,0.712496,0.000000,0.937744,0.712496,211.449179,46.345203,60.611448,0.145913,0,255.50
20260603_230156,2252.853,1,Left,23781,67.545520,72.625205,67.545520,1.505403,0.008485,0.012527,0.010253,904,0.000000,0.000000,0.880579,0.950000,0.021319,-0.829153,0.880579,0.033317,0.553679,0.000000,0.950000,0.553679,284.439805,2.890609,155.977550,0.256331,64,239.37
20260603_230156,2252.853,1,Right,23605,99.517051,65.515781,99.517051,0.000000,0.005091,0.016163,0.013560,806,0.000000,0.000000,0.642228,0.937744,0.025841,-0.642228,0.387173,0.035316,0.712499,0.000000,0.937744,0.712499,211.397731,46.345203,60.558471,0.145823,0,239.37
20260603_230156,2257.854,1,Left,23829,67.610894,72.680347,67.610894,1.502371,0.008476,0.012507,0.010240,907,0.000000,0.000000,0.880579,0.950000,0.021309,-0.829153,0.880579,0.033283,0.554151,0.000000,0.950000,0.554151,284.222166,2.890609,155.754709,0.256108,64,436.59
20260603_230156,2257.854,1,Right,23653,99.518032,65.585761,99.518032,0.000000,0.005089,0.016211,0.013545,808,0.000000,0.000000,0.642228,0.937744,0.025817,-0.642228,0.387173,0.035274,0.712513,0.000000,0.937744,0.712513,211.416777,46.345203,60.576139,0.145817,0,436.59
20260603_230156,2262.868,1,Left,23882,67.682774,72.740976,67.682774,1.499037,0.008471,0.012486,0.010228,910,0.000000,0.000000,0.880579,0.950000,0.021345,-0.829153,0.880579,0.033292,0.554666,0.000000,0.950000,0.554666,283.975644,2.890609,155.502478,0.255874,64,253.19
20260603_230156,2262.868,1,Right,23704,99.519069,65.659804,99.519069,0.000000,0.005084,0.016233,0.013531,812,0.000000,0.000000,0.642228,0.937744,0.025869,-0.642228,0.387173,0.035305,0.712379,0.000000,0.937744,0.712379,211.381813,46.345203,60.539717,0.145771,0,253.19
20260603_230156,2267.868,1,Left,23932,67.750292,72.797927,67.750292,1.495905,0.008465,0.012475,0.010213,913,0.000000,0.000000,0.880579,0.950000,0.021339,-0.829153,0.880579,0.033261,0.555155,0.000000,0.950000,0.555155,283.724557,2.890609,155.246041,0.255618,64,440.72
20260603_230156,2267.868,1,Right,23754,99.520081,65.732087,99.520081,0.000000,0.005146,0.016283,0.013703,815,0.000000,0.000000,0.642228,0.937744,0.025795,-0.642228,0.387173,0.035444,0.712397,0.000000,0.937744,0.712397,211.422840,46.345203,60.589044,0.145935,0,440.72
20260603_230156,2272.879,1,Left,23985,67.821555,72.858036,67.821555,1.492600,0.008457,0.012454,0.010197,917,0.000000,0.000000,0.880579,0.950000,0.021348,-0.829153,0.880579,0.033243,0.555636,0.000000,0.950000,0.555636,283.446499,2.890609,154.962347,0.255336,64,234.28
20260603_230156,2272.879,1,Right,23807,99.521149,65.808376,99.521149,0.000000,0.005160,0.016260,0.013759,817,0.000000,0.000000,0.642228,0.937744,0.025790,-0.642228,0.387173,0.035631,0.712621,0.000000,0.937744,0.712621,211.498155,46.345203,60.662835,0.146141,0,234.28
20260603_230156,2277.886,1,Left,24035,67.888496,72.914500,67.888496,1.489494,0.008449,0.012440,0.010183,920,0.000000,0.000000,0.880579,0.950000,0.021376,-0.829153,0.880579,0.033246,0.556155,0.000000,0.950000,0.556155,283.246951,2.890609,154.757516,0.255156,64,233.72
20260603_230156,2277.886,1,Right,23857,99.522153,65.880035,99.522153,0.000000,0.005161,0.016285,0.013761,818,0.000000,0.000000,0.642228,0.937744,0.025897,-0.642228,0.387173,0.035718,0.712474,0.000000,0.937744,0.712474,211.474881,46.345203,60.638129,0.146138,0,233.72
20260603_230156,2282.895,1,Left,24088,67.959150,72.974095,67.959150,1.486217,0.008442,0.012417,0.010174,922,0.000000,0.000000,0.880579,0.950000,0.021382,-0.829153,0.880579,0.033226,0.556700,0.000000,0.950000,0.556700,283.077959,2.890609,154.582958,0.254988,64,255.24
20260603_230156,2282.895,1,Right,23910,99.523212,65.955667,99.523212,0.000000,0.005159,0.016258,0.013767,819,0.000000,0.000000,0.642228,0.937744,0.025793,-0.642228,0.387173,0.035698,0.712670,0.000000,0.937744,0.712670,211.580433,46.345203,60.742170,0.146248,0,255.24
20260603_230156,2287.907,1,Left,24134,68.020220,73.025607,68.020220,1.483384,0.008433,0.012401,0.010164,924,0.000000,0.000000,0.880579,0.950000,0.021387,-0.829153,0.880579,0.033209,0.557180,0.000000,0.950000,0.557180,282.916790,2.890609,154.416988,0.254830,64,231.82
20260603_230156,2287.907,1,Right,23956,99.524128,66.021039,99.524128,0.000000,0.005164,0.016290,0.013772,820,0.000000,0.000000,0.642228,0.937744,0.025872,-0.642228,0.387173,0.035758,0.712535,0.000000,0.937744,0.712535,211.563748,46.345203,60.724179,0.146250,0,231.82
20260603_230156,2292.912,1,Left,24187,68.090296,73.084715,68.090296,1.480134,0.008425,0.012380,0.010149,927,0.000000,0.000000,0.880579,0.950000,0.021385,-0.829153,0.880579,0.033182,0.557715,0.000000,0.950000,0.557715,282.744537,2.890609,154.239237,0.254663,64,235.34
20260603_230156,2292.912,1,Right,24009,99.525178,66.096047,99.525178,0.000000,0.005158,0.016259,0.013765,821,0.000000,0.000000,0.642228,0.937744,0.025782,-0.642228,0.387173,0.035712,0.712673,0.000000,0.937744,0.712673,211.601095,46.345203,60.760028,0.146272,0,235.34
20260603_230156,2297.918,1,Left,24240,68.160066,73.143564,68.160066,1.476898,0.008418,0.012365,0.010138,930,0.000000,0.000000,0.880579,0.950000,0.021400,-0.829153,0.880579,0.033171,0.558246,0.000000,0.950000,0.558246,282.538718,2.890609,154.027954,0.254463,64,438.32
20260603_230156,2297.918,1,Right,24061,99.526204,66.169320,99.526204,0.000000,0.005157,0.016292,0.013767,822,0.000000,0.000000,0.642228,0.937744,0.025841,-0.642228,0.387173,0.035750,0.712553,0.000000,0.937744,0.712553,211.607211,46.345203,60.764680,0.146285,0,438.32
20260603_230156,2302.920,1,Left,24292,68.228223,73.201054,68.228223,1.473736,0.008407,0.012344,0.010124,933,0.000000,0.000000,0.880579,0.950000,0.021394,-0.829153,0.880579,0.033139,0.558733,0.000000,0.950000,0.558733,282.316097,2.890609,153.800007,0.254238,64,260.00
20260603_230156,2302.920,1,Right,24112,99.527206,66.240876,99.527206,0.000000,0.005146,0.016265,0.013748,823,0.000000,0.000000,0.642228,0.937744,0.025787,-0.642228,0.387173,0.035675,0.712663,0.000000,0.937744,0.712663,211.621811,46.345203,60.777850,0.146265,0,260.00
20260603_230156,2307.931,1,Left,24347,68.299996,73.261593,68.299996,1.470407,0.008424,0.012390,0.010205,937,0.000000,0.000000,0.880579,0.950000,0.021402,-0.829153,0.880579,0.033192,0.559166,0.000000,0.950000,0.559166,282.087621,2.890609,153.573814,0.254055,64,254.20
20260603_230156,2307.931,1,Right,24167,99.528282,66.317706,99.528282,0.000000,0.005143,0.016288,0.013742,824,0.000000,0.000000,0.642228,0.937744,0.025842,-0.642228,0.387173,0.035707,0.712642,0.000000,0.937744,0.712642,211.578611,46.345203,60.733115,0.146211,0,254.20
20260603_230156,2312.941,1,Left,24401,68.370149,73.320766,68.370149,1.467153,0.008417,0.012376,0.010219,938,0.000000,0.000000,0.880579,0.950000,0.021430,-0.829153,0.880579,0.033204,0.559780,0.000000,0.950000,0.559780,281.983035,2.890609,153.463743,0.253960,64,245.28
20260603_230156,2312.941,1,Right,24221,99.529334,66.392800,99.529334,0.000000,0.005135,0.016281,0.013724,825,0.000000,0.000000,0.642228,0.937744,0.025807,-0.642228,0.387173,0.035651,0.712674,0.000000,0.937744,0.712674,211.555003,46.345203,60.708008,0.146130,0,245.28
20260603_230156,2317.943,1,Left,24452,68.436120,73.376411,68.436120,1.464093,0.008428,0.012417,0.010280,942,0.000000,0.000000,0.880579,0.950000,0.021478,-0.829153,0.880579,0.033227,0.560194,0.000000,0.950000,0.560194,281.788645,2.890609,153.267212,0.253790,64,461.32
20260603_230156,2317.943,1,Right,24272,99.530323,66.463415,99.530323,0.000000,0.005129,0.016286,0.013715,826,0.000000,0.000000,0.642228,0.937744,0.025822,-0.642228,0.387173,0.035644,0.712720,0.000000,0.937744,0.712720,211.558262,46.345203,60.709855,0.146123,0,461.32
20260603_230156,2322.954,1,Left,24509,68.509527,73.438329,68.509527,1.460688,0.008417,0.012404,0.010295,943,0.000000,0.000000,0.880579,0.950000,0.021423,-0.829153,0.880579,0.033155,0.560818,0.000000,0.950000,0.560818,281.625497,2.890609,153.098337,0.253596,64,443.79
20260603_230156,2322.954,1,Right,24329,99.531423,66.541987,99.531423,0.000000,0.005123,0.016446,0.013704,827,0.000000,0.000000,0.642228,0.937744,0.025828,-0.642228,0.387173,0.035627,0.712601,0.000000,0.937744,0.712601,211.501231,46.345203,60.651255,0.146026,0,443.79
20260603_230156,2327.960,1,Left,24562,68.577477,73.495644,68.577477,1.457536,0.008411,0.012383,0.010288,945,0.000000,0.000000,0.880579,0.950000,0.021463,-0.829153,0.880579,0.033169,0.561317,0.000000,0.950000,0.561317,281.437452,2.890609,152.905002,0.253420,64,237.06
20260603_230156,2327.960,1,Right,24382,99.532442,66.614716,99.532442,0.000000,0.005117,0.016417,0.013692,828,0.000000,0.000000,0.642228,0.937744,0.025822,-0.642228,0.387173,0.035600,0.712729,0.000000,0.937744,0.712729,211.536501,46.345203,60.685073,0.146055,0,237.06
20260603_230156,2332.963,1,Left,24616,68.646409,73.553786,68.646409,1.454339,0.008401,0.012365,0.010271,949,0.000000,0.000000,0.880579,0.950000,0.021468,-0.829153,0.880579,0.033149,0.561847,0.000000,0.950000,0.561847,281.248488,2.890609,152.710682,0.253248,64,460.96
20260603_230156,2332.963,1,Right,24436,99.533475,66.688492,99.533475,0.000000,0.005116,0.016487,0.013687,830,0.000000,0.000000,0.642228,0.937744,0.025858,-0.642228,0.387173,0.035614,0.712606,0.000000,0.937744,0.712606,211.508177,46.345203,60.655276,0.146012,0,460.96
20260603_230156,2337.976,1,Left,24671,68.716307,73.612744,68.716307,1.451096,0.008396,0.012344,0.010255,952,0.000000,0.000000,0.880579,0.950000,0.021483,-0.829153,0.880579,0.033138,0.562357,0.000000,0.950000,0.562357,281.056366,2.890609,152.513141,0.253070,64,248.07
20260603_230156,2337.976,1,Right,24491,99.534523,66.763301,99.534523,0.000000,0.005115,0.016461,0.013692,831,0.000000,0.000000,0.642228,0.937744,0.025787,-0.642228,0.387173,0.035593,0.712785,0.000000,0.937744,0.712785,211.583277,46.345203,60.728881,0.146088,0,248.07
20260603_230156,2342.980,1,Left,24727,68.787156,73.672504,68.787156,1.447810,0.008384,0.012325,0.010238,955,0.000000,0.000000,0.880579,0.950000,0.021481,-0.829153,0.880579,0.033109,0.562903,0.000000,0.950000,0.562903,280.862061,2.890609,152.313353,0.252887,64,240.39
20260603_230156,2342.980,1,Right,24546,99.535566,66.837774,99.535566,0.000000,0.005119,0.016535,0.013709,832,0.000000,0.000000,0.642228,0.937744,0.025863,-0.642228,0.387173,0.035648,0.712683,0.000000,0.937744,0.712683,211.611491,46.345203,60.755608,0.146140,0,240.39
20260603_230156,2347.992,1,Left,24780,68.853914,73.728814,68.853914,1.444713,0.008381,0.012306,0.010221,959,0.000000,0.000000,0.880579,0.950000,0.021498,-0.829153,0.880579,0.033102,0.563396,0.000000,0.950000,0.563396,280.677002,2.890609,152.123139,0.252717,64,447.49
20260603_230156,2347.992,1,Right,24598,99.536548,66.907879,99.536548,0.000000,0.005116,0.016506,0.013705,833,0.000000,0.000000,0.642228,0.937744,0.025785,-0.642228,0.387173,0.035613,0.712795,0.000000,0.937744,0.712795,211.626418,46.345203,60.769134,0.146144,0,447.49
20260603_230156,2353.000,1,Left,24834,68.921640,73.785939,68.921640,1.441572,0.008370,0.012289,0.010209,961,0.000000,0.000000,0.880579,0.950000,0.021497,-0.829153,0.880579,0.033076,0.563911,0.000000,0.950000,0.563911,280.486949,2.890609,151.927867,0.252526,64,459.60
20260603_230156,2353.000,1,Right,24652,99.537563,66.980367,99.537563,0.000000,0.005115,0.016531,0.013709,834,0.000000,0.000000,0.642228,0.937744,0.025845,-0.642228,0.387173,0.035667,0.712682,0.000000,0.937744,0.712682,211.632913,46.345203,60.774182,0.146171,0,459.60
20260603_230156,2358.009,1,Left,24886,68.986579,73.840714,68.986579,1.438560,0.008366,0.012273,0.010195,964,0.000000,0.000000,0.880579,0.950000,0.021535,-0.829153,0.880579,0.033089,0.564401,0.000000,0.950000,0.564401,280.300455,2.890609,151.736378,0.252355,64,450.90
20260603_230156,2358.009,1,Right,24704,99.538536,67.049870,99.538536,0.000000,0.005114,0.016550,0.013705,835,0.000000,0.000000,0.642228,0.937744,0.025835,-0.642228,0.387173,0.035661,0.712563,0.000000,0.937744,0.712563,211.609890,46.345203,60.749771,0.146129,0,450.90
20260603_230156,2363.013,1,Left,24943,69.057451,73.900493,69.057451,1.435272,0.008354,0.012259,0.010179,967,0.000000,0.000000,0.880579,0.950000,0.021520,-0.829153,0.880579,0.033048,0.564921,0.000000,0.950000,0.564921,280.078699,2.890609,151.509180,0.252133,64,248.85
20260603_230156,2363.013,1,Right,24761,99.539599,67.125722,99.539599,0.000000,0.005133,0.016580,0.013755,837,0.000000,0.000000,0.642228,0.937744,0.025808,-0.642228,0.387173,0.035713,0.712593,0.000000,0.937744,0.712593,211.636160,46.345203,60.783260,0.146206,0,248.85
20260603_230156,2368.014,1,Left,24997,69.124295,73.956875,69.124295,1.432172,0.008347,0.012237,0.010168,970,0.000000,0.000000,0.880579,0.950000,0.021547,-0.829153,0.880579,0.033050,0.565385,0.000000,0.950000,0.565385,279.847565,2.890609,151.272925,0.251900,64,257.15
20260603_230156,2368.014,1,Right,24815,99.540600,67.197260,99.540600,0.000000,0.005131,0.016554,0.013764,839,0.000000,0.000000,0.642228,0.937744,0.025850,-0.642228,0.387173,0.035734,0.712737,0.000000,0.937744,0.712737,211.673036,46.345203,60.818688,0.146264,0,257.15
20260603_230156,2373.025,1,Left,25048,69.187161,74.009901,69.187161,1.429256,0.008340,0.012219,0.010154,973,0.000000,0.000000,0.880579,0.950000,0.021547,-0.829153,0.880579,0.033027,0.565845,0.000000,0.950000,0.565845,279.654410,2.890609,151.074962,0.251711,64,252.08
20260603_230156,2373.025,1,Right,24866,99.541543,67.264538,99.541543,0.000000,0.005128,0.016621,0.013749,840,0.000000,0.000000,0.642228,0.937744,0.025875,-0.642228,0.387173,0.035738,0.712689,0.000000,0.937744,0.712689,211.625443,46.345203,60.769733,0.146191,0,252.08
20260603_230156,2378.029,1,Left,25098,69.248546,74.061678,69.248546,1.426408,0.008334,0.012200,0.010142,976,0.000000,0.000000,0.880579,0.950000,0.021561,-0.829153,0.880579,0.033018,0.566292,0.000000,0.950000,0.566292,279.468991,2.890609,150.884857,0.251533,64,443.84
20260603_230156,2378.029,1,Right,24915,99.542444,67.328918,99.542444,0.000000,0.005118,0.016593,0.013732,841,0.000000,0.000000,0.642228,0.937744,0.025824,-0.642228,0.387173,0.035668,0.712778,0.000000,0.937744,0.712778,211.624456,46.345203,60.767444,0.146142,0,443.84
20260603_230156,2383.038,1,Left,25148,69.309687,74.113250,69.309687,1.423572,0.008329,0.012186,0.010128,979,0.000000,0.000000,0.880579,0.950000,0.021557,-0.829153,0.880579,0.032991,0.566753,0.000000,0.950000,0.566753,279.280317,2.890609,150.691523,0.251353,64,222.36
20260603_230156,2383.038,1,Right,24965,99.543361,67.394352,99.543361,0.000000,0.005116,0.016657,0.013725,843,0.000000,0.000000,0.642228,0.937744,0.025854,-0.642228,0.387173,0.035678,0.712762,0.000000,0.937744,0.712762,211.561623,46.345203,60.703286,0.146037,0,222.36
20260603_230156,2388.041,1,Left,25195,69.366938,74.161540,69.366938,1.420917,0.008324,0.012170,0.010118,982,0.000000,0.000000,0.880579,0.950000,0.021574,-0.829153,0.880579,0.032987,0.567161,0.000000,0.950000,0.567161,279.089274,2.890609,150.496125,0.251169,64,451.68
20260603_230156,2388.041,1,Right,25012,99.544219,67.455621,99.544219,0.000000,0.005111,0.016725,0.013712,844,0.000000,0.000000,0.642228,0.937744,0.025877,-0.642228,0.387173,0.035683,0.712662,0.000000,0.937744,0.712662,211.515899,46.345203,60.656322,0.145962,0,451.68
20260603_230156,2393.048,1,Left,25249,69.432453,74.216801,69.432453,1.417878,0.008315,0.012149,0.010102,985,0.000000,0.000000,0.880579,0.950000,0.021564,-0.829153,0.880579,0.032952,0.567616,0.000000,0.950000,0.567616,278.861781,2.890609,150.263657,0.250938,64,447.73
20260603_230156,2393.048,1,Right,25065,99.545183,67.524436,99.545183,0.000000,0.005103,0.016701,0.013695,847,0.000000,0.000000,0.642228,0.937744,0.025827,-0.642228,0.387173,0.035612,0.712818,0.000000,0.937744,0.712818,211.560778,46.345203,60.699809,0.145966,0,447.73
20260603_230156,2398.055,1,Left,25302,69.496482,74.270809,69.496482,1.414908,0.008308,0.012131,0.010088,989,0.000000,0.000000,0.880579,0.950000,0.021580,-0.829153,0.880579,0.032944,0.568053,0.000000,0.950000,0.568053,278.629019,2.890609,150.026041,0.250707,64,256.91
20260603_230156,2398.055,1,Right,25118,99.546142,67.592961,99.546142,0.000000,0.005103,0.016723,0.013696,848,0.000000,0.000000,0.642228,0.937744,0.025880,-0.642228,0.387173,0.035645,0.712775,0.000000,0.937744,0.712775,211.555383,46.345203,60.693027,0.145968,0,256.91
20260603_230156,2403.059,1,Left,25351,69.555442,74.320540,69.555442,1.412173,0.008301,0.012113,0.010075,992,0.000000,0.000000,0.880579,0.950000,0.021596,-0.829153,0.880579,0.032939,0.568498,0.000000,0.950000,0.568498,278.470176,2.890609,149.862737,0.250562,64,227.79
20260603_230156,2403.059,1,Right,25167,99.547026,67.656058,99.547026,0.000000,0.005093,0.016695,0.013680,849,0.000000,0.000000,0.642228,0.937744,0.025830,-0.642228,0.387173,0.035576,0.712864,0.000000,0.937744,0.712864,211.554822,46.345203,60.691189,0.145955,0,227.79
20260603_230156,2408.065,1,Left,25403,69.617762,74.373106,69.617762,1.409282,0.008293,0.012096,0.010062,995,0.000000,0.000000,0.880579,0.950000,0.021603,-0.829153,0.880579,0.032923,0.568999,0.000000,0.950000,0.568999,278.333829,2.890609,149.721683,0.250439,64,240.32
20260603_230156,2408.065,1,Right,25219,99.547960,67.722749,99.547960,0.000000,0.005095,0.016711,0.013692,850,0.000000,0.000000,0.642228,0.937744,0.025892,-0.642228,0.387173,0.035618,0.712814,0.000000,0.937744,0.712814,211.543508,46.345203,60.678526,0.145954,0,240.32
20260603_230156,2413.073,1,Left,25452,69.676253,74.422442,69.676253,1.406569,0.008289,0.012086,0.010050,998,0.000000,0.000000,0.880579,0.950000,0.021630,-0.829153,0.880579,0.032928,0.569470,0.000000,0.950000,0.569470,278.191033,2.890609,149.574477,0.250314,64,247.60
20260603_230156,2413.073,1,Right,25268,99.548836,67.785341,99.548836,0.000000,0.005085,0.016730,0.013676,851,0.000000,0.000000,0.642228,0.937744,0.025842,-0.642228,0.387173,0.035549,0.712766,0.000000,0.937744,0.712766,211.497096,46.345203,60.630848,0.145851,0,247.60
20260603_230156,2418.076,1,Left,25498,69.730959,74.468586,69.730959,1.404032,0.008284,0.012076,0.010038,1001,0.000000,0.000000,0.880579,0.950000,0.021629,-0.829153,0.880579,0.032907,0.569886,0.000000,0.950000,0.569886,278.038449,2.890609,149.417775,0.250167,64,436.54
20260603_230156,2418.076,1,Right,25314,99.549656,67.843881,99.549656,0.000000,0.005086,0.016753,0.013674,853,0.000000,0.000000,0.642228,0.937744,0.025875,-0.642228,0.387173,0.035564,0.712692,0.000000,0.937744,0.712692,211.457780,46.345203,60.590347,0.145810,0,436.54
20260603_230156,2423.084,1,Left,25550,69.792564,74.520548,69.792564,1.401174,0.008278,0.012057,0.010025,1005,0.000000,0.000000,0.880579,0.950000,0.021637,-0.829153,0.880579,0.032891,0.570343,0.000000,0.950000,0.570343,277.873129,2.890609,149.247825,0.250009,64,266.29
20260603_230156,2423.084,1,Right,25366,99.550580,67.909801,99.550580,0.000000,0.005081,0.016724,0.013653,854,0.000000,0.000000,0.642228,0.937744,0.025860,-0.642228,0.387173,0.035529,0.712788,0.000000,0.937744,0.712788,211.458547,46.345203,60.589780,0.145807,0,266.29
20260603_230156,2428.086,1,Left,25604,69.856272,74.574285,69.856272,1.398219,0.008271,0.012037,0.010012,1007,0.000000,0.000000,0.880579,0.950000,0.021657,-0.829153,0.880579,0.032887,0.570805,0.000000,0.950000,0.570805,277.693630,2.890609,149.063547,0.249839,64,209.37
20260603_230156,2428.086,1,Right,25420,99.551534,67.977970,99.551534,0.000000,0.005078,0.016695,0.013635,857,0.000000,0.000000,0.642228,0.937744,0.025847,-0.642228,0.387173,0.035495,0.712860,0.000000,0.937744,0.712860,211.432166,46.345203,60.562020,0.145768,0,209.37
20260603_230156,2433.087,1,Left,25658,69.919713,74.627796,69.919713,1.395276,0.008264,0.012024,0.010002,1010,0.000000,0.000000,0.880579,0.950000,0.021663,-0.829153,0.880579,0.032870,0.571269,0.000000,0.950000,0.571269,277.498853,2.890609,148.864019,0.249647,64,449.07
20260603_230156,2433.087,1,Right,25473,99.552467,68.044596,99.552467,0.000000,0.005074,0.016709,0.013619,860,0.000000,0.000000,0.642228,0.937744,0.025871,-0.642228,0.387173,0.035500,0.712873,0.000000,0.937744,0.712873,211.370096,46.345203,60.498602,0.145676,0,449.07
20260603_230156,2438.088,1,Left,25711,69.981720,74.680098,69.981720,1.392400,0.008256,0.012007,0.009989,1013,0.000000,0.000000,0.880579,0.950000,0.021670,-0.829153,0.880579,0.032854,0.571716,0.000000,0.950000,0.571716,277.304449,2.890609,148.664980,0.249459,64,239.24
20260603_230156,2438.088,1,Right,25525,99.553379,68.109696,99.553379,0.000000,0.005071,0.016772,0.013605,862,0.000000,0.000000,0.642228,0.937744,0.025885,-0.642228,0.387173,0.035494,0.712773,0.000000,0.937744,0.712773,211.313728,46.345203,60.440917,0.145588,0,239.24
20260603_230156,2443.092,1,Left,25765,70.044634,74.733165,70.044634,1.389482,0.008249,0.011989,0.009977,1016,0.000000,0.000000,0.880579,0.950000,0.021678,-0.829153,0.880579,0.032839,0.572177,0.000000,0.950000,0.572177,277.130291,2.890609,148.486128,0.249293,64,472.07
20260603_230156,2443.092,1,Right,25579,99.554322,68.177020,99.554322,0.000000,0.005064,0.016742,0.013591,863,0.000000,0.000000,0.642228,0.937744,0.025843,-0.642228,0.387173,0.035432,0.712898,0.000000,0.937744,0.712898,211.342402,46.345203,60.468229,0.145586,0,472.07
20260603_230156,2448.102,1,Left,25818,70.106128,74.785034,70.106128,1.386629,0.008245,0.011973,0.009964,1020,0.000000,0.000000,0.880579,0.950000,0.021700,-0.829153,0.880579,0.032837,0.572651,0.000000,0.950000,0.572651,276.964320,2.890609,148.315576,0.249143,64,244.00
20260603_230156,2448.102,1,Right,25632,99.555243,68.242821,99.555243,0.000000,0.005065,0.016762,0.013594,864,0.000000,0.000000,0.642228,0.937744,0.025895,-0.642228,0.387173,0.035464,0.712802,0.000000,0.937744,0.712802,211.330445,46.345203,60.454941,0.145572,0,244.00
20260603_230156,2453.103,1,Left,25871,70.167369,74.836690,70.167369,1.383789,0.008235,0.011953,0.009948,1023,0.000000,0.000000,0.880579,0.950000,0.021692,-0.829153,0.880579,0.032806,0.573103,0.000000,0.950000,0.573103,276.798017,2.890609,148.144720,0.248983,64,461.12
20260603_230156,2453.103,1,Right,25684,99.556144,68.307117,99.556144,0.000000,0.005060,0.016735,0.013588,865,0.000000,0.000000,0.642228,0.937744,0.025817,-0.642228,0.387173,0.035418,0.712940,0.000000,0.937744,0.712940,211.375083,46.345203,60.498277,0.145605,0,461.12
20260603_230156,2458.107,1,Left,25926,70.230656,74.890072,70.230656,1.380853,0.008230,0.011936,0.009935,1026,0.000000,0.000000,0.880579,0.950000,0.021716,-0.829153,0.880579,0.032807,0.573579,0.000000,0.950000,0.573579,276.616721,2.890609,147.958728,0.248818,64,258.21
20260603_230156,2458.107,1,Right,25739,99.557092,68.374840,99.557092,0.000000,0.005062,0.016770,0.013600,866,0.000000,0.000000,0.642228,0.937744,0.025887,-0.642228,0.387173,0.035468,0.712884,0.000000,0.937744,0.712884,211.402326,46.345203,60.524150,0.145645,0,258.21
20260603_230156,2463.111,1,Left,25980,70.292533,74.942263,70.292533,1.377983,0.008222,0.011918,0.009919,1030,0.000000,0.000000,0.880579,0.950000,0.021734,-0.829153,0.880579,0.032801,0.574042,0.000000,0.950000,0.574042,276.449699,2.890609,147.787121,0.248667,64,257.02
20260603_230156,2463.111,1,Right,25792,99.558002,68.439826,99.558002,0.000000,0.005062,0.016813,0.013601,867,0.000000,0.000000,0.642228,0.937744,0.025822,-0.642228,0.387173,0.035454,0.712866,0.000000,0.937744,0.712866,211.410473,46.345203,60.530983,0.145647,0,257.02
20260603_230156,2468.118,1,Left,26031,70.350736,74.991356,70.350736,1.375283,0.008215,0.011901,0.009905,1033,0.000000,0.000000,0.880579,0.950000,0.021727,-0.829153,0.880579,0.032773,0.574468,0.000000,0.950000,0.574468,276.291023,2.890609,147.624140,0.248516,64,255.88
20260603_230156,2468.118,1,Right,25843,99.558875,68.502109,99.558875,0.000000,0.005063,0.016813,0.013607,868,0.000000,0.000000,0.642228,0.937744,0.025850,-0.642228,0.387173,0.035491,0.712949,0.000000,0.937744,0.712949,211.446610,46.345203,60.565860,0.145715,0,255.88
20260603_230156,2473.118,1,Left,26084,70.410980,75.042171,70.410980,1.372489,0.008211,0.011887,0.009894,1036,0.000000,0.000000,0.880579,0.950000,0.021755,-0.829153,0.880579,0.032779,0.574933,0.000000,0.950000,0.574933,276.134735,2.890609,147.463404,0.248377,64,459.65
20260603_230156,2473.118,1,Right,25896,99.559778,68.566574,99.559778,0.000000,0.005061,0.016922,0.013606,870,0.000000,0.000000,0.642228,0.937744,0.025877,-0.642228,0.387173,0.035517,0.712912,0.000000,0.937744,0.712912,211.405635,46.345203,60.523581,0.145665,0,459.65
20260603_230156,2478.122,1,Left,26138,70.472110,75.093733,70.472110,1.369653,0.008200,0.011871,0.009879,1039,0.000000,0.000000,0.880579,0.950000,0.021743,-0.829153,0.880579,0.032744,0.575382,0.000000,0.950000,0.575382,275.972788,2.890609,147.296951,0.248218,64,449.36
20260603_230156,2478.122,1,Right,25950,99.560694,68.631985,99.560694,0.000000,0.005054,0.016892,0.013596,871,0.000000,0.000000,0.642228,0.937744,0.025839,-0.642228,0.387173,0.035459,0.712986,0.000000,0.937744,0.712986,211.384557,46.345203,60.501179,0.145606,0,449.36
20260603_230156,2483.124,1,Left,26195,70.536362,75.147929,70.536362,1.366673,0.008196,0.011856,0.009867,1042,0.000000,0.000000,0.880579,0.950000,0.021773,-0.829153,0.880579,0.032750,0.575875,0.000000,0.950000,0.575875,275.802330,2.890609,147.121765,0.248062,64,247.99
20260603_230156,2483.124,1,Right,26007,99.561656,68.700734,99.561656,0.000000,0.005054,0.016908,0.013597,872,0.000000,0.000000,0.642228,0.937744,0.025889,-0.642228,0.387173,0.035488,0.712880,0.000000,0.937744,0.712880,211.359108,46.345203,60.474339,0.145577,0,247.99
20260603_230156,2488.138,1,Left,26245,70.592494,75.195275,70.592494,1.364069,0.008187,0.011846,0.009854,1045,0.000000,0.000000,0.880579,0.950000,0.021770,-0.829153,0.880579,0.032726,0.576286,0.000000,0.950000,0.576286,275.621003,2.890609,146.936315,0.247873,64,240.69
20260603_230156,2488.138,1,Right,26057,99.562498,68.760794,99.562498,0.000000,0.005068,0.016941,0.013654,874,0.000000,0.000000,0.642228,0.937744,0.025846,-0.642228,0.387173,0.035493,0.712862,0.000000,0.937744,0.712862,211.384858,46.345203,60.511036,0.145644,0,240.69
20260603_230156,2493.149,1,Left,26299,70.652877,75.246207,70.652877,1.361268,0.008181,0.011825,0.009840,1048,0.000000,0.000000,0.880579,0.950000,0.021788,-0.829153,0.880579,0.032722,0.576704,0.000000,0.950000,0.576704,275.423562,2.890609,146.734446,0.247683,64,250.03
20260603_230156,2493.149,1,Right,26111,99.563402,68.825399,99.563402,0.000000,0.005062,0.016916,0.013645,875,0.000000,0.000000,0.642228,0.937744,0.025834,-0.642228,0.387173,0.035462,0.712988,0.000000,0.937744,0.712988,211.412716,46.345203,60.537563,0.145657,0,250.03
20260603_230156,2498.162,1,Left,26353,70.713012,75.296930,70.713012,1.358479,0.008174,0.011808,0.009829,1051,0.000000,0.000000,0.880579,0.950000,0.021787,-0.829153,0.880579,0.032698,0.577148,0.000000,0.950000,0.577148,275.255509,2.890609,146.561991,0.247515,64,231.24
20260603_230156,2498.162,1,Right,26165,99.564303,68.889738,99.564303,0.000000,0.005059,0.016933,0.013640,876,0.000000,0.000000,0.642228,0.937744,0.025883,-0.642228,0.387173,0.035491,0.712923,0.000000,0.937744,0.712923,211.413233,46.345203,60.536753,0.145658,0,231.24
20260603_230156,2503.173,1,Left,26403,70.768473,75.343711,70.768473,1.355907,0.008165,0.011797,0.009820,1053,0.000000,0.000000,0.880579,0.950000,0.021792,-0.829153,0.880579,0.032682,0.577565,0.000000,0.950000,0.577565,275.081060,2.890609,146.383488,0.247336,64,436.23
20260603_230156,2503.173,1,Right,26215,99.565134,68.949075,99.565134,0.000000,0.005101,0.016969,0.013758,878,0.000000,0.000000,0.642228,0.937744,0.025905,-0.642228,0.387173,0.035621,0.712924,0.000000,0.937744,0.712924,211.436708,46.345203,60.576736,0.145810,0,436.23
20260603_230156,2508.180,1,Left,26452,70.822622,75.389385,70.822622,1.353395,0.008164,0.011787,0.009815,1056,0.000000,0.000000,0.880579,0.950000,0.021823,-0.829153,0.880579,0.032694,0.577969,0.000000,0.950000,0.577969,274.910340,2.890609,146.208817,0.247171,64,240.50
20260603_230156,2508.180,1,Right,26264,99.565946,69.007006,99.565946,0.000000,0.005123,0.017002,0.013834,882,0.000000,0.000000,0.642228,0.937744,0.025852,-0.642228,0.387173,0.035717,0.712913,0.000000,0.937744,0.712913,211.446704,46.345203,60.596133,0.145903,0,240.50
20260603_230156,2513.190,1,Left,26504,70.879867,75.437670,70.879867,1.350740,0.008155,0.011771,0.009806,1058,0.000000,0.000000,0.880579,0.950000,0.021815,-0.829153,0.880579,0.032664,0.578373,0.000000,0.950000,0.578373,274.720946,2.890609,146.015252,0.246970,64,458.34
20260603_230156,2513.190,1,Right,26316,99.566803,69.068247,99.566803,0.000000,0.005140,0.017025,0.013896,883,0.000000,0.000000,0.642228,0.937744,0.025809,-0.642228,0.387173,0.035743,0.712961,0.000000,0.937744,0.712961,211.455180,46.345203,60.603470,0.145938,0,458.34
20260603_230156,2518.200,1,Left,26554,70.934699,75.483920,70.934699,1.348196,0.008146,0.011754,0.009795,1061,0.000000,0.000000,0.880579,0.950000,0.021803,-0.829153,0.880579,0.032632,0.578748,0.000000,0.950000,0.578748,274.531061,2.890609,145.821378,0.246775,64,242.66
20260603_230156,2518.200,1,Right,26366,99.567625,69.126906,99.567625,0.000000,0.005140,0.016998,0.013895,884,0.000000,0.000000,0.642228,0.937744,0.025846,-0.642228,0.387173,0.035761,0.713031,0.000000,0.937744,0.713031,211.438361,46.345203,60.585388,0.145921,0,242.66
20260603_230156,2523.208,1,Left,26603,70.988234,75.529076,70.988234,1.345713,0.008142,0.011738,0.009785,1064,0.000000,0.000000,0.880579,0.950000,0.021829,-0.829153,0.880579,0.032637,0.579112,0.000000,0.950000,0.579112,274.345913,2.890609,145.632342,0.246596,64,456.15
20260603_230156,2523.208,1,Right,26414,99.568411,69.183009,99.568411,0.000000,0.005138,0.017016,0.013883,887,0.000000,0.000000,0.642228,0.937744,0.025851,-0.642228,0.387173,0.035749,0.712911,0.000000,0.937744,0.712911,211.389778,46.345203,60.535597,0.145840,0,456.15
20260603_230156,2528.222,1,Left,26656,71.045918,75.577731,71.045918,1.343037,0.008135,0.011719,0.009773,1067,0.000000,0.000000,0.880579,0.950000,0.021827,-0.829153,0.880579,0.032614,0.579543,0.000000,0.950000,0.579543,274.201342,2.890609,145.483588,0.246459,64,263.56
20260603_230156,2528.222,1,Right,26465,99.569242,69.242396,99.569242,0.000000,0.005134,0.016992,0.013869,889,0.000000,0.000000,0.642228,0.937744,0.025824,-0.642228,0.387173,0.035702,0.713045,0.000000,0.937744,0.713045,211.437369,46.345203,60.581909,0.145859,0,263.56
20260603_230156,2533.230,1,Left,26705,71.099045,75.622543,71.099045,1.340573,0.008128,0.011713,0.009761,1070,0.000000,0.000000,0.880579,0.950000,0.021848,-0.829153,0.880579,0.032616,0.580011,0.000000,0.950000,0.580011,274.110429,2.890609,145.388827,0.246385,64,262.55
20260603_230156,2533.230,1,Right,26514,99.570038,69.299238,99.570038,0.000000,0.005133,0.017054,0.013865,890,0.000000,0.000000,0.642228,0.937744,0.025857,-0.642228,0.387173,0.035717,0.713047,0.000000,0.937744,0.713047,211.395388,46.345203,60.538703,0.145795,0,262.55
20260603_230156,2538.232,1,Left,26755,71.153056,75.668099,71.153056,1.338068,0.008119,0.011699,0.009750,1073,0.000000,0.000000,0.880579,0.950000,0.021840,-0.829153,0.880579,0.032588,0.580412,0.000000,0.950000,0.580412,273.956027,2.890609,145.230521,0.246232,64,262.55
20260603_230156,2538.232,1,Right,26562,99.570815,69.354717,99.570815,0.000000,0.005126,0.017072,0.013853,892,0.000000,0.000000,0.642228,0.937744,0.025842,-0.642228,0.387173,0.035685,0.713035,0.000000,0.937744,0.713035,211.364674,46.345203,60.506794,0.145727,0,262.55
20260603_230156,2543.244,1,Left,26806,71.207939,75.714392,71.207939,1.335522,0.008117,0.011685,0.009741,1076,0.000000,0.000000,0.880579,0.950000,0.021864,-0.829153,0.880579,0.032591,0.580832,0.000000,0.950000,0.580832,273.816318,2.890609,145.086850,0.246104,64,244.24
20260603_230156,2543.244,1,Right,26613,99.571638,69.413445,99.571638,0.000000,0.005126,0.017132,0.013849,894,0.000000,0.000000,0.642228,0.937744,0.025853,-0.642228,0.387173,0.035676,0.712938,0.000000,0.937744,0.712938,211.352976,46.345203,60.493831,0.145697,0,244.24
20260603_230156,2548.245,1,Left,26858,71.263683,75.761412,71.263683,1.332936,0.008111,0.011671,0.009728,1079,0.000000,0.000000,0.880579,0.950000,0.021868,-0.829153,0.880579,0.032574,0.581265,0.000000,0.950000,0.581265,273.686139,2.890609,144.952653,0.245979,64,449.94
20260603_230156,2548.245,1,Right,26665,99.572473,69.473092,99.572473,0.000000,0.005118,0.017191,0.013834,895,0.000000,0.000000,0.642228,0.937744,0.025809,-0.642228,0.387173,0.035613,0.712976,0.000000,0.937744,0.712976,211.344892,46.345203,60.484462,0.145642,0,449.94
20260603_230156,2553.255,1,Left,26909,71.318146,75.807351,71.318146,1.330410,0.008106,0.011655,0.009720,1082,0.000000,0.000000,0.880579,0.950000,0.021893,-0.829153,0.880579,0.032579,0.581658,0.000000,0.950000,0.581658,273.527184,2.890609,144.789779,0.245825,64,462.23
20260603_230156,2553.255,1,Right,26716,99.573289,69.531367,99.573289,0.000000,0.005114,0.017208,0.013823,897,0.000000,0.000000,0.642228,0.937744,0.025832,-0.642228,0.387173,0.035618,0.713022,0.000000,0.937744,0.713022,211.324071,46.345203,60.462386,0.145611,0,462.23
20260603_230156,2558.257,1,Left,26964,71.376650,75.856698,71.376650,1.327696,0.008126,0.011696,0.009838,1085,0.000000,0.000000,0.880579,0.950000,0.021879,-0.829153,0.880579,0.032673,0.582038,0.000000,0.950000,0.582038,273.402025,2.890609,144.667712,0.245755,64,457.99
20260603_230156,2558.257,1,Right,26771,99.574166,69.593964,99.574166,0.000000,0.005110,0.017231,0.013811,898,0.000000,0.000000,0.642228,0.937744,0.025856,-0.642228,0.387173,0.035621,0.713016,0.000000,0.937744,0.713016,211.297621,46.345203,60.434588,0.145567,0,457.99
20260603_230156,2563.262,1,Left,27018,71.433859,75.904952,71.433859,1.325043,0.008120,0.011686,0.009833,1088,0.000000,0.000000,0.880579,0.950000,0.021914,-0.829153,0.880579,0.032687,0.582536,0.000000,0.950000,0.582536,273.317892,2.890609,144.579455,0.245688,64,256.56
20260603_230156,2563.262,1,Right,26825,99.575023,69.655172,99.575023,0.000000,0.005104,0.017222,0.013794,899,0.000000,0.000000,0.642228,0.937744,0.025844,-0.642228,0.387173,0.035590,0.712927,0.000000,0.937744,0.712927,211.267821,46.345203,60.403469,0.145492,0,256.56
20260603_230156,2568.271,1,Left,27073,71.491892,75.953902,71.491892,1.322351,0.008113,0.011668,0.009816,1092,0.000000,0.000000,0.880579,0.950000,0.021920,-0.829153,0.880579,0.032671,0.582961,0.000000,0.950000,0.582961,273.158973,2.890609,144.416359,0.245540,64,374.83
20260603_230156,2568.271,1,Right,26880,99.575893,69.717262,99.575893,0.000000,0.005098,0.017218,0.013784,901,0.000000,0.000000,0.642228,0.937744,0.025841,-0.642228,0.387173,0.035566,0.713067,0.000000,0.937744,0.713067,211.313335,46.345203,60.447646,0.145533,0,374.83
20260603_230156,2573.282,1,Left,27131,71.552836,76.005308,71.552836,1.319524,0.008107,0.011654,0.009802,1095,0.000000,0.000000,0.880579,0.950000,0.021921,-0.829153,0.880579,0.032649,0.583426,0.000000,0.950000,0.583426,272.999519,2.890609,144.252526,0.245391,64,231.59
20260603_230156,2573.282,1,Right,26936,99.576775,69.780220,99.576775,0.000000,0.005094,0.017233,0.013775,901,0.000000,0.000000,0.642228,0.937744,0.025843,-0.642228,0.387173,0.035548,0.712977,0.000000,0.937744,0.712977,211.279032,46.345203,60.411987,0.145471,0,231.59
20260603_230156,2578.290,1,Left,27187,71.611432,76.054732,71.611432,1.316806,0.008100,0.011635,0.009789,1098,0.000000,0.000000,0.880579,0.950000,0.021929,-0.829153,0.880579,0.032635,0.583852,0.000000,0.950000,0.583852,272.841806,2.890609,144.090610,0.245237,64,238.16
20260603_230156,2578.290,1,Right,26992,99.577653,69.842916,99.577653,0.000000,0.005089,0.017204,0.013770,902,0.000000,0.000000,0.642228,0.937744,0.025840,-0.642228,0.387173,0.035525,0.713113,0.000000,0.937744,0.713113,211.323699,46.345203,60.455304,0.145527,0,238.16
20260603_230156,2583.293,1,Left,27246,71.672906,76.106584,71.672906,1.313954,0.008094,0.011621,0.009774,1102,0.000000,0.000000,0.880579,0.950000,0.021953,-0.829153,0.880579,0.032636,0.584325,0.000000,0.950000,0.584325,272.684634,2.890609,143.929035,0.245098,64,236.90
20260603_230156,2583.293,1,Right,27050,99.578558,69.907579,99.578558,0.000000,0.005084,0.017302,0.013764,903,0.000000,0.000000,0.642228,0.937744,0.025838,-0.642228,0.387173,0.035502,0.713065,0.000000,0.937744,0.713065,211.285533,46.345203,60.415745,0.145469,0,236.90
20260603_230156,2588.295,1,Left,27301,71.729973,76.154720,71.729973,1.311307,0.008104,0.011659,0.009841,1106,0.000000,0.000000,0.880579,0.950000,0.021953,-0.829153,0.880579,0.032664,0.584664,0.000000,0.950000,0.584664,272.518719,2.890609,143.763804,0.244959,64,228.87
20260603_230156,2588.295,1,Right,27104,99.579398,69.967532,99.579398,0.000000,0.005080,0.017282,0.013758,905,0.000000,0.000000,0.642228,0.937744,0.025841,-0.642228,0.387173,0.035487,0.713162,0.000000,0.937744,0.713162,211.278831,46.345203,60.407752,0.145453,0,228.87
20260603_230156,2593.305,1,Left,27356,71.786811,76.202661,71.786811,1.308671,0.008099,0.011646,0.009859,1108,0.000000,0.000000,0.880579,0.950000,0.021968,-0.829153,0.880579,0.032702,0.585180,0.000000,0.950000,0.585180,272.438656,2.890609,143.679670,0.244897,64,458.49
20260603_230156,2593.305,1,Right,27159,99.580250,70.028352,99.580250,0.000000,0.005077,0.017341,0.013753,906,0.000000,0.000000,0.642228,0.937744,0.025879,-0.642228,0.387173,0.035505,0.713046,0.000000,0.937744,0.713046,211.249403,46.345203,60.377014,0.145409,0,458.49
20260603_230156,2598.316,1,Left,27411,71.843421,76.250410,71.843421,1.306045,0.008089,0.011629,0.009845,1111,0.000000,0.000000,0.880579,0.950000,0.021957,-0.829153,0.880579,0.032669,0.585623,0.000000,0.950000,0.585623,272.338522,2.890609,143.575488,0.244796,64,244.71
20260603_230156,2598.316,1,Right,27214,99.581098,70.088925,99.581098,0.000000,0.005070,0.017311,0.013742,907,0.000000,0.000000,0.642228,0.937744,0.025832,-0.642228,0.387173,0.035438,0.713168,0.000000,0.937744,0.713168,211.284430,46.345203,60.410736,0.145427,0,244.71
20260603_230156,2603.326,1,Left,27464,71.897757,76.296242,71.897757,1.303525,0.008085,0.011617,0.009833,1114,0.000000,0.000000,0.880579,0.950000,0.021982,-0.829153,0.880579,0.032674,0.586057,0.000000,0.950000,0.586057,272.209265,2.890609,143.442352,0.244682,64,250.99
20260603_230156,2603.326,1,Right,27266,99.581897,70.145969,99.581897,0.000000,0.005069,0.017325,0.013742,908,0.000000,0.000000,0.642228,0.937744,0.025864,-0.642228,0.387173,0.035452,0.713140,0.000000,0.937744,0.713140,211.232800,46.345203,60.357879,0.145350,0,250.99
20260603_230156,2608.332,1,Left,27518,71.952904,76.342757,71.952904,1.300967,0.008078,0.011603,0.009820,1117,0.000000,0.000000,0.880579,0.950000,0.021978,-0.829153,0.880579,0.032648,0.586452,0.000000,0.950000,0.586452,272.046376,2.890609,143.275532,0.244520,64,455.06
20260603_230156,2608.332,1,Right,27319,99.582708,70.203887,99.582708,0.000000,0.005062,0.017381,0.013729,911,0.000000,0.000000,0.642228,0.937744,0.025842,-0.642228,0.387173,0.035412,0.713100,0.000000,0.937744,0.713100,211.189493,46.345203,60.313323,0.145248,0,455.06
20260603_230156,2613.336,1,Left,27570,72.005803,76.387378,72.005803,1.298513,0.008072,0.011586,0.009809,1120,0.000000,0.000000,0.880579,0.950000,0.021996,-0.829153,0.880579,0.032646,0.586830,0.000000,0.950000,0.586830,271.900970,2.890609,143.126361,0.244385,64,249.62
20260603_230156,2613.336,1,Right,27371,99.583501,70.260495,99.583501,0.000000,0.005058,0.017353,0.013717,913,0.000000,0.000000,0.642228,0.937744,0.025826,-0.642228,0.387173,0.035377,0.713163,0.000000,0.937744,0.713163,211.166635,46.345203,60.289247,0.145203,0,249.62
20260603_230156,2618.337,1,Left,27624,72.060527,76.433536,72.060527,1.295975,0.008066,0.011570,0.009798,1123,0.000000,0.000000,0.880579,0.950000,0.021997,-0.829153,0.880579,0.032627,0.587225,0.000000,0.950000,0.587225,271.745326,2.890609,142.966827,0.244228,64,236.94
20260603_230156,2618.337,1,Right,27425,99.584321,70.319052,99.584321,0.000000,0.005052,0.017368,0.013706,914,0.000000,0.000000,0.642228,0.937744,0.025840,-0.642228,0.387173,0.035373,0.713148,0.000000,0.937744,0.713148,211.174262,46.345203,60.295612,0.145197,0,236.94
20260603_230156,2623.345,1,Left,27679,72.116045,76.480364,72.116045,1.293399,0.008059,0.011555,0.009788,1126,0.000000,0.000000,0.880579,0.950000,0.022026,-0.829153,0.880579,0.032635,0.587643,0.000000,0.950000,0.587643,271.592625,2.890609,142.810186,0.244090,64,257.84
20260603_230156,2623.345,1,Right,27480,99.585153,70.378457,99.585153,0.000000,0.005047,0.017382,0.013698,915,0.000000,0.000000,0.642228,0.937744,0.025847,-0.642228,0.387173,0.035360,0.713007,0.000000,0.937744,0.713007,211.137885,46.345203,60.257956,0.145127,0,257.84
20260603_230156,2628.353,1,Left,27726,72.163312,76.520234,72.163312,1.291207,0.008052,0.011546,0.009778,1129,0.000000,0.000000,0.880579,0.950000,0.022017,-0.829153,0.880579,0.032608,0.587990,0.000000,0.950000,0.587990,271.450407,2.890609,142.664619,0.243944,64,214.60
20260603_230156,2628.353,1,Right,27527,99.585861,70.429033,99.585861,0.000000,0.005065,0.017408,0.013751,917,0.000000,0.000000,0.642228,0.937744,0.025793,-0.642228,0.387173,0.035387,0.713002,0.000000,0.937744,0.713002,211.167241,46.345203,60.294304,0.145193,0,214.60
20260603_230156,2633.360,1,Left,27776,72.213422,76.562500,72.213422,1.288882,0.008051,0.011529,0.009771,1132,0.000000,0.000000,0.880579,0.950000,0.022040,-0.829153,0.880579,0.032612,0.588347,0.000000,0.950000,0.588347,271.300010,2.890609,142.510676,0.243797,64,448.01
20260603_230156,2633.360,1,Right,27576,99.586597,70.481578,99.586597,0.000000,0.005066,0.017387,0.013763,918,0.000000,0.000000,0.642228,0.937744,0.025849,-0.642228,0.387173,0.035426,0.713148,0.000000,0.937744,0.713148,211.219010,46.345203,60.344928,0.145276,0,448.01
20260603_230156,2638.363,1,Left,27826,72.263351,76.604614,72.263351,1.286567,0.008042,0.011514,0.009760,1135,0.000000,0.000000,0.880579,0.950000,0.022036,-0.829153,0.880579,0.032588,0.588711,0.000000,0.950000,0.588711,271.152675,2.890609,142.359813,0.243650,64,232.87
20260603_230156,2638.363,1,Right,27625,99.587330,70.533937,99.587330,0.000000,0.005062,0.017402,0.013754,920,0.000000,0.000000,0.642228,0.937744,0.025864,-0.642228,0.387173,0.035424,0.713153,0.000000,0.937744,0.713153,211.184518,46.345203,60.309294,0.145215,0,232.87
20260603_230156,2643.364,1,Left,27877,72.314094,76.647415,72.314094,1.284213,0.008036,0.011500,0.009750,1137,0.000000,0.000000,0.880579,0.950000,0.022050,-0.829153,0.880579,0.032583,0.589065,0.000000,0.950000,0.589065,270.992760,2.890609,142.196317,0.243494,64,253.14
20260603_230156,2643.364,1,Right,27676,99.588091,70.588235,99.588091,0.000000,0.005056,0.017374,0.013744,921,0.000000,0.000000,0.642228,0.937744,0.025835,-0.642228,0.387173,0.035377,0.713188,0.000000,0.937744,0.713188,211.137141,46.345203,60.260733,0.145110,0,253.14
20260603_230156,2648.365,1,Left,27930,72.366631,76.691729,72.366631,1.281776,0.008030,0.011490,0.009739,1141,0.000000,0.000000,0.880579,0.950000,0.022049,-0.829153,0.880579,0.032562,0.589438,0.000000,0.950000,0.589438,270.790097,2.890609,141.989951,0.243272,64,465.05
20260603_230156,2648.365,1,Right,27729,99.588878,70.644452,99.588878,0.000000,0.005105,0.017395,0.013894,924,0.000000,0.000000,0.642228,0.937744,0.025911,-0.642228,0.387173,0.035561,0.713177,0.000000,0.937744,0.713177,211.187081,46.345203,60.340200,0.145342,0,465.05
20260603_230156,2653.372,1,Left,27984,72.419954,76.736707,72.419954,1.279302,0.008023,0.011475,0.009730,1143,0.000000,0.000000,0.880579,0.950000,0.022055,-0.829153,0.880579,0.032548,0.589816,0.000000,0.950000,0.589816,270.615155,2.890609,141.811257,0.243098,64,458.95
20260603_230156,2653.372,1,Right,27783,99.589677,70.701508,99.589677,0.000000,0.005106,0.017394,0.013903,925,0.000000,0.000000,0.642228,0.937744,0.025850,-0.642228,0.387173,0.035625,0.713304,0.000000,0.937744,0.713304,211.247102,46.345203,60.398917,0.145439,0,458.95
20260603_230156,2658.384,1,Left,28033,72.468163,76.777370,72.468163,1.277066,0.008019,0.011461,0.009720,1146,0.000000,0.000000,0.880579,0.950000,0.022071,-0.829153,0.880579,0.032546,0.590202,0.000000,0.950000,0.590202,270.519705,2.890609,141.712420,0.243013,64,466.45
20260603_230156,2658.384,1,Right,27831,99.590385,70.752039,99.590385,0.000000,0.005106,0.017396,0.013907,927,0.000000,0.000000,0.642228,0.937744,0.025857,-0.642228,0.387173,0.035685,0.713285,0.000000,0.937744,0.713285,211.297323,46.345203,60.447983,0.145519,0,466.45
20260603_230156,2663.387,1,Left,28082,72.516203,76.817890,72.516203,1.274838,0.008013,0.011450,0.009710,1149,0.000000,0.000000,0.880579,0.950000,0.022077,-0.829153,0.880579,0.032533,0.590582,0.000000,0.950000,0.590582,270.413037,2.890609,141.602380,0.242915,64,453.10
20260603_230156,2663.387,1,Right,27880,99.591105,70.803443,99.591105,0.000000,0.005107,0.017413,0.013908,928,0.000000,0.000000,0.642228,0.937744,0.025898,-0.642228,0.387173,0.035720,0.713186,0.000000,0.937744,0.713186,211.288922,46.345203,60.438406,0.145520,0,453.10
20260603_230156,2668.387,1,Left,28132,72.565050,76.859093,72.565050,1.272572,0.008009,0.011434,0.009703,1152,0.000000,0.000000,0.880579,0.950000,0.022091,-0.829153,0.880579,0.032528,0.590954,0.000000,0.950000,0.590954,270.311315,2.890609,141.497234,0.242816,64,404.31
20260603_230156,2668.387,1,Right,27930,99.591837,70.855711,99.591837,0.000000,0.005107,0.017387,0.013911,929,0.000000,0.000000,0.642228,0.937744,0.025856,-0.642228,0.387173,0.035709,0.713296,0.000000,0.937744,0.713296,211.317889,46.345203,60.466179,0.145557,0,404.31
20260603_230156,2673.398,1,Left,28184,72.615668,76.901788,72.615668,1.270224,0.008003,0.011422,0.009691,1156,0.000000,0.000000,0.880579,0.950000,0.022101,-0.829153,0.880579,0.032519,0.591359,0.000000,0.950000,0.591359,270.200754,2.890609,141.383132,0.242714,64,262.87
20260603_230156,2673.398,1,Right,27982,99.592595,70.909871,99.592595,0.000000,0.005104,0.017409,0.013906,930,0.000000,0.000000,0.642228,0.937744,0.025894,-0.642228,0.387173,0.035728,0.713165,0.000000,0.937744,0.713165,211.295614,46.345203,60.442666,0.145530,0,262.87
20260603_230156,2678.410,1,Left,28233,72.663196,76.941877,72.663196,1.268020,0.007999,0.011407,0.009685,1158,0.000000,0.000000,0.880579,0.950000,0.022103,-0.829153,0.880579,0.032503,0.591697,0.000000,0.950000,0.591697,270.063928,2.890609,141.242984,0.242574,64,198.44
20260603_230156,2678.410,1,Right,28031,99.593307,70.960722,99.593307,0.000000,0.005099,0.017387,0.013900,931,0.000000,0.000000,0.642228,0.937744,0.025863,-0.642228,0.387173,0.035680,0.713287,0.000000,0.937744,0.713287,211.335932,46.345203,60.481821,0.145559,0,198.44
20260603_230156,2683.411,1,Left,28285,72.713452,76.984267,72.713452,1.265689,0.007990,0.011393,0.009674,1161,0.000000,0.000000,0.880579,0.950000,0.022099,-0.829153,0.880579,0.032480,0.592058,0.000000,0.950000,0.592058,269.920040,2.890609,141.095588,0.242429,64,254.91
20260603_230156,2683.411,1,Right,28082,99.594046,71.013461,99.594046,0.000000,0.005094,0.017423,0.013892,932,0.000000,0.000000,0.642228,0.937744,0.025892,-0.642228,0.387173,0.035690,0.713290,0.000000,0.937744,0.713290,211.296471,46.345203,60.441155,0.145499,0,254.91
20260603_230156,2688.412,1,Left,28338,72.764486,77.027313,72.764486,1.263321,0.007985,0.011378,0.009664,1164,0.000000,0.000000,0.880579,0.950000,0.022123,-0.829153,0.880579,0.032485,0.592422,0.000000,0.950000,0.592422,269.775870,2.890609,140.947861,0.242293,64,393.39
20260603_230156,2688.412,1,Right,28133,99.594782,71.066008,99.594782,0.000000,0.005090,0.017416,0.013873,934,0.000000,0.000000,0.642228,0.937744,0.025883,-0.642228,0.387173,0.035664,0.713310,0.000000,0.937744,0.713310,211.296957,46.345203,60.440440,0.145498,0,393.39
20260603_230156,2693.424,1,Left,28394,72.818201,77.072621,72.818201,1.260830,0.007977,0.011369,0.009653,1167,0.000000,0.000000,0.880579,0.950000,0.022120,-0.829153,0.880579,0.032461,0.592839,0.000000,0.950000,0.592839,269.641463,2.890609,140.809716,0.242162,64,244.99
20260603_230156,2693.424,1,Right,28189,99.595587,71.123488,99.595587,0.000000,0.005102,0.017493,0.013876,937,0.000000,0.000000,0.642228,0.937744,0.025879,-0.642228,0.387173,0.035669,0.713232,0.000000,0.937744,0.713232,211.247660,46.345203,60.395763,0.145446,0,244.99
20260603_230156,2698.435,1,Left,28446,72.867890,77.114533,72.867890,1.258525,0.007972,0.011356,0.009645,1169,0.000000,0.000000,0.880579,0.950000,0.022118,-0.829153,0.880579,0.032440,0.593202,0.000000,0.950000,0.593202,269.502562,2.890609,140.667361,0.242019,64,255.53
20260603_230156,2698.435,1,Right,28241,99.596332,71.176658,99.596332,0.000000,0.005104,0.017501,0.013905,938,0.000000,0.000000,0.642228,0.937744,0.025878,-0.642228,0.387173,0.035654,0.713298,0.000000,0.937744,0.713298,211.310241,46.345203,60.458523,0.145505,0,255.53
20260603_230156,2703.437,1,Left,28496,72.915497,77.154688,72.915497,1.256317,0.007967,0.011344,0.009637,1172,0.000000,0.000000,0.880579,0.950000,0.022141,-0.829153,0.880579,0.032445,0.593565,0.000000,0.950000,0.593565,269.378884,2.890609,140.540378,0.241908,64,442.48
20260603_230156,2703.437,1,Right,28291,99.597045,71.227599,99.597045,0.000000,0.005100,0.017497,0.013897,939,0.000000,0.000000,0.642228,0.937744,0.025861,-0.642228,0.387173,0.035621,0.713213,0.000000,0.937744,0.713213,211.274181,46.345203,60.421286,0.145437,0,442.48
20260603_230156,2708.439,1,Left,28551,72.967672,77.198697,72.967672,1.253897,0.007960,0.011327,0.009626,1175,0.000000,0.000000,0.880579,0.950000,0.022132,-0.829153,0.880579,0.032417,0.593941,0.000000,0.950000,0.593941,269.233695,2.890609,140.391573,0.241760,64,253.16
20260603_230156,2708.439,1,Right,28345,99.597813,71.282413,99.597813,0.000000,0.005100,0.017498,0.013904,941,0.000000,0.000000,0.642228,0.937744,0.025846,-0.642228,0.387173,0.035677,0.713333,0.000000,0.937744,0.713333,211.336993,46.345203,60.482831,0.145538,0,253.16
20260603_230156,2713.440,1,Left,28607,73.020589,77.243332,73.020589,1.251442,0.007953,0.011312,0.009613,1179,0.000000,0.000000,0.880579,0.950000,0.022155,-0.829153,0.880579,0.032420,0.594339,0.000000,0.950000,0.594339,269.100288,2.890609,140.254503,0.241641,64,244.01
20260603_230156,2713.440,1,Right,28400,99.598592,71.338028,99.598592,0.000000,0.005101,0.017518,0.013910,942,0.000000,0.000000,0.642228,0.937744,0.025909,-0.642228,0.387173,0.035721,0.713234,0.000000,0.937744,0.713234,211.343090,46.345203,60.487643,0.145566,0,244.01
20260603_230156,2718.440,1,Left,28656,73.066723,77.282245,73.066723,1.249302,0.007949,0.011297,0.009603,1181,0.000000,0.000000,0.880579,0.950000,0.022165,-0.829153,0.880579,0.032412,0.594671,0.000000,0.950000,0.594671,268.978713,2.890609,140.129740,0.241527,64,270.13
20260603_230156,2718.440,1,Right,28449,99.599283,71.387395,99.599283,0.000000,0.005101,0.017498,0.013922,943,0.000000,0.000000,0.642228,0.937744,0.025834,-0.642228,0.387173,0.035714,0.713388,0.000000,0.937744,0.713388,211.406807,46.345203,60.550219,0.145633,0,270.13
20260603_230156,2723.452,1,Left,28710,73.117381,77.324974,73.117381,1.246952,0.007943,0.011284,0.009592,1185,0.000000,0.000000,0.880579,0.950000,0.022167,-0.829153,0.880579,0.032395,0.595058,0.000000,0.950000,0.595058,268.855248,2.890609,140.002778,0.241409,64,457.64
20260603_230156,2723.452,1,Right,28503,99.600042,71.441603,99.600042,0.000000,0.005104,0.017559,0.013926,944,0.000000,0.000000,0.642228,0.937744,0.025901,-0.642228,0.387173,0.035761,0.713311,0.000000,0.937744,0.713311,211.425382,46.345203,60.567542,0.145669,0,457.64
20260603_230156,2728.452,1,Left,28763,73.166916,77.366756,73.166916,1.244655,0.007937,0.011269,0.009584,1187,0.000000,0.000000,0.880579,0.950000,0.022174,-0.829153,0.880579,0.032383,0.595439,0.000000,0.950000,0.595439,268.749442,2.890609,139.893557,0.241308,64,456.25
20260603_230156,2728.452,1,Right,28556,99.600784,71.494607,99.600784,0.000000,0.005101,0.017555,0.013921,945,0.000000,0.000000,0.642228,0.937744,0.025838,-0.642228,0.387173,0.035728,0.713398,0.000000,0.937744,0.713398,211.452618,46.345203,60.593552,0.145684,0,456.25
20260603_230156,2733.463,1,Left,28818,73.218128,77.409952,73.218128,1.242279,0.007931,0.011257,0.009573,1190,0.000000,0.000000,0.880579,0.950000,0.022196,-0.829153,0.880579,0.032386,0.595818,0.000000,0.950000,0.595818,268.614624,2.890609,139.755215,0.241182,64,234.37
20260603_230156,2733.463,1,Right,28611,99.601552,71.549404,99.601552,0.000000,0.005098,0.017553,0.013925,946,0.000000,0.000000,0.642228,0.937744,0.025889,-0.642228,0.387173,0.035760,0.713357,0.000000,0.937744,0.713357,211.488797,46.345203,60.628465,0.145743,0,234.37
20260603_230156,2738.472,1,Left,28871,73.267292,77.451422,73.267292,1.239999,0.007922,0.011243,0.009562,1193,0.000000,0.000000,0.880579,0.950000,0.022187,-0.829153,0.880579,0.032358,0.596184,0.000000,0.950000,0.596184,268.485137,2.890609,139.622347,0.241051,64,245.02
20260603_230156,2738.472,1,Right,28663,99.602275,71.601019,99.602275,0.000000,0.005096,0.017549,0.013919,947,0.000000,0.000000,0.642228,0.937744,0.025858,-0.642228,0.387173,0.035738,0.713291,0.000000,0.937744,0.713291,211.472016,46.345203,60.610492,0.145706,0,245.02
20260603_230156,2743.482,1,Left,28926,73.318122,77.494296,73.318122,1.237641,0.007917,0.011237,0.009553,1196,0.000000,0.000000,0.880579,0.950000,0.022214,-0.829153,0.880579,0.032365,0.596569,0.000000,0.950000,0.596569,268.325809,2.890609,139.459530,0.240894,64,247.13
20260603_230156,2743.482,1,Right,28718,99.603036,71.655408,99.603036,0.000000,0.005128,0.017602,0.014006,951,0.000000,0.000000,0.642228,0.937744,0.025825,-0.642228,0.387173,0.035820,0.713174,0.000000,0.937744,0.713174,211.470705,46.345203,60.637810,0.145826,0,247.13
20260603_230156,2748.489,1,Left,28978,73.366002,77.534681,73.366002,1.235420,0.007913,0.011229,0.009545,1198,0.000000,0.000000,0.880579,0.950000,0.022210,-0.829153,0.880579,0.032343,0.596922,0.000000,0.950000,0.596922,268.167799,2.890609,139.298237,0.240724,64,255.94
20260603_230156,2748.489,1,Right,28770,99.603754,71.706639,99.603754,0.000000,0.005165,0.017631,0.014106,953,0.000000,0.000000,0.642228,0.937744,0.025817,-0.642228,0.387173,0.035930,0.713210,0.000000,0.937744,0.713210,211.518557,46.345203,60.709856,0.146008,0,255.94
20260603_230156,2753.492,1,Left,29029,73.412794,77.574150,73.412794,1.233250,0.007908,0.011213,0.009535,1201,0.000000,0.000000,0.880579,0.950000,0.022216,-0.829153,0.880579,0.032331,0.597243,0.000000,0.950000,0.597243,268.017964,2.890609,139.145199,0.240574,64,253.60
20260603_230156,2753.492,1,Right,28820,99.604441,71.755725,99.604441,0.000000,0.005176,0.017616,0.014137,955,0.000000,0.000000,0.642228,0.937744,0.025873,-0.642228,0.387173,0.036011,0.713386,0.000000,0.937744,0.713386,211.586563,46.345203,60.776631,0.146140,0,253.60
20260603_230156,2758.499,1,Left,29078,73.457597,77.611940,73.457597,1.231171,0.007923,0.011249,0.009602,1204,0.000000,0.000000,0.880579,0.950000,0.022253,-0.829153,0.880579,0.032356,0.597485,0.000000,0.950000,0.597485,267.870151,2.890609,138.998524,0.240443,64,255.91
20260603_230156,2758.499,1,Right,28868,99.605099,71.802688,99.605099,0.000000,0.005175,0.017639,0.014137,956,0.000000,0.000000,0.642228,0.937744,0.025891,-0.642228,0.387173,0.036037,0.713304,0.000000,0.937744,0.713304,211.565009,46.345203,60.753900,0.146119,0,255.91
20260603_230156,2763.501,1,Left,29125,73.500429,77.648069,73.500429,1.229185,0.007926,0.011235,0.009627,1206,0.000000,0.000000,0.880579,0.950000,0.022240,-0.829153,0.880579,0.032411,0.597839,0.000000,0.950000,0.597839,267.824373,2.890609,138.949811,0.240423,64,252.47
20260603_230156,2763.501,1,Right,28915,99.605741,71.848522,99.605741,0.000000,0.005175,0.017614,0.014141,957,0.000000,0.000000,0.642228,0.937744,0.025850,-0.642228,0.387173,0.036027,0.713410,0.000000,0.937744,0.713410,211.602651,46.345203,60.790393,0.146168,0,252.47
20260603_230156,2768.508,1,Left,29174,73.544937,77.685610,73.544937,1.227120,0.007919,0.011223,0.009618,1209,0.000000,0.000000,0.880579,0.950000,0.022233,-0.829153,0.880579,0.032387,0.598209,0.000000,0.950000,0.598209,267.750462,2.890609,138.872853,0.240349,64,238.76
20260603_230156,2768.508,1,Right,28963,99.606394,71.895177,99.606394,0.000000,0.005192,0.017640,0.014198,960,0.000000,0.000000,0.642228,0.937744,0.025888,-0.642228,0.387173,0.036089,0.713400,0.000000,0.937744,0.713400,211.604912,46.345203,60.795167,0.146212,0,238.76
20260603_230156,2773.512,1,Left,29226,73.592007,77.725313,73.592007,1.224937,0.007915,0.011215,0.009608,1212,0.000000,0.000000,0.880579,0.950000,0.022249,-0.829153,0.880579,0.032385,0.598558,0.000000,0.950000,0.598558,267.616112,2.890609,138.735287,0.240226,64,421.24
20260603_230156,2773.512,1,Right,29015,99.607100,71.945545,99.607100,0.000000,0.005219,0.017639,0.014253,965,0.000000,0.000000,0.642228,0.937744,0.025790,-0.642228,0.387173,0.036076,0.713261,0.000000,0.937744,0.713261,211.561285,46.345203,60.757327,0.146159,0,421.24
20260603_230156,2778.521,1,Left,29273,73.634407,77.761077,73.634407,1.222970,0.007908,0.011202,0.009599,1215,0.000000,0.000000,0.880579,0.950000,0.022238,-0.829153,0.880579,0.032357,0.598851,0.000000,0.950000,0.598851,267.482431,2.890609,138.598711,0.240090,64,453.78
20260603_230156,2778.521,1,Right,29062,99.607735,71.990916,99.607735,0.000000,0.005238,0.017644,0.014320,967,0.000000,0.000000,0.642228,0.937744,0.025864,-0.642228,0.387173,0.036269,0.713395,0.000000,0.937744,0.713395,211.603142,46.345203,60.798030,0.146332,0,453.78
20260603_230156,2783.524,1,Left,29322,73.678467,77.798240,73.678467,1.220926,0.007905,0.011190,0.009590,1218,0.000000,0.000000,0.880579,0.950000,0.022267,-0.829153,0.880579,0.032370,0.599209,0.000000,0.950000,0.599209,267.396435,2.890609,138.509711,0.240018,64,252.00
20260603_230156,2783.524,1,Right,29111,99.608395,72.038061,99.608395,0.000000,0.005240,0.017642,0.014326,968,0.000000,0.000000,0.642228,0.937744,0.025882,-0.642228,0.387173,0.036325,0.713335,0.000000,0.937744,0.713335,211.627320,46.345203,60.821008,0.146380,0,252.00
20260603_230156,2788.525,1,Left,29371,73.722379,77.835280,73.722379,1.218889,0.007901,0.011177,0.009581,1221,0.000000,0.000000,0.880579,0.950000,0.022257,-0.829153,0.880579,0.032343,0.599551,0.000000,0.950000,0.599551,267.311226,2.890609,138.421511,0.239936,64,247.50
20260603_230156,2788.525,1,Right,29160,99.609053,72.085048,99.609053,0.000000,0.005240,0.017640,0.014326,969,0.000000,0.000000,0.642228,0.937744,0.025851,-0.642228,0.387173,0.036329,0.713456,0.000000,0.937744,0.713456,211.676520,46.345203,60.869013,0.146440,0,247.50
20260603_230156,2793.533,1,Left,29425,73.770603,77.875956,73.770603,1.216653,0.007895,0.011163,0.009572,1224,0.000000,0.000000,0.880579,0.950000,0.022277,-0.829153,0.880579,0.032344,0.599944,0.000000,0.950000,0.599944,267.215811,2.890609,138.322816,0.239853,64,453.34
20260603_230156,2793.533,1,Right,29214,99.609776,72.136647,99.609776,0.000000,0.005238,0.017700,0.014324,970,0.000000,0.000000,0.642228,0.937744,0.025905,-0.642228,0.387173,0.036363,0.713264,0.000000,0.937744,0.713264,211.655581,46.345203,60.846761,0.146422,0,453.34
20260603_230156,2798.543,1,Left,29481,73.820427,77.917981,73.820427,1.214341,0.007889,0.011147,0.009560,1227,0.000000,0.000000,0.880579,0.950000,0.022276,-0.829153,0.880579,0.032324,0.600315,0.000000,0.950000,0.600315,267.101706,2.890609,138.205326,0.239742,64,454.27
20260603_230156,2798.543,1,Right,29270,99.610523,72.189956,99.610523,0.000000,0.005235,0.017674,0.014321,971,0.000000,0.000000,0.642228,0.937744,0.025850,-0.642228,0.387173,0.036326,0.713424,0.000000,0.937744,0.713424,211.728794,46.345203,60.918617,0.146496,0,454.27
20260603_230156,2803.544,1,Left,29537,73.870061,77.959847,73.870061,1.212039,0.007883,0.011136,0.009549,1231,0.000000,0.000000,0.880579,0.950000,0.022286,-0.829153,0.880579,0.032315,0.600696,0.000000,0.950000,0.600696,266.976951,2.890609,138.077204,0.239623,64,271.76
20260603_230156,2803.544,1,Right,29326,99.611266,72.243061,99.611266,0.000000,0.005231,0.017695,0.014318,972,0.000000,0.000000,0.642228,0.937744,0.025884,-0.642228,0.387173,0.036340,0.713307,0.000000,0.937744,0.713307,211.715358,46.345203,60.903829,0.146480,0,271.76
20260603_230156,2808.545,1,Left,29591,73.917745,78.000068,73.917745,1.209827,0.007892,0.011125,0.009586,1234,0.000000,0.000000,0.880579,0.950000,0.022339,-0.829153,0.880579,0.032350,0.601038,0.000000,0.950000,0.601038,266.817761,2.890609,137.914783,0.239488,64,448.44
20260603_230156,2808.545,1,Right,29380,99.611981,72.294078,99.611981,0.000000,0.005224,0.017672,0.014309,973,0.000000,0.000000,0.642228,0.937744,0.025847,-0.642228,0.387173,0.036284,0.713481,0.000000,0.937744,0.713481,211.779316,46.345203,60.966489,0.146523,0,448.44
20260603_230156,2813.554,1,Left,29644,73.964377,78.039401,73.964377,1.207664,0.007888,0.011113,0.009615,1235,0.000000,0.000000,0.880579,0.950000,0.022278,-0.829153,0.880579,0.032321,0.601348,0.000000,0.950000,0.601348,266.661220,2.890609,137.755087,0.239308,64,446.06
20260603_230156,2813.554,1,Right,29433,99.612680,72.343968,99.612680,0.000000,0.005223,0.017686,0.014309,974,0.000000,0.000000,0.642228,0.937744,0.025897,-0.642228,0.387173,0.036315,0.713420,0.000000,0.937744,0.713420,211.756498,46.345203,60.942401,0.146498,0,446.06
20260603_230156,2818.561,1,Left,29700,74.013468,78.080808,74.013468,1.205387,0.007885,0.011098,0.009610,1238,0.000000,0.000000,0.880579,0.950000,0.022321,-0.829153,0.880579,0.032345,0.601705,0.000000,0.950000,0.601705,266.538800,2.890609,137.629350,0.239201,64,444.12
20260603_230156,2818.561,1,Right,29489,99.613415,72.396487,99.613415,0.000000,0.005213,0.017657,0.014294,975,0.000000,0.000000,0.642228,0.937744,0.025848,-0.642228,0.387173,0.036246,0.713516,0.000000,0.937744,0.713516,211.764565,46.345203,60.949132,0.146482,0,444.12
20260603_230156,2823.563,1,Left,29753,74.059759,78.119853,74.059759,1.203240,0.007876,0.011086,0.009599,1241,0.000000,0.000000,0.880579,0.950000,0.022310,-0.829153,0.880579,0.032316,0.602059,0.000000,0.950000,0.602059,266.427498,2.890609,137.514923,0.239093,64,451.00
20260603_230156,2823.563,1,Right,29542,99.614109,72.446009,99.614109,0.000000,0.005213,0.017709,0.014293,976,0.000000,0.000000,0.642228,0.937744,0.025877,-0.642228,0.387173,0.036256,0.713462,0.000000,0.937744,0.713462,211.723410,46.345203,60.906717,0.146421,0,451.00
20260603_230156,2828.572,1,Left,29806,74.105885,78.158760,74.105885,1.201100,0.007888,0.011124,0.009650,1246,0.000000,0.000000,0.880579,0.950000,0.022365,-0.829153,0.880579,0.032352,0.602335,0.000000,0.950000,0.602335,266.301294,2.890609,137.389307,0.238993,64,261.72
20260603_230156,2828.572,1,Right,29595,99.614800,72.495354,99.614800,0.000000,0.005208,0.017727,0.014280,978,0.000000,0.000000,0.642228,0.937744,0.025871,-0.642228,0.387173,0.036232,0.713456,0.000000,0.937744,0.713456,211.683961,46.345203,60.866012,0.146343,0,261.72
20260603_230156,2833.577,1,Left,29862,74.154444,78.199719,74.154444,1.198848,0.007886,0.011114,0.009678,1248,0.000000,0.000000,0.880579,0.950000,0.022337,-0.829153,0.880579,0.032402,0.602751,0.000000,0.950000,0.602751,266.238163,2.890609,137.322898,0.238952,64,405.56
20260603_230156,2833.577,1,Right,29650,99.615514,72.546374,99.615514,0.000000,0.005202,0.017698,0.014268,979,0.000000,0.000000,0.642228,0.937744,0.025853,-0.642228,0.387173,0.036195,0.713518,0.000000,0.937744,0.713518,211.663774,46.345203,60.844526,0.146284,0,405.56
20260603_230156,2838.583,1,Left,29917,74.201959,78.239797,74.201959,1.196644,0.007879,0.011101,0.009668,1251,0.000000,0.000000,0.880579,0.950000,0.022328,-0.829153,0.880579,0.032374,0.603146,0.000000,0.950000,0.603146,266.154686,2.890609,137.236217,0.238874,64,460.66
20260603_230156,2838.583,1,Right,29704,99.616213,72.596283,99.616213,0.000000,0.005203,0.017711,0.014266,980,0.000000,0.000000,0.642228,0.937744,0.025891,-0.642228,0.387173,0.036214,0.713483,0.000000,0.937744,0.713483,211.647291,46.345203,60.826774,0.146270,0,460.66
20260603_230156,2843.596,1,Left,29969,74.246722,78.277553,74.246722,1.194568,0.007876,0.011089,0.009659,1254,0.000000,0.000000,0.880579,0.950000,0.022345,-0.829153,0.880579,0.032373,0.603481,0.000000,0.950000,0.603481,266.049485,2.890609,137.128002,0.238781,64,248.54
20260603_230156,2843.596,1,Right,29756,99.616884,72.644173,99.616884,0.000000,0.005194,0.017687,0.014253,981,0.000000,0.000000,0.642228,0.937744,0.025846,-0.642228,0.387173,0.036151,0.713545,0.000000,0.937744,0.713545,211.632866,46.345203,60.811130,0.146213,0,248.54
20260603_230156,2848.602,1,Left,30020,74.290473,78.314457,74.290473,1.192538,0.007869,0.011078,0.009650,1257,0.000000,0.000000,0.880579,0.950000,0.022338,-0.829153,0.880579,0.032350,0.603813,0.000000,0.950000,0.603813,265.944954,2.890609,137.020528,0.238674,64,264.51
20260603_230156,2848.602,1,Right,29807,99.617540,72.690979,99.617540,0.000000,0.005195,0.017741,0.014258,982,0.000000,0.000000,0.642228,0.937744,0.025885,-0.642228,0.387173,0.036172,0.713501,0.000000,0.937744,0.713501,211.629903,46.345203,60.806976,0.146216,0,264.51
20260603_230156,2853.609,1,Left,30075,74.337490,78.354115,74.337490,1.190357,0.007866,0.011066,0.009641,1260,0.000000,0.000000,0.880579,0.950000,0.022358,-0.829153,0.880579,0.032351,0.604169,0.000000,0.950000,0.604169,265.833507,2.890609,136.905923,0.238575,64,256.97
20260603_230156,2853.609,1,Right,29861,99.618231,72.740364,99.618231,0.000000,0.005186,0.017752,0.014243,983,0.000000,0.000000,0.642228,0.937744,0.025838,-0.642228,0.387173,0.036107,0.713534,0.000000,0.937744,0.713534,211.601560,46.345203,60.777376,0.146143,0,256.97
20260603_230156,2858.615,1,Left,30132,74.386035,78.395062,74.386035,1.188106,0.007859,0.011052,0.009630,1263,0.000000,0.000000,0.880579,0.950000,0.022362,-0.829153,0.880579,0.032337,0.604530,0.000000,0.950000,0.604530,265.714831,2.890609,136.783989,0.238460,64,250.75
20260603_230156,2858.615,1,Right,29917,99.618946,72.791390,99.618946,0.000000,0.005184,0.017764,0.014243,984,0.000000,0.000000,0.642228,0.937744,0.025881,-0.642228,0.387173,0.036131,0.713500,0.000000,0.937744,0.713500,211.602104,46.345203,60.776622,0.146149,0,250.75
20260603_230156,2863.622,1,Left,30186,74.431856,78.433711,74.431856,1.185980,0.007853,0.011043,0.009620,1266,0.000000,0.000000,0.880579,0.950000,0.022376,-0.829153,0.880579,0.032333,0.604874,0.000000,0.950000,0.604874,265.603673,2.890609,136.669761,0.238357,64,403.57
20260603_230156,2863.622,1,Right,29971,99.619632,72.840412,99.619632,0.000000,0.005179,0.017776,0.014232,985,0.000000,0.000000,0.642228,0.937744,0.025857,-0.642228,0.387173,0.036088,0.713412,0.000000,0.937744,0.713412,211.570569,46.345203,60.743839,0.146075,0,403.57
20260603_230156,2868.636,1,Left,30243,74.480045,78.474358,74.480045,1.183745,0.007848,0.011031,0.009610,1269,0.000000,0.000000,0.880579,0.950000,0.022380,-0.829153,0.880579,0.032317,0.605221,0.000000,0.950000,0.605221,265.462222,2.890609,136.525085,0.238215,64,252.85
20260603_230156,2868.636,1,Right,30028,99.620354,72.891967,99.620354,0.000000,0.005197,0.017776,0.014273,989,0.000000,0.000000,0.642228,0.937744,0.025829,-0.642228,0.387173,0.036146,0.713456,0.000000,0.937744,0.713456,211.591925,46.345203,60.778294,0.146177,0,252.85
20260603_230156,2873.641,1,Left,30298,74.526371,78.513433,74.526371,1.181596,0.007842,0.011018,0.009600,1272,0.000000,0.000000,0.880579,0.950000,0.022387,-0.829153,0.880579,0.032307,0.605551,0.000000,0.950000,0.605551,265.315760,2.890609,136.375527,0.238067,64,232.64
20260603_230156,2873.641,1,Right,30083,99.621048,72.941528,99.621048,0.000000,0.005218,0.017780,0.014344,990,0.000000,0.000000,0.642228,0.937744,0.025908,-0.642228,0.387173,0.036254,0.713510,0.000000,0.937744,0.713510,211.634943,46.345203,60.827570,0.146308,0,232.64
20260603_230156,2878.649,1,Left,30346,74.566664,78.547420,74.566664,1.179727,0.007838,0.011005,0.009592,1275,0.000000,0.000000,0.880579,0.950000,0.022385,-0.829153,0.880579,0.032289,0.605850,0.000000,0.950000,0.605850,265.208871,2.890609,136.265947,0.237961,64,449.50
20260603_230156,2878.649,1,Right,30131,99.621652,72.984634,99.621652,0.000000,0.005217,0.017776,0.014343,991,0.000000,0.000000,0.642228,0.937744,0.025879,-0.642228,0.387173,0.036270,0.713456,0.000000,0.937744,0.713456,211.626987,46.345203,60.818482,0.146301,0,449.50
20260603_230156,2883.652,1,Left,30397,74.609336,78.583413,74.609336,1.177748,0.007834,0.010991,0.009584,1278,0.000000,0.000000,0.880579,0.950000,0.022405,-0.829153,0.880579,0.032293,0.606156,0.000000,0.950000,0.606156,265.094511,2.890609,136.148742,0.237852,64,225.15
20260603_230156,2883.652,1,Right,30182,99.622291,73.030283,99.622291,0.000000,0.005215,0.017772,0.014339,992,0.000000,0.000000,0.642228,0.937744,0.025878,-0.642228,0.387173,0.036274,0.713555,0.000000,0.937744,0.713555,211.649085,46.345203,60.839382,0.146335,0,225.15
20260603_230156,2888.659,1,Left,30446,74.650200,78.617881,74.650200,1.175852,0.007827,0.010983,0.009578,1281,0.000000,0.000000,0.880579,0.950000,0.022399,-0.829153,0.880579,0.032271,0.606461,0.000000,0.950000,0.606461,264.973160,2.890609,136.024669,0.237724,64,235.56
20260603_230156,2888.659,1,Right,30229,99.622879,73.072215,99.622879,0.000000,0.005235,0.017795,0.014401,996,0.000000,0.000000,0.642228,0.937744,0.025902,-0.642228,0.387173,0.036345,0.713538,0.000000,0.937744,0.713538,211.674373,46.345203,60.874329,0.146426,0,235.56
20260603_230156,2893.666,1,Left,30496,74.691763,78.652938,74.691763,1.173924,0.007826,0.010977,0.009572,1284,0.000000,0.000000,0.880579,0.950000,0.022421,-0.829153,0.880579,0.032276,0.606764,0.000000,0.950000,0.606764,264.831526,2.890609,135.880269,0.237583,64,453.19
20260603_230156,2893.666,1,Right,30279,99.623501,73.116682,99.623501,0.000000,0.005298,0.017819,0.014570,998,0.000000,0.000000,0.754644,0.937744,0.025926,-0.754644,0.467051,0.036582,0.713462,0.000000,0.937744,0.713462,211.630999,46.345203,60.847771,0.146579,0,453.19
20260603_230156,2898.676,1,Left,30545,74.732362,78.687183,74.732362,1.172041,0.007820,0.010963,0.009566,1286,0.000000,0.000000,0.880579,0.950000,0.022414,-0.829153,0.880579,0.032254,0.607029,0.000000,0.950000,0.607029,264.687347,2.890609,135.733392,0.237423,64,398.89
20260603_230156,2898.676,1,Right,30328,99.624110,73.160116,99.624110,0.000000,0.005310,0.017808,0.014631,999,0.000000,0.000000,0.754644,0.937744,0.025823,-0.754644,0.467051,0.036663,0.713699,0.000000,0.937744,0.713699,211.722455,46.345203,60.938040,0.146733,0,398.89
20260603_230156,2903.678,1,Left,30597,74.775305,78.723404,74.775305,1.170049,0.007814,0.010952,0.009555,1289,0.000000,0.000000,0.880579,0.950000,0.022421,-0.829153,0.880579,0.032244,0.607325,0.000000,0.950000,0.607325,264.547269,2.890609,135.590463,0.237282,64,273.74
20260603_230156,2903.678,1,Right,30380,99.624753,73.206057,99.624753,0.000000,0.005314,0.017824,0.014631,1000,0.000000,0.000000,0.754644,0.937744,0.025916,-0.754644,0.467051,0.036737,0.713642,0.000000,0.937744,0.713642,211.716287,46.345203,60.930616,0.146757,0,273.74
20260603_230156,2908.689,1,Left,30649,74.818102,78.759503,74.818102,1.168064,0.007809,0.010939,0.009546,1293,0.000000,0.000000,0.880579,0.950000,0.022427,-0.829153,0.880579,0.032233,0.607659,0.000000,0.950000,0.607659,264.467726,2.890609,135.508082,0.237212,64,239.17
20260603_230156,2908.689,1,Right,30432,99.625394,73.251840,99.625394,0.000000,0.005309,0.017797,0.014627,1001,0.000000,0.000000,0.754644,0.937744,0.025845,-0.754644,0.467051,0.036702,0.713747,0.000000,0.937744,0.713747,211.746666,46.345203,60.959744,0.146785,0,239.17
20260603_230156,2913.698,1,Left,30700,74.859935,78.794788,74.859935,1.166124,0.007806,0.010928,0.009537,1296,0.000000,0.000000,0.880579,0.950000,0.022445,-0.829153,0.880579,0.032235,0.608008,0.000000,0.950000,0.608008,264.395761,2.890609,135.433346,0.237153,64,249.16
20260603_230156,2913.698,1,Right,30482,99.626009,73.295716,99.626009,0.000000,0.005310,0.017812,0.014635,1002,0.000000,0.000000,0.754644,0.937744,0.025900,-0.754644,0.467051,0.036739,0.713690,0.000000,0.937744,0.713690,211.728685,46.345203,60.940564,0.146773,0,249.16
20260603_230156,2918.702,1,Left,30746,74.897548,78.826514,74.897548,1.164379,0.007802,0.010919,0.009529,1299,0.000000,0.000000,0.880579,0.950000,0.022447,-0.829153,0.880579,0.032222,0.608310,0.000000,0.950000,0.608310,264.320417,2.890609,135.355513,0.237084,64,460.36
20260603_230156,2918.702,1,Right,30528,99.626572,73.335954,99.626572,0.000000,0.005307,0.017826,0.014628,1003,0.000000,0.000000,0.754644,0.937744,0.025856,-0.754644,0.467051,0.036700,0.713638,0.000000,0.937744,0.713638,211.702090,46.345203,60.912869,0.146722,0,460.36
20260603_230156,2923.713,1,Left,30798,74.939931,78.862264,74.939931,1.162413,0.007798,0.010908,0.009522,1302,0.000000,0.000000,0.880579,0.950000,0.022461,-0.829153,0.880579,0.032220,0.608639,0.000000,0.950000,0.608639,264.225798,2.890609,135.258093,0.236995,64,458.59
20260603_230156,2923.713,1,Right,30580,99.627207,73.381295,99.627207,0.000000,0.005305,0.017839,0.014625,1004,0.000000,0.000000,0.754644,0.937744,0.025890,-0.754644,0.467051,0.036716,0.713637,0.000000,0.937744,0.713637,211.681184,46.345203,60.890724,0.146692,0,458.59
20260603_230156,2928.727,1,Left,30848,74.980550,78.896525,74.980550,1.160529,0.007791,0.010898,0.009514,1305,0.000000,0.000000,0.880579,0.950000,0.022456,-0.829153,0.880579,0.032199,0.608942,0.000000,0.950000,0.608942,264.129070,2.890609,135.158683,0.236894,64,213.79
20260603_230156,2928.727,1,Right,30630,99.627816,73.424747,99.627816,0.000000,0.005300,0.017892,0.014612,1005,0.000000,0.000000,0.754644,0.937744,0.025875,-0.754644,0.467051,0.036684,0.713646,0.000000,0.937744,0.713646,211.653684,46.345203,60.862037,0.146626,0,213.79
20260603_230156,2933.731,1,Left,30900,75.022654,78.932039,75.022654,1.158576,0.007789,0.010884,0.009506,1308,0.000000,0.000000,0.880579,0.950000,0.022471,-0.829153,0.880579,0.032198,0.609232,0.000000,0.950000,0.609232,264.009782,2.890609,135.036618,0.236781,64,240.57
20260603_230156,2933.731,1,Right,30682,99.628447,73.469787,99.628447,0.000000,0.005294,0.017865,0.014600,1007,0.000000,0.000000,0.754644,0.937744,0.025869,-0.754644,0.467051,0.036659,0.713714,0.000000,0.937744,0.713714,211.643837,46.345203,60.850960,0.146599,0,240.57
20260603_230156,2938.742,1,Left,30958,75.069449,78.971510,75.069449,1.156405,0.007799,0.010922,0.009597,1311,0.000000,0.000000,0.880579,0.950000,0.022439,-0.829153,0.880579,0.032215,0.609525,0.000000,0.950000,0.609525,263.907208,2.890609,134.936951,0.236692,64,406.98
20260603_230156,2938.742,1,Right,30740,99.629148,73.519844,99.629148,0.000000,0.005291,0.017879,0.014590,1008,0.000000,0.000000,0.754644,0.937744,0.025891,-0.754644,0.467051,0.036661,0.713688,0.000000,0.937744,0.713688,211.617879,46.345203,60.823633,0.146552,0,406.98
20260603_230156,2943.752,1,Left,31009,75.110452,79.006095,75.110452,1.154504,0.007795,0.010915,0.009595,1314,0.000000,0.000000,0.880579,0.950000,0.022481,-0.829153,0.880579,0.032241,0.609886,0.000000,0.950000,0.609886,263.854282,2.890609,134.881313,0.236658,64,387.18
20260603_230156,2943.752,1,Right,30791,99.629762,73.563704,99.629762,0.000000,0.005289,0.017893,0.014581,1010,0.000000,0.000000,0.754644,0.937744,0.025907,-0.754644,0.467051,0.036658,0.713625,0.000000,0.937744,0.713625,211.595162,46.345203,60.799718,0.146514,0,387.18
20260603_230156,2948.764,1,Left,31066,75.156119,79.044615,75.156119,1.152385,0.007789,0.010899,0.009588,1316,0.000000,0.000000,0.880579,0.950000,0.022483,-0.829153,0.880579,0.032224,0.610229,0.000000,0.950000,0.610229,263.758511,2.890609,134.782526,0.236564,64,245.28
20260603_230156,2948.764,1,Right,30845,99.630410,73.609985,99.630410,0.000000,0.005287,0.017865,0.014576,1011,0.000000,0.000000,0.754644,0.937744,0.025874,-0.754644,0.467051,0.036620,0.713729,0.000000,0.937744,0.713729,211.620990,46.345203,60.824281,0.146538,0,245.28
20260603_230156,2953.772,1,Left,31119,75.198432,79.080305,75.198432,1.150423,0.007784,0.010890,0.009578,1320,0.000000,0.000000,0.880579,0.950000,0.022496,-0.829153,0.880579,0.032221,0.610559,0.000000,0.950000,0.610559,263.663596,2.890609,134.684820,0.236480,64,263.02
20260603_230156,2953.772,1,Right,30896,99.631020,73.653547,99.631020,0.000000,0.005286,0.017917,0.014577,1012,0.000000,0.000000,0.754644,0.937744,0.025913,-0.754644,0.467051,0.036642,0.713645,0.000000,0.937744,0.713645,211.594670,46.345203,60.796771,0.146510,0,263.02
20260603_230156,2958.782,1,Left,31176,75.243777,79.118553,75.243777,1.148319,0.007777,0.010874,0.009569,1323,0.000000,0.000000,0.880579,0.950000,0.022488,-0.829153,0.880579,0.032195,0.610889,0.000000,0.950000,0.610889,263.555841,2.890609,134.574078,0.236374,64,412.14
20260603_230156,2958.782,1,Right,30953,99.631700,73.702064,99.631700,0.000000,0.005279,0.017888,0.014566,1013,0.000000,0.000000,0.754644,0.937744,0.025870,-0.754644,0.467051,0.036579,0.713752,0.000000,0.937744,0.713752,211.620247,46.345203,60.821022,0.146520,0,412.14
20260603_230156,2963.794,1,Left,31230,75.286583,79.154659,75.286583,1.146334,0.007779,0.010888,0.009571,1325,0.000000,0.000000,0.880579,0.950000,0.022513,-0.829153,0.880579,0.032204,0.611190,0.000000,0.950000,0.611190,263.449281,2.890609,134.468103,0.236295,64,461.12
20260603_230156,2963.794,1,Right,31007,99.632341,73.747863,99.632341,0.000000,0.005276,0.017942,0.014560,1014,0.000000,0.000000,0.754644,0.937744,0.025909,-0.754644,0.467051,0.036599,0.713732,0.000000,0.937744,0.713732,211.582691,46.345203,60.782215,0.146473,0,461.12
20260603_230156,2968.801,1,Left,31284,75.329242,79.190641,75.329242,1.144355,0.007785,0.010906,0.009639,1328,0.000000,0.000000,0.880579,0.950000,0.022512,-0.829153,0.880579,0.032258,0.611498,0.000000,0.950000,0.611498,263.383551,2.890609,134.402376,0.236242,64,458.85
20260603_230156,2968.801,1,Right,31061,99.632980,73.793503,99.632980,0.000000,0.005272,0.017958,0.014553,1015,0.000000,0.000000,0.754644,0.937744,0.025870,-0.754644,0.467051,0.036542,0.713691,0.000000,0.937744,0.713691,211.548793,46.345203,60.747069,0.146387,0,458.85
20260603_230156,2973.809,1,Left,31337,75.370967,79.225835,75.370967,1.142420,0.007781,0.010897,0.009635,1330,0.000000,0.000000,0.880579,0.950000,0.022528,-0.829153,0.880579,0.032257,0.611855,0.000000,0.950000,0.611855,263.341108,2.890609,134.357180,0.236205,64,461.78
20260603_230156,2973.809,1,Right,31114,99.633605,73.838144,99.633605,0.000000,0.005269,0.017932,0.014540,1017,0.000000,0.000000,0.754644,0.937744,0.025871,-0.754644,0.467051,0.036524,0.713768,0.000000,0.937744,0.713768,211.547635,46.345203,60.744692,0.146376,0,461.78
20260603_230156,2978.812,1,Left,31392,75.414118,79.262232,75.414118,1.140418,0.007777,0.010884,0.009624,1333,0.000000,0.000000,0.880579,0.950000,0.022519,-0.829153,0.880579,0.032231,0.612186,0.000000,0.950000,0.612186,263.248709,2.890609,134.261936,0.236115,64,453.24
20260603_230156,2978.812,1,Right,31169,99.634252,73.884308,99.634252,0.000000,0.005263,0.017944,0.014530,1018,0.000000,0.000000,0.754644,0.937744,0.025890,-0.754644,0.467051,0.036525,0.713723,0.000000,0.937744,0.713723,211.557598,46.345203,60.753394,0.146375,0,453.24
20260603_230156,2983.822,1,Left,31446,75.456338,79.297844,75.456338,1.138460,0.007771,0.010873,0.009614,1336,0.000000,0.000000,0.880579,0.950000,0.022536,-0.829153,0.880579,0.032231,0.612520,0.000000,0.950000,0.612520,263.162928,2.890609,134.173375,0.236041,64,453.19
20260603_230156,2983.822,1,Right,31223,99.634885,73.929475,99.634885,0.000000,0.005258,0.017956,0.014522,1019,0.000000,0.000000,0.754644,0.937744,0.025887,-0.754644,0.467051,0.036503,0.713645,0.000000,0.937744,0.713645,211.534173,46.345203,60.728735,0.146324,0,453.19
20260603_230156,2988.832,1,Left,31501,75.499191,79.333989,75.499191,1.136472,0.007767,0.010865,0.009604,1340,0.000000,0.000000,0.880579,0.950000,0.022551,-0.829153,0.880579,0.032229,0.612837,0.000000,0.950000,0.612837,263.038457,2.890609,134.046085,0.235921,64,182.12
20260603_230156,2988.832,1,Right,31278,99.635527,73.975318,99.635527,0.000000,0.005287,0.017979,0.014614,1021,0.000000,0.000000,0.754644,0.937744,0.025855,-0.754644,0.467051,0.036554,0.713586,0.000000,0.937744,0.713586,211.538332,46.345203,60.749638,0.146407,0,182.12
20260603_230156,2993.838,1,Left,31552,75.538793,79.367394,75.538793,1.134635,0.007763,0.010857,0.009598,1342,0.000000,0.000000,0.880579,0.950000,0.022548,-0.829153,0.880579,0.032210,0.613110,0.000000,0.950000,0.613110,262.912566,2.890609,133.917593,0.235784,64,244.14
20260603_230156,2993.838,1,Right,31329,99.636120,74.017683,99.636120,0.000000,0.005303,0.017999,0.014661,1023,0.000000,0.000000,0.754644,0.937744,0.025856,-0.754644,0.467051,0.036604,0.713625,0.000000,0.937744,0.713625,211.574877,46.345203,60.788526,0.146489,0,244.14
20260603_230156,2998.848,1,Left,31605,75.579813,79.401993,75.579813,1.132732,0.007756,0.010842,0.009588,1345,0.000000,0.000000,0.880579,0.950000,0.022537,-0.829153,0.880579,0.032184,0.613397,0.000000,0.950000,0.613397,262.797227,2.890609,133.799562,0.235667,64,457.94
20260603_230156,2998.848,1,Right,31381,99.636723,74.060737,99.636723,0.000000,0.005301,0.017976,0.014659,1025,0.000000,0.000000,0.754644,0.937744,0.025878,-0.754644,0.467051,0.036609,0.713736,0.000000,0.937744,0.713736,211.606013,46.345203,60.818450,0.146532,0,457.94
20260603_230156,3003.859,1,Left,31654,75.617615,79.433879,75.617615,1.130979,0.007755,0.010832,0.009582,1348,0.000000,0.000000,0.880579,0.950000,0.022556,-0.829153,0.880579,0.032188,0.613678,0.000000,0.950000,0.613678,262.701031,2.890609,133.700887,0.235578,64,465.57
20260603_230156,3003.859,1,Right,31430,99.637289,74.101177,99.637289,0.000000,0.005299,0.017991,0.014650,1028,0.000000,0.000000,0.754644,0.937744,0.025898,-0.754644,0.467051,0.036612,0.713706,0.000000,0.937744,0.713706,211.580099,46.345203,60.791397,0.146493,0,465.57
20260603_230156,3008.863,1,Left,31705,75.656836,79.466961,75.656836,1.129159,0.007748,0.010818,0.009574,1351,0.000000,0.000000,0.880579,0.950000,0.022551,-0.829153,0.880579,0.032167,0.613961,0.000000,0.950000,0.613961,262.597032,2.890609,133.594319,0.235473,64,237.22
20260603_230156,3008.863,1,Right,31481,99.637877,74.143134,99.637877,0.000000,0.005292,0.017965,0.014636,1029,0.000000,0.000000,0.754644,0.937744,0.025862,-0.754644,0.467051,0.036558,0.713762,0.000000,0.937744,0.713762,211.563861,46.345203,60.773979,0.146433,0,237.22
20260603_230156,3013.873,1,Left,31754,75.694401,79.498646,75.694401,1.127417,0.007744,0.010806,0.009567,1353,0.000000,0.000000,0.880579,0.950000,0.022565,-0.829153,0.880579,0.032166,0.614233,0.000000,0.950000,0.614233,262.495603,2.890609,133.490433,0.235377,64,230.93
20260603_230156,3013.873,1,Right,31530,99.638440,74.183317,99.638440,0.000000,0.005288,0.017978,0.014629,1031,0.000000,0.000000,0.754644,0.937744,0.025884,-0.754644,0.467051,0.036564,0.713751,0.000000,0.937744,0.713751,211.537474,46.345203,60.746460,0.146389,0,230.93
20260603_230156,3018.878,1,Left,31809,75.736427,79.534094,75.736427,1.125468,0.007739,0.010797,0.009561,1356,0.000000,0.000000,0.880579,0.950000,0.022568,-0.829153,0.880579,0.032152,0.614554,0.000000,0.950000,0.614554,262.373374,2.890609,133.365457,0.235251,64,460.20
20260603_230156,3018.878,1,Right,31585,99.639069,74.228273,99.639069,0.000000,0.005332,0.018004,0.014732,1034,0.000000,0.000000,0.754644,0.937744,0.025948,-0.754644,0.467051,0.036710,0.713654,0.000000,0.937744,0.713654,211.515526,46.345203,60.744961,0.146498,0,460.20
20260603_230156,3023.888,1,Left,31858,75.773746,79.565572,75.773746,1.123737,0.007733,0.010784,0.009552,1359,0.000000,0.000000,0.880579,0.950000,0.022561,-0.829153,0.880579,0.032130,0.614799,0.000000,0.950000,0.614799,262.245029,2.890609,133.234675,0.235112,64,452.22
20260603_230156,3023.888,1,Right,31634,99.639628,74.268192,99.639628,0.000000,0.005335,0.017987,0.014755,1035,0.000000,0.000000,0.754644,0.937744,0.025838,-0.754644,0.467051,0.036732,0.713820,0.000000,0.937744,0.713820,211.578545,46.345203,60.806822,0.146587,0,452.22
20260603_230156,3028.892,1,Left,31906,75.810192,79.596314,75.810192,1.122046,0.007731,0.010772,0.009545,1362,0.000000,0.000000,0.880579,0.950000,0.022576,-0.829153,0.880579,0.032131,0.615048,0.000000,0.950000,0.615048,262.133857,2.890609,133.121125,0.235005,64,460.31
20260603_230156,3028.892,1,Right,31682,99.640174,74.307178,99.640174,0.000000,0.005339,0.018003,0.014765,1036,0.000000,0.000000,0.754644,0.937744,0.025910,-0.754644,0.467051,0.036788,0.713771,0.000000,0.937744,0.713771,211.575872,46.345203,60.803019,0.146610,0,460.31
20260603_230156,3033.898,1,Left,31956,75.848041,79.628239,75.848041,1.120290,0.007726,0.010762,0.009537,1365,0.000000,0.000000,0.880579,0.950000,0.022573,-0.829153,0.880579,0.032113,0.615349,0.000000,0.950000,0.615349,262.063019,2.890609,133.047822,0.234939,64,275.47
20260603_230156,3033.898,1,Right,31732,99.640741,74.347662,99.640741,0.000000,0.005337,0.017979,0.014761,1037,0.000000,0.000000,0.754644,0.937744,0.025856,-0.754644,0.467051,0.036763,0.713849,0.000000,0.937744,0.713849,211.582351,46.345203,60.808324,0.146612,0,275.47
20260603_230156,3038.900,1,Left,32006,75.885771,79.660064,75.885771,1.118540,0.007720,0.010751,0.009529,1368,0.000000,0.000000,0.880579,0.950000,0.022595,-0.829153,0.880579,0.032121,0.615649,0.000000,0.950000,0.615649,261.991219,2.890609,132.973565,0.234876,64,247.20
20260603_230156,3038.900,1,Right,31781,99.641295,74.387212,99.641295,0.000000,0.005338,0.017995,0.014766,1038,0.000000,0.000000,0.754644,0.937744,0.025893,-0.754644,0.467051,0.036800,0.713789,0.000000,0.937744,0.713789,211.607768,46.345203,60.832595,0.146660,0,247.20
20260603_230156,3043.909,1,Left,32058,75.924886,79.693056,75.924886,1.116726,0.007714,0.010741,0.009522,1371,0.000000,0.000000,0.880579,0.950000,0.022589,-0.829153,0.880579,0.032099,0.615976,0.000000,0.950000,0.615976,261.919497,2.890609,132.899299,0.234809,64,404.93
20260603_230156,3043.909,1,Right,31832,99.641870,74.428248,99.641870,0.000000,0.005337,0.017994,0.014762,1039,0.000000,0.000000,0.754644,0.937744,0.025875,-0.754644,0.467051,0.036804,0.713664,0.000000,0.937744,0.713664,211.595580,46.345203,60.819216,0.146637,0,404.93
20260603_230156,3048.919,1,Left,32107,75.961628,79.724048,75.961628,1.115022,0.007711,0.010729,0.009515,1373,0.000000,0.000000,0.880579,0.950000,0.022599,-0.829153,0.880579,0.032095,0.616257,0.000000,0.950000,0.616257,261.845083,2.890609,132.822498,0.234736,64,246.81
20260603_230156,3048.919,1,Right,31881,99.642420,74.467551,99.642420,0.000000,0.005336,0.017994,0.014763,1041,0.000000,0.000000,0.754644,0.937744,0.025865,-0.754644,0.467051,0.036829,0.713730,0.000000,0.937744,0.713730,211.644364,46.345203,60.866861,0.146702,0,246.81
20260603_230156,3053.920,1,Left,32162,76.002736,79.758721,76.002736,1.113115,0.007706,0.010719,0.009506,1377,0.000000,0.000000,0.880579,0.950000,0.022600,-0.829153,0.880579,0.032080,0.616572,0.000000,0.950000,0.616572,261.744652,2.890609,132.719399,0.234638,64,229.95
20260603_230156,3053.920,1,Right,31935,99.643025,74.510725,99.643025,0.000000,0.005332,0.018015,0.014758,1041,0.000000,0.000000,0.754644,0.937744,0.025885,-0.754644,0.467051,0.036831,0.713612,0.000000,0.937744,0.713612,211.643056,46.345203,60.864301,0.146693,0,229.95
20260603_230156,3058.928,1,Left,32215,76.042216,79.792022,76.042216,1.111284,0.007704,0.010706,0.009497,1380,0.000000,0.000000,0.880579,0.950000,0.022613,-0.829153,0.880579,0.032077,0.616842,0.000000,0.950000,0.616842,261.627751,2.890609,132.599939,0.234523,64,447.87
20260603_230156,3058.928,1,Right,31988,99.643616,74.552957,99.643616,0.000000,0.005327,0.017995,0.014752,1043,0.000000,0.000000,0.754644,0.937744,0.025876,-0.754644,0.467051,0.036804,0.713785,0.000000,0.937744,0.713785,211.717212,46.345203,60.937232,0.146769,0,447.87
20260603_230156,3063.936,1,Left,32269,76.082308,79.825839,76.082308,1.109424,0.007730,0.010765,0.009593,1384,0.000000,0.000000,0.880579,0.950000,0.022611,-0.829153,0.880579,0.032105,0.616996,0.000000,0.950000,0.616996,261.500620,2.890609,132.481951,0.234430,64,461.01
20260603_230156,3063.936,1,Right,32042,99.644217,74.595843,99.644217,0.000000,0.005323,0.018018,0.014747,1044,0.000000,0.000000,0.754644,0.937744,0.025903,-0.754644,0.467051,0.036813,0.713692,0.000000,0.937744,0.713692,211.687806,46.345203,60.906583,0.146726,0,461.01
20260603_230156,3068.947,1,Left,32323,76.122266,79.859543,76.122266,1.107570,0.007727,0.010782,0.009619,1386,0.000000,0.000000,0.880579,0.950000,0.022615,-0.829153,0.880579,0.032136,0.617389,0.000000,0.950000,0.617389,261.526220,2.890609,132.504940,0.234445,64,254.74
20260603_230156,3068.947,1,Right,32096,99.644816,74.638584,99.644816,0.000000,0.005321,0.017995,0.014745,1045,0.000000,0.000000,0.754644,0.937744,0.025871,-0.754644,0.467051,0.036786,0.713798,0.000000,0.937744,0.713798,211.717487,46.345203,60.935025,0.146764,0,254.74
20260603_230156,3073.957,1,Left,32377,76.162090,79.893134,76.162090,1.105723,0.007720,0.010770,0.009611,1389,0.000000,0.000000,0.880579,0.950000,0.022610,-0.829153,0.880579,0.032115,0.617831,0.000000,0.950000,0.617831,261.565281,2.890609,132.541401,0.234471,64,246.65
20260603_230156,3073.957,1,Right,32149,99.645401,74.680394,99.645401,0.000000,0.005321,0.018008,0.014747,1046,0.000000,0.000000,0.754644,0.937744,0.025910,-0.754644,0.467051,0.036807,0.713728,0.000000,0.937744,0.713728,211.694988,46.345203,60.911314,0.146741,0,246.65
20260603_230156,3078.961,1,Left,32430,76.201048,79.925994,76.201048,1.103916,0.007734,0.010806,0.009679,1393,0.000000,0.000000,0.880579,0.950000,0.022592,-0.829153,0.880579,0.032162,0.618124,0.000000,0.950000,0.618124,261.526364,2.890609,132.502950,0.234447,64,410.44
20260603_230156,3078.961,1,Right,32202,99.645985,74.722067,99.645985,0.000000,0.005315,0.017989,0.014739,1047,0.000000,0.000000,0.754644,0.937744,0.025872,-0.754644,0.467051,0.036751,0.713828,0.000000,0.937744,0.713828,211.708099,46.345203,60.923217,0.146753,0,410.44
20260603_230156,3083.964,1,Left,32488,76.243536,79.961832,76.243536,1.101945,0.007729,0.010798,0.009675,1396,0.000000,0.000000,0.880579,0.950000,0.022634,-0.829153,0.880579,0.032188,0.618515,0.000000,0.950000,0.618515,261.473886,2.890609,132.447698,0.234418,64,471.06
20260603_230156,3083.964,1,Right,32259,99.646610,74.766732,99.646610,0.000000,0.005313,0.018034,0.014739,1048,0.000000,0.000000,0.754644,0.937744,0.025910,-0.754644,0.467051,0.036770,0.713708,0.000000,0.937744,0.713708,211.671119,46.345203,60.884942,0.146713,0,471.06
20260603_230156,3088.978,1,Left,32540,76.281500,79.993854,76.281500,1.100184,0.007742,0.010834,0.009748,1399,0.000000,0.000000,0.880579,0.950000,0.022605,-0.829153,0.880579,0.032206,0.618763,0.000000,0.950000,0.618763,261.402000,2.890609,132.376256,0.234354,64,237.01
20260603_230156,3088.978,1,Right,32311,99.647179,74.807341,99.647179,0.000000,0.005307,0.018016,0.014734,1049,0.000000,0.000000,0.754644,0.937744,0.025883,-0.754644,0.467051,0.036725,0.713802,0.000000,0.937744,0.713802,211.682207,46.345203,60.894853,0.146725,0,237.01
20260603_230156,3093.983,1,Left,32597,76.322975,80.028837,76.322975,1.098261,0.007736,0.010823,0.009748,1401,0.000000,0.000000,0.880579,0.950000,0.022633,-0.829153,0.880579,0.032217,0.619120,0.000000,0.950000,0.619120,261.352074,2.890609,132.323621,0.234322,64,258.51
20260603_230156,3093.983,1,Right,32367,99.647789,74.850928,99.647789,0.000000,0.005303,0.018064,0.014727,1050,0.000000,0.000000,0.754644,0.937744,0.025904,-0.754644,0.467051,0.036728,0.713765,0.000000,0.937744,0.713765,211.666356,46.345203,60.877737,0.146711,0,258.51
20260603_230156,3098.994,1,Left,32649,76.360685,80.060645,76.360685,1.096511,0.007734,0.010815,0.009740,1404,0.000000,0.000000,0.880579,0.950000,0.022657,-0.829153,0.880579,0.032226,0.619430,0.000000,0.950000,0.619430,261.279691,2.890609,132.248777,0.234261,64,468.06
20260603_230156,3098.994,1,Right,32419,99.648354,74.891267,99.648354,0.000000,0.005300,0.018076,0.014721,1051,0.000000,0.000000,0.754644,0.937744,0.025889,-0.754644,0.467051,0.036696,0.713714,0.000000,0.937744,0.713714,211.630084,46.345203,60.840296,0.146627,0,468.06
20260603_230156,3104.005,1,Left,32708,76.403326,80.096612,76.403326,1.094533,0.007725,0.010801,0.009731,1407,0.000000,0.000000,0.880579,0.950000,0.022648,-0.829153,0.880579,0.032200,0.619732,0.000000,0.950000,0.619732,261.175983,2.890609,132.142289,0.234150,64,229.79
20260603_230156,3104.005,1,Right,32477,99.648982,74.936109,99.648982,0.000000,0.005294,0.018048,0.014707,1053,0.000000,0.000000,0.754644,0.937744,0.025870,-0.754644,0.467051,0.036657,0.713797,0.000000,0.937744,0.713797,211.632566,46.345203,60.841478,0.146605,0,229.79
20260603_230156,3109.008,1,Left,32762,76.442220,80.129418,76.442220,1.092729,0.007721,0.010790,0.009720,1409,0.000000,0.000000,0.880579,0.950000,0.022657,-0.829153,0.880579,0.032193,0.620032,0.000000,0.950000,0.620032,261.085471,2.890609,132.049245,0.234067,64,442.20
20260603_230156,3109.008,1,Right,32529,99.649543,74.976175,99.649543,0.000000,0.005291,0.018064,0.014699,1056,0.000000,0.000000,0.754644,0.937744,0.025899,-0.754644,0.467051,0.036669,0.713748,0.000000,0.937744,0.713748,211.635519,46.345203,60.843269,0.146599,0,442.20
20260603_230156,3114.016,1,Left,32817,76.481702,80.162721,76.481702,1.090898,0.007715,0.010778,0.009711,1412,0.000000,0.000000,0.880579,0.950000,0.022662,-0.829153,0.880579,0.032182,0.620322,0.000000,0.950000,0.620322,260.995104,2.890609,131.956309,0.233982,64,460.36
20260603_230156,3114.016,1,Right,32583,99.650124,75.017647,99.650124,0.000000,0.005282,0.018038,0.014683,1057,0.000000,0.000000,0.754644,0.937744,0.025856,-0.754644,0.467051,0.036608,0.713828,0.000000,0.937744,0.713828,211.644055,46.345203,60.850603,0.146583,0,460.36
20260603_230156,3119.016,1,Left,32870,76.519623,80.194706,76.519623,1.089139,0.007711,0.010767,0.009703,1415,0.000000,0.000000,0.880579,0.950000,0.022660,-0.829153,0.880579,0.032165,0.620594,0.000000,0.950000,0.620594,260.890310,2.890609,131.849050,0.233874,64,253.80
20260603_230156,3119.016,1,Right,32635,99.650682,75.057454,99.650682,0.000000,0.005282,0.018085,0.014688,1058,0.000000,0.000000,0.754644,0.937744,0.025897,-0.754644,0.467051,0.036632,0.713793,0.000000,0.937744,0.713793,211.627917,46.345203,60.833311,0.146569,0,253.80
20260603_230156,3124.023,1,Left,32924,76.558134,80.227190,76.558134,1.087353,0.007707,0.010762,0.009696,1418,0.000000,0.000000,0.880579,0.950000,0.022683,-0.829153,0.880579,0.032172,0.620882,0.000000,0.950000,0.620882,260.778519,2.890609,131.734759,0.233766,64,226.88
20260603_230156,3124.023,1,Right,32689,99.651259,75.098657,99.651259,0.000000,0.005302,0.018105,0.014737,1066,0.000000,0.000000,0.754644,0.937744,0.025896,-0.754644,0.467051,0.036694,0.713697,0.000000,0.937744,0.713697,211.611880,46.345203,60.829471,0.146627,0,226.88
20260603_230156,3129.035,1,Left,32976,76.595099,80.258370,76.595099,1.085638,0.007700,0.010752,0.009687,1421,0.000000,0.000000,0.880579,0.950000,0.022677,-0.829153,0.880579,0.032151,0.621142,0.000000,0.950000,0.621142,260.671221,2.890609,131.625063,0.233651,64,257.10
20260603_230156,3129.035,1,Right,32740,99.651802,75.137447,99.651802,0.000000,0.005321,0.018129,0.014796,1067,0.000000,0.000000,0.754644,0.937744,0.025851,-0.754644,0.467051,0.036733,0.713772,0.000000,0.937744,0.713772,211.648238,46.345203,60.865365,0.146696,0,257.10
20260603_230156,3134.038,1,Left,33023,76.628411,80.286467,76.628411,1.084093,0.007697,0.010740,0.009682,1423,0.000000,0.000000,0.880579,0.950000,0.022681,-0.829153,0.880579,0.032142,0.621379,0.000000,0.950000,0.621379,260.583060,2.890609,131.534745,0.233563,64,276.41
20260603_230156,3134.038,1,Right,32787,99.652301,75.173087,99.652301,0.000000,0.005319,0.018106,0.014799,1068,0.000000,0.000000,0.754644,0.937744,0.025894,-0.754644,0.467051,0.036761,0.713830,0.000000,0.937744,0.713830,211.640431,46.345203,60.856504,0.146699,0,276.41
20260603_230156,3139.044,1,Left,33077,76.666566,80.318650,76.666566,1.082323,0.007712,0.010772,0.009761,1427,0.000000,0.000000,0.880579,0.950000,0.022674,-0.829153,0.880579,0.032198,0.621624,0.000000,0.950000,0.621624,260.491205,2.890609,131.442643,0.233492,64,263.74
20260603_230156,3139.044,1,Right,32841,99.652873,75.213909,99.652873,0.000000,0.005315,0.018120,0.014790,1070,0.000000,0.000000,0.754644,0.937744,0.025896,-0.754644,0.467051,0.036745,0.713754,0.000000,0.937744,0.713754,211.605696,46.345203,60.820563,0.146634,0,263.74
20260603_230156,3144.045,1,Left,33129,76.703191,80.349543,76.703191,1.080624,0.007706,0.010764,0.009756,1430,0.000000,0.000000,0.880579,0.950000,0.022709,-0.829153,0.880579,0.032218,0.621923,0.000000,0.950000,0.621923,260.416775,2.890609,131.365841,0.233428,64,399.34
20260603_230156,3144.045,1,Right,32891,99.653401,75.251589,99.653401,0.000000,0.005341,0.018137,0.014868,1073,0.000000,0.000000,0.754644,0.937744,0.025827,-0.754644,0.467051,0.036764,0.713666,0.000000,0.937744,0.713666,211.586402,46.345203,60.816481,0.146658,0,399.34
20260603_230156,3149.049,1,Left,33178,76.737597,80.378564,76.737597,1.079028,0.007703,0.010751,0.009748,1433,0.000000,0.000000,0.880579,0.950000,0.022699,-0.829153,0.880579,0.032194,0.622156,0.000000,0.950000,0.622156,260.310375,2.890609,131.257212,0.233317,64,253.07
20260603_230156,3149.049,1,Right,32940,99.653916,75.288403,99.653916,0.000000,0.005353,0.018123,0.014910,1075,0.000000,0.000000,0.754644,0.937744,0.025884,-0.754644,0.467051,0.036895,0.713815,0.000000,0.937744,0.713815,211.634102,46.345203,60.863069,0.146799,0,253.07
20260603_230156,3154.056,1,Left,33228,76.772601,80.408090,76.772601,1.077405,0.007699,0.010742,0.009740,1435,0.000000,0.000000,0.880579,0.950000,0.022707,-0.829153,0.880579,0.032188,0.622398,0.000000,0.950000,0.622398,260.197599,2.890609,131.142173,0.233204,64,235.29
20260603_230156,3154.056,1,Right,32990,99.654441,75.325856,99.654441,0.000000,0.005354,0.018140,0.014914,1076,0.000000,0.000000,0.754644,0.937744,0.025909,-0.754644,0.467051,0.036946,0.713726,0.000000,0.937744,0.713726,211.630369,46.345203,60.858205,0.146812,0,235.29
20260603_230156,3159.068,1,Left,33278,76.807500,80.437526,76.807500,1.075786,0.007695,0.010730,0.009735,1438,0.000000,0.000000,0.880579,0.950000,0.022715,-0.829153,0.880579,0.032181,0.622654,0.000000,0.950000,0.622654,260.114049,2.890609,131.056367,0.233123,64,459.15
20260603_230156,3159.068,1,Right,33040,99.654964,75.363196,99.654964,0.000000,0.005355,0.018123,0.014922,1077,0.000000,0.000000,0.754644,0.937744,0.025851,-0.754644,0.467051,0.036950,0.713882,0.000000,0.937744,0.713882,211.703924,46.345203,60.930631,0.146899,0,459.15
20260603_230156,3164.079,1,Left,33328,76.842295,80.466875,76.842295,1.074172,0.007688,0.010720,0.009727,1441,0.000000,0.000000,0.880579,0.950000,0.022717,-0.829153,0.880579,0.032169,0.622951,0.000000,0.950000,0.622951,260.064953,2.890609,131.005025,0.233077,64,236.50
20260603_230156,3164.079,1,Right,33090,99.655485,75.400423,99.655485,0.000000,0.005358,0.018142,0.014930,1078,0.000000,0.000000,0.754644,0.937744,0.025914,-0.754644,0.467051,0.036996,0.713781,0.000000,0.937744,0.713781,211.699264,46.345203,60.924846,0.146911,0,236.50
20260603_230156,3169.087,1,Left,33382,76.879756,80.498472,76.879756,1.072434,0.007684,0.010706,0.009719,1443,0.000000,0.000000,0.880579,0.950000,0.022721,-0.829153,0.880579,0.032158,0.623236,0.000000,0.950000,0.623236,259.990585,2.890609,130.928241,0.233008,64,460.15
20260603_230156,3169.087,1,Right,33144,99.656046,75.440502,99.656046,0.000000,0.005353,0.018117,0.014927,1079,0.000000,0.000000,0.754644,0.937744,0.025843,-0.754644,0.467051,0.036964,0.713884,0.000000,0.937744,0.713884,211.731177,46.345203,60.955548,0.146937,0,460.15
20260603_230156,3174.094,1,Left,33435,76.916405,80.529385,76.916405,1.070734,0.007680,0.010696,0.009711,1447,0.000000,0.000000,0.880579,0.950000,0.022731,-0.829153,0.880579,0.032152,0.623549,0.000000,0.950000,0.623549,259.934579,2.890609,130.869873,0.232953,64,422.30
20260603_230156,3174.094,1,Right,33197,99.656595,75.479712,99.656595,0.000000,0.005354,0.018139,0.014929,1080,0.000000,0.000000,0.754644,0.937744,0.025900,-0.754644,0.467051,0.037002,0.713751,0.000000,0.937744,0.713751,211.710249,46.345203,60.933436,0.146923,0,422.30
20260603_230156,3179.105,1,Left,33488,76.952938,80.560201,76.952938,1.069040,0.007673,0.010684,0.009703,1449,0.000000,0.000000,0.880579,0.950000,0.022724,-0.829153,0.880579,0.032131,0.623817,0.000000,0.950000,0.623817,259.846967,2.890609,130.779909,0.232862,64,239.44
20260603_230156,3179.105,1,Right,33248,99.657122,75.517324,99.657122,0.000000,0.005345,0.018116,0.014912,1081,0.000000,0.000000,0.754644,0.937744,0.025860,-0.754644,0.467051,0.036946,0.713819,0.000000,0.937744,0.713819,211.707537,46.345203,60.929587,0.146908,0,239.44
20260603_230156,3184.107,1,Left,33546,76.992786,80.593811,76.992786,1.067191,0.007670,0.010674,0.009695,1452,0.000000,0.000000,0.880579,0.950000,0.022734,-0.829153,0.880579,0.032124,0.624102,0.000000,0.950000,0.624102,259.735507,2.890609,130.665886,0.232753,64,242.54
20260603_230156,3184.107,1,Right,33306,99.657719,75.559959,99.657719,0.000000,0.005343,0.018129,0.014914,1082,0.000000,0.000000,0.754644,0.937744,0.025906,-0.754644,0.467051,0.036972,0.713778,0.000000,0.937744,0.713778,211.726937,46.345203,60.947699,0.146938,0,242.54
20260603_230156,3189.117,1,Left,33599,77.029078,80.624423,77.029078,1.065508,0.007665,0.010663,0.009685,1455,0.000000,0.000000,0.880579,0.950000,0.022733,-0.829153,0.880579,0.032108,0.624358,0.000000,0.950000,0.624358,259.636414,2.890609,130.564461,0.232656,64,266.41
20260603_230156,3189.117,1,Right,33358,99.658253,75.598057,99.658253,0.000000,0.005337,0.018123,0.014901,1083,0.000000,0.000000,0.754644,0.937744,0.025867,-0.754644,0.467051,0.036916,0.713796,0.000000,0.937744,0.713796,211.726313,46.345203,60.945924,0.146898,0,266.41
20260603_230156,3194.121,1,Left,33649,77.063211,80.653214,77.063211,1.063925,0.007662,0.010652,0.009679,1458,0.000000,0.000000,0.880579,0.950000,0.022746,-0.829153,0.880579,0.032108,0.624605,0.000000,0.950000,0.624605,259.557614,2.890609,130.483470,0.232584,64,255.39
20260603_230156,3194.121,1,Right,33408,99.658764,75.634579,99.658764,0.000000,0.005336,0.018118,0.014899,1084,0.000000,0.000000,0.754644,0.937744,0.025898,-0.754644,0.467051,0.036931,0.713836,0.000000,0.937744,0.713836,211.714622,46.345203,60.933129,0.146885,0,255.39
20260603_230156,3199.132,1,Left,33702,77.099282,80.683639,77.099282,1.062251,0.007657,0.010644,0.009669,1461,0.000000,0.000000,0.880579,0.950000,0.022745,-0.829153,0.880579,0.032092,0.624879,0.000000,0.950000,0.624879,259.470197,2.890609,130.393739,0.232500,64,455.80
20260603_230156,3199.132,1,Right,33459,99.659284,75.671718,99.659284,0.000000,0.005333,0.018131,0.014890,1086,0.000000,0.000000,0.754644,0.937744,0.025905,-0.754644,0.467051,0.036921,0.713734,0.000000,0.937744,0.713734,211.682563,46.345203,60.899949,0.146826,0,455.80
20260603_230156,3204.133,1,Left,33758,77.137271,80.715682,77.137271,1.060489,0.007652,0.010630,0.009661,1464,0.000000,0.000000,0.880579,0.950000,0.022754,-0.829153,0.880579,0.032085,0.625152,0.000000,0.950000,0.625152,259.378408,2.890609,130.299516,0.232411,64,273.35
20260603_230156,3204.133,1,Right,33515,99.659854,75.712368,99.659854,0.000000,0.005331,0.018108,0.014886,1087,0.000000,0.000000,0.754644,0.937744,0.025877,-0.754644,0.467051,0.036896,0.713868,0.000000,0.937744,0.713868,211.734167,46.345203,60.950324,0.146881,0,273.35
20260603_230156,3209.139,1,Left,33817,77.177159,80.749327,77.177159,1.058639,0.007648,0.010619,0.009651,1468,0.000000,0.000000,0.880579,0.950000,0.022776,-0.829153,0.880579,0.032092,0.625456,0.000000,0.950000,0.625456,259.294019,2.890609,130.212574,0.232338,64,241.26
20260603_230156,3209.139,1,Right,33572,99.660431,75.753604,99.660431,0.000000,0.005329,0.018118,0.014887,1088,0.000000,0.000000,0.754644,0.937744,0.025922,-0.754644,0.467051,0.036923,0.713770,0.000000,0.937744,0.713770,211.716925,46.345203,60.931836,0.146869,0,241.26
20260603_230156,3214.150,1,Left,33869,77.212200,80.778883,77.212200,1.057014,0.007641,0.010606,0.009642,1471,0.000000,0.000000,0.880579,0.950000,0.022765,-0.829153,0.880579,0.032065,0.625712,0.000000,0.950000,0.625712,259.217410,2.890609,130.133724,0.232261,64,456.75
20260603_230156,3214.150,1,Right,33624,99.660956,75.791102,99.660956,0.000000,0.005323,0.018094,0.014877,1089,0.000000,0.000000,0.754644,0.937744,0.025884,-0.754644,0.467051,0.036868,0.713870,0.000000,0.937744,0.713870,211.751791,46.345203,60.965569,0.146891,0,456.75
20260603_230156,3219.163,1,Left,33922,77.247804,80.808915,77.247804,1.055362,0.007638,0.010598,0.009634,1474,0.000000,0.000000,0.880579,0.950000,0.022781,-0.829153,0.880579,0.032067,0.625980,0.000000,0.950000,0.625980,259.133795,2.890609,130.047834,0.232189,64,245.02
20260603_230156,3219.163,1,Right,33675,99.661470,75.827765,99.661470,0.000000,0.005322,0.018143,0.014874,1090,0.000000,0.000000,0.754644,0.937744,0.025917,-0.754644,0.467051,0.036885,0.713844,0.000000,0.937744,0.713844,211.716157,46.345203,60.928827,0.146847,0,245.02
20260603_230156,3224.163,1,Left,33974,77.282628,80.838288,77.282628,1.053747,0.007634,0.010587,0.009625,1477,0.000000,0.000000,0.880579,0.950000,0.022776,-0.829153,0.880579,0.032048,0.626241,0.000000,0.950000,0.626241,259.062159,2.890609,129.973976,0.232120,64,451.88
20260603_230156,3224.163,1,Right,33727,99.661992,75.865034,99.661992,0.000000,0.005316,0.018154,0.014863,1091,0.000000,0.000000,0.754644,0.937744,0.025882,-0.754644,0.467051,0.036832,0.713849,0.000000,0.937744,0.713849,211.703826,46.345203,60.915370,0.146792,0,451.88
20260603_230156,3229.171,1,Left,34028,77.318679,80.868696,77.318679,1.052075,0.007630,0.010578,0.009618,1480,0.000000,0.000000,0.880579,0.950000,0.022795,-0.829153,0.880579,0.032052,0.626519,0.000000,0.950000,0.626519,258.990595,2.890609,129.900113,0.232055,64,242.08
20260603_230156,3229.171,1,Right,33781,99.662532,75.903614,99.662532,0.000000,0.005315,0.018167,0.014855,1092,0.000000,0.000000,0.754644,0.937744,0.025908,-0.754644,0.467051,0.036841,0.713818,0.000000,0.937744,0.713818,211.708450,46.345203,60.918829,0.146795,0,242.08
20260603_230156,3234.172,1,Left,34082,77.354615,80.899008,77.354615,1.050408,0.007625,0.010566,0.009609,1483,0.000000,0.000000,0.880579,0.950000,0.022787,-0.829153,0.880579,0.032030,0.626784,0.000000,0.950000,0.626784,258.915117,2.890609,129.822345,0.231980,64,239.21
20260603_230156,3234.172,1,Right,33835,99.663071,75.942072,99.663071,0.000000,0.005306,0.018142,0.014840,1093,0.000000,0.000000,0.754644,0.937744,0.025866,-0.754644,0.467051,0.036782,0.713896,0.000000,0.937744,0.713896,211.716099,46.345203,60.925316,0.146771,0,239.21
20260603_230156,3239.183,1,Left,34136,77.390438,80.929224,77.390438,1.048746,0.007620,0.010555,0.009599,1486,0.000000,0.000000,0.880579,0.950000,0.022801,-0.829153,0.880579,0.032029,0.627047,0.000000,0.950000,0.627047,258.826688,2.890609,129.731635,0.231896,64,233.59
20260603_230156,3239.183,1,Right,33888,99.663598,75.979698,99.663598,0.000000,0.005306,0.018154,0.014842,1094,0.000000,0.000000,0.754644,0.937744,0.025906,-0.754644,0.467051,0.036805,0.713857,0.000000,0.937744,0.713857,211.713052,46.345203,60.921132,0.146773,0,233.59
20260603_230156,3244.197,1,Left,34190,77.426148,80.959345,77.426148,1.047090,0.007616,0.010544,0.009591,1489,0.000000,0.000000,0.880579,0.950000,0.022804,-0.829153,0.880579,0.032017,0.627302,0.000000,0.950000,0.627302,258.736950,2.890609,129.639627,0.231808,64,262.93
20260603_230156,3244.197,1,Right,33941,99.664123,76.017206,99.664123,0.000000,0.005297,0.018130,0.014826,1095,0.000000,0.000000,0.754644,0.937744,0.025866,-0.754644,0.467051,0.036747,0.713924,0.000000,0.937744,0.713924,211.712042,46.345203,60.918989,0.146751,0,262.93
20260603_230156,3249.198,1,Left,34242,77.460429,80.988260,77.460429,1.045500,0.007611,0.010534,0.009582,1493,0.000000,0.000000,0.880579,0.950000,0.022807,-0.829153,0.880579,0.032007,0.627546,0.000000,0.950000,0.627546,258.642093,2.890609,129.542592,0.231714,64,262.21
20260603_230156,3249.198,1,Right,33993,99.664637,76.053893,99.664637,0.000000,0.005297,0.018175,0.014828,1096,0.000000,0.000000,0.754644,0.937744,0.025904,-0.754644,0.467051,0.036768,0.713895,0.000000,0.937744,0.713895,211.682281,46.345203,60.888120,0.146712,0,262.21
20260603_230156,3254.202,1,Left,34291,77.492637,81.015427,77.492637,1.044006,0.007607,0.010524,0.009576,1495,0.000000,0.000000,0.880579,0.950000,0.022817,-0.829153,0.880579,0.032004,0.627782,0.000000,0.950000,0.627782,258.562250,2.890609,129.460704,0.231640,64,462.23
20260603_230156,3254.202,1,Right,34042,99.665120,76.088361,99.665120,0.000000,0.005291,0.018187,0.014817,1097,0.000000,0.000000,0.754644,0.937744,0.025875,-0.754644,0.467051,0.036724,0.713845,0.000000,0.937744,0.713845,211.655536,46.345203,60.860334,0.146645,0,462.23
20260603_230156,3259.210,1,Left,34341,77.525407,81.043068,77.525407,1.042486,0.007604,0.010513,0.009570,1498,0.000000,0.000000,0.880579,0.950000,0.022824,-0.829153,0.880579,0.031997,0.628022,0.000000,0.950000,0.628022,258.486154,2.890609,129.382529,0.231566,64,250.44
20260603_230156,3259.210,1,Right,34092,99.665611,76.123431,99.665611,0.000000,0.005289,0.018164,0.014815,1098,0.000000,0.000000,0.754644,0.937744,0.025890,-0.754644,0.467051,0.036723,0.713909,0.000000,0.937744,0.713909,211.652309,46.345203,60.856048,0.146642,0,250.44
20260603_230156,3264.219,1,Left,34393,77.559387,81.071730,77.559387,1.040909,0.007598,0.010505,0.009564,1501,0.000000,0.000000,0.880579,0.950000,0.022820,-0.829153,0.880579,0.031979,0.628271,0.000000,0.950000,0.628271,258.391523,2.890609,129.285745,0.231468,64,241.76
20260603_230156,3264.219,1,Right,34142,99.666100,76.158397,99.666100,0.000000,0.005303,0.018181,0.014860,1102,0.000000,0.000000,0.754644,0.937744,0.025900,-0.754644,0.467051,0.036759,0.713889,0.000000,0.937744,0.713889,211.661868,46.345203,60.868079,0.146682,0,241.76
20260603_230156,3269.221,1,Left,34444,77.592614,81.099756,77.592614,1.039368,0.007597,0.010500,0.009558,1504,0.000000,0.000000,0.880579,0.950000,0.022840,-0.829153,0.880579,0.031986,0.628506,0.000000,0.950000,0.628506,258.289975,2.890609,129.182093,0.231368,64,462.34
20260603_230156,3269.221,1,Right,34193,99.666598,76.193958,99.666598,0.000000,0.005316,0.018200,0.014897,1104,0.000000,0.000000,0.754644,0.937744,0.025902,-0.754644,0.467051,0.036780,0.713878,0.000000,0.937744,0.713878,211.662026,46.345203,60.871744,0.146703,0,462.34
20260603_230156,3274.227,1,Left,34498,77.627689,81.129341,77.627689,1.037741,0.007590,0.010493,0.009550,1507,0.000000,0.000000,0.880579,0.950000,0.022833,-0.829153,0.880579,0.031964,0.628756,0.000000,0.950000,0.628756,258.184287,2.890609,129.074186,0.231257,64,462.13
20260603_230156,3274.227,1,Right,34247,99.667124,76.231495,99.667124,0.000000,0.005327,0.018217,0.014932,1107,0.000000,0.000000,0.754644,0.937744,0.025856,-0.754644,0.467051,0.036743,0.713795,0.000000,0.937744,0.713795,211.632833,46.345203,60.850080,0.146651,0,462.13
20260603_230156,3279.228,1,Left,34550,77.661360,81.157742,77.661360,1.036179,0.007586,0.010481,0.009544,1509,0.000000,0.000000,0.880579,0.950000,0.022845,-0.829153,0.880579,0.031963,0.628968,0.000000,0.950000,0.628968,258.060928,2.890609,128.948698,0.231128,64,458.19
20260603_230156,3279.228,1,Right,34297,99.667609,76.266146,99.667609,0.000000,0.005328,0.018201,0.014944,1109,0.000000,0.000000,0.754644,0.937744,0.025877,-0.754644,0.467051,0.036795,0.713933,0.000000,0.937744,0.713933,211.674432,46.345203,60.890608,0.146732,0,458.19
20260603_230156,3284.236,1,Left,34600,77.693642,81.184971,77.693642,1.034682,0.007581,0.010471,0.009536,1513,0.000000,0.000000,0.880579,0.950000,0.022849,-0.829153,0.880579,0.031953,0.629216,0.000000,0.950000,0.629216,257.984578,2.890609,128.870309,0.231059,64,251.82
20260603_230156,3284.236,1,Right,34347,99.668093,76.300696,99.668093,0.000000,0.005329,0.018219,0.014942,1110,0.000000,0.000000,0.754644,0.937744,0.025903,-0.754644,0.467051,0.036816,0.713839,0.000000,0.937744,0.713839,211.653964,46.345203,60.869072,0.146711,0,251.82
20260603_230156,3289.237,1,Left,34649,77.725187,81.211579,77.725187,1.033219,0.007581,0.010459,0.009530,1516,0.000000,0.000000,0.880579,0.950000,0.022865,-0.829153,0.880579,0.031957,0.629466,0.000000,0.950000,0.629466,257.941022,2.890609,128.824763,0.231022,64,449.02
20260603_230156,3289.237,1,Right,34396,99.668566,76.334457,99.668566,0.000000,0.005327,0.018196,0.014941,1111,0.000000,0.000000,0.754644,0.937744,0.025865,-0.754644,0.467051,0.036791,0.713945,0.000000,0.937744,0.713945,211.701448,46.345203,60.915512,0.146761,0,449.02
20260603_230156,3294.240,1,Left,34704,77.760489,81.241355,77.760489,1.031581,0.007573,0.010449,0.009520,1519,0.000000,0.000000,0.880579,0.950000,0.022862,-0.829153,0.880579,0.031939,0.629747,0.000000,0.950000,0.629747,257.873527,2.890609,128.755042,0.230960,64,241.98
20260603_230156,3294.240,1,Right,34451,99.669095,76.372239,99.669095,0.000000,0.005327,0.018241,0.014943,1112,0.000000,0.000000,0.754644,0.937744,0.025912,-0.754644,0.467051,0.036820,0.713858,0.000000,0.937744,0.713858,211.678636,46.345203,60.891533,0.146742,0,241.98
20260603_230156,3299.250,1,Left,34759,77.795679,81.271038,77.795679,1.029949,0.007571,0.010439,0.009513,1522,0.000000,0.000000,0.880579,0.950000,0.022877,-0.829153,0.880579,0.031939,0.630024,0.000000,0.950000,0.630024,257.821287,2.890609,128.700586,0.230916,64,451.44
20260603_230156,3299.250,1,Right,34506,99.669623,76.409900,99.669623,0.000000,0.005320,0.018215,0.014933,1113,0.000000,0.000000,0.754644,0.937744,0.025872,-0.754644,0.467051,0.036763,0.713920,0.000000,0.937744,0.713920,211.668267,46.345203,60.879999,0.146711,0,451.44
20260603_230156,3304.258,1,Left,34817,77.832668,81.302237,77.832668,1.028233,0.007563,0.010430,0.009503,1525,0.000000,0.000000,0.880579,0.950000,0.022869,-0.829153,0.880579,0.031917,0.630307,0.000000,0.950000,0.630307,257.734533,2.890609,128.611504,0.230827,64,445.21
20260603_230156,3304.258,1,Right,34562,99.670158,76.448122,99.670158,0.000000,0.005318,0.018226,0.014932,1114,0.000000,0.000000,0.754644,0.937744,0.025906,-0.754644,0.467051,0.036779,0.713809,0.000000,0.937744,0.713809,211.647325,46.345203,60.857875,0.146685,0,445.21
20260603_230156,3309.271,1,Left,34875,77.869534,81.333333,77.869534,1.026523,0.007561,0.010416,0.009495,1528,0.000000,0.000000,0.880579,0.950000,0.022881,-0.829153,0.880579,0.031914,0.630570,0.000000,0.950000,0.630570,257.644050,2.890609,128.518703,0.230741,64,250.02
20260603_230156,3309.271,1,Right,34619,99.670701,76.486900,99.670701,0.000000,0.005309,0.018200,0.014918,1115,0.000000,0.000000,0.754644,0.937744,0.025863,-0.754644,0.467051,0.036718,0.713909,0.000000,0.937744,0.713909,211.671865,46.345203,60.881217,0.146673,0,250.02
20260603_230156,3314.272,1,Left,34928,77.903115,81.361658,77.903115,1.024966,0.007620,0.010496,0.009682,1535,0.000000,0.000000,0.880579,0.950000,0.022840,-0.829153,0.880579,0.032062,0.630539,0.000000,0.950000,0.630539,257.509026,2.890609,128.416972,0.230766,64,458.44
20260603_230156,3314.272,1,Right,34671,99.671195,76.522165,99.671195,0.000000,0.005308,0.018227,0.014912,1116,0.000000,0.000000,0.754644,0.937744,0.025907,-0.754644,0.467051,0.036746,0.713851,0.000000,0.937744,0.713851,211.651625,46.345203,60.859886,0.146646,0,458.44
20260603_230156,3319.281,1,Left,34983,77.937856,81.390961,77.937856,1.023354,0.007625,0.010480,0.009725,1537,0.000000,0.000000,0.880579,0.950000,0.022853,-0.829153,0.880579,0.032150,0.630963,0.000000,0.950000,0.630963,257.801305,2.890609,128.706999,0.230961,64,240.43
20260603_230156,3319.281,1,Right,34726,99.671716,76.559350,99.671716,0.000000,0.005299,0.018202,0.014896,1117,0.000000,0.000000,0.754644,0.937744,0.025866,-0.754644,0.467051,0.036687,0.713943,0.000000,0.937744,0.713943,211.682568,46.345203,60.889680,0.146682,0,240.43
20260603_230156,3324.282,1,Left,35038,77.972487,81.420172,77.972487,1.021748,0.007619,0.010464,0.009716,1539,0.000000,0.000000,0.880579,0.950000,0.022866,-0.829153,0.880579,0.032149,0.631385,0.000000,0.950000,0.631385,258.113519,2.890609,129.016970,0.231120,64,233.56
20260603_230156,3324.282,1,Right,34780,99.672225,76.595745,99.672225,0.000000,0.005300,0.018246,0.014902,1118,0.000000,0.000000,0.754644,0.937744,0.025908,-0.754644,0.467051,0.036713,0.713867,0.000000,0.937744,0.713867,211.663565,46.345203,60.869552,0.146655,0,233.56
20260603_230156,3329.284,1,Left,35096,78.008890,81.450878,78.008890,1.020059,0.007613,0.010446,0.009705,1543,0.000000,0.000000,0.880579,0.950000,0.022866,-0.829153,0.880579,0.032134,0.631829,0.000000,0.950000,0.631829,258.387098,2.890609,129.288195,0.231265,64,251.37
20260603_230156,3329.284,1,Right,34836,99.672752,76.633368,99.672752,0.000000,0.005295,0.018220,0.014893,1119,0.000000,0.000000,0.754644,0.937744,0.025854,-0.754644,0.467051,0.036666,0.713955,0.000000,0.937744,0.713955,211.675567,46.345203,60.880391,0.146664,0,251.37
20260603_230156,3334.296,1,Left,35151,78.043299,81.479901,78.043299,1.018463,0.007607,0.010430,0.009694,1546,0.000000,0.000000,0.880579,0.950000,0.022883,-0.829153,0.880579,0.032136,0.632249,0.000000,0.950000,0.632249,258.627429,2.890609,129.526301,0.231401,64,442.95
20260603_230156,3334.296,1,Right,34889,99.673249,76.668864,99.673249,0.000000,0.005296,0.018231,0.014900,1120,0.000000,0.000000,0.754644,0.937744,0.025896,-0.754644,0.467051,0.036692,0.713892,0.000000,0.937744,0.713892,211.674328,46.345203,60.878054,0.146660,0,442.95
20260603_230156,3339.305,1,Left,35206,78.077600,81.508834,78.077600,1.016872,0.007601,0.010414,0.009684,1550,0.000000,0.000000,0.880579,0.950000,0.022894,-0.829153,0.880579,0.032132,0.632667,0.000000,0.950000,0.632667,258.808679,2.890609,129.705336,0.231510,64,446.06
20260603_230156,3339.305,1,Right,34944,99.673764,76.705586,99.673764,0.000000,0.005291,0.018223,0.014892,1121,0.000000,0.000000,0.754644,0.937744,0.025840,-0.754644,0.467051,0.036650,0.713953,0.000000,0.937744,0.713953,211.675202,46.345203,60.877793,0.146650,0,446.06
20260603_230156,3344.311,1,Left,35260,78.111174,81.537153,78.111174,1.015315,0.007597,0.010404,0.009674,1553,0.000000,0.000000,0.880579,0.950000,0.022889,-0.829153,0.880579,0.032114,0.633043,0.000000,0.950000,0.633043,258.923496,2.890609,129.817986,0.231583,64,182.61
20260603_230156,3344.311,1,Right,34997,99.674258,76.740864,99.674258,0.000000,0.005292,0.018219,0.014898,1122,0.000000,0.000000,0.754644,0.937744,0.025888,-0.754644,0.467051,0.036681,0.713903,0.000000,0.937744,0.713903,211.714519,46.345203,60.916020,0.146704,0,182.61
20260603_230156,3349.322,1,Left,35313,78.144026,81.564863,78.144026,1.013791,0.007591,0.010394,0.009664,1556,0.000000,0.000000,0.880579,0.950000,0.022900,-0.829153,0.880579,0.032111,0.633428,0.000000,0.950000,0.633428,258.975211,2.890609,129.867583,0.231624,64,263.79
20260603_230156,3349.322,1,Right,35050,99.674750,76.776034,99.674750,0.000000,0.005294,0.018230,0.014898,1123,0.000000,0.000000,0.754644,0.937744,0.025880,-0.754644,0.467051,0.036692,0.713839,0.000000,0.937744,0.713839,211.695515,46.345203,60.895928,0.146684,0,263.79
20260603_230156,3354.332,1,Left,35364,78.175546,81.591449,78.175546,1.012329,0.007587,0.010387,0.009656,1559,0.000000,0.000000,0.880579,0.950000,0.022909,-0.829153,0.880579,0.032106,0.633694,0.000000,0.950000,0.633694,258.960757,2.890609,129.851099,0.231611,64,239.31
20260603_230156,3354.332,1,Right,35101,99.675223,76.809777,99.675223,0.000000,0.005293,0.018209,0.014897,1125,0.000000,0.000000,0.754644,0.937744,0.025869,-0.754644,0.467051,0.036692,0.713924,0.000000,0.937744,0.713924,211.716676,46.345203,60.916046,0.146717,0,239.31
20260603_230156,3359.344,1,Left,35416,78.207590,81.618478,78.207590,1.010843,0.007582,0.010380,0.009648,1563,0.000000,0.000000,0.880579,0.950000,0.022911,-0.829153,0.880579,0.032095,0.633952,0.000000,0.950000,0.633952,258.896885,2.890609,129.785164,0.231552,64,261.52
20260603_230156,3359.344,1,Right,35153,99.675703,76.844082,99.675703,0.000000,0.005295,0.018222,0.014900,1126,0.000000,0.000000,0.754644,0.937744,0.025912,-0.754644,0.467051,0.036719,0.713820,0.000000,0.937744,0.713820,211.697554,46.345203,60.895864,0.146703,0,261.52
20260603_230156,3364.347,1,Left,35471,78.241380,81.646979,78.241380,1.009275,0.007578,0.010367,0.009640,1565,0.000000,0.000000,0.880579,0.950000,0.022912,-0.829153,0.880579,0.032081,0.634188,0.000000,0.950000,0.634188,258.808821,2.890609,129.694927,0.231466,64,434.42
20260603_230156,3364.347,1,Right,35208,99.676210,76.880254,99.676210,0.000000,0.005292,0.018201,0.014897,1127,0.000000,0.000000,0.754644,0.937744,0.025856,-0.754644,0.467051,0.036686,0.713923,0.000000,0.937744,0.713923,211.732952,46.345203,60.930144,0.146732,0,434.42
20260603_230156,3369.354,1,Left,35526,78.275066,81.675393,78.275066,1.007713,0.007574,0.010357,0.009632,1568,0.000000,0.000000,0.880579,0.950000,0.022921,-0.829153,0.880579,0.032076,0.634444,0.000000,0.950000,0.634444,258.728382,2.890609,129.612323,0.231389,64,231.42
20260603_230156,3369.354,1,Right,35263,99.676715,76.916315,99.676715,0.000000,0.005291,0.018213,0.014894,1128,0.000000,0.000000,0.754644,0.937744,0.025905,-0.754644,0.467051,0.036718,0.713829,0.000000,0.937744,0.713829,211.718709,46.345203,60.914786,0.146717,0,231.42
20260603_230156,3374.364,1,Left,35580,78.308038,81.703204,78.308038,1.006183,0.007567,0.010345,0.009624,1571,0.000000,0.000000,0.880579,0.950000,0.022913,-0.829153,0.880579,0.032054,0.634665,0.000000,0.950000,0.634665,258.626877,2.890609,129.508701,0.231283,64,457.19
20260603_230156,3374.364,1,Right,35316,99.677200,76.950957,99.677200,0.000000,0.005286,0.018194,0.014888,1129,0.000000,0.000000,0.754644,0.937744,0.025847,-0.754644,0.467051,0.036681,0.713929,0.000000,0.937744,0.713929,211.745634,46.345203,60.940640,0.146731,0,457.19
20260603_230156,3379.374,1,Left,35632,78.339695,81.729906,78.339695,1.004715,0.007566,0.010335,0.009616,1575,0.000000,0.000000,0.880579,0.950000,0.022924,-0.829153,0.880579,0.032052,0.634897,0.000000,0.950000,0.634897,258.542829,2.890609,129.422623,0.231204,64,405.95
20260603_230156,3379.374,1,Right,35368,99.677675,76.984845,99.677675,0.000000,0.005287,0.018212,0.014891,1130,0.000000,0.000000,0.754644,0.937744,0.025891,-0.754644,0.467051,0.036710,0.713885,0.000000,0.937744,0.713885,211.752394,46.345203,60.946353,0.146747,0,405.95
20260603_230156,3384.387,1,Left,35683,78.370653,81.756018,78.370653,1.003279,0.007563,0.010330,0.009608,1578,0.000000,0.000000,0.880579,0.950000,0.022939,-0.829153,0.880579,0.032055,0.635124,0.000000,0.950000,0.635124,258.451533,2.890609,129.329342,0.231117,64,240.17
20260603_230156,3384.387,1,Right,35419,99.678139,77.017985,99.678139,0.000000,0.005324,0.018236,0.014979,1132,0.000000,0.000000,0.754644,0.937744,0.025916,-0.754644,0.467051,0.036840,0.713882,0.000000,0.937744,0.713882,211.770262,46.345203,60.971664,0.146867,0,240.17
20260603_230156,3389.389,1,Left,35733,78.400918,81.781546,78.400918,1.001875,0.007559,0.010319,0.009604,1580,0.000000,0.000000,0.880579,0.950000,0.022935,-0.829153,0.880579,0.032037,0.635334,0.000000,0.950000,0.635334,258.364384,2.890609,129.240254,0.231026,64,254.90
20260603_230156,3389.389,1,Right,35469,99.678593,77.050382,99.678593,0.000000,0.005320,0.018217,0.014982,1133,0.000000,0.000000,0.754644,0.937744,0.025850,-0.754644,0.467051,0.036818,0.713965,0.000000,0.937744,0.713965,211.789156,46.345203,60.989544,0.146882,0,254.90
20260603_230156,3394.397,1,Left,35783,78.431099,81.807003,78.431099,1.000475,0.007554,0.010310,0.009597,1583,0.000000,0.000000,0.880579,0.950000,0.022935,-0.829153,0.880579,0.032025,0.635557,0.000000,0.950000,0.635557,258.282262,2.890609,129.156201,0.230940,64,464.43
20260603_230156,3394.397,1,Right,35519,99.679045,77.082688,99.679045,0.000000,0.005322,0.018237,0.014986,1134,0.000000,0.000000,0.754644,0.937744,0.025902,-0.754644,0.467051,0.036855,0.713903,0.000000,0.937744,0.713903,211.796180,46.345203,60.995558,0.146899,0,464.43
20260603_230156,3399.410,1,Left,35832,78.460594,81.831882,78.460594,0.999107,0.007551,0.010299,0.009592,1585,0.000000,0.000000,0.880579,0.950000,0.022932,-0.829153,0.880579,0.032010,0.635752,0.000000,0.950000,0.635752,258.181278,2.890609,129.053330,0.230836,64,249.35
20260603_230156,3399.410,1,Right,35568,99.679487,77.114260,99.679487,0.000000,0.005321,0.018235,0.014985,1135,0.000000,0.000000,0.754644,0.937744,0.025855,-0.754644,0.467051,0.036840,0.713872,0.000000,0.937744,0.713872,211.808133,46.345203,61.006524,0.146903,0,249.35
20260603_230156,3404.419,1,Left,35880,78.489409,81.856187,78.489409,0.997770,0.007548,0.010289,0.009587,1588,0.000000,0.000000,0.880579,0.950000,0.022944,-0.829153,0.880579,0.032009,0.635940,0.000000,0.950000,0.635940,258.083438,2.890609,128.953649,0.230736,64,455.31
20260603_230156,3404.419,1,Right,35616,99.679919,77.145103,99.679919,0.000000,0.005322,0.018235,0.014991,1136,0.000000,0.000000,0.754644,0.937744,0.025881,-0.754644,0.467051,0.036872,0.713959,0.000000,0.937744,0.713959,211.826342,46.345203,61.023767,0.146947,0,455.31
20260603_230156,3409.429,1,Left,35931,78.519941,81.881940,78.519941,0.996354,0.007542,0.010284,0.009579,1591,0.000000,0.000000,0.880579,0.950000,0.022944,-0.829153,0.880579,0.031996,0.636184,0.000000,0.950000,0.636184,258.008775,2.890609,128.877036,0.230664,64,212.32
20260603_230156,3409.429,1,Right,35667,99.680377,77.177783,99.680377,0.000000,0.005339,0.018259,0.015041,1140,0.000000,0.000000,0.754644,0.937744,0.025909,-0.754644,0.467051,0.036933,0.713866,0.000000,0.937744,0.713866,211.816046,46.345203,61.029065,0.147005,0,212.32
20260603_230156,3414.441,1,Left,35983,78.550982,81.908123,78.550982,0.994914,0.007538,0.010272,0.009572,1594,0.000000,0.000000,0.880579,0.950000,0.022954,-0.829153,0.880579,0.031993,0.636423,0.000000,0.950000,0.636423,257.953716,2.890609,128.819996,0.230617,64,227.46
20260603_230156,3414.441,1,Right,35719,99.680842,77.211008,99.680842,0.000000,0.005338,0.018238,0.015047,1141,0.000000,0.000000,0.754644,0.937744,0.025847,-0.754644,0.467051,0.036916,0.713978,0.000000,0.937744,0.713978,211.861287,46.345203,61.073244,0.147052,0,227.46
20260603_230156,3419.451,1,Left,36032,78.580151,81.932726,78.580151,0.993561,0.007534,0.010265,0.009566,1597,0.000000,0.000000,0.880579,0.950000,0.022953,-0.829153,0.880579,0.031980,0.636658,0.000000,0.950000,0.636658,257.900860,2.890609,128.765281,0.230567,64,444.97
20260603_230156,3419.451,1,Right,35767,99.681270,77.241591,99.681270,0.000000,0.005339,0.018252,0.015051,1142,0.000000,0.000000,0.754644,0.937744,0.025895,-0.754644,0.467051,0.036949,0.713913,0.000000,0.937744,0.713913,211.849220,46.345203,61.060198,0.147047,0,444.97
20260603_230156,3424.459,1,Left,36080,78.608647,81.956763,78.608647,0.992239,0.007531,0.010256,0.009560,1599,0.000000,0.000000,0.880579,0.950000,0.022961,-0.829153,0.880579,0.031976,0.636879,0.000000,0.950000,0.636879,257.845293,2.890609,128.707898,0.230517,64,244.82
20260603_230156,3424.459,1,Right,35815,99.681698,77.272093,99.681698,0.000000,0.005334,0.018231,0.015044,1143,0.000000,0.000000,0.754644,0.937744,0.025849,-0.754644,0.467051,0.036911,0.713966,0.000000,0.937744,0.713966,211.841447,46.345203,61.051448,0.147022,0,244.82
20260603_230156,3429.465,1,Left,36133,78.640024,81.983229,78.640024,0.990784,0.007527,0.010248,0.009554,1603,0.000000,0.000000,0.880579,0.950000,0.022960,-0.829153,0.880579,0.031962,0.637137,0.000000,0.950000,0.637137,257.777856,2.890609,128.638464,0.230448,64,192.66
20260603_230156,3429.465,1,Right,35868,99.682168,77.305676,99.682168,0.000000,0.005334,0.018251,0.015047,1144,0.000000,0.000000,0.754644,0.937744,0.025896,-0.754644,0.467051,0.036941,0.713816,0.000000,0.937744,0.713816,211.851067,46.345203,61.060086,0.147034,0,192.66
20260603_230156,3434.474,1,Left,36188,78.672488,82.010611,78.672488,0.989278,0.007523,0.010236,0.009548,1605,0.000000,0.000000,0.880579,0.950000,0.022959,-0.829153,0.880579,0.031947,0.637365,0.000000,0.950000,0.637365,257.689470,2.890609,128.548013,0.230359,64,443.04
20260603_230156,3434.474,1,Right,35923,99.682655,77.340423,99.682655,0.000000,0.005326,0.018228,0.015030,1145,0.000000,0.000000,0.754644,0.937744,0.025856,-0.754644,0.467051,0.036884,0.713894,0.000000,0.937744,0.713894,211.855402,46.345203,61.063309,0.147028,0,443.04
20260603_230156,3439.481,1,Left,36240,78.703091,82.036424,78.703091,0.987859,0.007534,0.010268,0.009591,1610,0.000000,0.000000,0.880579,0.950000,0.023000,-0.829153,0.880579,0.031975,0.637509,0.000000,0.950000,0.637509,257.589797,2.890609,128.449307,0.230276,64,248.67
20260603_230156,3439.481,1,Right,35975,99.683113,77.373176,99.683113,0.000000,0.005324,0.018227,0.015027,1146,0.000000,0.000000,0.754644,0.937744,0.025889,-0.754644,0.467051,0.036901,0.713873,0.000000,0.937744,0.713873,211.824555,46.345203,61.031413,0.146989,0,248.67
20260603_230156,3444.486,1,Left,36291,78.733019,82.061668,78.733019,0.986470,0.007537,0.010258,0.009606,1612,0.000000,0.000000,0.880579,0.950000,0.022977,-0.829153,0.880579,0.032016,0.637759,0.000000,0.950000,0.637759,257.568824,2.890609,128.426427,0.230269,64,453.49
20260603_230156,3444.486,1,Right,36026,99.683562,77.405207,99.683562,0.000000,0.005321,0.018221,0.015017,1148,0.000000,0.000000,0.754644,0.937744,0.025876,-0.754644,0.467051,0.036872,0.713909,0.000000,0.937744,0.713909,211.847899,46.345203,61.053732,0.146991,0,453.49
20260603_230156,3449.496,1,Left,36342,78.762864,82.086842,78.762864,0.985086,0.007532,0.010252,0.009599,1615,0.000000,0.000000,0.880579,0.950000,0.022978,-0.829153,0.880579,0.032004,0.638046,0.000000,0.950000,0.638046,257.552022,2.890609,128.407726,0.230256,64,224.75
20260603_230156,3449.496,1,Right,36077,99.684009,77.437148,99.684009,0.000000,0.005318,0.018298,0.015008,1150,0.000000,0.000000,0.754644,0.937744,0.025899,-0.754644,0.467051,0.036880,0.713906,0.000000,0.937744,0.713906,211.825743,46.345203,61.030554,0.146954,0,224.75
20260603_230156,3454.496,1,Left,36396,78.794373,82.113419,78.794373,0.983625,0.007527,0.010243,0.009592,1618,0.000000,0.000000,0.880579,0.950000,0.022984,-0.829153,0.880579,0.031997,0.638275,0.000000,0.950000,0.638275,257.478678,2.890609,128.332379,0.230189,64,275.78
20260603_230156,3454.496,1,Right,36130,99.684473,77.470246,99.684473,0.000000,0.005312,0.018275,0.014997,1151,0.000000,0.000000,0.754644,0.937744,0.025863,-0.754644,0.467051,0.036828,0.713950,0.000000,0.937744,0.713950,211.802815,46.345203,61.006567,0.146885,0,275.78
20260603_230156,3459.499,1,Left,36446,78.823465,82.137958,78.823465,0.982275,0.007521,0.010234,0.009584,1621,0.000000,0.000000,0.880579,0.950000,0.022979,-0.829153,0.880579,0.031979,0.638491,0.000000,0.950000,0.638491,257.409165,2.890609,128.261017,0.230120,64,467.85
20260603_230156,3459.499,1,Right,36180,99.684909,77.501382,99.684909,0.000000,0.005312,0.018286,0.014996,1152,0.000000,0.000000,0.754644,0.937744,0.025889,-0.754644,0.467051,0.036839,0.713914,0.000000,0.937744,0.713914,211.787819,46.345203,60.990573,0.146869,0,467.85
20260603_230156,3464.500,1,Left,36501,78.855374,82.164872,78.855374,0.980795,0.007519,0.010223,0.009577,1624,0.000000,0.000000,0.880579,0.950000,0.022991,-0.829153,0.880579,0.031977,0.638729,0.000000,0.950000,0.638729,257.340672,2.890609,128.190498,0.230060,64,445.78
20260603_230156,3464.500,1,Right,36234,99.685378,77.534912,99.685378,0.000000,0.005304,0.018278,0.014981,1153,0.000000,0.000000,0.754644,0.937744,0.025850,-0.754644,0.467051,0.036784,0.713924,0.000000,0.937744,0.713924,211.778673,46.345203,60.980355,0.146824,0,445.78
20260603_230156,3469.511,1,Left,36555,78.886609,82.191219,78.886609,0.979346,0.007515,0.010212,0.009571,1627,0.000000,0.000000,0.880579,0.950000,0.022990,-0.829153,0.880579,0.031963,0.638958,0.000000,0.950000,0.638958,257.270760,2.890609,128.118605,0.229992,64,455.41
20260603_230156,3469.511,1,Right,36288,99.685847,77.568342,99.685847,0.000000,0.005306,0.018276,0.014985,1154,0.000000,0.000000,0.754644,0.937744,0.025882,-0.754644,0.467051,0.036800,0.713939,0.000000,0.937744,0.713939,211.809155,46.345203,61.009766,0.146870,0,455.41
20260603_230156,3474.517,1,Left,36610,78.918328,82.217973,78.918328,0.977875,0.007510,0.010205,0.009562,1631,0.000000,0.000000,0.880579,0.950000,0.023001,-0.829153,0.880579,0.031961,0.639203,0.000000,0.950000,0.639203,257.204396,2.890609,128.050230,0.229936,64,235.81
20260603_230156,3474.517,1,Right,36343,99.686322,77.602289,99.686322,0.000000,0.005300,0.018317,0.014974,1155,0.000000,0.000000,0.754644,0.937744,0.025847,-0.754644,0.467051,0.036748,0.713880,0.000000,0.937744,0.713880,211.778790,46.345203,60.978315,0.146809,0,235.81
20260603_230156,3479.521,1,Left,36661,78.947656,82.242710,78.947656,0.976515,0.007506,0.010194,0.009554,1633,0.000000,0.000000,0.880579,0.950000,0.023010,-0.829153,0.880579,0.031957,0.639415,0.000000,0.950000,0.639415,257.140714,2.890609,127.984691,0.229879,64,450.37
20260603_230156,3479.521,1,Right,36393,99.686753,77.633061,99.686753,0.000000,0.005299,0.018296,0.014976,1156,0.000000,0.000000,0.754644,0.937744,0.025882,-0.754644,0.467051,0.036768,0.713946,0.000000,0.937744,0.713946,211.784206,46.345203,60.982746,0.146830,0,450.37
20260603_230156,3484.525,1,Left,36713,78.977474,82.267862,78.977474,0.975131,0.007503,0.010188,0.009547,1636,0.000000,0.000000,0.880579,0.950000,0.023016,-0.829153,0.880579,0.031950,0.639657,0.000000,0.950000,0.639657,257.086223,2.890609,127.928313,0.229831,64,436.77
20260603_230156,3484.525,1,Right,36445,99.687200,77.664975,99.687200,0.000000,0.005295,0.018306,0.014969,1157,0.000000,0.000000,0.754644,0.937744,0.025864,-0.754644,0.467051,0.036734,0.713901,0.000000,0.937744,0.713901,211.755396,46.345203,60.952914,0.146776,0,436.77
20260603_230156,3489.530,1,Left,36765,79.007208,82.292942,79.007208,0.973752,0.007499,0.010180,0.009539,1639,0.000000,0.000000,0.880579,0.950000,0.023014,-0.829153,0.880579,0.031936,0.639872,0.000000,0.950000,0.639872,257.009748,2.890609,127.849957,0.229757,64,247.41
20260603_230156,3489.530,1,Right,36497,99.687646,77.696797,99.687646,0.000000,0.005301,0.018300,0.014978,1161,0.000000,0.000000,0.754644,0.937744,0.025860,-0.754644,0.467051,0.036742,0.713899,0.000000,0.937744,0.713899,211.731297,46.345203,60.939453,0.146780,0,247.41
20260603_230156,3494.534,1,Left,36821,79.039135,82.319872,79.039135,0.972271,0.007495,0.010170,0.009531,1642,0.000000,0.000000,0.880579,0.950000,0.023023,-0.829153,0.880579,0.031931,0.640098,0.000000,0.950000,0.640098,256.917679,2.890609,127.755870,0.229664,64,225.09
20260603_230156,3494.534,1,Right,36552,99.688116,77.730357,99.688116,0.000000,0.005303,0.018300,0.015002,1162,0.000000,0.000000,0.754644,0.937744,0.025888,-0.754644,0.467051,0.036755,0.713927,0.000000,0.937744,0.713927,211.768550,46.345203,60.980265,0.146838,0,225.09
20260603_230156,3499.543,1,Left,36877,79.070966,82.346720,79.070966,0.970795,0.007488,0.010159,0.009523,1645,0.000000,0.000000,0.880579,0.950000,0.023011,-0.829153,0.880579,0.031906,0.640321,0.000000,0.950000,0.640321,256.830630,2.890609,127.666812,0.229577,64,233.02
20260603_230156,3499.543,1,Right,36607,99.688584,77.763816,99.688584,0.000000,0.005300,0.018370,0.014992,1163,0.000000,0.000000,0.754644,0.937744,0.025852,-0.754644,0.467051,0.036708,0.713881,0.000000,0.937744,0.713881,211.751060,46.345203,60.961680,0.146799,0,233.02
20260603_230156,3504.557,1,Left,36928,79.099870,82.371101,79.099870,0.969454,0.007487,0.010148,0.009518,1648,0.000000,0.000000,0.880579,0.950000,0.023026,-0.829153,0.880579,0.031908,0.640525,0.000000,0.950000,0.640525,256.759377,2.890609,127.593735,0.229512,64,264.99
20260603_230156,3504.557,1,Right,36658,99.689017,77.794751,99.689017,0.000000,0.005297,0.018349,0.014990,1164,0.000000,0.000000,0.754644,0.937744,0.025884,-0.754644,0.467051,0.036726,0.713937,0.000000,0.937744,0.713937,211.745804,46.345203,60.955410,0.146797,0,264.99
20260603_230156,3509.565,1,Left,36979,79.128695,82.395414,79.128695,0.968117,0.007483,0.010139,0.009511,1651,0.000000,0.000000,0.880579,0.950000,0.023031,-0.829153,0.880579,0.031901,0.640746,0.000000,0.950000,0.640746,256.692612,2.890609,127.525153,0.229450,64,403.30
20260603_230156,3509.565,1,Right,36707,99.689433,77.824393,99.689433,0.000000,0.005295,0.018360,0.014984,1166,0.000000,0.000000,0.754644,0.937744,0.025902,-0.754644,0.467051,0.036729,0.713877,0.000000,0.937744,0.713877,211.721085,46.345203,60.929721,0.146755,0,403.30
20260603_230156,3514.576,1,Left,37029,79.156877,82.419185,79.156877,0.966810,0.007480,0.010133,0.009506,1654,0.000000,0.000000,0.880579,0.950000,0.023038,-0.829153,0.880579,0.031897,0.640956,0.000000,0.950000,0.640956,256.614876,2.890609,127.445640,0.229375,64,249.17
20260603_230156,3514.576,1,Right,36757,99.689855,77.854558,99.689855,0.000000,0.005315,0.018358,0.015029,1167,0.000000,0.000000,0.754644,0.937744,0.025834,-0.754644,0.467051,0.036733,0.713847,0.000000,0.937744,0.713847,211.718730,46.345203,60.935982,0.146787,0,249.17
20260603_230156,3519.577,1,Left,37082,79.186667,82.444313,79.186667,0.965428,0.007477,0.010122,0.009498,1657,0.000000,0.000000,0.880579,0.950000,0.023043,-0.829153,0.880579,0.031889,0.641155,0.000000,0.950000,0.641155,256.522285,2.890609,127.351174,0.229282,64,256.45
20260603_230156,3519.577,1,Right,36810,99.690302,77.886444,99.690302,0.000000,0.005328,0.018358,0.015078,1168,0.000000,0.000000,0.754644,0.937744,0.025909,-0.754644,0.467051,0.036828,0.713935,0.000000,0.937744,0.713935,211.738199,46.345203,60.954393,0.146873,0,256.45
20260603_230156,3524.581,1,Left,37130,79.213574,82.467008,79.213574,0.964180,0.007474,0.010113,0.009493,1661,0.000000,0.000000,0.880579,0.950000,0.023043,-0.829153,0.880579,0.031877,0.641342,0.000000,0.950000,0.641342,256.441566,2.890609,127.268763,0.229200,64,418.59
20260603_230156,3524.581,1,Right,36858,99.690705,77.915242,99.690705,0.000000,0.005328,0.018354,0.015079,1169,0.000000,0.000000,0.754644,0.937744,0.025882,-0.754644,0.467051,0.036845,0.713900,0.000000,0.937744,0.713900,211.741087,46.345203,60.956326,0.146884,0,418.59
20260603_230156,3529.584,1,Left,37179,79.240969,82.490115,79.240969,0.962909,0.007469,0.010103,0.009487,1663,0.000000,0.000000,0.880579,0.950000,0.023037,-0.829153,0.880579,0.031860,0.641516,0.000000,0.950000,0.641516,256.345095,2.890609,127.170569,0.229096,64,249.88
20260603_230156,3529.584,1,Right,36907,99.691116,77.944563,99.691116,0.000000,0.005327,0.018355,0.015081,1171,0.000000,0.000000,0.754644,0.937744,0.025869,-0.754644,0.467051,0.036870,0.713990,0.000000,0.937744,0.713990,211.770283,46.345203,60.984549,0.146933,0,249.88
20260603_230156,3534.595,1,Left,37230,79.269406,82.514102,79.269406,0.961590,0.007468,0.010095,0.009481,1666,0.000000,0.000000,0.880579,0.950000,0.023053,-0.829153,0.880579,0.031864,0.641728,0.000000,0.950000,0.641728,256.276400,2.890609,127.100088,0.229036,64,451.83
20260603_230156,3534.595,1,Right,36958,99.691542,77.974999,99.691542,0.000000,0.005327,0.018366,0.015084,1172,0.000000,0.000000,0.754644,0.937744,0.025920,-0.754644,0.467051,0.036906,0.713914,0.000000,0.937744,0.713914,211.758173,46.345203,60.971430,0.146927,0,451.83
20260603_230156,3539.597,1,Left,37280,79.297210,82.537554,79.297210,0.960300,0.007464,0.010085,0.009474,1669,0.000000,0.000000,0.880579,0.950000,0.023049,-0.829153,0.880579,0.031848,0.641949,0.000000,0.950000,0.641949,256.240002,2.890609,127.061944,0.229002,64,459.65
20260603_230156,3539.597,1,Right,37008,99.691958,78.004756,99.691958,0.000000,0.005326,0.018346,0.015087,1173,0.000000,0.000000,0.754644,0.937744,0.025860,-0.754644,0.467051,0.036885,0.714018,0.000000,0.937744,0.714018,211.805705,46.345203,61.017975,0.146975,0,459.65
20260603_230156,3544.602,1,Left,37330,79.324940,82.560943,79.324940,0.959014,0.007461,0.010078,0.009470,1672,0.000000,0.000000,0.880579,0.950000,0.023064,-0.829153,0.880579,0.031851,0.642173,0.000000,0.950000,0.642173,256.189807,2.890609,127.010010,0.228958,64,262.62
20260603_230156,3544.602,1,Right,37058,99.692374,78.034433,99.692374,0.000000,0.005327,0.018363,0.015092,1174,0.000000,0.000000,0.754644,0.937744,0.025913,-0.754644,0.467051,0.036924,0.713914,0.000000,0.937744,0.713914,211.805042,46.345203,61.016327,0.146985,0,262.62
20260603_230156,3549.605,1,Left,37383,79.354252,82.585667,79.354252,0.957655,0.007455,0.010067,0.009462,1675,0.000000,0.000000,0.880579,0.950000,0.023055,-0.829153,0.880579,0.031830,0.642396,0.000000,0.950000,0.642396,256.136531,2.890609,126.954896,0.228901,64,446.44
20260603_230156,3549.605,1,Right,37110,99.692805,78.065212,99.692805,0.000000,0.005323,0.018341,0.015086,1175,0.000000,0.000000,0.754644,0.937744,0.025856,-0.754644,0.467051,0.036892,0.713998,0.000000,0.937744,0.713998,211.828016,46.345203,61.038280,0.146999,0,446.44
20260603_230156,3554.608,1,Left,37441,79.386234,82.612644,79.386234,0.956171,0.007451,0.010058,0.009455,1677,0.000000,0.000000,0.880579,0.950000,0.023074,-0.829153,0.880579,0.031834,0.642657,0.000000,0.950000,0.642657,256.076336,2.890609,126.892698,0.228849,64,244.45
20260603_230156,3554.608,1,Right,37167,99.693276,78.098851,99.693276,0.000000,0.005321,0.018354,0.015084,1176,0.000000,0.000000,0.754644,0.937744,0.025902,-0.754644,0.467051,0.036922,0.713870,0.000000,0.937744,0.713870,211.829261,46.345203,61.038409,0.147004,0,244.45
20260603_230156,3559.615,1,Left,37496,79.416471,82.638148,79.416471,0.954769,0.007447,0.010047,0.009449,1680,0.000000,0.000000,0.880579,0.950000,0.023076,-0.829153,0.880579,0.031824,0.642873,0.000000,0.950000,0.642873,256.001624,2.890609,126.816093,0.228775,64,463.82
20260603_230156,3559.615,1,Right,37222,99.693730,78.131213,99.693730,0.000000,0.005314,0.018331,0.015067,1177,0.000000,0.000000,0.754644,0.937744,0.025864,-0.754644,0.467051,0.036867,0.713952,0.000000,0.937744,0.713952,211.843368,46.345203,61.051443,0.146998,0,463.82
20260603_230156,3564.620,1,Left,37550,79.446072,82.663116,79.446072,0.953395,0.007463,0.010077,0.009501,1685,0.000000,0.000000,0.880579,0.950000,0.023054,-0.829153,0.880579,0.031871,0.643043,0.000000,0.950000,0.643043,255.925771,2.890609,126.741159,0.228724,64,246.01
20260603_230156,3564.620,1,Right,37275,99.694165,78.162307,99.694165,0.000000,0.005312,0.018345,0.015062,1179,0.000000,0.000000,0.754644,0.937744,0.025892,-0.754644,0.467051,0.036879,0.713917,0.000000,0.937744,0.713917,211.814174,46.345203,61.021218,0.146961,0,246.01
20260603_230156,3569.622,1,Left,37607,79.477225,82.689393,79.477225,0.951950,0.007458,0.010068,0.009511,1687,0.000000,0.000000,0.880579,0.950000,0.023079,-0.829153,0.880579,0.031882,0.643317,0.000000,0.950000,0.643317,255.913914,2.890609,126.727350,0.228714,64,243.64
20260603_230156,3569.622,1,Right,37332,99.694632,78.195650,99.694632,0.000000,0.005308,0.018320,0.015049,1181,0.000000,0.000000,0.754644,0.937744,0.025880,-0.754644,0.467051,0.036851,0.713991,0.000000,0.937744,0.713991,211.818936,46.345203,61.024873,0.146943,0,243.64
20260603_230156,3574.623,1,Left,37656,79.503930,82.711918,79.503930,0.950712,0.007457,0.010062,0.009505,1690,0.000000,0.000000,0.880579,0.950000,0.023095,-0.829153,0.880579,0.031887,0.643528,0.000000,0.950000,0.643528,255.864429,2.890609,126.676193,0.228674,64,231.42
20260603_230156,3574.623,1,Right,37381,99.695032,78.224232,99.695032,0.000000,0.005307,0.018332,0.015044,1182,0.000000,0.000000,0.754644,0.937744,0.025900,-0.754644,0.467051,0.036856,0.713982,0.000000,0.937744,0.713982,211.796006,46.345203,61.000995,0.146909,0,231.42
20260603_230156,3579.624,1,Left,37711,79.533823,82.737132,79.533823,0.949325,0.007450,0.010053,0.009497,1693,0.000000,0.000000,0.880579,0.950000,0.023086,-0.829153,0.880579,0.031866,0.643758,0.000000,0.950000,0.643758,255.798843,2.890609,126.608736,0.228612,64,230.93
20260603_230156,3579.624,1,Right,37436,99.695480,78.256224,99.695480,0.000000,0.005302,0.018371,0.015032,1183,0.000000,0.000000,0.754644,0.937744,0.025886,-0.754644,0.467051,0.036826,0.713906,0.000000,0.937744,0.713906,211.762234,46.345203,60.966162,0.146835,0,230.93
20260603_230156,3584.627,1,Left,37766,79.563629,82.762273,79.563629,0.947943,0.007447,0.010043,0.009491,1696,0.000000,0.000000,0.880579,0.950000,0.023100,-0.829153,0.880579,0.031866,0.643971,0.000000,0.950000,0.643971,255.727595,2.890609,126.535624,0.228542,64,239.72
20260603_230156,3584.627,1,Right,37490,99.695919,78.287543,99.695919,0.000000,0.005298,0.018350,0.015026,1184,0.000000,0.000000,0.754644,0.937744,0.025887,-0.754644,0.467051,0.036812,0.713999,0.000000,0.937744,0.713999,211.791353,46.345203,60.994242,0.146864,0,239.72
20260603_230156,3589.629,1,Left,37817,79.591189,82.785520,79.591189,0.946664,0.007445,0.010037,0.009484,1699,0.000000,0.000000,0.880579,0.950000,0.023103,-0.829153,0.880579,0.031858,0.644190,0.000000,0.950000,0.644190,255.677134,2.890609,126.483441,0.228499,64,216.77
20260603_230156,3589.629,1,Right,37541,99.696332,78.317040,99.696332,0.000000,0.005296,0.018362,0.015020,1185,0.000000,0.000000,0.754644,0.937744,0.025889,-0.754644,0.467051,0.036799,0.713911,0.000000,0.937744,0.713911,211.771311,46.345203,60.973222,0.146829,0,216.77
20260603_230156,3594.638,1,Left,37874,79.621904,82.811427,79.621904,0.945239,0.007440,0.010026,0.009476,1702,0.000000,0.000000,0.880579,0.950000,0.023100,-0.829153,0.880579,0.031842,0.644408,0.000000,0.950000,0.644408,255.604613,2.890609,126.409002,0.228428,64,455.75
20260603_230156,3594.638,1,Right,37598,99.696792,78.349912,99.696792,0.000000,0.005295,0.018342,0.015021,1187,0.000000,0.000000,0.754644,0.937744,0.025871,-0.754644,0.467051,0.036802,0.714033,0.000000,0.937744,0.714033,211.825153,46.345203,61.025973,0.146897,0,455.75
20260603_230156,3599.646,1,Left,37931,79.652527,82.837257,79.652527,0.943819,0.007436,0.010017,0.009468,1706,0.000000,0.000000,0.880579,0.950000,0.023110,-0.829153,0.880579,0.031838,0.644637,0.000000,0.950000,0.644637,255.533338,2.890609,126.335817,0.228364,64,257.24
20260603_230156,3599.646,1,Right,37655,99.697251,78.382685,99.697251,0.000000,0.005296,0.018382,0.015021,1188,0.000000,0.000000,0.754644,0.937744,0.025921,-0.754644,0.467051,0.036835,0.714004,0.000000,0.937744,0.714004,211.795763,46.345203,60.995496,0.146872,0,257.24
20260603_230156,3604.656,1,Left,37984,79.680918,82.861205,79.680918,0.942502,0.007432,0.010009,0.009460,1709,0.000000,0.000000,0.880579,0.950000,0.023103,-0.829153,0.880579,0.031819,0.644851,0.000000,0.950000,0.644851,255.479046,2.890609,126.279754,0.228315,64,452.85
20260603_230156,3604.656,1,Right,37708,99.697677,78.413069,99.697677,0.000000,0.005288,0.018361,0.015011,1189,0.000000,0.000000,0.754644,0.937744,0.025885,-0.754644,0.467051,0.036784,0.714053,0.000000,0.937744,0.714053,211.781096,46.345203,60.979821,0.146823,0,452.85
20260603_230156,3609.667,1,Left,38039,79.710297,82.885985,79.710297,0.941139,0.007427,0.010003,0.009454,1711,0.000000,0.000000,0.880579,0.950000,0.023114,-0.829153,0.880579,0.031817,0.645076,0.000000,0.950000,0.645076,255.414689,2.890609,126.213567,0.228255,64,406.62
20260603_230156,3609.667,1,Right,37763,99.698117,78.444509,99.698117,0.000000,0.005287,0.018430,0.015005,1191,0.000000,0.000000,0.754644,0.937744,0.025901,-0.754644,0.467051,0.036784,0.714021,0.000000,0.937744,0.714021,211.746406,46.345203,60.944088,0.146767,0,406.62
20260603_230156,3614.677,1,Left,38091,79.737996,82.909349,79.737996,0.939855,0.007424,0.010000,0.009448,1714,0.000000,0.000000,0.880579,0.950000,0.023115,-0.829153,0.880579,0.031807,0.645283,0.000000,0.950000,0.645283,255.349899,2.890609,126.147053,0.228193,64,251.44
20260603_230156,3614.677,1,Right,37815,99.698532,78.474150,99.698532,0.000000,0.005286,0.018439,0.014995,1193,0.000000,0.000000,0.754644,0.937744,0.025903,-0.754644,0.467051,0.036771,0.713926,0.000000,0.937744,0.713926,211.711458,46.345203,60.908157,0.146711,0,251.44
20260603_230156,3619.684,1,Left,38142,79.765088,82.932201,79.765088,0.938598,0.007421,0.009989,0.009441,1717,0.000000,0.000000,0.880579,0.950000,0.023109,-0.829153,0.880579,0.031789,0.645469,0.000000,0.950000,0.645469,255.278137,2.890609,126.073605,0.228119,64,254.17
20260603_230156,3619.684,1,Right,37866,99.698938,78.503143,99.698938,0.000000,0.005281,0.018420,0.014986,1195,0.000000,0.000000,0.754644,0.937744,0.025892,-0.754644,0.467051,0.036746,0.714015,0.000000,0.937744,0.714015,211.737556,46.345203,60.933293,0.146727,0,254.17
20260603_230156,3624.687,1,Left,38196,79.793696,82.956331,79.793696,0.937271,0.007417,0.009981,0.009436,1720,0.000000,0.000000,0.880579,0.950000,0.023125,-0.829153,0.880579,0.031793,0.645673,0.000000,0.950000,0.645673,255.208754,2.890609,126.002443,0.228054,64,222.63
20260603_230156,3624.687,1,Right,37920,99.699367,78.533755,99.699367,0.000000,0.005279,0.018429,0.014982,1196,0.000000,0.000000,0.754644,0.937744,0.025922,-0.754644,0.467051,0.036760,0.713981,0.000000,0.937744,0.713981,211.718085,46.345203,60.912807,0.146703,0,222.63
20260603_230156,3629.700,1,Left,38249,79.821695,82.979947,79.821695,0.935972,0.007414,0.009975,0.009429,1723,0.000000,0.000000,0.880579,0.950000,0.023125,-0.829153,0.880579,0.031780,0.645886,0.000000,0.950000,0.645886,255.135408,2.890609,125.927358,0.227981,64,249.71
20260603_230156,3629.700,1,Right,37973,99.699787,78.563716,99.699787,0.000000,0.005306,0.018445,0.015046,1199,0.000000,0.000000,0.754644,0.937744,0.025863,-0.754644,0.467051,0.036762,0.713923,0.000000,0.937744,0.713923,211.698366,46.345203,60.907237,0.146718,0,249.71
20260603_230156,3634.701,1,Left,38301,79.849090,83.003055,79.849090,0.934701,0.007411,0.009965,0.009424,1726,0.000000,0.000000,0.880579,0.950000,0.023135,-0.829153,0.880579,0.031779,0.646074,0.000000,0.950000,0.646074,255.060888,2.890609,125.851137,0.227907,64,445.97
20260603_230156,3634.701,1,Right,38025,99.700197,78.593031,99.700197,0.000000,0.005309,0.018426,0.015060,1201,0.000000,0.000000,0.754644,0.937744,0.025885,-0.754644,0.467051,0.036837,0.714021,0.000000,0.937744,0.714021,211.732515,46.345203,60.940393,0.146807,0,445.97
20260603_230156,3639.703,1,Left,38351,79.875362,83.025214,79.875362,0.933483,0.007422,0.009994,0.009480,1729,0.000000,0.000000,0.880579,0.950000,0.023128,-0.829153,0.880579,0.031809,0.646251,0.000000,0.950000,0.646251,254.989706,2.890609,125.778763,0.227852,64,456.65
20260603_230156,3639.703,1,Right,38075,99.700591,78.621142,99.700591,0.000000,0.005309,0.018445,0.015057,1202,0.000000,0.000000,0.754644,0.937744,0.025913,-0.754644,0.467051,0.036860,0.713940,0.000000,0.937744,0.713940,211.717792,46.345203,60.924718,0.146796,0,456.65
20260603_230156,3644.712,1,Left,38397,79.899471,83.045550,79.899471,0.932365,0.007420,0.009985,0.009487,1730,0.000000,0.000000,0.880579,0.950000,0.023136,-0.829153,0.880579,0.031809,0.646423,0.000000,0.950000,0.646423,254.934570,2.890609,125.722131,0.227795,64,249.39
20260603_230156,3644.712,1,Right,38120,99.700944,78.646380,99.700944,0.000000,0.005308,0.018429,0.015057,1203,0.000000,0.000000,0.754644,0.937744,0.025884,-0.754644,0.467051,0.036845,0.714025,0.000000,0.937744,0.714025,211.748090,46.345203,60.954161,0.146829,0,249.39
20260603_230156,3649.726,1,Left,38447,79.925612,83.067600,79.925612,0.931152,0.007414,0.009978,0.009480,1733,0.000000,0.000000,0.880579,0.950000,0.023132,-0.829153,0.880579,0.031794,0.646626,0.000000,0.950000,0.646626,254.877295,2.890609,125.663236,0.227740,64,247.36
20260603_230156,3649.726,1,Right,38170,99.701336,78.674352,99.701336,0.000000,0.005309,0.018443,0.015062,1204,0.000000,0.000000,0.754644,0.937744,0.025925,-0.754644,0.467051,0.036872,0.713958,0.000000,0.937744,0.713958,211.741246,46.345203,60.946369,0.146826,0,247.36
20260603_230156,3654.735,1,Left,38498,79.952205,83.090031,79.952205,0.929918,0.007414,0.009974,0.009475,1736,0.000000,0.000000,0.880579,0.950000,0.023152,-0.829153,0.880579,0.031803,0.646808,0.000000,0.950000,0.646808,254.781343,2.890609,125.565637,0.227642,64,252.15
20260603_230156,3654.735,1,Right,38221,99.701735,78.702807,99.701735,0.000000,0.005336,0.018464,0.015128,1210,0.000000,0.000000,0.754644,0.937744,0.025892,-0.754644,0.467051,0.036946,0.713951,0.000000,0.937744,0.713951,211.753607,46.345203,60.965672,0.146909,0,252.15
20260603_230156,3659.736,1,Left,38548,79.978209,83.111964,79.978209,0.928712,0.007409,0.009965,0.009470,1738,0.000000,0.000000,0.880579,0.950000,0.023145,-0.829153,0.880579,0.031784,0.646978,0.000000,0.950000,0.646978,254.697261,2.890609,125.479945,0.227546,64,451.58
20260603_230156,3659.736,1,Right,38271,99.702124,78.730632,99.702124,0.000000,0.005341,0.018447,0.015148,1211,0.000000,0.000000,0.754644,0.937744,0.025878,-0.754644,0.467051,0.037003,0.714051,0.000000,0.937744,0.714051,211.784889,46.345203,60.996001,0.146986,0,451.58
20260603_230156,3664.740,1,Left,38599,80.004663,83.134278,80.004663,0.927485,0.007405,0.009958,0.009463,1742,0.000000,0.000000,0.880579,0.950000,0.023157,-0.829153,0.880579,0.031785,0.647196,0.000000,0.950000,0.647196,254.649762,2.890609,125.430808,0.227506,64,243.80
20260603_230156,3664.740,1,Right,38322,99.702521,78.758937,99.702521,0.000000,0.005342,0.018463,0.015146,1214,0.000000,0.000000,0.754644,0.937744,0.025932,-0.754644,0.467051,0.037042,0.713981,0.000000,0.937744,0.713981,211.770980,46.345203,60.981123,0.146979,0,243.80
20260603_230156,3669.753,1,Left,38651,80.031565,83.156969,80.031565,0.926237,0.007402,0.009947,0.009460,1744,0.000000,0.000000,0.880579,0.950000,0.023158,-0.829153,0.880579,0.031774,0.647402,0.000000,0.950000,0.647402,254.603469,2.890609,125.382853,0.227462,64,217.93
20260603_230156,3669.753,1,Right,38374,99.702924,78.787721,99.702924,0.000000,0.005340,0.018441,0.015147,1215,0.000000,0.000000,0.754644,0.937744,0.025874,-0.754644,0.467051,0.037015,0.714074,0.000000,0.937744,0.714074,211.806586,46.345203,61.015743,0.147011,0,217.93
20260603_230156,3674.753,1,Left,38705,80.059424,83.180468,80.059424,0.924945,0.007396,0.009939,0.009453,1747,0.000000,0.000000,0.880579,0.950000,0.023155,-0.829153,0.880579,0.031759,0.647633,0.000000,0.950000,0.647633,254.555459,2.890609,125.333122,0.227415,64,459.10
20260603_230156,3674.753,1,Right,38428,99.703341,78.817529,99.703341,0.000000,0.005341,0.018459,0.015151,1216,0.000000,0.000000,0.754644,0.937744,0.025923,-0.754644,0.467051,0.037048,0.713952,0.000000,0.937744,0.713952,211.798832,46.345203,61.006968,0.147009,0,459.10
20260603_230156,3679.760,1,Left,38755,80.085150,83.202167,80.085150,0.923752,0.007394,0.009930,0.009448,1750,0.000000,0.000000,0.880579,0.950000,0.023167,-0.829153,0.880579,0.031760,0.647829,0.000000,0.950000,0.647829,254.509798,2.890609,125.285872,0.227374,64,456.30
20260603_230156,3679.760,1,Right,38478,99.703727,78.845054,99.703727,0.000000,0.005338,0.018439,0.015145,1217,0.000000,0.000000,0.754644,0.937744,0.025870,-0.754644,0.467051,0.037018,0.714034,0.000000,0.937744,0.714034,211.823924,46.345203,61.031117,0.147026,0,456.30
20260603_230156,3684.766,1,Left,38809,80.112860,83.225540,80.112860,0.922466,0.007390,0.009922,0.009440,1753,0.000000,0.000000,0.880579,0.950000,0.023157,-0.829153,0.880579,0.031738,0.648033,0.000000,0.950000,0.648033,254.443109,2.890609,125.217473,0.227308,64,448.88
20260603_230156,3684.766,1,Right,38530,99.704127,78.873605,99.704127,0.000000,0.005337,0.018449,0.015142,1218,0.000000,0.000000,0.754644,0.937744,0.025905,-0.754644,0.467051,0.037038,0.713988,0.000000,0.937744,0.713988,211.823880,46.345203,61.030096,0.147029,0,448.88
20260603_230156,3689.771,1,Left,38865,80.141516,83.249711,80.141516,0.921137,0.007420,0.009956,0.009532,1759,0.000000,0.000000,0.880579,0.950000,0.023120,-0.829153,0.880579,0.031838,0.648178,0.000000,0.950000,0.648178,254.367152,2.890609,125.143754,0.227284,64,441.78
20260603_230156,3689.771,1,Right,38586,99.704556,78.904266,99.704556,0.000000,0.005332,0.018465,0.015129,1219,0.000000,0.000000,0.754644,0.937744,0.025899,-0.754644,0.467051,0.037016,0.713945,0.000000,0.937744,0.713945,211.808622,46.345203,61.013787,0.146984,0,441.78
20260603_230156,3694.773,1,Left,38917,80.168050,83.272092,80.168050,0.919906,0.007419,0.009951,0.009547,1761,0.000000,0.000000,0.880579,0.950000,0.023158,-0.829153,0.880579,0.031864,0.648434,0.000000,0.950000,0.648434,254.383742,2.890609,125.158702,0.227306,64,440.21
20260603_230156,3694.773,1,Right,38638,99.704954,78.932657,99.704954,0.000000,0.005328,0.018444,0.015124,1220,0.000000,0.000000,0.754644,0.937744,0.025901,-0.754644,0.467051,0.037002,0.714019,0.000000,0.937744,0.714019,211.822415,46.345203,61.026608,0.146999,0,440.21
20260603_230156,3699.782,1,Left,38971,80.195530,83.295271,80.195530,0.918632,0.007416,0.009945,0.009540,1764,0.000000,0.000000,0.880579,0.950000,0.023179,-0.829153,0.880579,0.031872,0.648702,0.000000,0.950000,0.648702,254.363975,2.890609,125.137236,0.227296,64,234.54
20260603_230156,3699.782,1,Right,38692,99.705365,78.962059,99.705365,0.000000,0.005325,0.018452,0.015120,1221,0.000000,0.000000,0.754644,0.937744,0.025894,-0.754644,0.467051,0.036980,0.713904,0.000000,0.937744,0.713904,211.791174,46.345203,60.994361,0.146948,0,234.54
20260603_230156,3704.783,1,Left,39027,80.223948,83.319241,80.223948,0.917314,0.007428,0.009973,0.009598,1768,0.000000,0.000000,0.880579,0.950000,0.023183,-0.829153,0.880579,0.031888,0.648829,0.000000,0.950000,0.648829,254.278184,2.890609,125.054675,0.227231,64,400.18
20260603_230156,3704.783,1,Right,38748,99.705791,78.992464,99.705791,0.000000,0.005321,0.018438,0.015115,1222,0.000000,0.000000,0.754644,0.937744,0.025900,-0.754644,0.467051,0.036970,0.714010,0.000000,0.937744,0.714010,211.816269,46.345203,61.018414,0.146982,0,400.18
20260603_230156,3709.792,1,Left,39079,80.250262,83.341437,80.250262,0.916093,0.007427,0.009968,0.009610,1770,0.000000,0.000000,0.880579,0.950000,0.023187,-0.829153,0.880579,0.031928,0.649102,0.000000,0.950000,0.649102,254.276158,2.890609,125.051015,0.227245,64,450.08
20260603_230156,3709.792,1,Right,38800,99.706186,79.020619,99.706186,0.000000,0.005320,0.018447,0.015111,1224,0.000000,0.000000,0.754644,0.937744,0.025908,-0.754644,0.467051,0.036963,0.713929,0.000000,0.937744,0.713929,211.791356,46.345203,60.992537,0.146947,0,450.08
20260603_230156,3714.802,1,Left,39132,80.277011,83.363999,80.277011,0.914852,0.007435,0.009999,0.009655,1773,0.000000,0.000000,0.880579,0.950000,0.023175,-0.829153,0.880579,0.031925,0.649302,0.000000,0.950000,0.649302,254.256836,2.890609,125.032574,0.227224,64,237.99
20260603_230156,3714.802,1,Right,38852,99.706579,79.048698,99.706579,0.000000,0.005316,0.018431,0.015105,1225,0.000000,0.000000,0.754644,0.937744,0.025896,-0.754644,0.467051,0.036936,0.714003,0.000000,0.937744,0.714003,211.794800,46.345203,60.995020,0.146939,0,237.99
20260603_230156,3719.803,1,Left,39186,80.304190,83.386924,80.304190,0.913592,0.007430,0.009993,0.009656,1775,0.000000,0.000000,0.880579,0.950000,0.023184,-0.829153,0.880579,0.031923,0.649553,0.000000,0.950000,0.649553,254.232585,2.890609,125.006635,0.227196,64,453.34
20260603_230156,3719.803,1,Right,38905,99.706979,79.077239,99.706979,0.000000,0.005314,0.018471,0.015102,1226,0.000000,0.000000,0.754644,0.937744,0.025923,-0.754644,0.467051,0.036948,0.713975,0.000000,0.937744,0.713975,211.769154,46.345203,60.968396,0.146905,0,453.34
20260603_230156,3724.806,1,Left,39243,80.332798,83.411054,80.332798,0.912265,0.007426,0.009984,0.009648,1778,0.000000,0.000000,0.880579,0.950000,0.023195,-0.829153,0.880579,0.031921,0.649779,0.000000,0.950000,0.649779,254.183258,2.890609,124.955531,0.227155,64,460.31
20260603_230156,3724.806,1,Right,38961,99.707400,79.107312,99.707400,0.000000,0.005308,0.018448,0.015091,1227,0.000000,0.000000,0.754644,0.937744,0.025889,-0.754644,0.467051,0.036898,0.714015,0.000000,0.937744,0.714015,211.745067,46.345203,60.943279,0.146835,0,460.31
20260603_230156,3729.807,1,Left,39296,80.359324,83.433428,80.359324,0.911034,0.007421,0.009976,0.009641,1781,0.000000,0.000000,0.880579,0.950000,0.023185,-0.829153,0.880579,0.031899,0.649979,0.000000,0.950000,0.649979,254.131470,2.890609,124.902098,0.227106,64,407.25
20260603_230156,3729.807,1,Right,39013,99.707790,79.135160,99.707790,0.000000,0.005308,0.018517,0.015087,1228,0.000000,0.000000,0.754644,0.937744,0.025908,-0.754644,0.467051,0.036903,0.713997,0.000000,0.937744,0.713997,211.728879,46.345203,60.926138,0.146814,0,407.25
20260603_230156,3734.818,1,Left,39349,80.385779,83.455742,80.385779,0.909807,0.007419,0.009969,0.009634,1784,0.000000,0.000000,0.880579,0.950000,0.023199,-0.829153,0.880579,0.031901,0.650189,0.000000,0.950000,0.650189,254.078664,2.890609,124.847651,0.227062,64,460.00
20260603_230156,3734.818,1,Right,39066,99.708186,79.163467,99.708186,0.000000,0.005304,0.018556,0.015077,1229,0.000000,0.000000,0.754644,0.937744,0.025907,-0.754644,0.467051,0.036887,0.713918,0.000000,0.937744,0.713918,211.694109,46.345203,60.890398,0.146746,0,460.00
20260603_230156,3739.827,1,Left,39400,80.411168,83.477157,80.411168,0.908629,0.007417,0.009965,0.009628,1787,0.000000,0.000000,0.880579,0.950000,0.023198,-0.829153,0.880579,0.031888,0.650382,0.000000,0.950000,0.650382,254.017978,2.890609,124.785392,0.227001,64,240.79
20260603_230156,3739.827,1,Right,39117,99.708567,79.190633,99.708567,0.000000,0.005313,0.018573,0.015109,1231,0.000000,0.000000,0.754644,0.937744,0.025882,-0.754644,0.467051,0.036888,0.713869,0.000000,0.937744,0.713869,211.687198,46.345203,60.893882,0.146768,0,240.79
20260603_230156,3744.827,1,Left,39453,80.437483,83.499354,80.437483,0.907409,0.007412,0.009955,0.009622,1790,0.000000,0.000000,0.880579,0.950000,0.023207,-0.829153,0.880579,0.031886,0.650558,0.000000,0.950000,0.650558,253.943393,2.890609,124.709177,0.226923,64,238.79
20260603_230156,3744.827,1,Right,39168,99.708946,79.217729,99.708946,0.000000,0.005312,0.018557,0.015107,1233,0.000000,0.000000,0.754644,0.937744,0.025897,-0.754644,0.467051,0.036890,0.713981,0.000000,0.937744,0.713981,211.731722,46.345203,60.937463,0.146819,0,238.79
20260603_230156,3749.829,1,Left,39508,80.464716,83.522325,80.464716,0.906146,0.007408,0.009946,0.009617,1792,0.000000,0.000000,0.880579,0.950000,0.023207,-0.829153,0.880579,0.031874,0.650753,0.000000,0.950000,0.650753,253.875633,2.890609,124.639732,0.226854,64,221.58
20260603_230156,3749.829,1,Right,39221,99.709339,79.245812,99.709339,0.000000,0.005310,0.018596,0.015102,1234,0.000000,0.000000,0.754644,0.937744,0.025921,-0.754644,0.467051,0.036899,0.713933,0.000000,0.937744,0.713933,211.714669,46.345203,60.919433,0.146796,0,221.58
20260603_230156,3754.834,1,Left,39564,80.492367,83.545648,80.492367,0.904863,0.007404,0.009940,0.009609,1796,0.000000,0.000000,0.880579,0.950000,0.023219,-0.829153,0.880579,0.031873,0.650961,0.000000,0.950000,0.650961,253.797084,2.890609,124.559473,0.226778,64,462.44
20260603_230156,3754.834,1,Right,39278,99.709761,79.275931,99.709761,0.000000,0.005332,0.018612,0.015171,1238,0.000000,0.000000,0.754644,0.937744,0.025919,-0.754644,0.467051,0.036968,0.713864,0.000000,0.937744,0.713864,211.699989,46.345203,60.919786,0.146861,0,462.44
20260603_230156,3759.835,1,Left,39616,80.517973,83.567246,80.517973,0.903675,0.007401,0.009930,0.009605,1798,0.000000,0.000000,0.880579,0.950000,0.023220,-0.829153,0.880579,0.031864,0.651139,0.000000,0.950000,0.651139,253.729356,2.890609,124.490163,0.226707,64,235.94
20260603_230156,3759.835,1,Right,39330,99.710145,79.303331,99.710145,0.000000,0.005334,0.018593,0.015184,1239,0.000000,0.000000,0.754644,0.937744,0.025884,-0.754644,0.467051,0.036987,0.713960,0.000000,0.937744,0.713960,211.734090,46.345203,60.952913,0.146916,0,235.94
20260603_230156,3764.847,1,Left,39666,80.542530,83.587959,80.542530,0.902536,0.007396,0.009921,0.009598,1801,0.000000,0.000000,0.880579,0.950000,0.023214,-0.829153,0.880579,0.031847,0.651316,0.000000,0.950000,0.651316,253.667140,2.890609,124.426430,0.226645,64,248.15
20260603_230156,3764.847,1,Right,39379,99.710506,79.329084,99.710506,0.000000,0.005334,0.018603,0.015184,1240,0.000000,0.000000,0.754644,0.937744,0.025924,-0.754644,0.467051,0.037014,0.713931,0.000000,0.937744,0.713931,211.723927,46.345203,60.941833,0.146913,0,248.15
20260603_230156,3769.854,1,Left,39721,80.569472,83.610685,80.569472,0.901286,0.007395,0.009916,0.009595,1804,0.000000,0.000000,0.880579,0.950000,0.023233,-0.829153,0.880579,0.031854,0.651514,0.000000,0.950000,0.651514,253.594196,2.890609,124.351823,0.226575,64,467.80
20260603_230156,3769.854,1,Right,39432,99.710895,79.356868,99.710895,0.000000,0.005357,0.018622,0.015243,1244,0.000000,0.000000,0.754644,0.937744,0.025938,-0.754644,0.467051,0.037093,0.713916,0.000000,0.937744,0.713916,211.726941,46.345203,60.946717,0.146976,0,467.80
20260603_230156,3774.867,1,Left,39771,80.593900,83.631289,80.593900,0.900153,0.007390,0.009911,0.009589,1806,0.000000,0.000000,0.880579,0.950000,0.023230,-0.829153,0.880579,0.031840,0.651685,0.000000,0.950000,0.651685,253.518830,2.890609,124.274950,0.226491,64,170.09
20260603_230156,3774.867,1,Right,39482,99.711261,79.383010,99.711261,0.000000,0.005371,0.018641,0.015289,1247,0.000000,0.000000,0.754644,0.937744,0.025886,-0.754644,0.467051,0.037123,0.713906,0.000000,0.937744,0.713906,211.737209,46.345203,60.961958,0.147022,0,170.09
20260603_230156,3779.882,1,Left,39821,80.618267,83.651842,80.618267,0.899023,0.007387,0.009903,0.009582,1809,0.000000,0.000000,0.880579,0.950000,0.023227,-0.829153,0.880579,0.031826,0.651836,0.000000,0.950000,0.651836,253.431020,2.890609,124.185638,0.226397,64,223.21
20260603_230156,3779.882,1,Right,39531,99.711619,79.408565,99.711619,0.000000,0.005371,0.018626,0.015295,1248,0.000000,0.000000,0.754644,0.937744,0.025926,-0.754644,0.467051,0.037150,0.714010,0.000000,0.937744,0.714010,211.765713,46.345203,60.989543,0.147071,0,223.21
20260603_230156,3784.887,1,Left,39873,80.643543,83.673162,80.643543,0.897851,0.007383,0.009896,0.009576,1812,0.000000,0.000000,0.880579,0.950000,0.023237,-0.829153,0.880579,0.031825,0.652008,0.000000,0.950000,0.652008,253.354572,2.890609,124.107633,0.226325,64,264.17
20260603_230156,3784.887,1,Right,39582,99.711990,79.435097,99.711990,0.000000,0.005367,0.018634,0.015286,1250,0.000000,0.000000,0.754644,0.937744,0.025924,-0.754644,0.467051,0.037133,0.713994,0.000000,0.937744,0.713994,211.734520,46.345203,60.957395,0.147012,0,264.17
20260603_230156,3789.892,1,Left,39919,80.665848,83.691976,80.665848,0.896816,0.007379,0.009889,0.009571,1815,0.000000,0.000000,0.880579,0.950000,0.023234,-0.829153,0.880579,0.031812,0.652185,0.000000,0.950000,0.652185,253.316059,2.890609,124.067746,0.226288,64,444.50
20260603_230156,3789.892,1,Right,39628,99.712325,79.458968,99.712325,0.000000,0.005365,0.018646,0.015275,1251,0.000000,0.000000,0.754644,0.937744,0.025918,-0.754644,0.467051,0.037114,0.713954,0.000000,0.937744,0.713954,211.730988,46.345203,60.953004,0.147002,0,444.50
20260603_230156,3794.901,1,Left,39968,80.689552,83.711970,80.689552,0.895717,0.007378,0.009884,0.009567,1818,0.000000,0.000000,0.880579,0.950000,0.023252,-0.829153,0.880579,0.031819,0.652388,0.000000,0.950000,0.652388,253.281314,2.890609,124.031542,0.226262,64,411.17
20260603_230156,3794.901,1,Right,39676,99.712673,79.483819,99.712673,0.000000,0.005363,0.018657,0.015265,1254,0.000000,0.000000,0.754644,0.937744,0.025935,-0.754644,0.467051,0.037117,0.713954,0.000000,0.937744,0.713954,211.705721,46.345203,60.926842,0.146965,0,411.17
20260603_230156,3799.910,1,Left,40018,80.713679,83.732320,80.713679,0.894597,0.007373,0.009878,0.009560,1821,0.000000,0.000000,0.880579,0.950000,0.023245,-0.829153,0.880579,0.031802,0.652578,0.000000,0.950000,0.652578,253.232951,2.890609,123.981696,0.226214,64,456.55
20260603_230156,3799.910,1,Right,39725,99.713027,79.509125,99.713027,0.000000,0.005361,0.018666,0.015258,1255,0.000000,0.000000,0.754644,0.937744,0.025918,-0.754644,0.467051,0.037086,0.713908,0.000000,0.937744,0.713908,211.675582,46.345203,60.895792,0.146896,0,456.55
20260603_230156,3804.921,1,Left,40069,80.738227,83.753026,80.738227,0.893459,0.007372,0.009873,0.009554,1824,0.000000,0.000000,0.880579,0.950000,0.023262,-0.829153,0.880579,0.031808,0.652767,0.000000,0.950000,0.652767,253.186289,2.890609,123.933525,0.226172,64,245.97
20260603_230156,3804.921,1,Right,39776,99.713395,79.535398,99.713395,0.000000,0.005358,0.018674,0.015248,1257,0.000000,0.000000,0.754644,0.937744,0.025919,-0.754644,0.467051,0.037073,0.713920,0.000000,0.937744,0.713920,211.657731,46.345203,60.876995,0.146864,0,245.97
20260603_230156,3809.932,1,Left,40122,80.763671,83.774488,80.763671,0.892279,0.007367,0.009865,0.009550,1827,0.000000,0.000000,0.880579,0.950000,0.023254,-0.829153,0.880579,0.031788,0.652950,0.000000,0.950000,0.652950,253.124600,2.890609,123.870273,0.226106,64,461.27
20260603_230156,3809.932,1,Right,39829,99.713776,79.562630,99.713776,0.000000,0.005356,0.018710,0.015236,1260,0.000000,0.000000,0.754644,0.937744,0.025919,-0.754644,0.467051,0.037059,0.713930,0.000000,0.937744,0.713930,211.635933,46.345203,60.854218,0.146830,0,461.27
20260603_230156,3814.937,1,Left,40174,80.788570,83.795490,80.788570,0.891124,0.007391,0.009894,0.009639,1830,0.000000,0.000000,0.880579,0.950000,0.023275,-0.829153,0.880579,0.031851,0.652996,0.000000,0.950000,0.652996,253.026439,2.890609,123.789396,0.226089,64,448.64
20260603_230156,3814.937,1,Right,39881,99.714150,79.589278,99.714150,0.000000,0.005353,0.018709,0.015223,1263,0.000000,0.000000,0.754644,0.937744,0.025912,-0.754644,0.467051,0.037037,0.713915,0.000000,0.937744,0.713915,211.610980,46.345203,60.828305,0.146791,0,448.64
20260603_230156,3819.948,1,Left,40228,80.814358,83.817242,80.814358,0.889927,0.007393,0.009889,0.009658,1832,0.000000,0.000000,0.880579,0.950000,0.023278,-0.829153,0.880579,0.031912,0.653277,0.000000,0.950000,0.653277,253.094260,2.890609,123.855603,0.226162,64,451.19
20260603_230156,3819.948,1,Right,39935,99.714536,79.616877,99.714536,0.000000,0.005356,0.018704,0.015222,1264,0.000000,0.000000,0.754644,0.937744,0.025919,-0.754644,0.467051,0.037044,0.713959,0.000000,0.937744,0.713959,211.645895,46.345203,60.862227,0.146835,0,451.19
20260603_230156,3824.953,1,Left,40279,80.838650,83.837732,80.838650,0.888801,0.007389,0.009884,0.009652,1835,0.000000,0.000000,0.880579,0.950000,0.023280,-0.829153,0.880579,0.031902,0.653573,0.000000,0.950000,0.653573,253.134430,2.890609,123.894254,0.226192,64,251.59
20260603_230156,3824.953,1,Right,39986,99.714900,79.642875,99.714900,0.000000,0.005357,0.018717,0.015220,1265,0.000000,0.000000,0.754644,0.937744,0.025914,-0.754644,0.467051,0.037046,0.713863,0.000000,0.937744,0.713863,211.628614,46.345203,60.844010,0.146811,0,251.59
20260603_230156,3829.963,1,Left,40335,80.865254,83.860171,80.865254,0.887567,0.007385,0.009875,0.009645,1838,0.000000,0.000000,0.880579,0.950000,0.023288,-0.829153,0.880579,0.031898,0.653793,0.000000,0.950000,0.653793,253.110169,2.890609,123.868332,0.226172,64,230.04
20260603_230156,3829.963,1,Right,40041,99.715292,79.670837,99.715292,0.000000,0.005357,0.018696,0.015219,1267,0.000000,0.000000,0.754644,0.937744,0.025901,-0.754644,0.467051,0.037058,0.713974,0.000000,0.937744,0.713974,211.682446,46.345203,60.896836,0.146881,0,230.04
20260603_230156,3834.974,1,Left,40397,80.894621,83.884942,80.894621,0.886204,0.007380,0.009866,0.009636,1842,0.000000,0.000000,0.880579,0.950000,0.023292,-0.829153,0.880579,0.031889,0.654033,0.000000,0.950000,0.654033,253.057367,2.890609,123.813696,0.226125,64,242.17
20260603_230156,3834.974,1,Right,40103,99.715732,79.702267,99.715732,0.000000,0.005353,0.018705,0.015213,1268,0.000000,0.000000,0.754644,0.937744,0.025940,-0.754644,0.467051,0.037080,0.713838,0.000000,0.937744,0.713838,211.665827,46.345203,60.879086,0.146864,0,242.17
20260603_230156,3839.977,1,Left,40452,80.920597,83.906853,80.920597,0.885000,0.007376,0.009856,0.009632,1844,0.000000,0.000000,0.880579,0.950000,0.023293,-0.829153,0.880579,0.031879,0.654214,0.000000,0.950000,0.654214,252.990332,2.890609,123.745040,0.226056,64,455.65
20260603_230156,3839.977,1,Right,40156,99.716107,79.729057,99.716107,0.000000,0.005352,0.018690,0.015213,1269,0.000000,0.000000,0.754644,0.937744,0.025898,-0.754644,0.467051,0.037071,0.713985,0.000000,0.937744,0.713985,211.735949,46.345203,60.948244,0.146939,0,455.65
20260603_230156,3844.982,1,Left,40509,80.947444,83.929497,80.947444,0.883754,0.007370,0.009848,0.009623,1847,0.000000,0.000000,0.880579,0.950000,0.023291,-0.829153,0.880579,0.031864,0.654418,0.000000,0.950000,0.654418,252.934584,2.890609,123.687618,0.226003,64,430.23
20260603_230156,3844.982,1,Right,40213,99.716510,79.757790,99.716510,0.000000,0.005353,0.018729,0.015218,1270,0.000000,0.000000,0.754644,0.937744,0.025955,-0.754644,0.467051,0.037112,0.713928,0.000000,0.937744,0.713928,211.733584,46.345203,60.944845,0.146955,0,430.23
20260603_230156,3849.989,1,Left,40559,80.970931,83.949308,80.970931,0.882665,0.007367,0.009839,0.009617,1850,0.000000,0.000000,0.880579,0.950000,0.023303,-0.829153,0.880579,0.031866,0.654586,0.000000,0.950000,0.654586,252.882268,2.890609,123.633838,0.225956,64,227.30
20260603_230156,3849.989,1,Right,40263,99.716862,79.782927,99.716862,0.000000,0.005349,0.018710,0.015214,1271,0.000000,0.000000,0.754644,0.937744,0.025909,-0.754644,0.467051,0.037079,0.713990,0.000000,0.937744,0.713990,211.741155,46.345203,60.951511,0.146948,0,227.30
20260603_230156,3854.996,1,Left,40611,80.995297,83.969860,80.995297,0.881535,0.007364,0.009832,0.009611,1853,0.000000,0.000000,0.880579,0.950000,0.023297,-0.829153,0.880579,0.031849,0.654769,0.000000,0.950000,0.654769,252.828210,2.890609,123.578263,0.225901,64,463.05
20260603_230156,3854.996,1,Right,40315,99.717227,79.809004,99.717227,0.000000,0.005350,0.018720,0.015219,1272,0.000000,0.000000,0.754644,0.937744,0.025950,-0.754644,0.467051,0.037105,0.713958,0.000000,0.937744,0.713958,211.738778,46.345203,60.948196,0.146956,0,463.05
20260603_230156,3860.009,1,Left,40663,81.019600,83.990360,81.019600,0.880407,0.007361,0.009826,0.009605,1855,0.000000,0.000000,0.880579,0.950000,0.023306,-0.829153,0.880579,0.031847,0.654959,0.000000,0.950000,0.654959,252.782940,2.890609,123.531480,0.225861,64,219.70
20260603_230156,3860.009,1,Right,40367,99.717591,79.835014,99.717591,0.000000,0.005348,0.018714,0.015214,1273,0.000000,0.000000,0.754644,0.937744,0.025917,-0.754644,0.467051,0.037080,0.713895,0.000000,0.937744,0.713895,211.720833,46.345203,60.929315,0.146920,0,219.70
20260603_230156,3865.015,1,Left,40718,81.045238,84.011985,81.045238,0.879218,0.007357,0.009816,0.009599,1858,0.000000,0.000000,0.880579,0.950000,0.023306,-0.829153,0.880579,0.031835,0.655146,0.000000,0.950000,0.655146,252.728516,2.890609,123.475462,0.225810,64,459.10
20260603_230156,3865.015,1,Right,40422,99.717975,79.862451,99.717975,0.000000,0.005346,0.018709,0.015214,1275,0.000000,0.000000,0.754644,0.937744,0.025933,-0.754644,0.467051,0.037098,0.713964,0.000000,0.937744,0.713964,211.744942,46.345203,60.952436,0.146960,0,459.10
20260603_230156,3870.027,1,Left,40768,81.068485,84.031593,81.068485,0.878140,0.007355,0.009809,0.009593,1861,0.000000,0.000000,0.880579,0.950000,0.023315,-0.829153,0.880579,0.031834,0.655324,0.000000,0.950000,0.655324,252.682173,2.890609,123.427673,0.225768,64,468.69
20260603_230156,3870.027,1,Right,40472,99.718324,79.887330,99.718324,0.000000,0.005346,0.018747,0.015211,1276,0.000000,0.000000,0.754644,0.937744,0.025945,-0.754644,0.467051,0.037104,0.713927,0.000000,0.937744,0.713927,211.725775,46.345203,60.932374,0.146935,0,468.69
20260603_230156,3875.039,1,Left,40822,81.093528,84.052717,81.093528,0.876978,0.007352,0.009804,0.009587,1864,0.000000,0.000000,0.880579,0.950000,0.023317,-0.829153,0.880579,0.031825,0.655520,0.000000,0.950000,0.655520,252.613238,2.890609,123.357182,0.225699,64,240.47
20260603_230156,3875.039,1,Right,40526,99.718699,79.914129,99.718699,0.000000,0.005377,0.018759,0.015296,1277,0.000000,0.000000,0.754644,0.937744,0.025869,-0.754644,0.467051,0.037142,0.713810,0.000000,0.937744,0.713810,211.693222,46.345203,60.928263,0.147012,0,240.47
20260603_230156,3880.047,1,Left,40874,81.117581,84.073005,81.117581,0.875862,0.007349,0.009794,0.009580,1868,0.000000,0.000000,0.880579,0.950000,0.023325,-0.829153,0.880579,0.031822,0.655669,0.000000,0.950000,0.655669,252.529584,2.890609,123.272035,0.225612,64,250.74
20260603_230156,3880.047,1,Right,40577,99.719053,79.939375,99.719053,0.000000,0.005388,0.018748,0.015329,1279,0.000000,0.000000,0.754644,0.937744,0.025921,-0.754644,0.467051,0.037274,0.713965,0.000000,0.937744,0.713965,211.751196,46.345203,60.985291,0.147160,0,250.74
20260603_230156,3885.060,1,Left,40928,81.142494,84.094019,81.142494,0.874707,0.007345,0.009785,0.009574,1871,0.000000,0.000000,0.880579,0.950000,0.023324,-0.829153,0.880579,0.031810,0.655851,0.000000,0.950000,0.655851,252.467297,2.890609,123.208202,0.225553,64,242.61
20260603_230156,3885.060,1,Right,40631,99.719426,79.966036,99.719426,0.000000,0.005388,0.018757,0.015331,1280,0.000000,0.000000,0.754644,0.937744,0.025943,-0.754644,0.467051,0.037312,0.713992,0.000000,0.937744,0.713992,211.757022,46.345203,60.990119,0.147180,0,242.61
20260603_230156,3890.068,1,Left,40979,81.165963,84.113814,81.165963,0.873618,0.007345,0.009778,0.009569,1874,0.000000,0.000000,0.880579,0.950000,0.023335,-0.829153,0.880579,0.031810,0.656020,0.000000,0.950000,0.656020,252.407698,2.890609,123.147148,0.225497,64,234.45
20260603_230156,3890.068,1,Right,40682,99.719778,79.991151,99.719778,0.000000,0.005401,0.018771,0.015368,1281,0.000000,0.000000,0.754644,0.937744,0.025909,-0.754644,0.467051,0.037304,0.713979,0.000000,0.937744,0.713979,211.748524,46.345203,60.980681,0.147166,0,234.45
20260603_230156,3895.076,1,Left,41028,81.188457,84.132787,81.188457,0.872575,0.007340,0.009769,0.009563,1877,0.000000,0.000000,0.880579,0.950000,0.023330,-0.829153,0.880579,0.031796,0.656177,0.000000,0.950000,0.656177,252.348724,2.890609,123.086780,0.225437,64,246.16
20260603_230156,3895.076,1,Right,40731,99.720115,80.015222,99.720115,0.000000,0.005397,0.018751,0.015359,1283,0.000000,0.000000,0.754644,0.937744,0.025910,-0.754644,0.467051,0.037291,0.714023,0.000000,0.937744,0.714023,211.738041,46.345203,60.969295,0.147147,0,246.16
20260603_230156,3900.077,1,Left,41076,81.210439,84.151329,81.210439,0.871555,0.007338,0.009761,0.009558,1879,0.000000,0.000000,0.880579,0.950000,0.023341,-0.829153,0.880579,0.031797,0.656330,0.000000,0.950000,0.656330,252.288332,2.890609,123.025025,0.225379,64,247.38
20260603_230156,3900.077,1,Right,40779,99.720444,80.038745,99.720444,0.000000,0.005396,0.018762,0.015355,1284,0.000000,0.000000,0.754644,0.937744,0.025926,-0.754644,0.467051,0.037294,0.714016,0.000000,0.937744,0.714016,211.735543,46.345203,60.965916,0.147138,0,247.38
20260603_230156,3905.084,1,Left,41125,81.232827,84.170213,81.232827,0.870517,0.007336,0.009758,0.009553,1883,0.000000,0.000000,0.880579,0.950000,0.023338,-0.829153,0.880579,0.031783,0.656485,0.000000,0.950000,0.656485,252.211372,2.890609,122.946680,0.225297,64,444.78
20260603_230156,3905.084,1,Right,40827,99.720773,80.062214,99.720773,0.000000,0.005448,0.018787,0.015478,1288,0.000000,0.000000,0.754644,0.937744,0.025977,-0.754644,0.467051,0.037459,0.714014,0.000000,0.937744,0.714014,211.738264,46.345203,60.974604,0.147265,0,444.78
20260603_230156,3910.087,1,Left,41175,81.255616,84.189435,81.255616,0.869460,0.007333,0.009750,0.009548,1885,0.000000,0.000000,0.880579,0.950000,0.023342,-0.829153,0.880579,0.031776,0.656632,0.000000,0.950000,0.656632,252.134634,2.890609,122.868531,0.225217,64,236.57
20260603_230156,3910.087,1,Right,40877,99.721115,80.086601,99.721115,0.000000,0.005450,0.018773,0.015487,1289,0.000000,0.000000,0.754644,0.937744,0.025901,-0.754644,0.467051,0.037502,0.714129,0.000000,0.937744,0.714129,211.774121,46.345203,61.009539,0.147333,0,236.57
20260603_230156,3915.093,1,Left,41226,81.278805,84.208994,81.278805,0.868384,0.007330,0.009742,0.009542,1889,0.000000,0.000000,0.880579,0.950000,0.023348,-0.829153,0.880579,0.031772,0.656814,0.000000,0.950000,0.656814,252.095585,2.890609,122.828048,0.225182,64,460.61
20260603_230156,3915.093,1,Right,40927,99.721455,80.110929,99.721455,0.000000,0.005450,0.018784,0.015490,1291,0.000000,0.000000,0.754644,0.937744,0.025926,-0.754644,0.467051,0.037550,0.714075,0.000000,0.937744,0.714075,211.798134,46.345203,61.032632,0.147382,0,460.61
20260603_230156,3920.094,1,Left,41278,81.302389,84.228887,81.302389,0.867290,0.007326,0.009735,0.009536,1892,0.000000,0.000000,0.880579,0.950000,0.023362,-0.829153,0.880579,0.031776,0.657021,0.000000,0.950000,0.657021,252.068834,2.890609,122.799839,0.225163,64,457.49
20260603_230156,3920.094,1,Right,40979,99.721809,80.136167,99.721809,0.000000,0.005450,0.018792,0.015488,1291,0.000000,0.000000,0.754644,0.937744,0.025936,-0.754644,0.467051,0.037562,0.714010,0.000000,0.937744,0.714010,211.790354,46.345203,61.023899,0.147374,0,457.49
20260603_230156,3925.096,1,Left,41330,81.325913,84.248730,81.325913,0.866199,0.007323,0.009726,0.009530,1894,0.000000,0.000000,0.880579,0.950000,0.023358,-0.829153,0.880579,0.031761,0.657194,0.000000,0.950000,0.657194,252.021804,2.890609,122.751355,0.225117,64,255.07
20260603_230156,3925.096,1,Right,41031,99.722161,80.161341,99.722161,0.000000,0.005450,0.018772,0.015489,1293,0.000000,0.000000,0.754644,0.937744,0.025916,-0.754644,0.467051,0.037565,0.714084,0.000000,0.937744,0.714084,211.807966,46.345203,61.040559,0.147401,0,255.07
20260603_230156,3930.108,1,Left,41384,81.350280,84.269283,81.350280,0.865069,0.007322,0.009720,0.009524,1898,0.000000,0.000000,0.880579,0.950000,0.023368,-0.829153,0.880579,0.031761,0.657405,0.000000,0.950000,0.657405,251.987880,2.890609,122.715928,0.225090,64,454.52
20260603_230156,3930.108,1,Right,41084,99.722520,80.186934,99.722520,0.000000,0.005447,0.018781,0.015487,1294,0.000000,0.000000,0.754644,0.937744,0.025958,-0.754644,0.467051,0.037592,0.713909,0.000000,0.937744,0.713909,211.789583,46.345203,61.021209,0.147382,0,454.52
20260603_230156,3935.120,1,Left,41437,81.374134,84.289403,81.374134,0.863962,0.007317,0.009711,0.009517,1901,0.000000,0.000000,0.880579,0.950000,0.023362,-0.829153,0.880579,0.031744,0.657575,0.000000,0.950000,0.657575,251.932273,2.890609,122.658848,0.225032,64,444.74
20260603_230156,3935.120,1,Right,41136,99.722870,80.211980,99.722870,0.000000,0.005442,0.018764,0.015477,1295,0.000000,0.000000,0.754644,0.937744,0.025927,-0.754644,0.467051,0.037546,0.714008,0.000000,0.937744,0.714008,211.830367,46.345203,61.061046,0.147413,0,444.74
20260603_230156,3940.121,1,Left,41490,81.397927,84.309472,81.397927,0.862859,0.007316,0.009705,0.009512,1904,0.000000,0.000000,0.880579,0.950000,0.023372,-0.829153,0.880579,0.031743,0.657746,0.000000,0.950000,0.657746,251.874237,2.890609,122.599345,0.224980,64,443.89
20260603_230156,3940.121,1,Right,41189,99.723227,80.237442,99.723227,0.000000,0.005438,0.018772,0.015472,1296,0.000000,0.000000,0.754644,0.937744,0.025947,-0.754644,0.467051,0.037551,0.714021,0.000000,0.937744,0.714021,211.812148,46.345203,61.041864,0.147388,0,443.89
20260603_230156,3945.129,1,Left,41546,81.423001,84.330621,81.423001,0.861695,0.007318,0.009714,0.009513,1907,0.000000,0.000000,0.880579,0.950000,0.023371,-0.829153,0.880579,0.031730,0.657900,0.000000,0.950000,0.657900,251.803253,2.890609,122.529222,0.224917,64,411.13
20260603_230156,3945.129,1,Right,41245,99.723603,80.264274,99.723603,0.000000,0.005435,0.018762,0.015461,1298,0.000000,0.000000,0.754644,0.937744,0.025944,-0.754644,0.467051,0.037533,0.714045,0.000000,0.937744,0.714045,211.785370,46.345203,61.014073,0.147339,0,411.13
20260603_230156,3950.140,1,Left,41600,81.447115,84.350962,81.447115,0.860577,0.007339,0.009727,0.009606,1910,0.000000,0.000000,0.880579,0.950000,0.023377,-0.829153,0.880579,0.031839,0.658015,0.000000,0.950000,0.658015,251.808583,2.890609,122.544725,0.224988,64,439.70
20260603_230156,3950.140,1,Right,41299,99.723964,80.290080,99.723964,0.000000,0.005430,0.018761,0.015449,1298,0.000000,0.000000,0.754644,0.937744,0.025936,-0.754644,0.467051,0.037510,0.714022,0.000000,0.937744,0.714022,211.817194,46.345203,61.044922,0.147349,0,439.70
20260603_230156,3955.149,1,Left,41654,81.471167,84.371249,81.471167,0.859461,0.007336,0.009721,0.009605,1912,0.000000,0.000000,0.880579,0.950000,0.023398,-0.829153,0.880579,0.031849,0.658313,0.000000,0.950000,0.658313,251.864922,2.890609,122.599562,0.225036,64,251.99
20260603_230156,3955.149,1,Right,41353,99.724325,80.315817,99.724325,0.000000,0.005427,0.018798,0.015438,1299,0.000000,0.000000,0.754644,0.937744,0.025943,-0.754644,0.467051,0.037501,0.713942,0.000000,0.937744,0.713942,211.803541,46.345203,61.030295,0.147315,0,251.99
20260603_230156,3960.150,1,Left,41707,81.494713,84.391109,81.494713,0.858369,0.007332,0.009713,0.009597,1916,0.000000,0.000000,0.880579,0.950000,0.023403,-0.829153,0.880579,0.031843,0.658539,0.000000,0.950000,0.658539,251.889566,2.890609,122.622735,0.225057,64,455.26
20260603_230156,3960.150,1,Right,41406,99.724678,80.341013,99.724678,0.000000,0.005425,0.018778,0.015432,1301,0.000000,0.000000,0.754644,0.937744,0.025924,-0.754644,0.467051,0.037493,0.714040,0.000000,0.937744,0.714040,211.848323,46.345203,61.074125,0.147363,0,455.26
20260603_230156,3965.159,1,Left,41762,81.519084,84.411666,81.519084,0.857239,0.007330,0.009706,0.009589,1919,0.000000,0.000000,0.880579,0.950000,0.023398,-0.829153,0.880579,0.031827,0.658740,0.000000,0.950000,0.658740,251.855047,2.890609,122.586695,0.225029,64,250.08
20260603_230156,3965.159,1,Right,41459,99.725030,80.366145,99.725030,0.000000,0.005424,0.018787,0.015431,1302,0.000000,0.000000,0.754644,0.937744,0.025952,-0.754644,0.467051,0.037507,0.713990,0.000000,0.937744,0.713990,211.839223,46.345203,61.064076,0.147357,0,250.08
20260603_230156,3970.162,1,Left,41815,81.542509,84.431424,81.542509,0.856152,0.007326,0.009698,0.009583,1922,0.000000,0.000000,0.880579,0.950000,0.023404,-0.829153,0.880579,0.031822,0.658907,0.000000,0.950000,0.658907,251.802861,2.890609,122.533048,0.224979,64,230.29
20260603_230156,3970.162,1,Right,41512,99.725381,80.391212,99.725381,0.000000,0.005420,0.018767,0.015425,1303,0.000000,0.000000,0.754644,0.937744,0.025929,-0.754644,0.467051,0.037469,0.714060,0.000000,0.937744,0.714060,211.853508,46.345203,61.077413,0.147366,0,230.29
20260603_230156,3975.175,1,Left,41870,81.566754,84.451875,81.566754,0.855027,0.007327,0.009693,0.009576,1926,0.000000,0.000000,0.880579,0.950000,0.023420,-0.829153,0.880579,0.031827,0.659098,0.000000,0.950000,0.659098,251.753796,2.890609,122.482471,0.224940,64,252.46
20260603_230156,3975.175,1,Right,41566,99.725737,80.416687,99.725737,0.000000,0.005417,0.018784,0.015422,1304,0.000000,0.000000,0.754644,0.937744,0.025952,-0.754644,0.467051,0.037477,0.713965,0.000000,0.937744,0.713965,211.833230,46.345203,61.056172,0.147338,0,252.46
20260603_230156,3980.189,1,Left,41927,81.591814,84.473013,81.591814,0.853865,0.007321,0.009682,0.009569,1929,0.000000,0.000000,0.880579,0.950000,0.023414,-0.829153,0.880579,0.031810,0.659273,0.000000,0.950000,0.659273,251.694498,2.890609,122.421612,0.224878,64,248.05
20260603_230156,3980.189,1,Right,41622,99.726106,80.443035,99.726106,0.000000,0.005415,0.018766,0.015423,1305,0.000000,0.000000,0.754644,0.937744,0.025911,-0.754644,0.467051,0.037461,0.714074,0.000000,0.937744,0.714074,211.874100,46.345203,61.096047,0.147379,0,248.05
20260603_230156,3985.199,1,Left,41983,81.616369,84.493724,81.616369,0.852726,0.007315,0.009677,0.009562,1931,0.000000,0.000000,0.880579,0.950000,0.023415,-0.829153,0.880579,0.031799,0.659464,0.000000,0.950000,0.659464,251.645194,2.890609,122.370779,0.224831,64,251.38
20260603_230156,3985.199,1,Right,41677,99.726468,80.468844,99.726468,0.000000,0.005416,0.018775,0.015427,1306,0.000000,0.000000,0.754644,0.937744,0.025952,-0.754644,0.467051,0.037487,0.714013,0.000000,0.937744,0.714013,211.866320,46.345203,61.087291,0.147375,0,251.38
20260603_230156,3990.208,1,Left,42035,81.639110,84.512906,81.639110,0.851671,0.007313,0.009669,0.009556,1934,0.000000,0.000000,0.880579,0.950000,0.023428,-0.829153,0.880579,0.031803,0.659635,0.000000,0.950000,0.659635,251.603453,2.890609,122.327623,0.224795,64,457.44
20260603_230156,3990.208,1,Right,41729,99.726809,80.493182,99.726809,0.000000,0.005412,0.018754,0.015419,1307,0.000000,0.000000,0.754644,0.937744,0.025909,-0.754644,0.467051,0.037451,0.714068,0.000000,0.937744,0.714068,211.866427,46.345203,61.086479,0.147361,0,457.44
20260603_230156,3995.210,1,Left,42090,81.663103,84.533143,81.663103,0.850558,0.007309,0.009664,0.009550,1937,0.000000,0.000000,0.880579,0.950000,0.023425,-0.829153,0.880579,0.031788,0.659812,0.000000,0.950000,0.659812,251.543337,2.890609,122.266015,0.224735,64,252.24
20260603_230156,3995.210,1,Right,41784,99.727168,80.518859,99.727168,0.000000,0.005413,0.018789,0.015418,1308,0.000000,0.000000,0.754644,0.937744,0.025948,-0.754644,0.467051,0.037475,0.714043,0.000000,0.937744,0.714043,211.825513,46.345203,61.044594,0.147311,0,252.24
20260603_230156,4000.222,1,Left,42145,81.687033,84.553328,81.687033,0.849448,0.007308,0.009661,0.009543,1940,0.000000,0.000000,0.880579,0.950000,0.023435,-0.829153,0.880579,0.031788,0.659985,0.000000,0.950000,0.659985,251.471452,2.890609,122.192642,0.224666,64,444.55
20260603_230156,4000.222,1,Right,41839,99.727527,80.544468,99.727527,0.000000,0.005422,0.018800,0.015450,1312,0.000000,0.000000,0.754644,0.937744,0.025956,-0.754644,0.467051,0.037495,0.713985,0.000000,0.937744,0.713985,211.826151,46.345203,61.056469,0.147347,0,444.55
20260603_230156,4005.225,1,Left,42198,81.710034,84.572729,81.710034,0.848381,0.007303,0.009652,0.009536,1943,0.000000,0.000000,0.880579,0.950000,0.023427,-0.829153,0.880579,0.031769,0.660138,0.000000,0.950000,0.660138,251.406250,2.890609,122.126012,0.224597,64,256.08
20260603_230156,4005.225,1,Right,41892,99.727872,80.569082,99.727872,0.000000,0.005415,0.018781,0.015439,1313,0.000000,0.000000,0.754644,0.937744,0.025923,-0.754644,0.467051,0.037447,0.714057,0.000000,0.937744,0.714057,211.837625,46.345203,61.066997,0.147332,0,256.08
20260603_230156,4010.227,1,Left,42250,81.732544,84.591716,81.732544,0.847337,0.007302,0.009644,0.009531,1946,0.000000,0.000000,0.880579,0.950000,0.023438,-0.829153,0.880579,0.031770,0.660303,0.000000,0.950000,0.660303,251.350266,2.890609,122.068630,0.224546,64,237.42
20260603_230156,4010.227,1,Right,41943,99.728203,80.592709,99.728203,0.000000,0.005415,0.018819,0.015439,1314,0.000000,0.000000,0.754644,0.937744,0.025955,-0.754644,0.467051,0.037465,0.714007,0.000000,0.937744,0.714007,211.831596,46.345203,61.060061,0.147327,0,237.42
20260603_230156,4015.232,1,Left,42306,81.756725,84.612112,81.756725,0.846216,0.007296,0.009638,0.009524,1949,0.000000,0.000000,0.880579,0.950000,0.023431,-0.829153,0.880579,0.031751,0.660490,0.000000,0.950000,0.660490,251.287688,2.890609,122.004551,0.224483,64,412.83
20260603_230156,4015.232,1,Right,41999,99.728565,80.618586,99.728565,0.000000,0.005436,0.018836,0.015495,1318,0.000000,0.000000,0.754644,0.937744,0.025971,-0.754644,0.467051,0.037541,0.713992,0.000000,0.937744,0.713992,211.847138,46.345203,61.087907,0.147426,0,412.83
20260603_230156,4020.242,1,Left,42356,81.778260,84.630277,81.778260,0.845217,0.007296,0.009629,0.009519,1952,0.000000,0.000000,0.880579,0.950000,0.023445,-0.829153,0.880579,0.031756,0.660634,0.000000,0.950000,0.660634,251.223613,2.890609,121.939141,0.224420,64,455.16
20260603_230156,4020.242,1,Right,42049,99.728888,80.641632,99.728888,0.000000,0.005436,0.018818,0.015503,1319,0.000000,0.000000,0.754644,0.937744,0.025920,-0.754644,0.467051,0.037536,0.714077,0.000000,0.937744,0.714077,211.872498,46.345203,61.112366,0.147454,0,455.16
20260603_230156,4025.252,1,Left,42410,81.801462,84.649847,81.801462,0.844141,0.007291,0.009620,0.009514,1955,0.000000,0.000000,0.880579,0.950000,0.023436,-0.829153,0.880579,0.031736,0.660794,0.000000,0.950000,0.660794,251.157242,2.890609,121.871332,0.224349,64,450.47
20260603_230156,4025.252,1,Right,42103,99.729235,80.666461,99.729235,0.000000,0.005436,0.018825,0.015502,1320,0.000000,0.000000,0.754644,0.937744,0.025962,-0.754644,0.467051,0.037563,0.714051,0.000000,0.937744,0.714051,211.859381,46.345203,61.098278,0.147449,0,450.47
20260603_230156,4030.264,1,Left,42458,81.822036,84.667201,81.822036,0.843186,0.007289,0.009619,0.009510,1957,0.000000,0.000000,0.880579,0.950000,0.023440,-0.829153,0.880579,0.031731,0.660943,0.000000,0.950000,0.660943,251.090517,2.890609,121.803332,0.224280,64,252.56
20260603_230156,4030.264,1,Right,42151,99.729544,80.688477,99.729544,0.000000,0.005471,0.018829,0.015582,1325,0.000000,0.000000,0.754644,0.937744,0.025860,-0.754644,0.467051,0.037597,0.713929,0.000000,0.937744,0.713929,211.834964,46.345203,61.082658,0.147468,0,252.56
20260603_230156,4035.277,1,Left,42507,81.842991,84.684875,81.842991,0.842214,0.007285,0.009611,0.009506,1959,0.000000,0.000000,0.880579,0.950000,0.023437,-0.829153,0.880579,0.031718,0.661069,0.000000,0.950000,0.661069,251.012481,2.890609,121.724000,0.224189,64,252.02
20260603_230156,4035.277,1,Right,42200,99.729858,80.710900,99.729858,0.000000,0.005491,0.018833,0.015649,1327,0.000000,0.000000,0.754644,0.950000,0.025918,-0.754644,0.509938,0.037785,0.714115,0.000000,0.950000,0.714115,211.888933,46.345203,61.135739,0.147649,0,252.02
20260603_230156,4040.282,1,Left,42556,81.863897,84.702510,81.863897,0.841244,0.007282,0.009604,0.009501,1962,0.000000,0.000000,0.880579,0.950000,0.023443,-0.829153,0.880579,0.031715,0.661236,0.000000,0.950000,0.661236,250.969900,2.890609,121.680124,0.224150,64,448.83
20260603_230156,4040.282,1,Right,42249,99.730171,80.733272,99.730171,0.000000,0.005493,0.018831,0.015653,1328,0.000000,0.000000,0.754644,0.950000,0.025941,-0.754644,0.509938,0.037823,0.714144,0.000000,0.950000,0.714144,211.936142,46.345203,61.182062,0.147707,0,448.83
20260603_230156,4045.292,1,Left,42607,81.885606,84.720821,81.885606,0.840238,0.007280,0.009597,0.009495,1966,0.000000,0.000000,0.880579,0.950000,0.023449,-0.829153,0.880579,0.031711,0.661411,0.000000,0.950000,0.661411,250.943998,2.890609,121.652879,0.224128,64,250.59
20260603_230156,4045.292,1,Right,42300,99.730496,80.756501,99.730496,0.000000,0.005491,0.018825,0.015648,1329,0.000000,0.000000,0.754644,0.950000,0.025927,-0.754644,0.509938,0.037818,0.714202,0.000000,0.950000,0.714202,211.940124,46.345203,61.185124,0.147713,0,250.59
20260603_230156,4050.305,1,Left,42661,81.908535,84.740161,81.908535,0.839174,0.007276,0.009591,0.009490,1968,0.000000,0.000000,0.880579,0.950000,0.023453,-0.829153,0.880579,0.031705,0.661603,0.000000,0.950000,0.661603,250.905227,2.890609,121.612692,0.224096,64,248.12
20260603_230156,4050.305,1,Right,42352,99.730827,80.780128,99.730827,0.000000,0.005489,0.018841,0.015647,1330,0.000000,0.000000,0.754644,0.950000,0.025965,-0.754644,0.509938,0.037841,0.714064,0.000000,0.950000,0.714064,211.915763,46.345203,61.159827,0.147685,0,248.12
20260603_230156,4055.312,1,Left,42712,81.930137,84.758382,81.930137,0.838172,0.007273,0.009583,0.009484,1971,0.000000,0.000000,0.880579,0.950000,0.023450,-0.829153,0.880579,0.031692,0.661767,0.000000,0.950000,0.661767,250.869447,2.890609,121.575577,0.224061,64,453.88
20260603_230156,4055.312,1,Right,42403,99.731151,80.803245,99.731151,0.000000,0.005488,0.018822,0.015646,1331,0.000000,0.000000,0.754644,0.950000,0.025924,-0.754644,0.509938,0.037820,0.714146,0.000000,0.950000,0.714146,211.945130,46.345203,61.188279,0.147713,0,453.88
20260603_230156,4060.324,1,Left,42764,81.952109,84.776915,81.952109,0.837153,0.007271,0.009577,0.009480,1974,0.000000,0.000000,0.880579,0.950000,0.023462,-0.829153,0.880579,0.031694,0.661939,0.000000,0.950000,0.661939,250.825498,2.890609,121.530271,0.224019,64,242.95
20260603_230156,4060.324,1,Right,42454,99.731474,80.826306,99.731474,0.000000,0.005487,0.018859,0.015643,1332,0.000000,0.000000,0.754644,0.950000,0.025957,-0.754644,0.509938,0.037839,0.714079,0.000000,0.950000,0.714079,211.934424,46.345203,61.176659,0.147704,0,242.95
20260603_230156,4065.334,1,Left,42816,81.974028,84.795404,81.974028,0.836136,0.007266,0.009569,0.009473,1977,0.000000,0.000000,0.880579,0.950000,0.023454,-0.829153,0.880579,0.031676,0.662085,0.000000,0.950000,0.662085,250.763463,2.890609,121.466883,0.223953,64,440.58
20260603_230156,4065.334,1,Right,42505,99.731796,80.849312,99.731796,0.000000,0.005480,0.018841,0.015633,1333,0.000000,0.000000,0.754644,0.950000,0.025926,-0.754644,0.509938,0.037794,0.714153,0.000000,0.950000,0.714153,211.951812,46.345203,61.193136,0.147695,0,440.58
20260603_230156,4070.344,1,Left,42870,81.996734,84.814556,81.996734,0.835083,0.007266,0.009562,0.009469,1980,0.000000,0.000000,0.880579,0.950000,0.023472,-0.829153,0.880579,0.031683,0.662246,0.000000,0.950000,0.662246,250.707482,2.890609,121.409501,0.223903,64,459.70
20260603_230156,4070.344,1,Right,42558,99.732130,80.873161,99.732130,0.000000,0.005479,0.018850,0.015627,1334,0.000000,0.000000,0.754644,0.950000,0.025963,-0.754644,0.509938,0.037816,0.714089,0.000000,0.950000,0.714089,211.943094,46.345203,61.183473,0.147688,0,459.70
20260603_230156,4075.356,1,Left,42926,82.020221,84.834366,82.020221,0.833993,0.007260,0.009554,0.009463,1983,0.000000,0.000000,0.880579,0.950000,0.023463,-0.829153,0.880579,0.031664,0.662415,0.000000,0.950000,0.662415,250.656009,2.890609,121.356581,0.223849,64,458.24
20260603_230156,4075.356,1,Right,42613,99.732476,80.897848,99.732476,0.000000,0.005474,0.018831,0.015616,1335,0.000000,0.000000,0.754644,0.950000,0.025924,-0.754644,0.509938,0.037773,0.714172,0.000000,0.950000,0.714172,211.965595,46.345203,61.204997,0.147700,0,458.24
20260603_230156,4080.367,1,Left,42977,82.041557,84.852363,82.041557,0.833004,0.007259,0.009547,0.009457,1986,0.000000,0.000000,0.880579,0.950000,0.023473,-0.829153,0.880579,0.031664,0.662572,0.000000,0.950000,0.662572,250.605473,2.890609,121.304730,0.223804,64,457.49
20260603_230156,4080.367,1,Right,42664,99.732796,80.920683,99.732796,0.000000,0.005474,0.018849,0.015621,1336,0.000000,0.000000,0.754644,0.950000,0.025959,-0.754644,0.509938,0.037794,0.714109,0.000000,0.950000,0.714109,211.970396,46.345203,61.208893,0.147708,0,457.49
20260603_230156,4085.368,1,Left,43034,82.065344,84.872426,82.065344,0.831900,0.007253,0.009538,0.009450,1989,0.000000,0.000000,0.880579,0.950000,0.023467,-0.829153,0.880579,0.031647,0.662745,0.000000,0.950000,0.662745,250.552299,2.890609,121.250091,0.223749,64,251.16
20260603_230156,4085.368,1,Right,42720,99.733146,80.945693,99.733146,0.000000,0.005472,0.018829,0.015614,1337,0.000000,0.000000,0.754644,0.950000,0.025909,-0.754644,0.509938,0.037761,0.714190,0.000000,0.950000,0.714190,211.989943,46.345203,61.227450,0.147716,0,251.16
20260603_230156,4090.374,1,Left,43088,82.087820,84.891385,82.087820,0.830858,0.007252,0.009530,0.009445,1992,0.000000,0.000000,0.880579,0.950000,0.023482,-0.829153,0.880579,0.031652,0.662915,0.000000,0.950000,0.662915,250.506750,2.890609,121.203159,0.223710,64,456.40
20260603_230156,4090.374,1,Right,42774,99.733483,80.969748,99.733483,0.000000,0.005474,0.018839,0.015619,1338,0.000000,0.000000,0.754644,0.950000,0.025945,-0.754644,0.509938,0.037792,0.714131,0.000000,0.950000,0.714131,212.012639,46.345203,61.249193,0.147754,0,456.40
20260603_230156,4095.375,1,Left,43141,82.109826,84.909946,82.109826,0.829837,0.007253,0.009539,0.009453,1996,0.000000,0.000000,0.880579,0.950000,0.023485,-0.829153,0.880579,0.031644,0.663053,0.000000,0.950000,0.663053,250.454894,2.890609,121.152193,0.223670,64,255.97
20260603_230156,4095.375,1,Right,42827,99.733813,80.993299,99.733813,0.000000,0.005472,0.018853,0.015614,1339,0.000000,0.000000,0.754644,0.950000,0.025929,-0.754644,0.509938,0.037788,0.714054,0.000000,0.950000,0.714054,212.008660,46.345203,61.244281,0.147741,0,255.97
20260603_230156,4100.381,1,Left,43197,82.133018,84.929509,82.133018,0.828761,0.007258,0.009548,0.009493,1997,0.000000,0.000000,0.880579,0.950000,0.023468,-0.829153,0.880579,0.031667,0.663217,0.000000,0.950000,0.663217,250.421265,2.890609,121.117135,0.223635,64,252.94
20260603_230156,4100.381,1,Right,42883,99.734160,81.018119,99.734160,0.000000,0.005472,0.018834,0.015614,1341,0.000000,0.000000,0.754644,0.950000,0.025924,-0.754644,0.509938,0.037802,0.714157,0.000000,0.950000,0.714157,212.057829,46.345203,61.292467,0.147808,0,252.94
20260603_230156,4105.383,1,Left,43252,82.155738,84.948673,82.155738,0.827707,0.007255,0.009542,0.009489,2000,0.000000,0.000000,0.880579,0.950000,0.023499,-0.829153,0.880579,0.031687,0.663428,0.000000,0.950000,0.663428,250.406354,2.890609,121.100824,0.223632,64,451.88
20260603_230156,4105.383,1,Right,42938,99.734501,81.042433,99.734501,0.000000,0.005469,0.018846,0.015613,1342,0.000000,0.000000,0.754644,0.950000,0.025963,-0.754644,0.509938,0.037826,0.714083,0.000000,0.950000,0.714083,212.051494,46.345203,61.285169,0.147806,0,451.88
20260603_230156,4110.393,1,Left,43307,82.178401,84.967788,82.178401,0.826656,0.007250,0.009533,0.009482,2003,0.000000,0.000000,0.880579,0.950000,0.023486,-0.829153,0.880579,0.031664,0.663598,0.000000,0.950000,0.663598,250.369635,2.890609,121.062710,0.223593,64,230.82
20260603_230156,4110.393,1,Right,42992,99.734834,81.066245,99.734834,0.000000,0.005478,0.018830,0.015645,1343,0.000000,0.000000,0.754644,0.950000,0.025909,-0.754644,0.509938,0.037809,0.714175,0.000000,0.950000,0.714175,212.078411,46.345203,61.311143,0.147836,0,230.82
20260603_230156,4115.393,1,Left,43361,82.200595,84.986509,82.200595,0.825627,0.007249,0.009527,0.009477,2006,0.000000,0.000000,0.880579,0.950000,0.023497,-0.829153,0.880579,0.031665,0.663771,0.000000,0.950000,0.663771,250.326953,2.890609,121.018662,0.223555,64,249.51
20260603_230156,4115.393,1,Right,43046,99.735167,81.089997,99.735167,0.000000,0.005478,0.018868,0.015646,1344,0.000000,0.000000,0.754644,0.950000,0.025951,-0.754644,0.509938,0.037837,0.714130,0.000000,0.950000,0.714130,212.096409,46.345203,61.328200,0.147864,0,249.51
20260603_230156,4120.396,1,Left,43415,82.222734,85.005183,82.222734,0.824600,0.007244,0.009520,0.009470,2009,0.000000,0.000000,0.880579,0.950000,0.023494,-0.829153,0.880579,0.031651,0.663935,0.000000,0.950000,0.663935,250.279237,2.890609,120.969585,0.223505,64,254.02
20260603_230156,4120.396,1,Right,43100,99.735499,81.113689,99.735499,0.000000,0.005476,0.018862,0.015641,1345,0.000000,0.000000,0.754644,0.950000,0.025927,-0.754644,0.509938,0.037828,0.714114,0.000000,0.950000,0.714114,212.093589,46.345203,61.324442,0.147850,0,254.02
20260603_230156,4125.399,1,Left,43469,82.244818,85.023810,82.244818,0.823575,0.007241,0.009515,0.009465,2011,0.000000,0.000000,0.880579,0.950000,0.023502,-0.829153,0.880579,0.031650,0.664088,0.000000,0.950000,0.664088,250.217926,2.890609,120.906916,0.223442,64,232.04
20260603_230156,4125.399,1,Right,43153,99.735824,81.136885,99.735824,0.000000,0.005483,0.018887,0.015661,1347,0.000000,0.000000,0.754644,0.950000,0.025924,-0.754644,0.509938,0.037846,0.714105,0.000000,0.950000,0.714105,212.091947,46.345203,61.323961,0.147863,0,232.04
20260603_230156,4130.408,1,Left,43521,82.266032,85.041704,82.266032,0.822591,0.007238,0.009507,0.009460,2015,0.000000,0.000000,0.880579,0.950000,0.023505,-0.829153,0.880579,0.031642,0.664233,0.000000,0.950000,0.664233,250.163293,2.890609,120.850980,0.223388,64,231.30
20260603_230156,4130.408,1,Right,43204,99.736136,81.159152,99.736136,0.000000,0.005483,0.018873,0.015666,1348,0.000000,0.000000,0.754644,0.950000,0.025934,-0.754644,0.509938,0.037848,0.714168,0.000000,0.950000,0.714168,212.100234,46.345203,61.331365,0.147876,0,231.30
20260603_230156,4135.412,1,Left,43575,82.288009,85.060241,82.288009,0.821572,0.007235,0.009500,0.009453,2017,0.000000,0.000000,0.880579,0.950000,0.023507,-0.829153,0.880579,0.031635,0.664394,0.000000,0.950000,0.664394,250.110917,2.890609,120.797255,0.223340,64,413.64
20260603_230156,4135.412,1,Right,43257,99.736459,81.182236,99.736459,0.000000,0.005480,0.018907,0.015657,1350,0.000000,0.000000,0.754644,0.950000,0.025944,-0.754644,0.509938,0.037843,0.714144,0.000000,0.950000,0.714144,212.075270,46.345203,61.305484,0.147836,0,413.64
20260603_230156,4140.416,1,Left,43628,82.309526,85.078390,82.309526,0.820574,0.007232,0.009494,0.009449,2020,0.000000,0.000000,0.880579,0.950000,0.023515,-0.829153,0.880579,0.031632,0.664552,0.000000,0.950000,0.664552,250.059263,2.890609,120.744280,0.223291,64,256.56
20260603_230156,4140.416,1,Right,43308,99.736769,81.204396,99.736769,0.000000,0.005476,0.018914,0.015647,1351,0.000000,0.000000,0.754644,0.950000,0.025934,-0.754644,0.509938,0.037820,0.714161,0.000000,0.950000,0.714161,212.052656,46.345203,61.281989,0.147782,0,256.56
20260603_230156,4145.426,1,Left,43680,82.330586,85.096154,82.330586,0.819597,0.007250,0.009522,0.009535,2024,0.000000,0.000000,0.880579,0.950000,0.023519,-0.829153,0.880579,0.031670,0.664662,0.000000,0.950000,0.664662,250.007727,2.890609,120.696291,0.223265,64,454.52
20260603_230156,4145.426,1,Right,43358,99.737073,81.226071,99.737073,0.000000,0.005474,0.018925,0.015633,1354,0.000000,0.000000,0.754644,0.950000,0.025941,-0.754644,0.509938,0.037813,0.714144,0.000000,0.950000,0.714144,212.045334,46.345203,61.273807,0.147772,0,454.52
20260603_230156,4150.434,1,Left,43731,82.351193,85.113535,82.351193,0.818641,0.007247,0.009520,0.009544,2026,0.000000,0.000000,0.880579,0.950000,0.023520,-0.829153,0.880579,0.031662,0.664840,0.000000,0.950000,0.664840,249.986783,2.890609,120.674076,0.223231,64,471.69
20260603_230156,4150.434,1,Right,43408,99.737376,81.247696,99.737376,0.000000,0.005474,0.018934,0.015623,1356,0.000000,0.000000,0.754644,0.950000,0.025944,-0.754644,0.509938,0.037803,0.714124,0.000000,0.950000,0.714124,212.028366,46.345203,61.255980,0.147745,0,471.69
20260603_230156,4155.441,1,Left,43783,82.372154,85.131215,82.372154,0.817669,0.007244,0.009515,0.009540,2028,0.000000,0.000000,0.880579,0.950000,0.023519,-0.829153,0.880579,0.031651,0.664998,0.000000,0.950000,0.664998,249.933585,2.890609,120.619587,0.223176,64,450.52
20260603_230156,4155.441,1,Right,43460,99.737690,81.270133,99.737690,0.000000,0.005476,0.018933,0.015635,1361,0.000000,0.000000,0.754644,0.950000,0.025918,-0.754644,0.509938,0.037774,0.714051,0.000000,0.950000,0.714051,212.013380,46.345203,61.246334,0.147731,0,450.52
20260603_230156,4160.449,1,Left,43832,82.391860,85.147837,82.391860,0.816755,0.007240,0.009507,0.009534,2031,0.000000,0.000000,0.880579,0.950000,0.023511,-0.829153,0.880579,0.031633,0.665117,0.000000,0.950000,0.665117,249.861422,2.890609,120.546211,0.223094,64,469.95
20260603_230156,4160.449,1,Right,43509,99.737985,81.291227,99.737985,0.000000,0.005478,0.018933,0.015645,1363,0.000000,0.000000,0.754644,0.950000,0.025926,-0.754644,0.509938,0.037802,0.714152,0.000000,0.950000,0.714152,212.043503,46.345203,61.275612,0.147786,0,469.95
20260603_230156,4165.449,1,Left,43884,82.412724,85.165436,82.412724,0.815787,0.007239,0.009502,0.009529,2034,0.000000,0.000000,0.880579,0.950000,0.023525,-0.829153,0.880579,0.031638,0.665281,0.000000,0.950000,0.665281,249.815373,2.890609,120.498878,0.223056,64,258.49
20260603_230156,4165.449,1,Right,43560,99.738292,81.313131,99.738292,0.000000,0.005478,0.018946,0.015643,1364,0.000000,0.000000,0.754644,0.950000,0.025949,-0.754644,0.509938,0.037823,0.714039,0.000000,0.950000,0.714039,212.022434,46.345203,61.253666,0.147762,0,258.49
20260603_230156,4170.462,1,Left,43934,82.432740,85.182319,82.432740,0.814859,0.007236,0.009494,0.009523,2037,0.000000,0.000000,0.880579,0.950000,0.023529,-0.829153,0.880579,0.031632,0.665442,0.000000,0.950000,0.665442,249.794310,2.890609,120.476583,0.223038,64,253.54
20260603_230156,4170.462,1,Right,43610,99.738592,81.334556,99.738592,0.000000,0.005478,0.018931,0.015646,1365,0.000000,0.000000,0.754644,0.950000,0.025911,-0.754644,0.509938,0.037819,0.714153,0.000000,0.950000,0.714153,212.087413,46.345203,61.317787,0.147831,0,253.54
20260603_230156,4175.468,1,Left,43980,82.451114,85.197817,82.451114,0.814006,0.007235,0.009488,0.009520,2040,0.000000,0.000000,0.880579,0.950000,0.023536,-0.829153,0.880579,0.031631,0.665590,0.000000,0.950000,0.665590,249.763289,2.890609,120.444432,0.223010,64,272.15
20260603_230156,4175.468,1,Right,43656,99.738868,81.354224,99.738868,0.000000,0.005478,0.018941,0.015646,1366,0.000000,0.000000,0.754644,0.950000,0.025951,-0.754644,0.509938,0.037847,0.714096,0.000000,0.950000,0.714096,212.077101,46.345203,61.306688,0.147826,0,272.15
20260603_230156,4180.475,1,Left,44032,82.471839,85.215298,82.471839,0.813045,0.007230,0.009480,0.009515,2043,0.000000,0.000000,0.880579,0.950000,0.023532,-0.829153,0.880579,0.031618,0.665747,0.000000,0.950000,0.665747,249.730335,2.890609,120.410205,0.222972,64,257.90
20260603_230156,4180.475,1,Right,43707,99.739172,81.375981,99.739172,0.000000,0.005474,0.018922,0.015641,1367,0.000000,0.000000,0.754644,0.950000,0.025908,-0.754644,0.509938,0.037815,0.714157,0.000000,0.950000,0.714157,212.084856,46.345203,61.313571,0.147822,0,257.90
20260603_230156,4185.487,1,Left,44087,82.493706,85.233742,82.493706,0.812031,0.007227,0.009475,0.009509,2045,0.000000,0.000000,0.880579,0.950000,0.023539,-0.829153,0.880579,0.031615,0.665919,0.000000,0.950000,0.665919,249.683193,2.890609,120.361720,0.222928,64,236.79
20260603_230156,4185.487,1,Right,43762,99.739500,81.399388,99.739500,0.000000,0.005473,0.018963,0.015642,1368,0.000000,0.000000,0.754644,0.950000,0.025944,-0.754644,0.509938,0.037837,0.714051,0.000000,0.950000,0.714051,212.090169,46.345203,61.317947,0.147830,0,236.79
20260603_230156,4190.488,1,Left,44140,82.514726,85.251473,82.514726,0.811056,0.007225,0.009468,0.009503,2049,0.000000,0.000000,0.880579,0.950000,0.023538,-0.829153,0.880579,0.031603,0.666063,0.000000,0.950000,0.666063,249.627328,2.890609,120.304564,0.222871,64,263.05
20260603_230156,4190.488,1,Right,43814,99.739809,81.421463,99.739809,0.000000,0.005466,0.018947,0.015630,1369,0.000000,0.000000,0.754644,0.950000,0.025913,-0.754644,0.509938,0.037792,0.714125,0.000000,0.950000,0.714125,212.100112,46.345203,61.327006,0.147826,0,263.05
20260603_230156,4195.500,1,Left,44195,82.536486,85.269827,82.536486,0.810046,0.007222,0.009460,0.009497,2052,0.000000,0.000000,0.880579,0.950000,0.023550,-0.829153,0.880579,0.031605,0.666218,0.000000,0.950000,0.666218,249.572650,2.890609,120.248551,0.222820,64,244.49
20260603_230156,4195.500,1,Right,43869,99.740135,81.444756,99.740135,0.000000,0.005465,0.018955,0.015625,1370,0.000000,0.000000,0.754644,0.950000,0.025951,-0.754644,0.509938,0.037815,0.714073,0.000000,0.950000,0.714073,212.084392,46.345203,61.310354,0.147812,0,244.49
20260603_230156,4200.503,1,Left,44249,82.557798,85.287803,82.557798,0.809058,0.007218,0.009451,0.009492,2055,0.000000,0.000000,0.880579,0.950000,0.023540,-0.829153,0.880579,0.031586,0.666369,0.000000,0.950000,0.666369,249.522627,2.890609,120.197221,0.222768,64,413.97
20260603_230156,4200.503,1,Right,43923,99.740455,81.467568,99.740455,0.000000,0.005459,0.018935,0.015614,1371,0.000000,0.000000,0.754644,0.950000,0.025919,-0.754644,0.509938,0.037769,0.714145,0.000000,0.950000,0.714145,212.099383,46.345203,61.324431,0.147813,0,413.97
20260603_230156,4205.514,1,Left,44302,82.578665,85.305404,82.578665,0.808090,0.007217,0.009446,0.009486,2058,0.000000,0.000000,0.880579,0.950000,0.023552,-0.829153,0.880579,0.031588,0.666521,0.000000,0.950000,0.666521,249.470374,2.890609,120.143689,0.222721,64,237.46
20260603_230156,4205.514,1,Right,43975,99.740762,81.489483,99.740762,0.000000,0.005459,0.018945,0.015617,1372,0.000000,0.000000,0.754644,0.950000,0.025954,-0.754644,0.509938,0.037789,0.714064,0.000000,0.950000,0.714064,212.094425,46.345203,61.318595,0.147810,0,237.46
20260603_230156,4210.522,1,Left,44358,82.600658,85.323955,82.600658,0.807070,0.007212,0.009437,0.009480,2061,0.000000,0.000000,0.880579,0.950000,0.023546,-0.829153,0.880579,0.031573,0.666681,0.000000,0.950000,0.666681,249.424561,2.890609,120.096528,0.222674,64,241.19
20260603_230156,4210.522,1,Right,44030,99.741086,81.512605,99.741086,0.000000,0.005455,0.018927,0.015610,1373,0.000000,0.000000,0.754644,0.950000,0.025908,-0.754644,0.509938,0.037756,0.714147,0.000000,0.950000,0.714147,212.119502,46.345203,61.342747,0.147824,0,241.19
20260603_230156,4215.524,1,Left,44416,82.623379,85.343120,82.623379,0.806016,0.007210,0.009430,0.009474,2064,0.000000,0.000000,0.880579,0.950000,0.023556,-0.829153,0.880579,0.031572,0.666853,0.000000,0.950000,0.666853,249.376885,2.890609,120.047461,0.222633,64,448.54
20260603_230156,4215.524,1,Right,44087,99.741420,81.536507,99.741420,0.000000,0.005454,0.018962,0.015614,1374,0.000000,0.000000,0.754644,0.950000,0.025945,-0.754644,0.509938,0.037778,0.714101,0.000000,0.950000,0.714101,212.130159,46.345203,61.352446,0.147839,0,448.54
20260603_230156,4220.529,1,Left,44469,82.644089,85.360588,82.644089,0.805055,0.007206,0.009423,0.009467,2067,0.000000,0.000000,0.880579,0.950000,0.023549,-0.829153,0.880579,0.031556,0.667007,0.000000,0.950000,0.667007,249.331812,2.890609,120.001121,0.222589,64,235.29
20260603_230156,4220.529,1,Right,44140,99.741731,81.558677,99.741731,0.000000,0.005454,0.018961,0.015611,1375,0.000000,0.000000,0.754644,0.950000,0.025914,-0.754644,0.509938,0.037770,0.714107,0.000000,0.950000,0.714107,212.137213,46.345203,61.358613,0.147840,0,235.29
20260603_230156,4225.543,1,Left,44525,82.665918,85.379001,82.665918,0.804043,0.007202,0.009415,0.009461,2070,0.000000,0.000000,0.880579,0.950000,0.023563,-0.829153,0.880579,0.031559,0.667162,0.000000,0.950000,0.667162,249.279796,2.890609,119.947769,0.222539,64,240.03
20260603_230156,4225.543,1,Right,44194,99.742046,81.581210,99.742046,0.000000,0.005453,0.018964,0.015612,1377,0.000000,0.000000,0.754644,0.950000,0.025930,-0.754644,0.509938,0.037794,0.714149,0.000000,0.950000,0.714149,212.180273,46.345203,61.400770,0.147900,0,240.03
20260603_230156,4230.544,1,Left,44580,82.687304,85.397039,82.687304,0.803051,0.007198,0.009408,0.009455,2072,0.000000,0.000000,0.880579,0.950000,0.023560,-0.829153,0.880579,0.031546,0.667329,0.000000,0.950000,0.667329,249.239789,2.890609,119.906454,0.222502,64,247.25
20260603_230156,4230.544,1,Right,44246,99.742350,81.602857,99.742350,0.000000,0.005453,0.018973,0.015612,1378,0.000000,0.000000,0.754644,0.950000,0.025951,-0.754644,0.509938,0.037814,0.714074,0.000000,0.950000,0.714074,212.173810,46.345203,61.393440,0.147898,0,247.25
20260603_230156,4235.552,1,Left,44630,82.706700,85.413399,82.706700,0.802151,0.007197,0.009400,0.009450,2075,0.000000,0.000000,0.880579,0.950000,0.023566,-0.829153,0.880579,0.031544,0.667469,0.000000,0.950000,0.667469,249.201087,2.890609,119.866567,0.222468,64,408.17
20260603_230156,4235.552,1,Right,44296,99.742640,81.623623,99.742640,0.000000,0.005451,0.018955,0.015610,1379,0.000000,0.000000,0.754644,0.950000,0.025923,-0.754644,0.509938,0.037788,0.714143,0.000000,0.950000,0.714143,212.192700,46.345203,61.411499,0.147913,0,408.17
20260603_230156,4240.554,1,Left,44677,82.724892,85.428744,82.724892,0.801307,0.007195,0.009396,0.009446,2079,0.000000,0.000000,0.880579,0.950000,0.023568,-0.829153,0.880579,0.031537,0.667610,0.000000,0.950000,0.667610,249.164612,2.890609,119.828981,0.222433,64,265.55
20260603_230156,4240.554,1,Right,44343,99.742913,81.643100,99.742913,0.000000,0.005453,0.018994,0.015613,1380,0.000000,0.000000,0.754644,0.950000,0.025958,-0.754644,0.509938,0.037810,0.714089,0.000000,0.950000,0.714089,212.184155,46.345203,61.402174,0.147910,0,265.55
20260603_230156,4245.563,1,Left,44730,82.745361,85.446009,82.745361,0.800358,0.007192,0.009388,0.009441,2081,0.000000,0.000000,0.880579,0.950000,0.023563,-0.829153,0.880579,0.031523,0.667758,0.000000,0.950000,0.667758,249.125150,2.890609,119.788270,0.222393,64,449.45
20260603_230156,4245.563,1,Right,44395,99.743214,81.664602,99.743214,0.000000,0.005449,0.018976,0.015610,1381,0.000000,0.000000,0.754644,0.950000,0.025914,-0.754644,0.509938,0.037779,0.714153,0.000000,0.950000,0.714153,212.196930,46.345203,61.414088,0.147911,0,449.45
20260603_230156,4250.576,1,Left,44784,82.766166,85.463558,82.766166,0.799393,0.007189,0.009382,0.009435,2084,0.000000,0.000000,0.880579,0.950000,0.023572,-0.829153,0.880579,0.031521,0.667909,0.000000,0.950000,0.667909,249.073938,2.890609,119.735787,0.222343,64,246.01
20260603_230156,4250.576,1,Right,44447,99.743515,81.686053,99.743515,0.000000,0.005449,0.018986,0.015610,1382,0.000000,0.000000,0.754644,0.950000,0.025951,-0.754644,0.509938,0.037801,0.714100,0.000000,0.950000,0.714100,212.197111,46.345203,61.413410,0.147918,0,246.01
20260603_230156,4255.589,1,Left,44835,82.785770,85.480094,82.785770,0.798483,0.007185,0.009374,0.009430,2087,0.000000,0.000000,0.880579,0.950000,0.023565,-0.829153,0.880579,0.031506,0.668042,0.000000,0.950000,0.668042,249.021192,2.890609,119.681846,0.222288,64,252.64
20260603_230156,4255.589,1,Right,44498,99.743809,81.707043,99.743809,0.000000,0.005445,0.018968,0.015603,1383,0.000000,0.000000,0.754644,0.950000,0.025913,-0.754644,0.509938,0.037766,0.714157,0.000000,0.950000,0.714157,212.201916,46.345203,61.417374,0.147908,0,252.64
20260603_230156,4260.598,1,Left,44889,82.806478,85.497561,82.806478,0.797523,0.007184,0.009366,0.009425,2090,0.000000,0.000000,0.880579,0.950000,0.023576,-0.829153,0.880579,0.031507,0.668190,0.000000,0.950000,0.668190,248.971286,2.890609,119.630678,0.222243,64,238.84
20260603_230156,4260.598,1,Right,44551,99.744113,81.728805,99.744113,0.000000,0.005445,0.019029,0.015604,1384,0.000000,0.000000,0.754644,0.950000,0.025949,-0.754644,0.509938,0.037788,0.714125,0.000000,0.950000,0.714125,212.195864,46.345203,61.410451,0.147909,0,238.84
20260603_230156,4265.611,1,Left,44939,82.825608,85.513696,82.825608,0.796635,0.007180,0.009363,0.009420,2093,0.000000,0.000000,0.880579,0.950000,0.023577,-0.829153,0.880579,0.031500,0.668345,0.000000,0.950000,0.668345,248.927315,2.890609,119.585541,0.222197,64,237.69
20260603_230156,4265.611,1,Right,44601,99.744400,81.749288,99.744400,0.000000,0.005467,0.019046,0.015655,1388,0.000000,0.000000,0.754644,0.950000,0.025959,-0.754644,0.509938,0.037870,0.714070,0.000000,0.950000,0.714070,212.196863,46.345203,61.421958,0.147991,0,237.69
20260603_230156,4270.614,1,Left,44991,82.845458,85.530439,82.845458,0.795715,0.007178,0.009355,0.009417,2095,0.000000,0.000000,0.880579,0.950000,0.023576,-0.829153,0.880579,0.031490,0.668477,0.000000,0.950000,0.668477,248.868542,2.890609,119.525559,0.222134,64,461.42
20260603_230156,4270.614,1,Right,44653,99.744698,81.770542,99.744698,0.000000,0.005466,0.019028,0.015660,1389,0.000000,0.000000,0.754644,0.950000,0.025907,-0.754644,0.509938,0.037856,0.714147,0.000000,0.950000,0.714147,212.216627,46.345203,61.440858,0.148009,0,461.42
20260603_230156,4275.615,1,Left,45043,82.865262,85.547144,82.865262,0.794796,0.007176,0.009348,0.009413,2098,0.000000,0.000000,0.880579,0.950000,0.023581,-0.829153,0.880579,0.031485,0.668619,0.000000,0.950000,0.668619,248.816101,2.890609,119.471912,0.222082,64,448.83
20260603_230156,4275.615,1,Right,44705,99.744995,81.791746,99.744995,0.000000,0.005467,0.019037,0.015661,1390,0.000000,0.000000,0.754644,0.950000,0.025948,-0.754644,0.509938,0.037883,0.714101,0.000000,0.950000,0.714101,212.211069,46.345203,61.434437,0.148012,0,448.83
20260603_230156,4280.618,1,Left,45096,82.885400,85.564130,82.885400,0.793862,0.007172,0.009341,0.009407,2101,0.000000,0.000000,0.880579,0.950000,0.023575,-0.829153,0.880579,0.031470,0.668751,0.000000,0.950000,0.668751,248.752272,2.890609,119.406858,0.222015,64,456.80
20260603_230156,4280.618,1,Right,44757,99.745291,81.812901,99.745291,0.000000,0.005478,0.019050,0.015692,1392,0.000000,0.000000,0.754644,0.950000,0.025939,-0.754644,0.509938,0.037910,0.714138,0.000000,0.950000,0.714138,212.220106,46.345203,61.442628,0.148045,0,456.80
20260603_230156,4285.630,1,Left,45145,82.903976,85.579798,82.903976,0.793000,0.007169,0.009333,0.009403,2104,0.000000,0.000000,0.880579,0.950000,0.023585,-0.829153,0.880579,0.031471,0.668866,0.000000,0.950000,0.668866,248.688836,2.890609,119.342293,0.221951,64,249.62
20260603_230156,4285.630,1,Right,44805,99.745564,81.832385,99.745564,0.000000,0.005476,0.019083,0.015687,1393,0.000000,0.000000,0.754644,0.950000,0.025928,-0.754644,0.509938,0.037886,0.714124,0.000000,0.950000,0.714124,212.195759,46.345203,61.417488,0.147993,0,249.62
20260603_230156,4290.638,1,Left,45198,82.924023,85.596708,82.924023,0.792070,0.007167,0.009326,0.009397,2107,0.000000,0.000000,0.880579,0.950000,0.023580,-0.829153,0.880579,0.031457,0.669013,0.000000,0.950000,0.669013,248.645900,2.890609,119.298138,0.221911,64,457.39
20260603_230156,4290.638,1,Right,44856,99.745853,81.853041,99.745853,0.000000,0.005473,0.019065,0.015679,1395,0.000000,0.000000,0.754644,0.950000,0.025932,-0.754644,0.509938,0.037876,0.714158,0.000000,0.950000,0.714158,212.177646,46.345203,61.398536,0.147953,0,457.39
20260603_230156,4295.648,1,Left,45247,82.942516,85.612306,82.942516,0.791213,0.007165,0.009323,0.009393,2110,0.000000,0.000000,0.880579,0.950000,0.023590,-0.829153,0.880579,0.031459,0.669177,0.000000,0.950000,0.669177,248.624753,2.890609,119.275868,0.221896,64,248.89
20260603_230156,4295.648,1,Right,44904,99.746125,81.872439,99.746125,0.000000,0.005473,0.019074,0.015677,1396,0.000000,0.000000,0.754644,0.950000,0.025951,-0.754644,0.509938,0.037883,0.714102,0.000000,0.950000,0.714102,212.164569,46.345203,61.384670,0.147931,0,248.89
20260603_230156,4300.660,1,Left,45300,82.962472,85.629139,82.962472,0.790287,0.007160,0.009316,0.009388,2113,0.000000,0.000000,0.880579,0.950000,0.023583,-0.829153,0.880579,0.031442,0.669333,0.000000,0.950000,0.669333,248.593866,2.890609,119.243768,0.221864,64,232.23
20260603_230156,4300.660,1,Right,44957,99.746424,81.893810,99.746424,0.000000,0.005467,0.019054,0.015666,1397,0.000000,0.000000,0.754644,0.950000,0.025921,-0.754644,0.509938,0.037838,0.714160,0.000000,0.950000,0.714160,212.169515,46.345203,61.388747,0.147924,0,232.23
20260603_230156,4305.670,1,Left,45353,82.982383,85.645933,82.982383,0.789363,0.007157,0.009311,0.009382,2116,0.000000,0.000000,0.880579,0.950000,0.023601,-0.829153,0.880579,0.031451,0.669501,0.000000,0.950000,0.669501,248.565466,2.890609,119.214160,0.221844,64,241.70
20260603_230156,4305.670,1,Right,45009,99.746717,81.914728,99.746717,0.000000,0.005466,0.019062,0.015669,1398,0.000000,0.000000,0.754644,0.950000,0.025944,-0.754644,0.509938,0.037847,0.714071,0.000000,0.950000,0.714071,212.154752,46.345203,61.373133,0.147905,0,241.70
20260603_230156,4310.672,1,Left,45408,83.002995,85.663319,83.002995,0.788407,0.007154,0.009304,0.009378,2119,0.000000,0.000000,0.880579,0.950000,0.023596,-0.829153,0.880579,0.031437,0.669652,0.000000,0.950000,0.669652,248.524268,2.890609,119.171711,0.221800,64,253.92
20260603_230156,4310.672,1,Right,45063,99.747021,81.936400,99.747021,0.000000,0.005460,0.019043,0.015656,1399,0.000000,0.000000,0.754644,0.950000,0.025912,-0.754644,0.509938,0.037802,0.714116,0.000000,0.950000,0.714116,212.143904,46.345203,61.361404,0.147858,0,253.92
20260603_230156,4315.672,1,Left,45463,83.023558,85.680663,83.023558,0.787454,0.007152,0.009298,0.009373,2121,0.000000,0.000000,0.880579,0.950000,0.023591,-0.829153,0.880579,0.031423,0.669799,0.000000,0.950000,0.669799,248.474710,2.890609,119.120906,0.221748,64,250.81
20260603_230156,4315.672,1,Right,45118,99.747329,81.958420,99.747329,0.000000,0.005458,0.019053,0.015652,1400,0.000000,0.000000,0.754644,0.950000,0.025932,-0.754644,0.509938,0.037807,0.714101,0.000000,0.950000,0.714101,212.160717,46.345203,61.377322,0.147876,0,250.81
20260603_230156,4320.678,1,Left,45514,83.042580,85.696709,83.042580,0.786571,0.007163,0.009324,0.009415,2125,0.000000,0.000000,0.880579,0.950000,0.023582,-0.829153,0.880579,0.031449,0.669916,0.000000,0.950000,0.669916,248.430090,2.890609,119.076883,0.221711,64,264.19
20260603_230156,4320.678,1,Right,45169,99.747615,81.978791,99.747615,0.000000,0.005454,0.019066,0.015644,1401,0.000000,0.000000,0.754644,0.950000,0.025925,-0.754644,0.509938,0.037786,0.714070,0.000000,0.950000,0.714070,212.148662,46.345203,61.364438,0.147840,0,264.19
20260603_230156,4325.690,1,Left,45568,83.062676,85.713659,83.062676,0.785639,0.007161,0.009317,0.009417,2127,0.000000,0.000000,0.880579,0.950000,0.023600,-0.829153,0.880579,0.031458,0.670067,0.000000,0.950000,0.670067,248.399336,2.890609,119.044909,0.221685,64,234.28
20260603_230156,4325.690,1,Right,45222,99.747910,81.999912,99.747910,0.000000,0.005451,0.019047,0.015638,1402,0.000000,0.000000,0.754644,0.950000,0.025929,-0.754644,0.509938,0.037777,0.714130,0.000000,0.950000,0.714130,212.155729,46.345203,61.370647,0.147845,0,234.28
20260603_230156,4330.702,1,Left,45622,83.082723,85.730569,83.082723,0.784709,0.007157,0.009312,0.009411,2130,0.000000,0.000000,0.880579,0.950000,0.023608,-0.829153,0.880579,0.031457,0.670230,0.000000,0.950000,0.670230,248.364459,2.890609,119.008815,0.221656,64,246.49
20260603_230156,4330.702,1,Right,45276,99.748211,82.021380,99.748211,0.000000,0.005448,0.019079,0.015632,1404,0.000000,0.000000,0.754644,0.950000,0.025937,-0.754644,0.509938,0.037770,0.714117,0.000000,0.950000,0.714117,212.127123,46.345203,61.341168,0.147801,0,246.49
20260603_230156,4335.704,1,Left,45676,83.102724,85.747438,83.102724,0.783781,0.007154,0.009305,0.009405,2133,0.000000,0.000000,0.880579,0.950000,0.023610,-0.829153,0.880579,0.031449,0.670372,0.000000,0.950000,0.670372,248.320841,2.890609,118.963984,0.221615,64,269.26
20260603_230156,4335.704,1,Right,45328,99.748500,82.042005,99.748500,0.000000,0.005444,0.019060,0.015623,1405,0.000000,0.000000,0.754644,0.950000,0.025925,-0.754644,0.509938,0.037745,0.714147,0.000000,0.950000,0.714147,212.105565,46.345203,61.318771,0.147747,0,269.26
20260603_230156,4340.707,1,Left,45730,83.122677,85.764269,83.122677,0.782856,0.007151,0.009301,0.009401,2136,0.000000,0.000000,0.880579,0.950000,0.023615,-0.829153,0.880579,0.031445,0.670526,0.000000,0.950000,0.670526,248.278988,2.890609,118.920922,0.221575,64,445.73
20260603_230156,4340.707,1,Right,45381,99.748794,82.062978,99.748794,0.000000,0.005442,0.019067,0.015617,1406,0.000000,0.000000,0.754644,0.950000,0.025944,-0.754644,0.509938,0.037751,0.714119,0.000000,0.950000,0.714119,212.088837,46.345203,61.301190,0.147719,0,445.73
20260603_230156,4345.712,1,Left,45782,83.141846,85.780438,83.141846,0.781967,0.007148,0.009294,0.009396,2139,0.000000,0.000000,0.880579,0.950000,0.023614,-0.829153,0.880579,0.031435,0.670662,0.000000,0.950000,0.670662,248.236148,2.890609,118.876920,0.221534,64,261.25
20260603_230156,4345.712,1,Right,45433,99.749081,82.083508,99.749081,0.000000,0.005438,0.019060,0.015607,1407,0.000000,0.000000,0.754644,0.950000,0.025929,-0.754644,0.509938,0.037722,0.714120,0.000000,0.950000,0.714120,212.076602,46.345203,61.288120,0.147679,0,261.25
20260603_230156,4350.716,1,Left,45831,83.159870,85.795641,83.159870,0.781131,0.007146,0.009288,0.009390,2142,0.000000,0.000000,0.880579,0.950000,0.023619,-0.829153,0.880579,0.031432,0.670793,0.000000,0.950000,0.670793,248.201463,2.890609,118.841144,0.221503,64,259.26
20260603_230156,4350.716,1,Right,45482,99.749351,82.102810,99.749351,0.000000,0.005436,0.019057,0.015601,1408,0.000000,0.000000,0.754644,0.950000,0.025941,-0.754644,0.509938,0.037721,0.714147,0.000000,0.950000,0.714147,212.087807,46.345203,61.298541,0.147690,0,259.26
20260603_230156,4355.725,1,Left,45885,83.179688,85.812357,83.179688,0.780211,0.007145,0.009282,0.009384,2146,0.000000,0.000000,0.880579,0.950000,0.023631,-0.829153,0.880579,0.031435,0.670946,0.000000,0.950000,0.670946,248.165200,2.890609,118.803681,0.221474,64,452.02
20260603_230156,4355.725,1,Right,45536,99.749649,82.124034,99.749649,0.000000,0.005433,0.019089,0.015594,1410,0.000000,0.000000,0.754644,0.950000,0.025940,-0.754644,0.509938,0.037706,0.714125,0.000000,0.950000,0.714125,212.065951,46.345203,61.275822,0.147650,0,452.02
20260603_230156,4360.736,1,Left,45940,83.199826,85.829343,83.199826,0.779277,0.007140,0.009276,0.009379,2149,0.000000,0.000000,0.880579,0.950000,0.023624,-0.829153,0.880579,0.031419,0.671096,0.000000,0.950000,0.671096,248.128994,2.890609,118.766256,0.221438,64,262.90
20260603_230156,4360.736,1,Right,45591,99.749951,82.145599,99.749951,0.000000,0.005429,0.019070,0.015586,1411,0.000000,0.000000,0.754644,0.950000,0.025930,-0.754644,0.509938,0.037682,0.714163,0.000000,0.950000,0.714163,212.049395,46.345203,61.258389,0.147609,0,262.90
20260603_230156,4365.741,1,Left,45991,83.218456,85.845057,83.218456,0.778413,0.007139,0.009272,0.009374,2152,0.000000,0.000000,0.880579,0.950000,0.023636,-0.829153,0.880579,0.031422,0.671244,0.000000,0.950000,0.671244,248.092147,2.890609,118.728282,0.221407,64,251.70
20260603_230156,4365.741,1,Right,45642,99.750230,82.165549,99.750230,0.000000,0.005429,0.019083,0.015585,1412,0.000000,0.000000,0.754644,0.950000,0.025953,-0.754644,0.509938,0.037692,0.714108,0.000000,0.950000,0.714108,212.037173,46.345203,61.245355,0.147589,0,251.70
20260603_230156,4370.742,1,Left,46044,83.237773,85.861350,83.237773,0.777517,0.007135,0.009269,0.009370,2154,0.000000,0.000000,0.880579,0.950000,0.023633,-0.829153,0.880579,0.031411,0.671390,0.000000,0.950000,0.671390,248.045215,2.890609,118.680183,0.221358,64,456.40
20260603_230156,4370.742,1,Right,45694,99.750514,82.185845,99.750514,0.000000,0.005439,0.019102,0.015613,1414,0.000000,0.000000,0.754644,0.950000,0.025932,-0.754644,0.509938,0.037697,0.714103,0.000000,0.950000,0.714103,212.057481,46.345203,61.274203,0.147643,0,456.40
20260603_230156,4375.748,1,Left,46100,83.258134,85.878525,83.258134,0.776573,0.007130,0.009260,0.009364,2157,0.000000,0.000000,0.880579,0.950000,0.023625,-0.829153,0.880579,0.031393,0.671525,0.000000,0.950000,0.671525,247.988995,2.890609,118.622732,0.221298,64,249.66
20260603_230156,4375.748,1,Right,45749,99.750814,82.207261,99.750814,0.000000,0.005435,0.019085,0.015606,1415,0.000000,0.000000,0.754644,0.950000,0.025920,-0.754644,0.509938,0.037671,0.714167,0.000000,0.950000,0.714167,212.063683,46.345203,61.279523,0.147633,0,249.66
20260603_230156,4380.753,1,Left,46153,83.277360,85.894741,83.277360,0.775681,0.007130,0.009254,0.009359,2160,0.000000,0.000000,0.880579,0.950000,0.023636,-0.829153,0.880579,0.031394,0.671660,0.000000,0.950000,0.671660,247.939678,2.890609,118.572254,0.221252,64,458.59
20260603_230156,4380.753,1,Right,45801,99.751097,82.227462,99.751097,0.000000,0.005433,0.019120,0.015600,1416,0.000000,0.000000,0.754644,0.950000,0.025941,-0.754644,0.509938,0.037679,0.714133,0.000000,0.950000,0.714133,212.067827,46.345203,61.282834,0.147633,0,458.59
20260603_230156,4385.757,1,Left,46206,83.296542,85.910921,83.296542,0.774791,0.007127,0.009247,0.009354,2163,0.000000,0.000000,0.880579,0.950000,0.023637,-0.829153,0.880579,0.031386,0.671795,0.000000,0.950000,0.671795,247.894189,2.890609,118.525607,0.221209,64,278.78
20260603_230156,4385.757,1,Right,45853,99.751379,82.247617,99.751379,0.000000,0.005427,0.019127,0.015589,1417,0.000000,0.000000,0.754644,0.950000,0.025912,-0.754644,0.509938,0.037636,0.714155,0.000000,0.950000,0.714155,212.062901,46.345203,61.277079,0.147612,0,278.78
20260603_230156,4390.767,1,Left,46253,83.313515,85.925237,83.313515,0.774004,0.007125,0.009243,0.009349,2166,0.000000,0.000000,0.880579,0.950000,0.023641,-0.829153,0.880579,0.031383,0.671926,0.000000,0.950000,0.671926,247.854715,2.890609,118.485109,0.221173,64,229.44
20260603_230156,4390.767,1,Right,45900,99.751634,82.265795,99.751634,0.000000,0.005427,0.019135,0.015589,1418,0.000000,0.000000,0.754644,0.950000,0.025938,-0.754644,0.509938,0.037651,0.714131,0.000000,0.950000,0.714131,212.030838,46.345203,61.244267,0.147567,0,229.44
20260603_230156,4395.779,1,Left,46305,83.332254,85.941043,83.332254,0.773135,0.007127,0.009259,0.009344,2172,0.000000,0.000000,0.880579,0.950000,0.023645,-0.829153,0.880579,0.031378,0.672023,0.000000,0.950000,0.672023,247.794194,2.890609,118.423458,0.221109,64,452.26
20260603_230156,4395.779,1,Right,45952,99.751915,82.285864,99.751915,0.000000,0.005423,0.019117,0.015578,1420,0.000000,0.000000,0.754644,0.950000,0.025936,-0.754644,0.509938,0.037635,0.714179,0.000000,0.950000,0.714179,212.024172,46.345203,61.236775,0.147548,0,452.26
20260603_230156,4400.782,1,Left,46353,83.349514,85.955602,83.349514,0.772334,0.007123,0.009255,0.009341,2175,0.000000,0.000000,0.880579,0.950000,0.023642,-0.829153,0.880579,0.031367,0.672161,0.000000,0.950000,0.672161,247.767397,2.890609,118.395620,0.221083,64,248.05
20260603_230156,4400.782,1,Right,46000,99.752174,82.304348,99.752174,0.000000,0.005422,0.019126,0.015568,1423,0.000000,0.000000,0.754644,0.950000,0.025929,-0.754644,0.509938,0.037615,0.714177,0.000000,0.950000,0.714177,212.013006,46.345203,61.224847,0.147524,0,248.05
20260603_230156,4405.795,1,Left,46404,83.367813,85.971037,83.367813,0.771485,0.007123,0.009250,0.009336,2178,0.000000,0.000000,0.880579,0.950000,0.023651,-0.829153,0.880579,0.031368,0.672290,0.000000,0.950000,0.672290,247.719113,2.890609,118.346233,0.221037,64,242.94
20260603_230156,4405.795,1,Right,46051,99.752448,82.323945,99.752448,0.000000,0.005420,0.019159,0.015557,1424,0.000000,0.000000,0.754644,0.950000,0.025936,-0.754644,0.509938,0.037610,0.714141,0.000000,0.950000,0.714141,211.990877,46.345203,61.201912,0.147491,0,242.94
20260603_230156,4410.801,1,Left,46455,83.386073,85.986438,83.386073,0.770638,0.007119,0.009243,0.009332,2181,0.000000,0.000000,0.880579,0.950000,0.023645,-0.829153,0.880579,0.031354,0.672401,0.000000,0.950000,0.672401,247.655503,2.890609,118.281524,0.220967,64,249.38
20260603_230156,4410.801,1,Right,46102,99.752722,82.343499,99.752722,0.000000,0.005417,0.019142,0.015545,1427,0.000000,0.000000,0.754644,0.950000,0.025926,-0.754644,0.509938,0.037587,0.714187,0.000000,0.950000,0.714187,211.986302,46.345203,61.196531,0.147479,0,249.38
20260603_230156,4415.802,1,Left,46505,83.403935,86.001505,83.403935,0.769810,0.007116,0.009239,0.009327,2183,0.000000,0.000000,0.880579,0.950000,0.023649,-0.829153,0.880579,0.031349,0.672530,0.000000,0.950000,0.672530,247.612721,2.890609,118.237666,0.220928,64,260.89
20260603_230156,4415.802,1,Right,46151,99.752985,82.362246,99.752985,0.000000,0.005416,0.019150,0.015537,1429,0.000000,0.000000,0.754644,0.950000,0.025929,-0.754644,0.509938,0.037578,0.714193,0.000000,0.950000,0.714193,211.957870,46.345203,61.167327,0.147425,0,260.89
20260603_230156,4420.804,1,Left,46553,83.421047,86.015939,83.421047,0.769016,0.007114,0.009235,0.009324,2186,0.000000,0.000000,0.880579,0.950000,0.023658,-0.829153,0.880579,0.031350,0.672679,0.000000,0.950000,0.672679,247.596032,2.890609,118.219947,0.220915,64,210.10
20260603_230156,4420.804,1,Right,46199,99.753241,82.380571,99.753241,0.000000,0.005415,0.019160,0.015533,1430,0.000000,0.000000,0.754644,0.950000,0.025944,-0.754644,0.509938,0.037581,0.714156,0.000000,0.950000,0.714156,211.965838,46.345203,61.174540,0.147425,0,210.10
20260603_230156,4425.810,1,Left,46602,83.438479,86.030642,83.438479,0.768207,0.007111,0.009229,0.009319,2189,0.000000,0.000000,0.880579,0.950000,0.023653,-0.829153,0.880579,0.031337,0.672818,0.000000,0.950000,0.672818,247.571965,2.890609,118.194831,0.220891,64,249.79
20260603_230156,4425.810,1,Right,46248,99.753503,82.399239,99.753503,0.000000,0.005409,0.019142,0.015522,1431,0.000000,0.000000,0.754644,0.950000,0.025917,-0.754644,0.509938,0.037541,0.714208,0.000000,0.950000,0.714208,211.969335,46.345203,61.177268,0.147417,0,249.79
20260603_230156,4430.821,1,Left,46655,83.457293,86.046512,83.457293,0.767335,0.007108,0.009225,0.009314,2193,0.000000,0.000000,0.880579,0.950000,0.023663,-0.829153,0.880579,0.031338,0.672970,0.000000,0.950000,0.672970,247.539063,2.890609,118.160797,0.220864,64,446.11
20260603_230156,4430.821,1,Right,46301,99.753785,82.419386,99.753785,0.000000,0.005410,0.019150,0.015529,1432,0.000000,0.000000,0.754644,0.950000,0.025951,-0.754644,0.509938,0.037562,0.714115,0.000000,0.950000,0.714115,211.964146,46.345203,61.171249,0.147417,0,446.11
20260603_230156,4435.827,1,Left,46711,83.477125,86.063240,83.477125,0.766415,0.007105,0.009217,0.009308,2195,0.000000,0.000000,0.880579,0.950000,0.023663,-0.829153,0.880579,0.031329,0.673124,0.000000,0.950000,0.673124,247.508689,2.890609,118.129232,0.220835,64,457.89
20260603_230156,4435.827,1,Right,46355,99.754072,82.439866,99.754072,0.000000,0.005407,0.019143,0.015522,1433,0.000000,0.000000,0.754644,0.950000,0.025907,-0.754644,0.509938,0.037532,0.714153,0.000000,0.950000,0.714153,211.975329,46.345203,61.181589,0.147417,0,457.89
20260603_230156,4440.829,1,Left,46764,83.495852,86.079035,83.495852,0.765546,0.007103,0.009211,0.009303,2199,0.000000,0.000000,0.880579,0.950000,0.023663,-0.829153,0.880579,0.031320,0.673259,0.000000,0.950000,0.673259,247.464520,2.890609,118.083938,0.220791,64,273.71
20260603_230156,4440.829,1,Right,46408,99.754353,82.459921,99.754353,0.000000,0.005406,0.019141,0.015521,1434,0.000000,0.000000,0.754644,0.950000,0.025932,-0.754644,0.509938,0.037544,0.714153,0.000000,0.950000,0.714153,211.995113,46.345203,61.200547,0.147443,0,273.71
20260603_230156,4445.838,1,Left,46815,83.513831,86.094201,83.513831,0.764712,0.007100,0.009205,0.009298,2201,0.000000,0.000000,0.880579,0.950000,0.023661,-0.829153,0.880579,0.031310,0.673380,0.000000,0.950000,0.673380,247.416499,2.890609,118.034837,0.220740,64,452.90
20260603_230156,4445.838,1,Right,46459,99.754622,82.479175,99.754622,0.000000,0.005402,0.019148,0.015512,1435,0.000000,0.000000,0.754644,0.950000,0.025916,-0.754644,0.509938,0.037515,0.714180,0.000000,0.950000,0.714180,211.985176,46.345203,61.189817,0.147412,0,452.90
20260603_230156,4450.845,1,Left,46867,83.532123,86.109629,83.532123,0.763864,0.007098,0.009200,0.009294,2204,0.000000,0.000000,0.880579,0.950000,0.023669,-0.829153,0.880579,0.031310,0.673507,0.000000,0.950000,0.673507,247.371774,2.890609,117.989014,0.220698,64,263.43
20260603_230156,4450.845,1,Right,46510,99.754891,82.498387,99.754891,0.000000,0.005399,0.019159,0.015507,1436,0.000000,0.000000,0.754644,0.950000,0.025933,-0.754644,0.509938,0.037519,0.714162,0.000000,0.950000,0.714162,212.004163,46.345203,61.208013,0.147434,0,263.43
20260603_230156,4455.856,1,Left,46919,83.550374,86.125024,83.550374,0.763017,0.007095,0.009196,0.009288,2207,0.000000,0.000000,0.880579,0.950000,0.023663,-0.829153,0.880579,0.031295,0.673645,0.000000,0.950000,0.673645,247.336281,2.890609,117.952426,0.220664,64,277.44
20260603_230156,4455.856,1,Right,46562,99.755165,82.517933,99.755165,0.000000,0.005395,0.019153,0.015498,1437,0.000000,0.000000,0.754644,0.950000,0.025905,-0.754644,0.509938,0.037479,0.714131,0.000000,0.950000,0.714131,211.996103,46.345203,61.199148,0.147407,0,277.44
20260603_230156,4460.866,1,Left,46973,83.569284,86.140975,83.569284,0.762140,0.007091,0.009189,0.009285,2209,0.000000,0.000000,0.880579,0.950000,0.023673,-0.829153,0.880579,0.031296,0.673777,0.000000,0.950000,0.673777,247.291844,2.890609,117.906854,0.220618,64,253.22
20260603_230156,4460.866,1,Right,46616,99.755449,82.538184,99.755449,0.000000,0.005393,0.019146,0.015500,1438,0.000000,0.000000,0.754644,0.950000,0.025929,-0.754644,0.509938,0.037489,0.714179,0.000000,0.950000,0.714179,212.003824,46.345203,61.206035,0.147425,0,253.22
20260603_230156,4465.867,1,Left,47027,83.588151,86.156889,83.588151,0.761265,0.007088,0.009182,0.009278,2213,0.000000,0.000000,0.880579,0.950000,0.023673,-0.829153,0.880579,0.031288,0.673923,0.000000,0.950000,0.673923,247.257918,2.890609,117.871797,0.220589,64,405.36
20260603_230156,4465.867,1,Right,46671,99.755737,82.558762,99.755737,0.000000,0.005391,0.019151,0.015493,1439,0.000000,0.000000,0.754644,0.950000,0.025905,-0.754644,0.509938,0.037456,0.714187,0.000000,0.950000,0.714187,211.982849,46.345203,61.184213,0.147385,0,405.36
20260603_230156,4470.875,1,Left,47083,83.607672,86.173353,83.607672,0.760359,0.007086,0.009176,0.009272,2217,0.000000,0.000000,0.880579,0.950000,0.023682,-0.829153,0.880579,0.031287,0.674069,0.000000,0.950000,0.674069,247.217103,2.890609,117.829813,0.220552,64,240.71
20260603_230156,4470.875,1,Right,46725,99.756019,82.578919,99.756019,0.000000,0.005388,0.019184,0.015488,1440,0.000000,0.000000,0.754644,0.950000,0.025931,-0.754644,0.509938,0.037468,0.714180,0.000000,0.950000,0.714180,211.981572,46.345203,61.182105,0.147388,0,240.71
20260603_230156,4475.879,1,Left,47133,83.625061,86.188021,83.625061,0.759553,0.007084,0.009171,0.009268,2219,0.000000,0.000000,0.880579,0.950000,0.023685,-0.829153,0.880579,0.031282,0.674199,0.000000,0.950000,0.674199,247.184277,2.890609,117.795945,0.220523,64,260.84
20260603_230156,4475.879,1,Right,46775,99.756280,82.597541,99.756280,0.000000,0.005383,0.019167,0.015478,1441,0.000000,0.000000,0.754644,0.950000,0.025903,-0.754644,0.509938,0.037428,0.714216,0.000000,0.950000,0.714216,211.971597,46.345203,61.171364,0.147362,0,260.84
20260603_230156,4480.885,1,Left,47191,83.645187,86.204997,83.645187,0.758619,0.007109,0.009199,0.009341,2223,0.000000,0.000000,0.880579,0.950000,0.023642,-0.829153,0.880579,0.031372,0.674286,0.000000,0.950000,0.674286,247.142287,2.890609,117.763139,0.220547,64,443.94
20260603_230156,4480.885,1,Right,46832,99.756577,82.618722,99.756577,0.000000,0.005383,0.019227,0.015477,1443,0.000000,0.000000,0.754644,0.950000,0.025930,-0.754644,0.509938,0.037441,0.714131,0.000000,0.950000,0.714131,211.932695,46.345203,61.131589,0.147307,0,443.94
20260603_230156,4485.894,1,Left,47244,83.663534,86.220472,83.663534,0.757768,0.007109,0.009192,0.009352,2225,0.000000,0.000000,0.880579,0.950000,0.023674,-0.829153,0.880579,0.031396,0.674524,0.000000,0.950000,0.674524,247.222653,2.890609,117.842392,0.220614,64,250.00
20260603_230156,4485.894,1,Right,46884,99.756847,82.638000,99.756847,0.000000,0.005379,0.019210,0.015465,1443,0.000000,0.000000,0.754644,0.950000,0.025919,-0.754644,0.509938,0.037416,0.714185,0.000000,0.950000,0.714185,211.938481,46.345203,61.136581,0.147299,0,250.00
20260603_230156,4490.899,1,Left,47300,83.682875,86.236786,83.682875,0.756871,0.007105,0.009185,0.009347,2228,0.000000,0.000000,0.880579,0.950000,0.023693,-0.829153,0.880579,0.031405,0.674773,0.000000,0.950000,0.674773,247.277511,2.890609,117.896079,0.220662,64,461.01
20260603_230156,4490.899,1,Right,46939,99.757132,82.658344,99.757132,0.000000,0.005379,0.019240,0.015459,1446,0.000000,0.000000,0.754644,0.950000,0.025927,-0.754644,0.509938,0.037411,0.714146,0.000000,0.950000,0.714146,211.918486,46.345203,61.115749,0.147264,0,461.01
20260603_230156,4495.900,1,Left,47352,83.700794,86.251901,83.700794,0.756040,0.007102,0.009182,0.009342,2231,0.000000,0.000000,0.880579,0.950000,0.023687,-0.829153,0.880579,0.031391,0.674948,0.000000,0.950000,0.674948,247.275400,2.890609,117.892883,0.220658,64,250.33
20260603_230156,4495.900,1,Right,46991,99.757400,82.677534,99.757400,0.000000,0.005375,0.019221,0.015449,1447,0.000000,0.000000,0.754644,0.950000,0.025904,-0.754644,0.509938,0.037376,0.714181,0.000000,0.950000,0.714181,211.902177,46.345203,61.098650,0.147215,0,250.33
20260603_230156,4500.910,1,Left,47406,83.719360,86.267561,83.719360,0.755179,0.007100,0.009176,0.009337,2233,0.000000,0.000000,0.880579,0.950000,0.023688,-0.829153,0.880579,0.031383,0.675073,0.000000,0.950000,0.675073,247.224275,2.890609,117.840634,0.220606,64,256.74
20260603_230156,4500.910,1,Right,47043,99.757669,82.696682,99.757669,0.000000,0.005372,0.019255,0.015445,1448,0.000000,0.000000,0.754644,0.950000,0.025924,-0.754644,0.509938,0.037383,0.714158,0.000000,0.950000,0.714158,211.904967,46.345203,61.100651,0.147219,0,256.74
20260603_230156,4505.921,1,Left,47455,83.736171,86.281741,83.736171,0.754399,0.007098,0.009170,0.009332,2237,0.000000,0.000000,0.880579,0.950000,0.023690,-0.829153,0.880579,0.031377,0.675192,0.000000,0.950000,0.675192,247.179676,2.890609,117.795019,0.220563,64,453.73
20260603_230156,4505.921,1,Right,47092,99.757921,82.714686,99.757921,0.000000,0.005367,0.019250,0.015437,1449,0.000000,0.000000,0.754644,0.950000,0.025898,-0.754644,0.509938,0.037345,0.714112,0.000000,0.950000,0.714112,211.886121,46.345203,61.081064,0.147180,0,453.73
20260603_230156,4510.928,1,Left,47508,83.754315,86.297045,83.754315,0.753557,0.007096,0.009163,0.009328,2239,0.000000,0.000000,0.880579,0.950000,0.023691,-0.829153,0.880579,0.031370,0.675315,0.000000,0.950000,0.675315,247.133174,2.890609,117.747420,0.220516,64,457.89
20260603_230156,4510.928,1,Right,47144,99.758188,82.733752,99.758188,0.000000,0.005368,0.019245,0.015441,1450,0.000000,0.000000,0.754644,0.950000,0.025924,-0.754644,0.509938,0.037362,0.714150,0.000000,0.950000,0.714150,211.903030,46.345203,61.097187,0.147213,0,457.89
20260603_230156,4515.939,1,Left,47558,83.771395,86.311451,83.771395,0.752765,0.007094,0.009159,0.009324,2242,0.000000,0.000000,0.880579,0.950000,0.023692,-0.829153,0.880579,0.031362,0.675446,0.000000,0.950000,0.675446,247.089826,2.890609,117.703040,0.220471,64,251.70
20260603_230156,4515.939,1,Right,47194,99.758444,82.752045,99.758444,0.000000,0.005396,0.019262,0.015513,1452,0.000000,0.000000,0.754644,0.950000,0.025945,-0.754644,0.509938,0.037461,0.714134,0.000000,0.950000,0.714134,211.911840,46.345203,61.116192,0.147309,0,251.70
20260603_230156,4520.945,1,Left,47608,83.788439,86.325828,83.788439,0.751974,0.007092,0.009152,0.009320,2245,0.000000,0.000000,0.880579,0.950000,0.023690,-0.829153,0.880579,0.031353,0.675563,0.000000,0.950000,0.675563,247.044510,2.890609,117.656693,0.220424,64,248.86
20260603_230156,4520.945,1,Right,47244,99.758700,82.770299,99.758700,0.000000,0.005397,0.019245,0.015517,1453,0.000000,0.000000,0.754644,0.950000,0.025898,-0.754644,0.509938,0.037468,0.714198,0.000000,0.950000,0.714198,211.928017,46.345203,61.131606,0.147334,0,248.86
20260603_230156,4525.946,1,Left,47660,83.806127,86.340747,83.806127,0.751154,0.007090,0.009151,0.009316,2249,0.000000,0.000000,0.880579,0.950000,0.023699,-0.829153,0.880579,0.031353,0.675701,0.000000,0.950000,0.675701,247.000602,2.890609,117.611717,0.220382,64,445.02
20260603_230156,4525.946,1,Right,47295,99.758960,82.788878,99.758960,0.000000,0.005405,0.019285,0.015536,1455,0.000000,0.000000,0.754644,0.950000,0.025914,-0.754644,0.509938,0.037505,0.714082,0.000000,0.950000,0.714082,211.926768,46.345203,61.134685,0.147355,0,445.02
20260603_230156,4530.960,1,Left,47708,83.822420,86.354490,83.822420,0.750398,0.007088,0.009144,0.009313,2251,0.000000,0.000000,0.880579,0.950000,0.023700,-0.829153,0.880579,0.031346,0.675801,0.000000,0.950000,0.675801,246.943875,2.890609,117.554006,0.220322,64,254.80
20260603_230156,4530.960,1,Right,47343,99.759204,82.806328,99.759204,0.000000,0.005403,0.019273,0.015538,1457,0.000000,0.000000,0.754644,0.950000,0.025914,-0.754644,0.509938,0.037494,0.714179,0.000000,0.950000,0.714179,211.960233,46.345203,61.167416,0.147388,0,254.80
20260603_230156,4535.965,1,Left,47757,83.839018,86.368490,83.839018,0.749628,0.007086,0.009138,0.009309,2254,0.000000,0.000000,0.880579,0.950000,0.023699,-0.829153,0.880579,0.031338,0.675905,0.000000,0.950000,0.675905,246.887178,2.890609,117.496307,0.220261,64,443.37
20260603_230156,4535.965,1,Right,47392,99.759453,82.824105,99.759453,0.000000,0.005402,0.019283,0.015533,1458,0.000000,0.000000,0.754644,0.950000,0.025934,-0.754644,0.509938,0.037502,0.714145,0.000000,0.950000,0.714145,211.957452,46.345203,61.163886,0.147380,0,443.37
