run_id,elapsed_s,kalman_enabled,side,samples,leader_det_rate_pct,follower_det_rate_pct,det_rate_pct,stale_rate_pct,dsteer_mean_abs,dthr_mean_abs,pred_mae,pred_flips,steer_saturated_pct,throttle_saturated_pct,steer_max,throttle_max,steer_cmd_mean,steer_cmd_min,steer_cmd_max,steer_cmd_mean_abs,throttle_cmd_mean,throttle_cmd_min,throttle_cmd_max,throttle_cmd_mean_abs,speed_mps,leader_speed_mps,x_m,z_m,leader_x_m,leader_z_m,formation_size_mean_side_m,formation_size_mean_leader_to_followers_m,pos_error_m,mean_distance,min_distance,distance_error_mean,mean_formation_error,near_miss_count,formation_iou,formation_area_err,centroid_offset_m,per_boat_rms_m,fps
20260803_232747,5.013,1,Left,49,100.000000,100.000000,100.000000,2.040816,0.012063,0.044206,0.016332,10,0.000000,0.000000,0.114769,0.935394,-0.005468,-0.106991,0.114769,0.060180,0.677120,0.240054,0.935394,0.677120,13.164407,13.703912,14.696057,-195.551224,-0.054381,-226.885422,32.704293,34.126291,6.497046,174.147511,76.059200,94.107483,0.206784,0,0.638308,68.187245,3.358200,4.294074,364.15
20260803_232747,5.013,1,Right,49,100.000000,100.000000,100.000000,12.244898,0.009730,0.067752,0.019143,6,0.000000,0.000000,0.124096,0.910844,-0.010851,-0.124096,0.087649,0.058123,0.628526,0.245116,0.910844,0.628526,13.371827,13.708654,-15.136497,-196.838089,-0.054381,-226.885422,32.704293,34.126291,3.620166,164.888848,75.930810,94.505965,0.227128,0,0.638308,68.187245,3.358200,4.294074,364.15
20260803_232747,10.016,1,Left,100,100.000000,100.000000,100.000000,5.000000,0.009693,0.032601,0.012054,12,0.000000,0.000000,0.114769,0.936450,0.021222,-0.106991,0.114769,0.060894,0.765936,0.240054,0.936450,0.765936,16.411444,15.533686,13.553509,-291.584503,-16.374836,-314.428711,35.990949,34.376550,8.225457,188.303730,76.059200,107.955084,0.242663,0,0.713877,156.196778,2.158561,4.921569,221.74
20260803_232747,10.016,1,Right,100,100.000000,90.000000,100.000000,18.000000,0.008523,0.060730,0.011740,7,0.000000,0.000000,0.124096,0.910844,0.014866,-0.124096,0.104972,0.049568,0.703019,0.245116,0.910844,0.703019,15.823541,15.536012,-25.031139,-284.555023,-16.374836,-314.428711,35.990949,34.376550,2.237720,165.199704,75.930810,94.816822,0.247358,0,0.713877,156.196778,2.158561,4.921569,221.74
20260803_232747,15.027,1,Left,153,97.385621,100.000000,97.385621,9.803922,0.008044,0.042126,0.010491,13,0.000000,0.000000,0.114769,0.936450,0.015718,-0.106991,0.114769,0.048739,0.755575,0.012769,0.936450,0.755575,16.717604,16.142793,-14.706543,-372.943054,-54.830959,-397.118378,38.479246,37.658061,16.971905,194.121584,76.059200,113.675426,0.247831,0,0.610090,178.650281,5.130150,9.850133,306.13
20260803_232747,15.027,1,Right,152,99.342105,93.421053,99.342105,21.052632,0.006750,0.062940,0.009267,13,0.000000,0.000000,0.124096,0.910844,0.018311,-0.124096,0.104972,0.041141,0.710223,0.202120,0.910844,0.710223,16.472910,16.136764,-54.597580,-368.647797,-54.830959,-397.118378,38.479246,37.658061,1.740632,162.789265,75.930810,92.406382,0.246193,0,0.610090,178.650281,5.130150,9.850133,306.13
20260803_232747,20.033,1,Left,203,92.118227,96.059113,92.118227,12.315271,0.007876,0.046935,0.010632,16,0.000000,0.000000,0.114769,0.936450,0.015647,-0.106991,0.114769,0.046863,0.706518,0.000009,0.936450,0.706518,16.015115,16.426122,-48.238930,-433.219086,-112.043518,-466.748932,58.233838,66.722277,43.609545,205.293650,76.059200,124.807053,0.259011,0,0.147115,874.345008,25.132239,31.375018,235.42
20260803_232747,20.033,1,Right,201,92.537313,87.562189,92.537313,20.895522,0.006712,0.060939,0.008837,17,0.000000,0.000000,0.124096,0.920368,0.024545,-0.124096,0.122560,0.041810,0.646727,0.000001,0.920368,0.646727,15.079230,16.418706,-83.785103,-412.276154,-112.043518,-466.748932,58.233838,66.722277,32.425033,166.531243,75.930810,96.148360,0.252688,0,0.147115,874.345008,25.132239,31.375018,235.42
20260803_232747,25.034,1,Left,252,93.253968,96.428571,93.253968,17.857143,0.009148,0.053596,0.012490,19,0.000000,0.000000,0.340708,0.936450,0.019672,-0.106991,0.340708,0.047978,0.705164,0.000009,0.936450,0.705164,16.024384,16.602394,-90.512459,-500.019012,-184.127075,-519.637695,77.774423,75.841678,66.681051,249.761493,76.059200,169.242508,0.279699,0,0.127033,1891.744441,27.341480,41.572046,267.99
20260803_232747,25.034,1,Right,249,93.975904,89.959839,93.975904,17.670683,0.006483,0.053731,0.008314,20,0.000000,0.000000,0.124096,0.940960,0.018078,-0.124096,0.122560,0.040237,0.692499,0.000001,0.940960,0.692499,16.013840,16.595081,-165.140533,-466.917267,-184.127075,-519.637695,77.774423,75.841678,27.172459,204.678063,75.930810,134.295180,0.272268,0,0.127033,1891.744441,27.341480,41.572046,267.99
20260803_232747,30.039,1,Left,297,94.276094,88.888889,94.276094,18.518519,0.011364,0.053161,0.015569,27,0.000000,0.000000,0.391658,0.938755,0.021045,-0.120005,0.391658,0.059875,0.722674,0.000009,0.938755,0.722674,16.476215,16.705782,-177.234695,-517.926514,-266.672943,-553.039673,69.121775,82.475967,69.620995,281.706681,76.059200,201.167418,0.301271,0,0.099756,906.645595,37.566468,52.896311,221.15
20260803_232747,30.039,1,Right,294,90.816327,83.673469,90.816327,18.707483,0.006394,0.057841,0.008214,21,0.000000,0.000000,0.124096,0.940960,0.021849,-0.124096,0.122560,0.040616,0.669195,0.000001,0.940960,0.669195,15.614107,16.700643,-217.555038,-504.767273,-267.020844,-553.132202,69.121775,82.475967,59.556496,222.376998,75.930810,151.994115,0.284467,0,0.099756,906.645595,37.566468,52.896311,221.15
20260803_232747,35.043,1,Left,344,95.058140,86.627907,95.058140,17.151163,0.013264,0.050651,0.019493,34,0.000000,0.000000,0.391658,0.949617,0.013320,-0.341988,0.391658,0.072368,0.731839,0.000009,0.949617,0.731839,16.757971,16.784757,-252.074112,-564.831726,-356.332123,-565.173645,77.955935,81.224439,79.541158,286.371573,76.059200,205.817090,0.311076,0,0.090545,1600.995329,34.450055,48.923156,195.06
20260803_232747,35.043,1,Right,340,92.058824,85.000000,92.058824,16.764706,0.006112,0.053925,0.007901,24,0.000000,0.000000,0.124096,0.941487,0.020134,-0.124096,0.122560,0.037800,0.694575,0.000001,0.941487,0.694575,16.146991,16.779552,-312.550903,-526.841980,-356.332123,-565.173645,77.955935,81.224439,29.216943,240.042063,75.930810,169.659180,0.290758,0,0.090545,1600.995329,34.450055,48.923156,195.06
20260803_232747,40.047,1,Left,392,95.663265,84.693878,95.663265,18.367347,0.014276,0.055407,0.020311,43,0.000000,0.000000,0.391658,0.949617,0.013083,-0.341988,0.391658,0.074234,0.727743,0.000009,0.949617,0.727743,16.628072,16.846837,-323.976959,-588.410706,-445.835663,-554.656128,87.976147,81.764781,101.020022,292.425164,76.059200,211.859073,0.312110,0,0.123551,1086.927080,35.193197,58.518158,342.62
20260803_232747,40.047,1,Right,387,93.023256,86.821705,93.023256,14.728682,0.005483,0.047645,0.006957,24,0.000000,0.000000,0.124096,0.941487,0.021482,-0.124096,0.122560,0.037003,0.718693,0.000001,0.941487,0.718693,16.622943,16.841769,-411.843323,-539.836670,-445.835663,-554.656128,87.976147,81.764781,8.251045,242.221157,75.930810,171.838274,0.293704,0,0.123551,1086.927080,35.193197,58.518158,342.62
20260803_232747,45.051,1,Left,440,93.181818,83.181818,93.181818,22.045455,0.014798,0.059182,0.020055,45,0.000000,0.000000,0.391658,0.949617,0.017696,-0.341988,0.391658,0.072176,0.696228,0.000009,0.949617,0.696228,16.147981,16.895393,-380.445862,-605.363159,-529.288330,-522.579224,115.801389,101.236869,144.780118,304.961551,76.059200,224.388711,0.316911,0,0.115947,1158.147369,48.635819,83.604589,353.38
20260803_232747,45.051,1,Right,434,93.317972,87.096774,93.317972,14.976959,0.005432,0.046629,0.006714,27,0.000000,0.000000,0.124096,0.941487,0.023713,-0.124096,0.122560,0.037554,0.721856,0.000001,0.941487,0.721856,16.782266,16.890534,-497.269073,-519.589233,-529.288330,-522.579224,115.801389,101.236869,2.810531,236.491028,75.930810,166.108145,0.293263,0,0.115947,1158.147369,48.635819,83.604589,353.38
20260803_232747,50.057,1,Left,487,90.965092,82.751540,90.965092,24.229979,0.014610,0.061424,0.020524,49,0.000000,0.000000,0.391658,0.949617,0.014094,-0.341988,0.391658,0.069318,0.670560,0.000009,0.949617,0.670560,15.550811,16.933826,-427.975861,-599.226318,-602.793701,-470.440491,145.597248,122.151113,190.129303,307.216758,76.059200,226.638530,0.317850,0,0.108728,778.846980,63.694276,110.987988,345.21
20260803_232747,50.057,1,Right,480,93.958333,88.333333,93.958333,14.375000,0.005147,0.044717,0.006448,33,0.000000,0.000000,0.124096,0.941487,0.023582,-0.124096,0.122560,0.036801,0.724790,0.000001,0.941487,0.724790,16.899411,16.929181,-576.325745,-476.570190,-602.793701,-470.440491,145.597248,122.151113,28.387479,225.720614,75.930810,155.337731,0.284752,0,0.108728,778.846980,63.694276,110.987988,345.21
20260803_232747,55.070,1,Left,535,90.280374,79.626168,90.280374,25.981308,0.014307,0.064783,0.019548,50,0.000000,0.000000,0.391658,0.949617,0.016117,-0.341988,0.391658,0.066387,0.661157,0.000009,0.949617,0.661157,15.294536,16.966896,-490.474426,-595.874695,-660.455872,-402.583344,172.243887,141.596447,229.881354,319.925348,76.059200,239.341577,0.321338,0,0.095243,810.070107,76.856746,133.685935,348.94
20260803_232747,55.070,1,Right,526,94.486692,89.353612,94.486692,13.117871,0.004942,0.042066,0.006401,35,0.000000,0.000000,0.124096,0.941487,0.024011,-0.124096,0.122560,0.036074,0.726113,0.000001,0.941487,0.726113,16.971543,16.961862,-637.574524,-414.485840,-660.455872,-402.583344,172.243887,141.596447,27.755196,214.394793,75.930810,144.011910,0.271852,0,0.095243,810.070107,76.856746,133.685935,348.94
20260803_232747,60.080,1,Left,584,90.068493,76.369863,90.068493,28.424658,0.013542,0.067533,0.018495,51,0.000000,0.000000,0.391658,0.949617,0.016371,-0.341988,0.391658,0.062423,0.654378,0.000009,0.949617,0.654378,15.224282,16.993634,-557.984497,-573.533264,-699.932373,-321.967743,193.434344,155.908538,260.795707,339.388806,76.059200,258.800016,0.324278,0,0.076832,1088.724128,86.343378,151.546551,357.14
20260803_232747,60.080,1,Right,572,94.930070,90.209790,94.930070,12.937063,0.004811,0.042583,0.006274,41,0.000000,0.000000,0.124096,0.941487,0.023326,-0.124096,0.122560,0.034877,0.727511,0.000001,0.941487,0.727511,17.068200,16.987901,-680.913635,-334.842804,-699.932373,-321.967743,193.434344,155.908538,29.743408,205.311584,72.147230,134.928701,0.261490,0,0.076832,1088.724128,86.343378,151.546551,357.14
20260803_232747,65.093,1,Left,635,87.244094,73.385827,87.244094,29.291339,0.012755,0.068198,0.017654,51,0.000000,0.000000,0.391658,0.949617,0.016111,-0.341988,0.391658,0.058464,0.627406,0.000003,0.949617,0.627406,14.653527,17.018379,-591.763855,-555.835693,-718.237854,-234.091858,230.781758,185.641745,316.579945,337.394169,76.059200,256.802531,0.323647,0,0.064807,746.892458,107.132045,183.528991,260.27
20260803_232747,65.093,1,Right,623,95.345104,90.529695,95.345104,11.878010,0.004854,0.040702,0.006454,43,0.000000,0.000000,0.124096,0.941487,0.024423,-0.124096,0.122560,0.035737,0.726378,0.000001,0.941487,0.726378,17.059484,17.013659,-703.076599,-254.687653,-718.237854,-234.091858,230.781758,185.641745,28.736913,196.640337,69.613111,126.260046,0.252715,0,0.064807,746.892458,107.132045,183.528991,260.27
20260803_232747,70.098,1,Left,682,81.378299,69.208211,81.378299,27.419355,0.011908,0.064276,0.017586,51,0.000000,0.000000,0.391658,0.949617,0.015032,-0.341988,0.391658,0.054467,0.585463,0.000000,0.949617,0.585463,13.821152,17.037048,-599.242737,-551.143921,-714.294983,-144.773834,281.730064,225.483228,392.450490,337.293679,76.059200,256.701944,0.323615,0,0.024307,701.375347,134.819071,227.325479,268.57
20260803_232747,70.098,1,Right,669,95.665172,91.180867,95.665172,12.257100,0.004845,0.041459,0.006716,47,0.000000,0.000000,0.124096,0.941487,0.024029,-0.124096,0.122560,0.035113,0.727552,0.000001,0.941487,0.727552,17.059221,17.032616,-701.654236,-170.454758,-714.294983,-144.773834,281.730064,225.483228,31.831334,192.822220,69.613111,122.441743,0.250002,0,0.024307,701.375347,134.819071,227.325479,268.57
20260803_232747,75.104,1,Left,727,76.341128,64.924347,76.341128,25.722146,0.011171,0.060298,0.017586,51,0.000000,0.000000,0.391658,0.949617,0.014102,-0.341988,0.391658,0.051095,0.549224,0.000000,0.949617,0.549224,13.062275,17.052684,-599.242737,-551.143921,-689.189270,-60.828854,332.423002,261.213419,468.569577,337.293679,76.059200,256.701944,0.323615,0,0.026491,490.324710,159.897574,270.933185,348.97
20260803_232747,75.104,1,Right,713,95.932679,90.743338,95.932679,11.921459,0.004836,0.040751,0.006636,49,0.000000,0.000000,0.124096,0.941487,0.024879,-0.124096,0.122560,0.035720,0.728246,0.000001,0.941487,0.728246,17.108442,17.048491,-688.391541,-84.745407,-689.189270,-60.828854,332.423002,261.213419,25.630530,188.019284,69.613111,117.638652,0.246563,0,0.026491,490.324710,159.897574,270.933185,348.97
20260803_232747,80.116,1,Left,775,71.612903,61.677419,71.612903,24.129032,0.010479,0.056563,0.017586,51,0.000000,0.000000,0.391658,0.949617,0.013228,-0.341988,0.391658,0.047931,0.515208,0.000000,0.949617,0.515208,12.335267,17.067385,-599.242737,-551.143921,-643.666870,15.703642,379.146316,297.080833,539.295630,337.293679,76.059200,256.701944,0.323615,0,0.000000,635.751817,185.422327,311.834586,266.80
20260803_232747,80.116,1,Right,761,96.189225,91.327201,96.189225,11.432326,0.004794,0.040090,0.006581,51,0.000000,0.000000,0.124096,0.941487,0.023932,-0.124096,0.122560,0.034339,0.729157,0.000001,0.941487,0.729157,17.143408,17.063724,-645.284607,-9.821140,-643.666870,15.703642,379.146316,297.080833,29.709436,183.165895,69.613111,112.785116,0.241007,0,0.000000,635.751817,185.422327,311.834586,266.80
20260803_232747,85.116,1,Left,824,67.354369,58.009709,67.354369,22.694175,0.009856,0.053199,0.017586,51,0.000000,0.000000,0.391658,0.949617,0.012442,-0.341988,0.391658,0.045080,0.484570,0.000000,0.949617,0.484570,11.701591,17.081146,-599.242737,-551.143921,-579.614441,79.604141,421.441715,326.669601,603.018244,337.293679,76.059200,256.701944,0.323615,0,0.007787,2619.580748,206.265931,348.454278,236.22
20260803_232747,85.116,1,Right,809,96.415328,91.841780,96.415328,11.124845,0.004722,0.039323,0.006481,53,0.000000,0.000000,0.124096,0.941487,0.025064,-0.124096,0.122560,0.034853,0.729048,0.000001,0.941487,0.729048,17.186168,17.077678,-589.773682,59.768642,-579.614441,79.604141,421.441715,326.669601,25.102755,178.084202,69.613111,107.703293,0.235807,0,0.007787,2619.580748,206.265931,348.454278,236.22
20260803_232747,90.128,1,Left,873,63.573883,54.753723,63.573883,21.420389,0.009302,0.050213,0.017586,51,0.000000,0.000000,0.391658,0.949617,0.011743,-0.341988,0.391658,0.042550,0.457372,0.000000,0.949617,0.457372,11.140484,17.093245,-599.242737,-551.143921,-503.303986,124.800972,456.002512,354.056929,656.437874,337.293679,76.059200,256.701944,0.323615,0,0.000000,3345.299283,226.360434,379.366409,345.07
20260803_232747,90.128,1,Right,858,96.620047,92.307692,96.620047,11.305361,0.004557,0.039161,0.006210,54,0.000000,0.000000,0.124096,0.941487,0.023944,-0.124096,0.122560,0.033174,0.727630,0.000001,0.941487,0.727630,17.186616,17.090204,-517.357300,103.649513,-503.303986,124.800972,456.002512,354.056929,29.084944,173.237028,69.613111,102.856002,0.228582,0,0.000000,3345.299283,226.360434,379.366409,345.07
20260803_232747,95.133,1,Left,920,60.326087,51.956522,60.326087,20.326087,0.008827,0.047648,0.017586,51,0.000000,0.000000,0.391658,0.949617,0.011143,-0.341988,0.391658,0.040376,0.434006,0.000000,0.949617,0.434006,10.673810,17.103052,-599.242737,-551.143921,-417.193848,150.144272,485.611889,377.093222,700.504868,337.293679,76.059200,256.701944,0.323615,0,0.005559,6749.185882,242.047968,404.743212,319.44
20260803_232747,95.133,1,Right,905,96.795580,92.707182,96.795580,10.939227,0.004540,0.039381,0.006234,59,0.000000,0.000000,0.124096,0.941487,0.024902,-0.124096,0.122560,0.033652,0.725491,0.000001,0.941487,0.725491,17.139107,17.100339,-441.835724,133.647263,-417.193848,150.144272,485.611889,377.093222,27.278796,169.945959,69.613111,99.564834,0.225542,0,0.005559,6749.185882,242.047968,404.743212,319.44
20260803_232747,100.145,1,Left,968,57.334711,49.380165,57.334711,19.318182,0.008389,0.045285,0.017586,51,0.000000,0.000000,0.391658,0.949617,0.010591,-0.341988,0.391658,0.038374,0.412485,0.000000,0.949617,0.412485,10.254725,17.112383,-599.242737,-551.143921,-326.773468,153.332123,504.940633,390.235117,734.003588,337.293679,76.059200,256.701944,0.323615,0,0.000000,4767.047401,254.292167,424.186181,224.37
20260803_232747,100.145,1,Right,953,96.956978,93.074502,96.956978,11.017838,0.004468,0.038865,0.006150,60,0.000000,0.000000,0.124096,0.941487,0.023689,-0.124096,0.122560,0.032866,0.729960,0.000001,0.941487,0.729960,17.224014,17.109960,-347.122314,138.571716,-326.773468,153.332123,504.940633,390.235117,32.256478,168.443180,69.613111,98.061964,0.225151,0,0.000000,4767.047401,254.292167,424.186181,224.37
20260803_232747,105.152,1,Left,1020,54.411765,46.862745,54.411765,18.333333,0.007962,0.042977,0.017586,51,0.000000,0.000000,0.391658,0.949617,0.010051,-0.341988,0.391658,0.036418,0.391457,0.000000,0.949617,0.391457,9.792741,17.121495,-599.242737,-551.143921,-238.752991,133.995468,521.635272,405.365864,755.956190,337.293679,76.059200,256.701944,0.323615,0,0.002492,11288.917082,262.526713,436.837176,352.37
20260803_232747,105.152,1,Right,1003,97.108674,91.724826,97.108674,10.568295,0.004597,0.038687,0.006356,65,0.000000,0.000000,0.150361,0.941487,0.025872,-0.124096,0.150361,0.034669,0.725109,0.000001,0.941487,0.725109,17.105747,17.119011,-275.053528,129.796539,-238.752991,133.995468,521.635272,405.365864,31.786716,165.993025,66.918760,95.618956,0.223462,0,0.002492,11288.917082,262.526713,436.837176,352.37
20260803_232747,110.155,1,Left,1072,51.772388,44.589552,51.772388,17.444030,0.007576,0.040892,0.017586,51,0.000000,0.000000,0.391658,0.949617,0.009563,-0.341988,0.391658,0.034651,0.372468,0.000000,0.949617,0.372468,9.401035,17.129905,-599.242737,-551.143921,-158.293121,93.403725,525.734699,407.436501,766.116815,337.293679,76.059200,256.701944,0.323615,0,0.000000,10550.377870,266.634510,442.750976,260.97
20260803_232747,110.155,1,Right,1054,97.248577,92.030361,97.248577,10.721063,0.004668,0.038610,0.006371,68,0.000000,0.000000,0.150361,0.941487,0.023971,-0.124096,0.150361,0.035101,0.727856,0.000001,0.941487,0.727856,17.160053,17.127531,-192.219101,93.433815,-158.293121,93.403725,525.734699,407.436501,33.916146,165.396525,66.918760,95.022017,0.224654,0,0.000000,10550.377870,266.634510,442.750976,260.97
20260803_232747,115.168,1,Left,1121,49.509367,42.640500,49.509367,16.681534,0.007244,0.039105,0.017586,51,0.000000,0.000000,0.391658,0.949617,0.009145,-0.341988,0.391658,0.033137,0.356187,0.000000,0.949617,0.356187,9.036461,17.138293,-599.242737,-551.143921,-91.154655,34.906250,525.736964,405.388586,764.461372,337.293679,76.059200,256.701944,0.323615,0,0.003567,12682.602798,264.067412,441.694863,244.15
20260803_232747,115.168,1,Right,1102,97.096189,91.470054,97.096189,11.070780,0.004672,0.039366,0.006244,70,0.000000,0.000000,0.150361,0.941487,0.024899,-0.124096,0.150361,0.035544,0.724190,0.000001,0.941487,0.724190,17.142303,17.135988,-123.135773,49.474766,-91.154655,34.906250,525.736964,405.388586,29.696230,163.760178,64.589065,93.400580,0.224058,0,0.003567,12682.602798,264.067412,441.694863,244.15
20260803_232747,120.180,1,Left,1171,47.395389,40.819812,47.395389,15.969257,0.006935,0.037435,0.017586,51,0.000000,0.000000,0.391658,0.949617,0.008755,-0.341988,0.391658,0.031722,0.340979,0.000000,0.949617,0.340979,8.726596,17.144577,-599.242737,-551.143921,-39.752808,-39.579185,516.567283,402.627826,750.840071,337.293679,76.059200,256.701944,0.323615,0,0.000000,16552.683276,262.157717,434.211392,243.54
20260803_232747,120.180,1,Right,1151,96.959166,91.833189,96.959166,11.555169,0.004836,0.040946,0.006267,74,0.000000,0.000000,0.150361,0.944949,0.024967,-0.124096,0.150361,0.035403,0.724389,0.000001,0.944949,0.724389,17.087000,17.142348,-80.987183,-16.717760,-39.752808,-39.579185,516.567283,402.627826,43.102046,165.123668,64.589065,94.763110,0.226361,0,0.000000,16552.683276,262.157717,434.211392,243.54
20260803_232747,125.195,1,Left,1217,45.603944,39.276910,45.603944,15.365653,0.006673,0.036020,0.017586,51,0.000000,0.000000,0.391658,0.949617,0.008424,-0.341988,0.391658,0.030523,0.328090,0.000000,0.949617,0.328090,8.463166,17.150014,-599.242737,-551.143921,-8.793432,-123.484955,496.483740,383.895185,725.815721,337.293679,76.059200,256.701944,0.323615,0,0.000000,13395.140506,252.500325,419.615470,228.45
20260803_232747,125.195,1,Right,1197,96.992481,92.147034,96.992481,11.695906,0.004789,0.041737,0.006239,77,0.000000,0.000000,0.150361,0.944949,0.024569,-0.124096,0.150361,0.035077,0.727432,0.000001,0.944949,0.727432,17.146507,17.147961,-37.767929,-97.778259,-8.793432,-123.484955,496.483740,383.895185,37.722230,167.560479,64.589065,97.199056,0.229121,0,0.000000,13395.140506,252.500325,419.615470,228.45
20260803_232747,130.197,1,Left,1264,43.908228,37.816456,43.908228,14.794304,0.006425,0.034681,0.017586,51,0.000000,0.000000,0.391658,0.949617,0.008111,-0.341988,0.391658,0.029388,0.315891,0.000000,0.949617,0.315891,8.226871,17.155804,-599.242737,-551.143921,0.519794,-212.793060,470.908682,360.897818,689.517143,337.293679,76.059200,256.701944,0.323615,0,0.001404,11021.324167,237.848595,398.486836,263.02
20260803_232747,130.197,1,Right,1244,97.106109,92.282958,97.106109,11.495177,0.004737,0.042189,0.006114,81,0.000000,0.000000,0.150361,0.944949,0.025042,-0.124096,0.150361,0.035153,0.727976,0.000001,0.944949,0.727976,17.175294,17.153922,-14.444021,-183.182922,0.519794,-212.793060,470.908682,360.897818,30.681995,166.861857,64.589065,96.499598,0.229206,0,0.001404,11021.324167,237.848595,398.486836,263.02
20260803_232747,135.206,1,Left,1309,42.398778,36.516425,42.398778,14.285714,0.006204,0.033488,0.017586,51,0.000000,0.000000,0.391658,0.949617,0.007832,-0.341988,0.391658,0.028378,0.305031,0.000000,0.949617,0.305031,8.019262,17.160886,-599.242737,-551.143921,-12.558312,-301.628052,436.578191,334.847368,642.625993,337.293679,76.059200,256.701944,0.323615,0,0.000000,9846.127513,222.733857,371.528127,277.57
20260803_232747,135.206,1,Right,1289,97.207137,92.552366,97.207137,12.024825,0.004814,0.042950,0.006394,86,0.000000,0.000000,0.150361,0.944949,0.024838,-0.124096,0.150361,0.034870,0.728822,0.000001,0.944949,0.728822,17.200349,17.159148,-23.566402,-271.415924,-12.558312,-301.628052,436.578191,334.847368,33.634514,168.039143,64.589065,97.676144,0.230975,0,0.000000,9846.127513,222.733857,371.528127,277.57
20260803_232747,140.209,1,Left,1358,40.868925,35.198822,40.868925,13.770250,0.005980,0.032280,0.017586,51,0.000000,0.000000,0.391658,0.949617,0.007549,-0.341988,0.391658,0.027354,0.294025,0.000000,0.949617,0.294025,7.790607,17.165563,-599.242737,-551.143921,-47.933975,-385.710846,401.228531,305.983740,584.900618,337.293679,76.059200,256.701944,0.323615,0,0.005975,9120.379074,199.396699,338.125600,229.42
20260803_232747,140.209,1,Right,1336,97.005988,92.440120,97.005988,12.724551,0.004880,0.044347,0.006330,88,0.000000,0.000000,0.150361,0.944949,0.024873,-0.124096,0.150361,0.034599,0.725196,0.000001,0.944949,0.725196,17.156434,17.163778,-42.872826,-349.692078,-47.933975,-385.710846,401.228531,305.983740,29.631589,167.664743,64.589065,97.301084,0.231433,0,0.005975,9120.379074,199.396699,338.125600,229.42
20260803_232747,145.219,1,Left,1408,39.417614,33.948864,39.417614,13.281250,0.005768,0.031134,0.017586,51,0.000000,0.000000,0.391658,0.949617,0.007281,-0.341988,0.391658,0.026382,0.283584,0.000000,0.949617,0.283584,7.567242,17.169779,-599.242737,-551.143921,-101.794312,-456.661041,352.044244,270.569192,519.682061,337.293679,76.059200,256.701944,0.323615,0,0.000000,8210.993035,180.444822,300.859169,348.31
20260803_232747,145.219,1,Right,1385,97.111913,91.841155,97.111913,12.274368,0.004874,0.043048,0.006392,94,0.000000,0.000000,0.150361,0.944949,0.024469,-0.124096,0.150361,0.035560,0.730547,0.000001,0.944949,0.730547,17.228386,17.168041,-100.734810,-421.880524,-101.794312,-456.661041,352.044244,270.569192,38.461325,168.365216,64.589065,98.000857,0.233894,0,0.000000,8210.993035,180.444822,300.859169,348.31
20260803_232747,150.222,1,Left,1455,38.144330,34.364261,38.144330,12.852234,0.005581,0.030128,0.017586,51,0.000000,0.000000,0.391658,0.949617,0.007046,-0.341988,0.391658,0.025530,0.274423,0.000000,0.949617,0.274423,7.365234,17.173695,-599.242737,-551.143921,-172.348969,-512.777222,298.536767,225.243555,445.989921,337.293679,76.059200,256.701944,0.323615,0,0.013446,2743.481203,153.011434,257.791371,244.18
20260803_232747,150.222,1,Right,1432,97.206704,90.712291,97.206704,11.871508,0.004862,0.042179,0.006350,97,0.000000,0.000000,0.150361,0.944949,0.025660,-0.124096,0.150361,0.036744,0.730856,0.000001,0.944949,0.730856,17.274544,17.172077,-157.454330,-496.759552,-172.348969,-512.777222,298.536767,225.243555,21.497987,166.568208,56.487902,96.353397,0.233043,0,0.013446,2743.481203,153.011434,257.791371,244.18
20260803_232747,155.235,1,Left,1508,36.803714,33.687003,36.803714,12.400531,0.005385,0.029069,0.017586,51,0.000000,0.000000,0.391658,0.949617,0.006798,-0.341988,0.391658,0.024633,0.264778,0.000000,0.949617,0.264778,7.162529,17.178868,-599.242737,-551.143921,-254.288773,-549.499939,247.714899,189.971348,366.121193,337.293679,76.059200,256.701944,0.323615,0,0.000000,4888.676910,126.016097,212.599043,253.60
20260803_232747,155.235,1,Right,1485,97.306397,90.437710,97.306397,11.717172,0.004960,0.041786,0.006396,100,0.000000,0.000000,0.150361,0.944949,0.024238,-0.124096,0.150361,0.037772,0.732596,0.000001,0.944949,0.732596,17.263498,17.177388,-237.482285,-518.816406,-254.288773,-549.499939,247.714899,189.971348,39.374248,165.157750,56.487902,94.982136,0.232873,0,0.000000,4888.676910,126.016097,212.599043,253.60
20260803_232747,160.239,1,Left,1561,35.554132,32.543242,35.554132,11.979500,0.005202,0.028082,0.017586,51,0.000000,0.000000,0.391658,0.949617,0.006567,-0.341988,0.391658,0.023796,0.255789,0.000000,0.949617,0.255789,6.971707,17.182860,-599.242737,-551.143921,-342.408051,-564.785461,191.324397,144.440265,282.050194,337.293679,76.059200,256.701944,0.323615,0,0.017310,1643.466221,93.873944,163.645951,250.48
20260803_232747,160.239,1,Right,1537,97.007157,89.590111,97.007157,11.711126,0.005012,0.041583,0.006599,103,0.000000,0.000000,0.153166,0.944949,0.025656,-0.124096,0.153166,0.039056,0.732759,0.000001,0.944949,0.732759,17.254791,17.181422,-314.150909,-550.453735,-342.408051,-564.785461,191.324397,144.440265,28.065638,165.334215,56.487902,95.152206,0.235186,0,0.017310,1643.466221,93.873944,163.645951,250.48
20260803_232747,165.253,1,Left,1610,34.472050,31.552795,34.472050,11.614907,0.005044,0.027228,0.017586,51,0.000000,0.000000,0.391658,0.949617,0.006368,-0.341988,0.391658,0.023072,0.248004,0.000000,0.949617,0.248004,6.821475,17.187025,-599.242737,-551.143921,-432.986664,-557.585632,129.940489,97.962326,190.515695,337.293679,76.059200,256.701944,0.323615,0,0.000000,575.880951,63.844352,109.997236,242.59
20260803_232747,165.253,1,Right,1585,97.034700,89.905363,97.034700,11.671924,0.005091,0.041336,0.006629,104,0.000000,0.000000,0.153166,0.944949,0.024774,-0.124096,0.153166,0.039100,0.733709,0.000001,0.944949,0.733709,17.284438,17.185650,-405.389374,-547.039185,-432.986664,-557.585632,129.940489,97.962326,1.395005,164.572329,56.487902,94.384181,0.235105,0,0.000000,575.880951,63.844352,109.997236,242.59
20260803_232747,170.263,1,Left,1662,33.393502,32.190132,33.393502,11.251504,0.004886,0.026376,0.017586,51,0.000000,0.000000,0.391658,0.949617,0.006168,-0.341988,0.391658,0.022350,0.240244,0.000000,0.949617,0.240244,6.670098,17.190061,-599.242737,-551.143921,-518.877380,-527.935852,73.041888,54.820128,97.090661,337.293679,76.059200,256.701944,0.323615,0,0.030116,254.173306,33.800644,56.121395,333.84
20260803_232747,170.263,1,Right,1637,97.128894,90.226023,97.128894,11.484423,0.005058,0.041060,0.006537,105,0.000000,0.000000,0.153166,0.944949,0.025262,-0.124096,0.153166,0.039360,0.734560,0.000001,0.944949,0.734560,17.318361,17.188776,-493.202545,-523.894470,-518.877380,-527.935852,73.041888,54.820128,4.715578,162.954303,56.487902,92.759787,0.233783,0,0.030116,254.173306,33.800644,56.121395,333.84
20260803_232747,175.265,1,Left,1709,33.586893,34.055003,33.586893,11.059099,0.005434,0.026206,0.019582,52,0.000000,0.000000,0.535785,0.949711,0.008929,-0.341988,0.535785,0.024724,0.242786,0.000000,0.949711,0.242786,6.685338,17.192921,-613.708923,-530.289062,-592.694275,-479.365143,48.035050,40.709297,38.552712,332.941007,76.059200,252.347504,0.326953,0,0.303828,333.763710,14.665872,22.479711,246.68
20260803_232747,175.265,1,Right,1683,97.207368,90.493167,97.207368,11.170529,0.005014,0.040584,0.006532,108,0.000000,0.000000,0.153166,0.944949,0.025303,-0.124096,0.153166,0.039437,0.732260,0.000001,0.944949,0.732260,17.299815,17.191705,-567.717224,-487.693665,-592.694275,-479.365143,48.035050,40.709297,5.449830,161.169367,56.487902,90.992901,0.231187,0,0.303828,333.763710,14.665872,22.479711,246.68
20260803_232747,180.276,1,Left,1759,35.474702,35.076748,35.474702,11.142695,0.005612,0.026187,0.018566,55,0.000000,0.000000,0.535785,0.949978,0.005544,-0.341988,0.535785,0.027152,0.258524,0.000000,0.949978,0.258524,7.034069,17.195719,-647.177551,-444.994263,-654.119629,-411.924194,35.339869,34.368416,5.297735,320.812000,76.059200,240.214358,0.323750,0,0.579771,148.274754,3.756207,5.799774,224.65
20260803_232747,180.276,1,Right,1733,97.287940,90.478938,97.287940,10.905943,0.005041,0.040011,0.006526,110,0.000000,0.000000,0.153166,0.944949,0.024770,-0.124096,0.153166,0.039933,0.734746,0.000001,0.944949,0.734746,17.305658,17.194578,-619.998779,-419.473297,-654.119629,-411.924194,35.339869,34.368416,8.534995,161.240439,56.487902,91.057852,0.232110,0,0.579771,148.274754,3.756207,5.799774,224.65
20260803_232747,185.282,1,Left,1806,37.153931,36.655592,37.153931,11.018826,0.005676,0.026154,0.018006,58,0.000000,0.000000,0.535785,0.949978,0.006944,-0.341988,0.535785,0.027990,0.273375,0.000000,0.949978,0.273375,7.337413,17.198219,-703.427612,-373.055939,-696.114746,-332.557312,35.402271,37.041813,11.175046,312.571075,76.059200,231.970104,0.320480,0,0.517180,128.534794,5.989049,7.557423,360.77
20260803_232747,185.282,1,Right,1780,97.359551,89.831461,97.359551,10.617978,0.005045,0.039424,0.006549,111,0.000000,0.000000,0.153166,0.944949,0.025603,-0.124096,0.153166,0.040693,0.733938,0.000001,0.944949,0.733938,17.288777,17.197144,-675.099365,-357.909668,-696.114746,-332.557312,35.402271,37.041813,6.816323,160.612458,56.487902,90.424438,0.232158,0,0.517180,128.534794,5.989049,7.557423,360.77
20260803_232747,190.293,1,Left,1852,38.714903,38.228942,38.714903,10.907127,0.005562,0.026048,0.016848,60,0.000000,0.000000,0.535785,0.949978,0.007416,-0.341988,0.535785,0.027939,0.287698,0.000000,0.949978,0.287698,7.644888,17.200710,-733.140503,-280.212769,-717.121826,-245.624298,36.070869,33.334411,8.162133,305.385712,76.059200,224.781906,0.316270,0,0.667807,137.284134,0.350453,6.339723,328.73
20260803_232747,190.293,1,Right,1825,97.424658,90.082192,97.424658,10.520548,0.005161,0.038964,0.006587,114,0.000000,0.000000,0.153166,0.944949,0.024487,-0.124096,0.153166,0.040986,0.736877,0.000001,0.944949,0.736877,17.344608,17.199656,-695.020081,-263.698547,-717.121826,-245.624298,36.070869,33.334411,7.345466,160.537156,56.487902,90.344205,0.233000,0,0.667807,137.284134,0.350453,6.339723,328.73
20260803_232747,195.306,1,Left,1899,40.231701,39.757767,40.231701,10.637177,0.005445,0.025617,0.015847,63,0.000000,0.000000,0.535785,0.949978,0.007969,-0.341988,0.535785,0.027985,0.301626,0.000000,0.949978,0.301626,7.950348,17.202871,-737.596436,-180.331573,-715.902466,-155.125458,30.161877,30.057597,3.591539,296.970152,76.059200,216.363802,0.310774,0,0.820606,4.649099,1.958183,2.901546,336.70
20260803_232747,195.306,1,Right,1871,97.487974,89.257082,97.487974,10.315339,0.005241,0.038599,0.006674,117,0.000000,0.000000,0.153166,0.944949,0.025872,-0.124096,0.153166,0.041965,0.736739,0.000001,0.944949,0.736739,17.340405,17.201829,-707.226746,-180.544662,-715.902466,-155.125458,30.161877,30.057597,3.515358,159.410705,56.487902,89.212964,0.232710,0,0.820606,4.649099,1.958183,2.901546,336.70
20260803_232747,200.307,1,Left,1945,41.645244,41.182519,41.645244,10.385604,0.005386,0.025275,0.015078,66,0.000000,0.000000,0.535785,0.949978,0.008457,-0.341988,0.535785,0.027999,0.313394,0.000000,0.949978,0.313394,8.217513,17.204830,-717.347717,-87.696968,-692.968567,-69.790321,29.283285,29.545872,0.954635,288.039217,76.059200,207.430663,0.303642,0,0.884729,19.019174,1.035666,1.366720,351.49
20260803_232747,200.307,1,Right,1917,97.548252,89.254043,97.548252,10.067814,0.005319,0.038199,0.006742,118,0.000000,0.000000,0.154974,0.944949,0.025064,-0.124096,0.154974,0.042749,0.735719,0.000001,0.944949,0.735719,17.327335,17.203842,-690.714111,-98.545006,-692.968567,-69.790321,29.283285,29.545872,2.166204,158.151911,56.487902,87.949616,0.231520,0,0.884729,19.019174,1.035666,1.366720,351.49
20260803_232747,205.313,1,Left,1993,42.900151,42.599097,42.900151,10.737582,0.005320,0.026208,0.014488,68,0.000000,0.000000,0.535785,0.949978,0.008385,-0.341988,0.535785,0.027457,0.322128,0.000000,0.949978,0.322128,8.417021,17.207405,-683.845215,-13.120464,-649.085327,8.548253,36.310102,36.578409,12.049245,280.339449,76.059200,199.728968,0.296798,0,0.538152,163.603292,4.270293,7.258716,176.51
20260803_232747,205.313,1,Right,1965,97.608142,89.109415,97.608142,10.076336,0.005390,0.037910,0.006821,126,0.000000,0.000000,0.183285,0.944949,0.025432,-0.124096,0.183285,0.043668,0.736424,0.000001,0.944949,0.736424,17.337208,17.206478,-649.654236,-23.642788,-649.085327,8.548253,36.310102,36.578409,3.589230,157.077539,56.487902,86.870725,0.231204,0,0.538152,163.603292,4.270293,7.258716,176.51
20260803_232747,210.319,1,Left,2040,44.068627,43.823529,44.068627,10.637255,0.005328,0.026412,0.014377,72,0.000000,0.000000,0.535785,0.949978,0.009032,-0.341988,0.535785,0.027664,0.333302,0.000000,0.949978,0.333302,8.633207,17.209188,-640.465454,62.360043,-586.901001,73.817764,41.638841,41.420090,24.850203,280.549813,76.059200,199.937635,0.297462,0,0.466381,190.251070,9.048255,14.593803,235.77
20260803_232747,210.319,1,Right,2010,97.661692,88.905473,97.661692,9.950249,0.005372,0.037732,0.006761,126,0.000000,0.000000,0.183285,0.944949,0.025673,-0.124096,0.183285,0.043683,0.735931,0.000001,0.944949,0.735931,17.342944,17.208236,-600.480957,49.258186,-586.901001,73.817764,41.638841,41.420090,4.626518,156.226526,56.487902,86.015675,0.230312,0,0.466381,190.251070,9.048255,14.593803,235.77
20260803_232747,215.327,1,Left,2089,45.380565,45.141216,45.380565,10.818573,0.005337,0.027106,0.014393,77,0.000000,0.000000,0.535785,0.949978,0.009370,-0.341988,0.535785,0.027565,0.344712,0.000000,0.949978,0.344712,8.879719,17.211027,-566.273987,123.527954,-509.469391,122.043190,45.277354,40.836305,26.963934,283.514466,76.059200,202.900583,0.298744,0,0.479685,278.357665,6.080739,16.370696,294.40
20260803_232747,215.327,1,Right,2058,97.716229,89.018465,97.716229,9.766764,0.005395,0.037358,0.006782,128,0.000000,0.000000,0.183285,0.944949,0.024819,-0.124096,0.183285,0.044046,0.737713,0.000001,0.944949,0.737713,17.383046,17.210085,-518.116150,98.747543,-509.469391,122.043190,45.277354,40.836305,8.771846,155.532958,56.487902,85.318000,0.230053,0,0.479685,278.357665,6.080739,16.370696,294.40
20260803_232747,220.327,1,Left,2137,46.607394,46.373421,46.607394,10.669162,0.005562,0.026973,0.015315,81,0.000000,0.000000,0.535785,0.949978,0.009628,-0.341988,0.535785,0.028085,0.357096,0.000000,0.949978,0.357096,9.129805,17.212834,-476.620880,162.313416,-425.236298,148.742401,40.172012,39.135379,23.362890,285.721354,76.059200,205.105963,0.300404,0,0.525378,131.053112,7.372210,13.827697,259.95
20260803_232747,220.327,1,Right,2105,97.767221,88.361045,97.767221,9.548694,0.005489,0.036843,0.006894,129,0.000000,0.000000,0.183285,0.944949,0.026158,-0.124096,0.183285,0.045128,0.737763,0.000001,0.944949,0.737763,17.374931,17.211915,-445.441071,133.809326,-425.236298,148.742401,40.172012,39.135379,5.271712,154.273045,56.487902,84.054253,0.229025,0,0.525378,131.053112,7.372210,13.827697,259.95
20260803_232747,225.331,1,Left,2182,47.708524,47.479377,47.708524,10.999083,0.005534,0.027564,0.014728,83,0.000000,0.000000,0.535785,0.949978,0.010115,-0.341988,0.535785,0.028191,0.365888,0.000000,0.949978,0.365888,9.324379,17.214827,-387.739319,184.907593,-335.599457,154.025986,45.058437,43.402769,30.679323,287.071254,76.059200,206.454576,0.301183,0,0.459469,223.181144,10.384658,17.941662,213.88
20260803_232747,225.331,1,Right,2149,97.812936,88.273616,97.812936,9.399721,0.005570,0.036661,0.006983,132,0.000000,0.000000,0.183285,0.944949,0.025377,-0.124096,0.183285,0.045949,0.737474,0.000001,0.944949,0.737474,17.375902,17.213924,-360.243683,145.112808,-335.599457,154.025986,45.058437,43.402769,4.948616,153.240845,56.487902,83.018617,0.228148,0,0.459469,223.181144,10.384658,17.941662,213.88
20260803_232747,230.331,1,Left,2226,48.742138,48.292902,48.742138,10.916442,0.005915,0.027648,0.016418,88,0.000000,0.000000,0.535785,0.949978,0.011305,-0.341988,0.535785,0.029574,0.376107,0.000000,0.949978,0.376107,9.530502,17.216259,-291.174286,173.257050,-247.103851,136.851028,46.362039,45.198980,27.838905,288.865967,76.059200,208.248135,0.303772,0,0.377680,417.699793,9.296765,16.318753,351.22
20260803_232747,230.331,1,Right,2193,97.856817,88.144095,97.856817,9.530324,0.005649,0.036839,0.007106,136,0.000000,0.000000,0.186060,0.944949,0.025561,-0.124096,0.186060,0.046772,0.737292,0.000001,0.944949,0.737292,17.375838,17.215395,-278.593506,126.222374,-247.103851,136.851028,46.362039,45.198980,4.888806,152.188849,56.487902,81.972532,0.227342,0,0.377680,417.699793,9.296765,16.318753,351.22
20260803_232747,235.332,1,Left,2274,49.824099,49.164468,49.824099,11.081794,0.006205,0.028162,0.016990,95,0.000000,0.000000,0.535785,0.949978,0.010488,-0.346953,0.535785,0.032168,0.385270,0.000000,0.949978,0.385270,9.727187,17.217792,-201.458313,154.048996,-165.092529,97.872414,47.347257,43.461121,37.161466,288.956946,76.059200,208.337955,0.307148,0,0.414137,96.378085,11.388143,22.305791,296.33
20260803_232747,235.332,1,Right,2241,97.902722,88.085676,97.902722,9.370817,0.005636,0.036549,0.007053,137,0.000000,0.000000,0.186060,0.944949,0.025768,-0.124096,0.186060,0.046886,0.738634,0.000001,0.944949,0.738634,17.415936,17.216969,-184.759460,101.519852,-165.092529,97.872414,47.347257,43.461121,10.567423,151.261760,56.487902,81.053374,0.226400,0,0.414137,96.378085,11.388143,22.305791,296.33
20260803_232747,240.337,1,Left,2318,50.776531,50.129422,50.776531,11.000863,0.006341,0.028236,0.017133,103,0.000000,0.000000,0.535785,0.949978,0.010491,-0.346953,0.535785,0.032635,0.394397,0.000000,0.949978,0.394397,9.911975,17.219050,-118.908539,106.166756,-96.669838,40.929249,68.806766,77.779830,39.172101,292.607119,76.059200,211.987150,0.308492,0,0.115648,1362.537053,32.114630,40.869943,331.15
20260803_232747,240.337,1,Right,2285,96.805252,87.045952,96.805252,9.628009,0.005722,0.036698,0.007186,138,0.000000,0.000000,0.186060,0.944949,0.025495,-0.124096,0.186060,0.046539,0.726773,0.000000,0.944949,0.726773,17.170429,17.218261,-167.429398,90.917793,-96.669838,40.929249,68.806766,77.779830,58.962728,150.614327,56.487902,80.467753,0.225520,0,0.115648,1362.537053,32.114630,40.869943,331.15
20260803_232747,245.346,1,Left,2366,51.732883,50.972105,51.732883,11.411665,0.006318,0.029334,0.016686,105,0.000000,0.000000,0.535785,0.949978,0.010717,-0.346953,0.535785,0.032412,0.401554,0.000000,0.949978,0.401554,10.067677,17.220658,-53.772472,48.213379,-43.617756,-32.323315,92.853776,98.436186,51.675906,295.653275,76.059200,215.032339,0.309283,0,0.081450,2925.668941,43.576747,57.915297,273.76
20260803_232747,245.346,1,Right,2333,96.570939,86.498071,96.570939,10.458637,0.006018,0.038047,0.007353,142,0.000000,0.000000,0.186060,0.944949,0.026210,-0.124096,0.186060,0.046821,0.723324,0.000000,0.944949,0.723324,17.077959,17.219908,-134.911484,38.750481,-43.617756,-32.323315,92.853776,98.436186,85.977588,153.869267,56.487902,83.718393,0.228190,0,0.081450,2925.668941,43.576747,57.915297,273.76
20260803_232747,250.347,1,Left,2411,52.592285,51.887184,52.592285,11.696392,0.006282,0.030106,0.016208,106,0.000000,0.000000,0.535785,0.949978,0.011112,-0.346953,0.535785,0.032402,0.408293,0.000000,0.949978,0.408293,10.220637,17.221990,0.029165,-24.682053,-10.855528,-115.092850,116.475005,113.206760,61.549701,298.935461,76.059200,218.313684,0.310288,0,0.059471,5063.892964,48.679785,70.777865,255.16
20260803_232747,250.347,1,Right,2378,96.635828,86.333053,96.635828,11.438183,0.006307,0.038904,0.007984,146,0.000000,0.000000,0.186060,0.944949,0.025212,-0.168174,0.186060,0.047415,0.722157,0.000000,0.944949,0.722157,17.055477,17.221259,-122.238045,-38.193424,-10.855528,-115.092850,116.475005,113.206760,106.019588,159.219975,56.487902,89.064557,0.231621,0,0.059471,5063.892964,48.679785,70.777865,255.16
20260803_232747,255.350,1,Left,2458,52.278275,52.563059,52.278275,11.879577,0.006162,0.030433,0.016039,106,0.000000,0.000000,0.535785,0.949978,0.010900,-0.346953,0.535785,0.031782,0.405321,0.000000,0.949978,0.405321,10.183249,17.223280,16.200895,-59.549931,0.599963,-204.810532,145.207964,156.855174,119.221558,300.170846,76.059200,219.548760,0.310434,0,0.026332,8281.820349,80.302503,105.305917,354.19
20260803_232747,255.350,1,Right,2425,95.505155,85.855670,95.505155,11.628866,0.006262,0.039125,0.008045,146,0.000000,0.000000,0.186060,0.944949,0.024826,-0.168174,0.186060,0.046720,0.713399,0.000000,0.944949,0.713399,16.891285,17.222582,-104.795181,-74.478477,0.599963,-204.810532,145.207964,156.855174,138.037054,161.338772,56.487902,91.181587,0.232635,0,0.026332,8281.820349,80.302503,105.305917,354.19
20260803_232747,260.352,1,Left,2504,52.476038,53.075080,52.476038,12.420128,0.006084,0.031368,0.015932,107,0.000000,0.000000,0.535785,0.949978,0.010696,-0.346953,0.535785,0.031289,0.404674,0.000000,0.949978,0.404674,10.125985,17.224695,29.746304,-88.875877,-10.401634,-293.505615,176.602855,201.655643,182.329508,302.247777,76.059200,221.625181,0.310768,0,0.014495,11649.374096,111.672717,150.498722,359.84
20260803_232747,260.352,1,Right,2470,95.060729,84.412955,95.060729,12.105263,0.006370,0.040088,0.008130,149,0.000000,0.000000,0.186060,0.944949,0.025292,-0.168174,0.186060,0.046787,0.708851,0.000000,0.944949,0.708851,16.759323,17.224004,-93.506050,-117.343735,-10.401634,-293.505615,176.602855,201.655643,186.294247,165.446643,56.487902,95.286382,0.235012,0,0.014495,11649.374096,111.672717,150.498722,359.84
20260803_232747,265.354,1,Left,2552,51.998433,52.782132,51.998433,12.617555,0.006011,0.031350,0.015803,107,0.000000,0.000000,0.535785,0.949978,0.010649,-0.346953,0.535785,0.030854,0.400374,0.000000,0.949978,0.400374,10.063261,17.225973,41.316513,-114.453453,-42.742313,-376.440796,215.955347,253.968113,247.076810,304.060341,76.059200,223.437524,0.311238,0,0.008021,15890.550621,147.773699,192.866327,252.85
20260803_232747,265.354,1,Right,2517,94.040524,84.147795,94.040524,12.395709,0.006338,0.040195,0.008171,150,0.000000,0.000000,0.186060,0.944949,0.025105,-0.168174,0.186060,0.046199,0.700289,0.000000,0.944949,0.700289,16.583583,17.225289,-94.179085,-149.400497,-42.742313,-376.440796,215.955347,253.968113,224.822842,167.242134,56.487902,97.080085,0.236014,0,0.008021,15890.550621,147.773699,192.866327,252.85
20260803_232747,270.368,1,Left,2599,51.519815,52.789534,51.519815,12.735668,0.006229,0.031442,0.016330,108,0.000000,0.000000,0.535785,0.949978,0.010889,-0.346953,0.535785,0.031068,0.395106,0.000000,0.949978,0.395106,9.944837,17.227021,43.822330,-127.312347,-94.688187,-449.169678,255.837023,293.722588,320.966482,302.350479,76.059200,221.727462,0.310255,0,0.003860,19169.288227,175.489431,228.769828,236.61
20260803_232747,270.368,1,Right,2564,93.759750,83.892356,93.759750,13.143526,0.006341,0.040765,0.008162,151,0.000000,0.000000,0.186060,0.944949,0.025218,-0.168174,0.186060,0.045925,0.697153,0.000000,0.944949,0.697153,16.527355,17.226364,-114.572472,-212.955872,-94.688187,-449.169678,255.837023,293.722588,232.351932,171.955815,56.487902,101.790368,0.238282,0,0.003860,19169.288227,175.489431,228.769828,236.61
20260803_232747,275.380,1,Left,2646,50.944822,52.305367,50.944822,12.773998,0.006325,0.031353,0.016330,108,0.000000,0.000000,0.535785,0.949978,0.010171,-0.346953,0.535785,0.031041,0.389487,0.000000,0.949978,0.389487,9.816947,17.228707,44.885517,-136.377945,-164.157333,-507.643829,299.159235,339.307912,396.100128,301.069800,76.059200,220.446636,0.309867,0,0.000844,21028.587198,208.086041,270.320725,330.57
20260803_232747,275.380,1,Right,2611,93.450785,83.722712,93.450785,13.749521,0.006378,0.041568,0.008264,155,0.000000,0.000000,0.186060,0.944949,0.025135,-0.168174,0.186060,0.045556,0.693320,0.000000,0.944949,0.693320,16.413661,17.228075,-138.100159,-256.447784,-164.157333,-507.643829,299.159235,339.307912,249.648898,176.913095,56.487902,106.744440,0.240380,0,0.000844,21028.587198,208.086041,270.320725,330.57
20260803_232747,280.380,1,Left,2697,50.723026,51.575825,50.723026,13.162773,0.006349,0.031653,0.016330,111,0.000000,0.000000,0.535785,0.949978,0.009729,-0.346953,0.535785,0.030867,0.385713,0.000000,0.949978,0.385713,9.720688,17.230228,55.032021,-154.837158,-245.023682,-546.534119,340.863960,360.511764,463.488677,299.000210,76.059200,218.376724,0.308881,0,0.000000,22932.033774,222.935692,298.408565,360.03
20260803_232747,280.380,1,Right,2661,93.423525,83.878241,93.423525,14.205186,0.006354,0.042271,0.008389,158,0.000000,0.000000,0.186060,0.944949,0.024712,-0.168174,0.186060,0.044841,0.693476,0.000000,0.944949,0.693476,16.439864,17.229606,-194.157883,-324.683746,-245.023682,-546.534119,340.863960,360.511764,228.738414,182.230541,56.487902,112.057922,0.242272,0,0.000000,22932.033774,222.935692,298.408565,360.03
20260803_232747,285.384,1,Left,2745,50.309654,51.183971,50.309654,13.333333,0.006467,0.031729,0.016278,112,0.000000,0.000000,0.535785,0.949978,0.010099,-0.346953,0.535785,0.030867,0.381600,0.000000,0.949978,0.381600,9.642043,17.231227,65.739067,-174.448227,-332.278290,-564.163574,378.636316,379.421979,527.514505,298.351253,76.059200,217.727563,0.309354,0,0.000000,20423.496828,237.625357,326.722089,337.27
20260803_232747,285.384,1,Right,2709,93.540052,84.163898,93.540052,14.654854,0.006317,0.042948,0.008312,159,0.000000,0.000000,0.186060,0.944949,0.024720,-0.168174,0.186060,0.044492,0.694143,0.000000,0.944949,0.694143,16.437606,17.230630,-250.617874,-379.622040,-332.278290,-564.163574,378.636316,379.421979,204.866827,187.479818,56.487902,117.303215,0.244534,0,0.000000,20423.496828,237.625357,326.722089,337.27
20260803_232747,290.398,1,Left,2798,49.892781,50.214439,49.892781,13.509650,0.006589,0.031967,0.016427,113,0.000000,0.000000,0.535785,0.949978,0.009641,-0.346953,0.535785,0.030862,0.377323,0.000000,0.949978,0.377323,9.546649,17.232398,73.658951,-192.898438,-423.671326,-559.403015,415.125577,389.395683,589.085841,298.603596,76.059200,217.979676,0.310229,0,0.000000,14438.636369,246.891529,353.313885,254.56
20260803_232747,290.398,1,Right,2761,93.661717,84.462151,93.661717,14.994567,0.006270,0.043385,0.008174,163,0.000000,0.000000,0.186060,0.944949,0.024642,-0.168174,0.186060,0.044041,0.695678,0.000000,0.944949,0.695678,16.472189,17.231809,-328.435608,-429.587830,-423.671326,-559.403015,415.125577,389.395683,165.740688,194.127819,56.487902,123.947068,0.246956,0,0.000000,14438.636369,246.891529,353.313885,254.56
20260803_232747,295.401,1,Left,2845,49.314587,49.384886,49.314587,13.427065,0.006743,0.031996,0.016427,114,0.000000,0.000000,0.535785,0.949978,0.010015,-0.346953,0.535785,0.030885,0.372367,0.000000,0.949978,0.372367,9.424774,17.233302,75.946419,-198.039124,-507.638916,-533.249512,449.185269,393.272586,645.739049,298.987457,76.059200,218.363430,0.311182,0,0.000000,5340.319202,252.369472,379.075440,357.39
20260803_232747,295.401,1,Right,2808,93.767806,84.722222,93.767806,14.850427,0.006197,0.043037,0.008049,164,0.000000,0.000000,0.186060,0.944949,0.024675,-0.168174,0.186060,0.043750,0.698692,0.000000,0.944949,0.698692,16.527544,17.232735,-418.780914,-462.572296,-507.638916,-533.249512,449.185269,393.272586,118.809290,202.091375,56.487902,131.907016,0.249299,0,0.000000,5340.319202,252.369472,379.075440,357.39
20260803_232747,300.409,1,Left,2891,48.668281,48.979592,48.668281,13.351781,0.006720,0.031690,0.016427,114,0.000000,0.000000,0.535785,0.949978,0.010123,-0.346953,0.535785,0.030660,0.367347,0.000000,0.949978,0.367347,9.327143,17.234167,78.771225,-210.003555,-584.448914,-486.172516,479.227829,393.199869,692.923439,299.206853,76.059200,218.582766,0.311705,0,0.000000,3252.496397,253.798346,402.134752,279.86
20260803_232747,300.409,1,Right,2853,93.866106,84.963197,93.866106,14.616193,0.006169,0.042406,0.008061,166,0.000000,0.000000,0.186060,0.944949,0.024945,-0.168174,0.186060,0.043745,0.701939,0.000000,0.944949,0.701939,16.583428,17.233604,-518.498779,-469.693878,-584.448914,-486.172516,479.227829,393.199869,70.669538,207.278630,56.487902,137.090936,0.251510,0,0.000000,3252.496397,253.798346,402.134752,279.86
20260803_232747,305.410,1,Left,2940,48.503401,48.163265,48.503401,13.605442,0.006789,0.031896,0.016566,115,0.000000,0.000000,0.535785,0.949978,0.010055,-0.346953,0.535785,0.030799,0.364759,0.000000,0.949978,0.364759,9.241446,17.235203,79.076691,-227.661224,-647.165588,-421.499054,503.034787,395.589454,728.206210,298.614711,76.059200,217.990344,0.312305,0,0.000000,7163.147839,255.533208,421.042171,227.12
20260803_232747,305.410,1,Right,2900,93.965517,85.206897,93.965517,14.379310,0.006108,0.041913,0.007948,168,0.000000,0.000000,0.186060,0.944949,0.025435,-0.168174,0.186060,0.043931,0.704858,0.000000,0.944949,0.704858,16.637088,17.234628,-609.112549,-432.142334,-647.165588,-421.499054,503.034787,395.589454,39.309616,209.188613,56.487902,138.997552,0.253219,0,0.000000,7163.147839,255.533208,421.042171,227.12
20260803_232747,310.414,1,Left,2989,47.942456,47.373704,47.942456,13.549682,0.006823,0.031941,0.016525,116,0.000000,0.000000,0.535785,0.949978,0.010177,-0.346953,0.535785,0.030581,0.360252,0.000000,0.949978,0.360252,9.157789,17.236167,77.202431,-245.799927,-691.861267,-343.279419,520.627821,404.049880,754.110730,298.658245,76.059200,218.033776,0.312719,0,0.002984,9140.622896,261.191751,435.723111,344.11
20260803_232747,310.414,1,Right,2949,94.065785,85.452696,94.065785,14.174296,0.006045,0.041666,0.007857,170,0.000000,0.000000,0.186060,0.944949,0.025700,-0.168174,0.186060,0.043888,0.705221,0.000000,0.944949,0.705221,16.653312,17.235615,-667.108521,-364.926239,-691.861267,-343.279419,520.627821,404.049880,29.679847,208.073772,56.487902,137.886514,0.252731,0,0.002984,9140.622896,261.191751,435.723111,344.11
20260803_232747,315.418,1,Left,3036,47.200264,46.640316,47.200264,13.339921,0.006717,0.031447,0.016525,116,0.000000,0.000000,0.535785,0.949978,0.010019,-0.346953,0.535785,0.030107,0.354675,0.000000,0.949978,0.354675,9.039026,17.236954,77.201889,-245.803055,-715.838745,-255.699371,531.672810,412.807776,775.195057,298.658245,76.059200,218.033776,0.312719,0,0.000000,8303.154025,270.283689,448.040147,237.70
20260803_232747,315.418,1,Right,2995,94.156928,85.676127,94.156928,14.123539,0.006015,0.041467,0.007812,172,0.000000,0.000000,0.186060,0.944949,0.025493,-0.168174,0.186060,0.043813,0.706709,0.000000,0.944949,0.706709,16.678691,17.236407,-691.555237,-277.319214,-715.838745,-255.699371,531.672810,412.807776,35.951955,207.882564,56.487902,137.692114,0.253319,0,0.000000,8303.154025,270.283689,448.040147,237.70
20260803_232747,320.424,1,Left,3083,46.610444,46.156341,46.610444,13.168991,0.006734,0.031239,0.016807,116,0.000000,0.000000,0.535785,0.949978,0.009576,-0.346953,0.535785,0.029939,0.350006,0.000000,0.949978,0.350006,8.925579,17.237774,76.987129,-246.449997,-717.374756,-167.051971,537.629014,411.196309,783.843103,298.586261,76.059200,217.961734,0.313068,0,0.005789,8651.633950,269.061227,452.754857,335.46
20260803_232747,320.424,1,Right,3040,94.243421,85.460526,94.243421,14.046053,0.006006,0.041228,0.007781,173,0.000000,0.000000,0.186060,0.944949,0.025887,-0.168174,0.186060,0.044028,0.707245,0.000000,0.944949,0.707245,16.702157,17.237215,-711.517761,-190.401184,-717.374756,-167.051971,537.629014,411.196309,23.470616,206.578975,56.487902,136.385502,0.252859,0,0.005789,8651.633950,269.061227,452.754857,335.46
20260803_232747,325.438,1,Left,3131,46.630469,45.640370,46.630469,13.573938,0.007071,0.031780,0.016727,120,0.000000,0.000000,0.535785,0.949978,0.008067,-0.346953,0.535785,0.030843,0.348931,0.000000,0.949978,0.348931,8.913357,17.238664,81.815468,-285.605774,-696.064758,-77.683662,540.627752,415.027972,793.268768,299.814799,76.059200,219.189947,0.315650,0,0.000000,7982.515439,274.826179,458.350488,283.84
20260803_232747,325.438,1,Right,3087,94.331066,85.584710,94.331066,13.896987,0.006006,0.040908,0.007794,174,0.000000,0.000000,0.186060,0.944949,0.025347,-0.168174,0.186060,0.044008,0.708124,0.000000,0.944949,0.708124,16.723496,17.238110,-688.262451,-101.294914,-696.064758,-77.683662,540.627752,415.027972,31.307701,204.925137,56.487902,134.728607,0.251434,0,0.000000,7982.515439,274.826179,458.350488,283.84
20260803_232747,330.450,1,Left,3178,46.098175,45.122719,46.098175,13.499056,0.007178,0.031637,0.016904,120,0.000000,0.000000,0.535785,0.949978,0.007428,-0.346953,0.535785,0.030906,0.344609,0.000000,0.949978,0.344609,8.817756,17.239409,89.059029,-292.240204,-654.486450,1.027217,542.221268,414.475638,791.223835,299.577730,76.059200,218.952809,0.316539,0,0.007308,11433.473830,271.232450,457.023718,238.41
20260803_232747,330.450,1,Right,3134,94.320357,84.811742,94.320357,13.911934,0.006103,0.040848,0.007798,177,0.000000,0.000000,0.186060,0.944949,0.026228,-0.168174,0.186060,0.044609,0.707318,0.000000,0.944949,0.707318,16.707419,17.238874,-663.362549,-27.274078,-654.280151,1.322139,542.221268,414.475638,24.018328,203.254546,56.487902,133.064883,0.250215,0,0.007308,11433.473830,271.232450,457.023718,238.41
20260803_232747,335.451,1,Left,3228,45.600991,44.826518,45.600991,13.475836,0.007200,0.031463,0.016904,121,0.000000,0.000000,0.535785,0.949978,0.006975,-0.346953,0.535785,0.030765,0.340378,0.000000,0.949978,0.340378,8.724595,17.240316,97.077019,-294.699127,-593.774902,68.068893,525.846995,402.191567,776.441034,299.257517,76.059200,218.632499,0.316929,0,0.000000,8538.506672,269.080640,448.641403,361.48
20260803_232747,335.451,1,Right,3183,94.407791,85.014138,94.407791,13.697769,0.006127,0.040379,0.007821,178,0.000000,0.000000,0.186060,0.944949,0.025231,-0.168174,0.186060,0.044759,0.709471,0.000000,0.944949,0.709471,16.752062,17.239788,-597.785400,44.327835,-593.774902,68.068893,525.846995,402.191567,31.251328,202.025916,56.487902,131.833103,0.249802,0,0.000000,8538.506672,269.080640,448.641403,361.48
20260803_232747,340.462,1,Left,3276,45.268620,44.352869,45.268620,13.522589,0.007247,0.031535,0.017115,122,0.000000,0.000000,0.535785,0.949978,0.006794,-0.346953,0.535785,0.030632,0.337143,0.000000,0.949978,0.337143,8.655489,17.241049,108.541527,-296.395691,-518.914856,117.544197,512.743039,392.975407,752.369297,299.054862,76.059200,218.429695,0.317286,0,0.000000,12484.468820,259.353556,434.787323,326.91
20260803_232747,340.462,1,Right,3231,94.490870,84.493965,94.490870,13.679975,0.006200,0.040704,0.007894,185,0.000000,0.000000,0.192861,0.944949,0.026015,-0.168174,0.192861,0.045619,0.708808,0.000000,0.944949,0.708808,16.741704,17.240532,-537.611755,88.842651,-518.914856,117.544197,512.743039,392.975407,32.565146,200.627823,56.487902,130.439353,0.249290,0,0.000000,12484.468820,259.353556,434.787323,326.91
20260803_232747,345.465,1,Left,3323,44.718628,43.906109,44.718628,13.421607,0.007199,0.031262,0.017115,122,0.000000,0.000000,0.535785,0.949978,0.006534,-0.346953,0.535785,0.030362,0.332943,0.000000,0.949978,0.332943,8.570355,17.241994,116.049210,-297.558167,-433.792511,147.043320,481.749619,366.403614,712.399324,299.039738,76.059200,218.414530,0.317573,0,0.001228,8531.634902,245.016980,411.605108,241.86
20260803_232747,345.465,1,Right,3277,94.568203,84.528532,94.568203,13.671041,0.006229,0.040718,0.007897,186,0.000000,0.000000,0.192861,0.944949,0.025473,-0.168174,0.192861,0.045932,0.710266,0.000000,0.944949,0.710266,16.774777,17.241481,-453.461151,130.496765,-433.792511,147.043320,481.749619,366.403614,27.267135,199.860701,56.487902,129.669345,0.249548,0,0.001228,8531.634902,245.016980,411.605108,241.86
20260803_232747,350.475,1,Left,3369,44.286138,43.484714,44.286138,13.386762,0.007297,0.031140,0.017115,122,0.000000,0.000000,0.535785,0.949978,0.005862,-0.346953,0.535785,0.030531,0.329318,0.000000,0.949978,0.329318,8.490940,17.242659,124.001633,-296.691193,-345.449585,154.543228,444.273659,339.174985,661.126633,298.655807,76.059200,218.030519,0.318523,0,0.000000,8420.029756,229.052373,382.201347,331.17
20260803_232747,350.475,1,Right,3323,94.643395,84.321396,94.643395,13.572073,0.006279,0.040479,0.007890,189,0.000000,0.000000,0.192861,0.944949,0.025606,-0.168174,0.192861,0.046499,0.711175,0.000000,0.944949,0.711175,16.796115,17.242162,-366.191437,136.948120,-345.449585,154.543228,444.273659,339.174985,33.840562,198.506515,56.487902,128.312358,0.248960,0,0.000000,8420.029756,229.052373,382.201347,331.17
20260803_232747,355.480,1,Left,3417,43.664033,43.078724,43.664033,13.198712,0.007195,0.030702,0.017115,122,0.000000,0.000000,0.535785,0.949978,0.005780,-0.346953,0.535785,0.030102,0.324692,0.000000,0.949978,0.324692,8.394943,17.243391,124.406281,-296.630920,-255.193817,139.401917,406.953022,308.085709,592.656986,298.655807,76.059200,218.030519,0.318523,0,0.012721,7661.515121,198.703237,342.524325,228.98
20260803_232747,355.480,1,Right,3371,94.719668,84.159003,94.719668,13.527143,0.006337,0.040694,0.007959,193,0.000000,0.000000,0.192861,0.944949,0.026098,-0.168174,0.192861,0.047149,0.709316,0.000000,0.944949,0.709316,16.762004,17.242911,-293.225769,140.668320,-255.193817,139.401917,406.953022,308.085709,26.952493,197.010981,56.487902,126.824515,0.247992,0,0.012721,7661.515121,198.703237,342.524325,228.98
20260803_232747,360.493,1,Left,3463,43.459428,42.708634,43.459428,13.341034,0.007422,0.030902,0.017115,124,0.000000,0.000000,0.535785,0.949978,0.004649,-0.346953,0.535785,0.030756,0.322356,0.000000,0.949978,0.322356,8.340218,17.243959,137.836548,-285.417816,-172.902206,102.739899,349.127869,266.711468,516.899428,297.987574,76.059200,217.362115,0.320254,0,0.000000,7720.181187,176.816034,299.330935,325.59
20260803_232747,360.493,1,Right,3416,94.789227,84.250585,94.789227,13.466042,0.006412,0.040616,0.007987,198,0.000000,0.000000,0.192861,0.944949,0.025384,-0.168174,0.192861,0.047229,0.711332,0.000000,0.944949,0.711332,16.796898,17.243482,-208.184494,94.615089,-172.902206,102.739899,349.127869,266.711468,40.149815,196.690314,56.487902,126.501119,0.248485,0,0.000000,7720.181187,176.816034,299.330935,325.59
20260803_232747,365.503,1,Left,3511,43.320991,42.466534,43.320991,13.471945,0.007582,0.031200,0.017147,126,0.000000,0.000000,0.535785,0.949978,0.003879,-0.346953,0.535785,0.031042,0.320443,0.000000,0.949978,0.320443,8.292938,17.244778,142.419250,-264.441193,-103.552238,48.076275,282.320071,212.420635,422.154507,296.654005,76.059200,216.028338,0.320461,0,0.016927,2036.949503,141.708140,244.135152,325.87
20260803_232747,365.503,1,Right,3464,94.861432,84.237875,94.861432,13.452656,0.006392,0.040774,0.007932,199,0.000000,0.000000,0.192861,0.944949,0.025988,-0.168174,0.192861,0.047529,0.711567,0.000000,0.944949,0.711567,16.812309,17.244318,-128.132095,59.574814,-103.552238,48.076275,282.320071,212.420635,24.320566,195.683831,56.487902,125.491806,0.248147,0,0.016927,2036.949503,141.708140,244.135152,325.87
20260803_232747,370.505,1,Left,3560,42.724719,42.078652,42.724719,13.286517,0.007477,0.030771,0.017147,126,0.000000,0.000000,0.535785,0.949978,0.003825,-0.346953,0.535785,0.030615,0.316033,0.000000,0.949978,0.316033,8.198722,17.245532,142.449265,-263.720825,-48.139305,-24.308393,221.464799,167.292153,330.111080,296.654005,76.059200,216.028338,0.320461,0,0.000000,2121.268695,111.632817,190.631358,347.07
20260803_232747,370.505,1,Right,3512,94.931663,84.453303,94.931663,13.411162,0.006380,0.040831,0.007896,202,0.000000,0.000000,0.192861,0.944949,0.025406,-0.168174,0.192861,0.047411,0.712710,0.000000,0.944949,0.712710,16.833613,17.245077,-75.547256,-16.228979,-48.139305,-24.308393,221.464799,167.292153,6.900660,194.859584,56.487902,124.664811,0.247740,0,0.000000,2121.268695,111.632817,190.631358,347.07
20260803_232747,375.509,1,Left,3610,42.770083,41.883657,42.770083,13.462604,0.007903,0.031279,0.017531,127,0.000000,0.000000,0.535785,0.949978,0.001860,-0.497681,0.535785,0.032103,0.315820,0.000000,0.949978,0.315820,8.193423,17.246290,118.655640,-237.429413,-13.173456,-106.559471,142.460686,106.868673,202.777038,296.636903,76.059200,216.010946,0.323775,0,0.047973,163.116654,68.180604,117.091575,226.63
20260803_232747,375.509,1,Right,3562,95.002807,83.997754,95.002807,13.672094,0.006439,0.040964,0.007950,203,0.000000,0.000000,0.192861,0.944949,0.026091,-0.168174,0.192861,0.047858,0.712383,0.000000,0.944949,0.712383,16.835229,17.245852,-31.235859,-85.190781,-13.173456,-106.559471,142.460686,106.868673,3.575427,193.920178,56.487902,123.722626,0.247647,0,0.047973,163.116654,68.180604,117.091575,226.63
20260803_232747,380.513,1,Left,3657,43.368882,42.329779,43.368882,13.754444,0.008010,0.031887,0.018130,132,0.000000,0.000000,0.535785,0.949978,0.002047,-0.497681,0.535785,0.032130,0.319962,0.000000,0.949978,0.319962,8.254584,17.246814,57.551872,-238.055603,0.442398,-194.529922,69.986079,52.946472,82.104996,300.387060,76.059200,219.760594,0.324507,0,0.183477,85.271857,26.013428,47.466383,346.41
20260803_232747,380.513,1,Right,3608,95.066519,84.007761,95.066519,13.608647,0.006549,0.041053,0.008058,208,0.000000,0.000000,0.192861,0.944949,0.025683,-0.168174,0.192861,0.048071,0.712637,0.000000,0.944949,0.712637,16.832120,17.246378,-16.524406,-164.964630,0.442398,-194.529922,69.986079,52.946472,4.235837,193.142537,56.487902,122.942500,0.247329,0,0.183477,85.271857,26.013428,47.466383,346.41
20260803_232747,385.516,1,Left,3706,43.955747,42.687534,43.955747,13.896384,0.008399,0.031733,0.019231,133,0.000000,0.000000,0.719700,0.949978,-0.001172,-0.719700,0.535785,0.034897,0.320096,0.000000,0.949978,0.320096,8.279641,17.247460,8.976171,-233.495850,-8.179044,-284.205292,40.105594,40.537637,28.774080,295.729205,11.968410,216.759848,0.343905,20,0.339354,131.755240,8.491099,16.869346,180.24
20260803_232747,385.516,1,Right,3657,95.132622,83.948592,95.132622,13.617719,0.006534,0.041042,0.008030,214,0.000000,0.000000,0.192861,0.944949,0.025730,-0.168174,0.192861,0.048132,0.714232,0.000000,0.944949,0.714232,16.864770,17.247039,-20.394699,-259.519836,-8.179044,-284.205292,40.105594,40.537637,5.077088,193.074984,56.487902,122.872371,0.247911,0,0.339354,131.755240,8.491099,16.869346,180.24
20260803_232747,390.522,1,Left,3752,43.949893,43.097015,43.949893,14.125800,0.008549,0.031877,0.019718,135,0.000000,0.000000,0.719700,0.949978,-0.001348,-0.719700,0.535785,0.035031,0.317852,0.000000,0.949978,0.317852,8.223899,17.247932,19.991615,-242.613892,-38.959053,-369.252716,93.918300,90.146819,114.078146,292.964906,11.968410,214.361167,0.342918,20,0.092883,424.292851,42.455555,68.199089,224.94
20260803_232747,390.522,1,Right,3703,95.166082,83.607885,95.166082,13.826627,0.006625,0.041625,0.008133,221,0.000000,0.000000,0.192861,0.944949,0.026066,-0.168174,0.192861,0.048249,0.712270,0.000000,0.944949,0.712270,16.828549,17.247522,-33.109447,-329.070038,-38.959053,-369.252716,93.918300,90.146819,30.651648,192.291775,56.487902,122.086861,0.247559,0,0.092883,424.292851,42.455555,68.199089,224.94
20260803_232747,395.533,1,Left,3797,44.192784,43.350013,44.192784,14.432447,0.008774,0.032612,0.020313,139,0.000000,0.000000,0.719700,0.949978,-0.000288,-0.719700,0.535785,0.035660,0.318633,0.000000,0.949978,0.318633,8.226663,17.248702,31.928047,-278.685852,-89.965584,-443.944183,139.819446,127.059582,178.620536,292.100748,11.968410,213.461728,0.343397,20,0.059424,2172.152352,65.897157,106.428607,361.55
20260803_232747,395.533,1,Right,3748,95.197439,83.671291,95.197439,14.007471,0.006633,0.042139,0.008153,224,0.000000,0.000000,0.192861,0.944949,0.025737,-0.168174,0.192861,0.048113,0.712398,0.000000,0.944949,0.712398,16.829299,17.248307,-85.171822,-395.410583,-89.965584,-443.944183,139.819446,127.059582,45.561488,193.036240,56.487902,122.829131,0.248384,0,0.059424,2172.152352,65.897157,106.428607,361.55
20260803_232747,400.543,1,Left,3842,44.403956,43.649141,44.403956,14.679854,0.008728,0.033293,0.020046,139,0.000000,0.000000,0.719700,0.949978,-0.000126,-0.719700,0.535785,0.035401,0.319575,0.000000,0.949978,0.319575,8.245805,17.249115,28.262197,-326.795837,-157.085205,-502.959686,172.307329,153.687159,227.918223,293.498193,11.968410,214.826248,0.343211,20,0.047867,2292.325045,84.441368,134.307032,345.24
20260803_232747,400.543,1,Right,3793,95.122594,83.575007,95.122594,14.078566,0.006639,0.042313,0.008253,228,0.000000,0.000000,0.192861,0.944949,0.025867,-0.168174,0.192861,0.047995,0.712309,0.000000,0.944949,0.712309,16.821304,17.248730,-137.314117,-455.227570,-157.085205,-502.959686,172.307329,153.687159,46.566302,194.666393,56.487902,124.457335,0.249546,0,0.047867,2292.325045,84.441368,134.307032,345.24
20260803_232747,405.553,1,Left,3886,44.904786,44.132784,44.904786,15.028307,0.008702,0.033936,0.019771,141,0.000000,0.000000,0.719700,0.949978,0.000107,-0.719700,0.535785,0.035232,0.323085,0.000000,0.949978,0.323085,8.325681,17.249605,7.530835,-400.364685,-237.351257,-543.866699,190.796946,159.742819,255.771063,299.518811,11.968410,220.802765,0.343586,20,0.050536,1985.959092,88.495655,149.222417,262.72
20260803_232747,405.553,1,Right,3837,95.178525,83.763357,95.178525,13.917123,0.006578,0.041906,0.008180,230,0.000000,0.000000,0.192861,0.944949,0.025665,-0.168174,0.192861,0.047539,0.714178,0.000000,0.944949,0.714178,16.857549,17.249231,-218.654297,-513.507629,-237.351257,-543.866699,190.796946,159.742819,37.190763,195.306696,56.487902,125.095544,0.250015,0,0.050536,1985.959092,88.495655,149.222417,262.72
20260803_232747,410.562,1,Left,3931,44.543373,43.805647,44.543373,14.983465,0.008634,0.033855,0.019774,141,0.000000,0.000000,0.719700,0.949978,0.000174,-0.719700,0.535785,0.034897,0.320247,0.000000,0.949978,0.320247,8.279816,17.250214,1.538736,-414.926208,-324.544037,-563.495361,239.165771,192.494831,328.960197,300.963724,11.968410,222.241067,0.343760,20,0.055343,749.791184,111.937966,190.690455,370.85
20260803_232747,410.562,1,Right,3882,95.234415,83.874292,95.234415,13.858836,0.006545,0.041708,0.008133,231,0.000000,0.000000,0.192861,0.944949,0.025964,-0.168174,0.192861,0.047585,0.715090,0.000000,0.944949,0.715090,16.877309,17.249851,-303.624298,-546.974915,-324.544037,-563.495361,239.165771,192.494831,29.559058,194.830017,56.487902,124.616774,0.250165,0,0.055343,749.791184,111.937966,190.690455,370.85
20260803_232747,415.565,1,Left,3979,44.006032,43.578789,44.006032,14.802714,0.008529,0.033447,0.019774,141,0.000000,0.000000,0.719700,0.949978,0.000172,-0.719700,0.535785,0.034476,0.316384,0.000000,0.949978,0.316384,8.200979,17.250742,1.537382,-414.929047,-415.663086,-560.762939,294.636362,233.177248,411.972410,300.963724,11.968410,222.241067,0.343760,20,0.003436,371.775447,140.406145,238.354484,348.25
20260803_232747,415.565,1,Right,3930,95.292621,84.071247,95.292621,13.740458,0.006505,0.041455,0.008092,233,0.000000,0.000000,0.192861,0.944949,0.025994,-0.168174,0.192861,0.047488,0.715542,0.000000,0.944949,0.715542,16.888257,17.250393,-392.603058,-552.788208,-415.663086,-560.762939,294.636362,233.177248,26.782710,193.808561,56.487902,123.593144,0.249332,0,0.003436,371.775447,140.406145,238.354484,348.25
20260803_232747,420.569,1,Left,4027,43.481500,43.059349,43.481500,14.626273,0.008428,0.033048,0.019774,141,0.000000,0.000000,0.719700,0.949978,0.000170,-0.719700,0.535785,0.034065,0.312613,0.000000,0.949978,0.312613,8.127488,17.251492,1.537382,-414.929047,-501.523071,-535.945007,345.023162,272.147347,487.624848,300.963724,11.968410,222.241067,0.343760,20,0.005067,525.333091,167.705152,281.999869,231.18
20260803_232747,420.569,1,Right,3978,95.349422,84.263449,95.349422,13.574661,0.006461,0.041407,0.008083,237,0.000000,0.000000,0.192861,0.944949,0.025926,-0.168174,0.192861,0.047161,0.715540,0.000000,0.944949,0.715540,16.892780,17.251157,-474.785492,-533.150940,-501.523071,-535.945007,345.023162,272.147347,28.174204,192.661936,56.487902,122.446512,0.247925,0,0.005067,525.333091,167.705152,281.999869,231.18
20260803_232747,425.574,1,Left,4075,42.969325,42.552147,42.969325,14.453988,0.008328,0.032659,0.019774,141,0.000000,0.000000,0.719700,0.949978,0.000168,-0.719700,0.535785,0.033664,0.308931,0.000000,0.949978,0.308931,8.052461,17.251877,1.537382,-414.929047,-578.337830,-490.959808,390.219075,304.860368,555.892030,300.963724,11.968410,222.241067,0.343760,20,0.002315,1590.858278,190.905033,321.334269,342.81
20260803_232747,425.574,1,Right,4025,95.403727,84.447205,95.403727,13.614907,0.006440,0.041691,0.008077,239,0.000000,0.000000,0.192861,0.944949,0.025979,-0.168174,0.192861,0.046966,0.715611,0.000000,0.944949,0.715611,16.904316,17.251544,-553.717712,-494.562744,-578.337830,-490.959808,390.219075,304.860368,27.407806,191.709360,56.487902,121.491886,0.246984,0,0.002315,1590.858278,190.905033,321.334269,342.81
20260803_232747,430.582,1,Left,4122,42.479379,42.212518,42.479379,14.289180,0.008234,0.032286,0.019774,141,0.000000,0.000000,0.719700,0.949978,0.000166,-0.719700,0.535785,0.033280,0.305408,0.000000,0.949978,0.305408,7.974321,17.252270,1.537382,-414.929047,-642.434326,-427.653778,430.036161,335.275029,616.549635,300.963724,11.968410,222.241067,0.343760,20,0.000000,2730.288709,212.692977,356.357136,330.44
20260803_232747,430.582,1,Right,4072,95.456778,84.626719,95.456778,13.482318,0.006386,0.041508,0.008031,242,0.000000,0.000000,0.192861,0.944949,0.025828,-0.168174,0.192861,0.046572,0.715606,0.000000,0.944949,0.715606,16.906982,17.251945,-617.632996,-436.853577,-642.434326,-427.653778,430.036161,335.275029,28.944306,190.627248,56.487902,120.407774,0.245610,0,0.000000,2730.288709,212.692977,356.357136,330.44
20260803_232747,435.595,1,Left,4167,42.020638,41.756659,42.020638,14.134869,0.008145,0.031938,0.019774,141,0.000000,0.000000,0.719700,0.949978,0.000164,-0.719700,0.535785,0.032921,0.302110,0.000000,0.949978,0.302110,7.909133,17.252761,1.537382,-414.929047,-688.515320,-351.074310,464.063009,363.284597,667.363347,300.963724,11.968410,222.241067,0.343760,20,0.004243,6204.193451,231.890020,385.693041,249.53
20260803_232747,435.595,1,Right,4116,95.432459,84.620991,95.432459,13.532556,0.006418,0.041844,0.008012,245,0.000000,0.000000,0.192861,0.944949,0.026073,-0.168174,0.192861,0.046595,0.715304,0.000000,0.944949,0.715304,16.897916,17.252438,-662.733337,-372.571381,-688.515320,-351.074310,464.063009,363.284597,30.058729,189.993581,56.487902,119.772402,0.245327,0,0.004243,6204.193451,231.890020,385.693041,249.53
20260803_232747,440.596,1,Left,4216,41.532258,41.413662,41.532258,13.970588,0.008050,0.031567,0.019774,141,0.000000,0.000000,0.719700,0.949978,0.000163,-0.719700,0.535785,0.032538,0.298599,0.000000,0.949978,0.298599,7.838106,17.253143,1.537382,-414.929047,-714.608337,-263.728485,489.879686,379.760833,708.726592,300.963724,11.968410,222.241067,0.343760,20,0.000000,5697.332722,245.216250,409.538203,294.15
20260803_232747,440.596,1,Right,4165,95.486194,84.777911,95.486194,13.445378,0.006397,0.041742,0.007993,246,0.000000,0.000000,0.192861,0.944949,0.025687,-0.168174,0.192861,0.046363,0.716125,0.000000,0.944949,0.716125,16.918688,17.252828,-696.508362,-284.549408,-714.608337,-263.728485,489.879686,379.760833,29.516713,189.334805,56.487902,119.111634,0.244929,0,0.000000,5697.332722,245.216250,409.538203,294.15
20260803_232747,445.607,1,Left,4263,41.074361,41.121276,41.074361,13.816561,0.007961,0.031219,0.019774,141,0.000000,0.000000,0.719700,0.949978,0.000161,-0.719700,0.535785,0.032179,0.295307,0.000000,0.949978,0.295307,7.774331,17.253619,1.537382,-414.929047,-718.083191,-174.421188,509.647961,394.595629,738.320024,300.963724,11.968410,222.241067,0.343760,20,0.003454,8521.180127,255.413229,426.581545,347.35
20260803_232747,445.607,1,Right,4211,95.535502,84.540489,95.535502,13.298504,0.006373,0.041554,0.007994,250,0.000000,0.000000,0.192861,0.944949,0.026010,-0.168174,0.192861,0.046460,0.716123,0.000000,0.944949,0.716123,16.920440,17.253306,-707.159424,-202.837601,-718.083191,-174.421188,509.647961,394.595629,28.266327,188.433298,56.487902,118.208300,0.244219,0,0.003454,8521.180127,255.413229,426.581545,347.35
20260803_232747,450.610,1,Left,4310,40.626450,40.672854,40.626450,13.665893,0.007874,0.030878,0.019774,141,0.000000,0.000000,0.719700,0.949978,0.000159,-0.719700,0.535785,0.031828,0.292086,0.000000,0.949978,0.292086,7.712195,17.254193,1.537382,-414.929047,-699.094727,-85.990891,518.725022,398.021868,756.768349,300.963724,11.968410,222.241067,0.343760,20,0.000000,6176.208103,261.140572,437.225175,336.73
20260803_232747,450.610,1,Right,4257,95.583744,84.707541,95.583744,13.201785,0.006329,0.041424,0.007955,252,0.000000,0.000000,0.192861,0.944949,0.025757,-0.168174,0.192861,0.046079,0.717059,0.000000,0.944949,0.717059,16.945522,17.253884,-693.573975,-107.325661,-699.094727,-85.990891,518.725022,398.021868,28.270590,187.675049,56.487902,117.448266,0.243459,0,0.000000,6176.208103,261.140572,437.225175,336.73
20260803_232747,455.620,1,Left,4357,40.188203,40.234106,40.188203,13.518476,0.007789,0.030545,0.019774,141,0.000000,0.000000,0.719700,0.949978,0.000157,-0.719700,0.535785,0.031485,0.288936,0.000000,0.949978,0.288936,7.647076,17.254521,1.537382,-414.929047,-659.462158,-6.282482,522.300978,402.734493,763.325006,300.963724,11.968410,222.241067,0.343760,20,0.000000,8692.944933,265.054188,441.089478,247.74
20260803_232747,455.620,1,Right,4304,95.631970,84.642193,95.631970,13.057621,0.006329,0.041139,0.007962,255,0.000000,0.000000,0.192861,0.944949,0.026001,-0.168174,0.192861,0.046380,0.717145,0.000000,0.944949,0.717145,16.944322,17.254221,-658.108215,-34.601105,-659.462158,-6.282482,522.300978,402.734493,31.854646,186.719995,56.487902,116.493725,0.242728,0,0.000000,8692.944933,265.054188,441.089478,247.74
20260803_232747,460.622,1,Left,4404,39.759310,39.804723,39.759310,13.374205,0.007706,0.030219,0.019774,141,0.000000,0.000000,0.719700,0.949978,0.000156,-0.719700,0.535785,0.031149,0.285852,0.000000,0.949978,0.285852,7.583535,17.255029,1.537382,-414.929047,-601.163574,61.553978,520.129184,397.674757,758.234399,300.963724,11.968410,222.241067,0.343760,20,0.007988,9902.131165,260.282233,437.968707,341.31
20260803_232747,460.622,1,Right,4351,95.679154,84.555275,95.679154,12.939554,0.006342,0.041089,0.007969,260,0.000000,0.000000,0.192861,0.944949,0.025958,-0.168174,0.192861,0.046762,0.716553,0.000000,0.944949,0.716553,16.947787,17.254743,-614.852112,38.223454,-601.163574,61.553978,520.129184,397.674757,23.029573,185.731777,56.487902,115.529195,0.242048,0,0.007988,9902.131165,260.282233,437.968707,341.31
20260803_232747,465.622,1,Left,4451,39.339474,39.384408,39.339474,13.232981,0.007625,0.029900,0.019774,141,0.000000,0.000000,0.719700,0.949978,0.000154,-0.719700,0.535785,0.030820,0.282834,0.000000,0.949978,0.282834,7.518921,17.255339,1.537382,-414.929047,-527.258606,113.284195,505.537964,392.736734,741.280519,300.963724,11.968410,222.241067,0.343760,20,0.000000,12320.844979,259.964898,428.643125,354.79
20260803_232747,465.622,1,Right,4396,95.723385,84.554140,95.723385,12.898089,0.006413,0.041067,0.008009,264,0.000000,0.000000,0.192861,0.944949,0.025742,-0.168174,0.192861,0.047088,0.717626,0.000000,0.944949,0.717626,16.951098,17.255047,-539.218689,77.157524,-527.258606,113.284195,505.537964,392.736734,41.327670,185.703001,56.487902,115.498491,0.242659,0,0.000000,12320.844979,259.964898,428.643125,354.79
20260803_232747,470.627,1,Left,4501,38.902466,38.946901,38.902466,13.085981,0.007540,0.029568,0.019774,141,0.000000,0.000000,0.719700,0.949978,0.000152,-0.719700,0.535785,0.030478,0.279692,0.000000,0.949978,0.279692,7.458077,17.255790,1.537382,-414.929047,-442.462860,145.100037,486.428683,370.801763,712.653305,300.963724,11.968410,222.241067,0.343760,20,0.006562,9189.236499,244.786153,411.684543,236.38
20260803_232747,470.627,1,Right,4444,95.769577,84.383438,95.769577,12.758776,0.006390,0.040699,0.007979,265,0.000000,0.000000,0.192861,0.944949,0.026108,-0.168174,0.192861,0.047327,0.717980,0.000000,0.944949,0.717980,16.964812,17.255494,-465.022064,130.406158,-442.462860,145.100037,486.428683,370.801763,24.036520,185.110939,56.487902,114.904417,0.242546,0,0.006562,9189.236499,244.786153,411.684543,236.38
20260803_232747,475.630,1,Left,4550,39.164835,38.527473,39.164835,13.516484,0.007954,0.030081,0.019716,143,0.000000,0.000000,0.719700,0.949978,0.001961,-0.719700,0.535785,0.031960,0.280583,0.000000,0.949978,0.280583,7.466218,17.256148,-28.671267,-433.207153,-353.130493,154.759003,455.210272,349.208864,672.086540,303.617904,11.968410,224.861803,0.347630,20,0.000000,8483.365068,234.146350,388.490792,224.43
20260803_232747,475.630,1,Right,4492,95.814782,84.439003,95.814782,12.778272,0.006407,0.040548,0.007980,266,0.000000,0.000000,0.192861,0.944949,0.025726,-0.168174,0.192861,0.047308,0.718721,0.000000,0.944949,0.718721,16.980484,17.255853,-373.919373,137.736847,-353.130493,154.759003,455.210272,349.208864,32.786709,184.511740,56.487902,114.303251,0.242337,0,0.000000,8483.365068,234.146350,388.490792,224.43
20260803_232747,480.639,1,Left,4595,38.890098,38.150163,38.890098,13.471164,0.007911,0.029807,0.019929,144,0.000000,0.000000,0.719700,0.949978,0.002041,-0.719700,0.535785,0.031746,0.277849,0.000000,0.949978,0.277849,7.414315,17.256795,-34.860283,-432.368378,-265.231567,142.279160,429.217521,327.651851,623.403520,302.845914,11.968410,224.380758,0.349014,25,0.008488,10145.970189,212.665475,360.259096,254.05
20260803_232747,480.639,1,Right,4537,95.790170,84.086401,95.790170,12.893983,0.006451,0.040592,0.007960,267,0.000000,0.000000,0.192861,0.944949,0.026177,-0.168174,0.192861,0.047545,0.717282,0.000000,0.944949,0.717282,16.960257,17.256511,-301.409851,141.056778,-265.231567,142.279160,429.217521,327.651851,26.979610,183.653162,56.487902,113.442988,0.241681,0,0.008488,10145.970189,212.665475,360.259096,254.05
20260803_232747,485.643,1,Left,4643,38.509584,37.992677,38.509584,13.353435,0.007847,0.029499,0.019929,144,0.000000,0.000000,0.719700,0.949978,0.002038,-0.719700,0.535785,0.031436,0.274976,0.000000,0.949978,0.274976,7.355914,17.257109,-34.860519,-432.368378,-182.431976,108.313751,424.166860,329.133306,568.732057,302.692034,11.968410,224.284872,0.349290,26,0.004245,23519.503018,183.734355,331.558115,177.58
20260803_232747,485.643,1,Right,4585,95.245365,83.598691,95.245365,13.020720,0.006516,0.040745,0.008198,268,0.000000,0.000000,0.192861,0.944949,0.026025,-0.168174,0.192861,0.047519,0.712512,0.000000,0.944949,0.712512,16.844442,17.256834,-277.332642,131.981369,-182.431976,108.313751,424.166860,329.133306,79.600234,183.578676,56.487902,113.367671,0.242144,0,0.004245,23519.503018,183.734355,331.558115,177.58
20260803_232747,490.651,1,Left,4691,38.243445,37.817097,38.243445,13.323385,0.007868,0.029197,0.019929,144,0.000000,0.000000,0.719700,0.949978,0.001794,-0.719700,0.535785,0.031337,0.272163,0.000000,0.949978,0.272163,7.292873,17.257399,-34.860519,-432.368378,-109.529396,53.975193,410.539240,322.301385,504.303325,301.793858,11.968410,223.690300,0.350454,26,0.002091,31494.968288,154.427800,301.495431,354.49
20260803_232747,490.651,1,Right,4632,94.624352,83.139033,94.624352,13.126079,0.006604,0.041011,0.008207,269,0.000000,0.000000,0.192861,0.944949,0.026156,-0.168174,0.192861,0.047432,0.707405,0.000000,0.944949,0.707405,16.742677,17.257124,-249.844009,113.862938,-109.529396,53.975193,410.539240,322.301385,135.560475,183.926131,56.487902,113.714498,0.242791,0,0.002091,31494.968288,154.427800,301.495431,354.49
20260803_232747,495.659,1,Left,4739,37.856088,37.581768,37.856088,13.188436,0.007789,0.028901,0.019929,144,0.000000,0.000000,0.719700,0.949978,0.001776,-0.719700,0.535785,0.031020,0.269406,0.000000,0.949978,0.269406,7.234155,17.257823,-34.860519,-432.368378,-53.133415,-15.975268,395.002043,313.152670,432.862608,301.793858,11.968410,223.690300,0.350454,26,0.000438,36322.465684,126.619529,274.155147,350.72
20260803_232747,495.659,1,Right,4680,94.038462,82.820513,94.038462,13.205128,0.006647,0.041121,0.008298,270,0.000000,0.000000,0.192861,0.944949,0.026206,-0.168174,0.192861,0.047264,0.702704,0.000000,0.944949,0.702704,16.637599,17.257566,-234.100632,89.599007,-53.133415,-15.975268,395.002043,313.152670,195.225757,184.694903,56.487902,114.482570,0.243479,0,0.000438,36322.465684,126.619529,274.155147,350.72
20260803_232747,500.663,1,Left,4786,37.609695,37.338069,37.609695,13.163393,0.007712,0.028657,0.019929,145,0.000000,0.000000,0.719700,0.949978,0.001758,-0.719700,0.535785,0.030715,0.266794,0.000000,0.949978,0.266794,7.179376,17.258177,-35.233963,-432.189667,-15.495445,-98.745132,392.531657,310.468176,353.770189,300.934683,11.968410,223.066678,0.350434,26,0.000000,37760.387513,98.764454,258.385932,244.48
20260803_232747,500.663,1,Right,4727,93.103448,82.102814,93.103448,13.073831,0.006581,0.040712,0.008298,270,0.000000,0.000000,0.192861,0.944949,0.025945,-0.168174,0.192861,0.046794,0.695717,0.000000,0.944949,0.695717,16.493210,17.257925,-233.261963,88.054245,-15.495445,-98.745132,392.531657,310.468176,274.110420,184.694903,56.487902,114.482570,0.243479,0,0.000000,37760.387513,98.764454,258.385932,244.48
20260803_232747,505.670,1,Left,4835,37.352637,36.959669,37.352637,13.133402,0.007678,0.028407,0.019929,145,0.000000,0.000000,0.719700,0.949978,0.001836,-0.719700,0.535785,0.030500,0.264123,0.000000,0.949978,0.264123,7.123675,17.258447,-35.585342,-432.019592,0.096267,-186.145569,376.406952,295.728091,271.658933,300.111649,11.968410,222.416768,0.350179,26,0.000000,32198.080908,87.971107,248.183474,264.41
20260803_232747,505.670,1,Right,4775,92.460733,81.884817,92.460733,13.172775,0.006591,0.040764,0.008313,272,0.000000,0.000000,0.192861,0.944949,0.025893,-0.168174,0.192861,0.046533,0.690397,0.000000,0.944949,0.690397,16.372958,17.258195,-227.775391,70.229179,0.096267,-186.145569,376.406952,295.728091,333.146417,185.510557,56.487902,115.297684,0.244024,0,0.000000,32198.080908,87.971107,248.183474,264.41
20260803_232747,510.678,1,Left,4888,37.070376,36.640753,37.070376,12.990998,0.007669,0.028272,0.019982,146,0.000000,0.000000,0.719700,0.949978,0.002198,-0.719700,0.535785,0.030551,0.261916,0.000000,0.949978,0.261916,7.063817,17.258743,-37.141415,-431.003113,-6.386005,-275.764435,362.910124,280.487880,184.830043,299.506494,11.968410,221.817553,0.350081,26,0.000000,21848.188139,97.219509,252.097174,330.10
20260803_232747,510.678,1,Right,4827,91.609695,81.002693,91.609695,13.155169,0.006581,0.040550,0.008313,273,0.000000,0.000000,0.192861,0.944949,0.025440,-0.168174,0.192861,0.046205,0.683740,0.000000,0.944949,0.683740,16.226106,17.258494,-226.008392,61.799278,-6.386005,-275.764435,362.910124,280.487880,395.596778,185.765718,56.487902,115.552575,0.244367,0,0.000000,21848.188139,97.219509,252.097174,330.10
20260803_232747,515.687,1,Left,4932,37.631792,37.124899,37.631792,13.219789,0.007848,0.028850,0.020684,149,0.000000,0.000000,0.719700,0.949978,0.003302,-0.719700,0.653343,0.031425,0.265804,0.000000,0.949978,0.265804,7.148951,17.259122,-58.201717,-353.871918,-35.328964,-361.960480,312.285156,244.383908,29.996378,298.897863,11.968410,221.279794,0.350918,26,0.000000,3683.668954,150.469066,266.240827,251.86
20260803_232747,515.687,1,Right,4871,90.823240,80.517348,90.823240,13.056867,0.006537,0.040274,0.008313,274,0.000000,0.000000,0.192861,0.944949,0.025230,-0.168174,0.192861,0.045808,0.677727,0.000000,0.944949,0.677727,16.098585,17.258879,-225.955948,61.629059,-35.328964,-361.960480,312.285156,244.383908,460.166004,185.843006,56.487902,115.629787,0.244423,0,0.000000,3683.668954,150.469066,266.240827,251.86
20260803_232747,520.690,1,Left,4984,37.339486,37.780899,37.339486,13.182183,0.007900,0.028574,0.020871,149,0.000000,0.000000,0.719700,0.949978,0.003769,-0.719700,0.653343,0.031599,0.263047,0.000000,0.949978,0.263047,7.106740,17.259457,-57.827995,-346.811066,-84.014458,-437.054871,346.022666,302.203777,64.225954,298.175830,11.968410,220.820923,0.352891,26,0.003536,12332.302469,186.979565,296.275311,340.34
20260803_232747,520.690,1,Right,4923,89.945155,79.809060,89.945155,13.000203,0.006476,0.039978,0.008313,274,0.000000,0.000000,0.192861,0.944949,0.024995,-0.168174,0.192861,0.045355,0.671061,0.000000,0.944949,0.671061,15.959776,17.259222,-223.480942,53.963787,-84.014458,-437.054871,346.022666,302.203777,509.128871,185.997373,56.487902,115.784001,0.244536,0,0.003536,12332.302469,186.979565,296.275311,340.34
20260803_232747,525.701,1,Left,5029,37.005369,38.218334,37.005369,13.064227,0.007829,0.028318,0.020871,149,0.000000,0.000000,0.719700,0.949978,0.003735,-0.719700,0.653343,0.031316,0.260693,0.000000,0.949978,0.260693,7.056044,17.259779,-57.827995,-346.811066,-150.012177,-498.029297,383.875650,363.008203,147.376134,298.175830,11.968410,220.820923,0.352891,26,0.001693,30066.295895,221.842031,329.098481,334.71
20260803_232747,525.701,1,Right,4968,89.251208,79.086151,89.251208,12.983092,0.006473,0.039820,0.008313,275,0.000000,0.000000,0.192861,0.944949,0.024603,-0.168174,0.192861,0.045110,0.665600,0.000000,0.944949,0.665600,15.838116,17.259550,-221.007202,46.275288,-150.012177,-498.029297,383.875650,363.008203,550.633913,186.024551,56.487902,115.810949,0.244791,0,0.001693,30066.295895,221.842031,329.098481,334.71
20260803_232747,530.706,1,Left,5078,36.648287,37.987397,36.648287,12.938165,0.007754,0.028045,0.020871,149,0.000000,0.000000,0.719700,0.949978,0.003699,-0.719700,0.653343,0.031014,0.258178,0.000000,0.949978,0.258178,7.005815,17.260127,-57.827995,-346.811066,-229.389862,-540.890991,418.498899,419.322901,229.077846,298.175830,11.968410,220.820923,0.352891,26,0.000437,48086.108197,255.597086,362.316630,220.45
20260803_232747,530.706,1,Right,5017,88.499103,78.433327,88.499103,12.955950,0.006512,0.039644,0.008313,275,0.000000,0.000000,0.258307,0.944949,0.024057,-0.258307,0.192861,0.044976,0.659740,0.000000,0.944949,0.659740,15.712876,17.259908,-216.698288,38.578217,-229.389862,-540.890991,418.498899,419.322901,584.245977,186.095121,56.487902,115.881291,0.245271,0,0.000437,48086.108197,255.597086,362.316630,220.45
20260803_232747,535.710,1,Left,5129,36.283876,37.609671,36.283876,12.809515,0.007677,0.027766,0.020871,149,0.000000,0.000000,0.719700,0.949978,0.003663,-0.719700,0.653343,0.030706,0.255610,0.000000,0.949978,0.255610,6.948813,17.260434,-57.827995,-346.811066,-315.857971,-562.543762,445.932872,470.031861,306.373703,298.175830,11.968410,220.820923,0.352891,26,0.000000,62308.579482,288.657917,394.188150,352.23
20260803_232747,535.710,1,Right,5068,88.042620,77.644041,88.042620,13.141279,0.006722,0.039835,0.008391,276,0.000000,0.000000,0.409749,0.944949,0.022677,-0.409749,0.192861,0.045660,0.655635,0.000000,0.944949,0.655635,15.619796,17.260221,-190.703339,28.071835,-315.857971,-562.543762,445.932872,470.031861,610.154118,186.301029,56.487902,116.086365,0.246925,0,0.000000,62308.579482,288.657917,394.188150,352.23
20260803_232747,540.720,1,Left,5182,36.028560,37.379390,36.028560,12.774990,0.007701,0.027568,0.020983,149,0.000000,0.000000,0.719700,0.949978,0.003933,-0.719700,0.653343,0.030700,0.253197,0.000000,0.949978,0.253197,6.899512,17.260825,-55.233425,-345.843628,-406.782196,-562.054932,479.607611,520.682483,383.114391,297.342171,11.968410,220.245846,0.353949,26,0.000000,79905.701294,321.118400,429.753299,257.37
20260803_232747,540.720,1,Right,5119,87.165462,76.870483,87.165462,13.010354,0.006655,0.039438,0.008391,276,0.000000,0.000000,0.409749,0.944949,0.022451,-0.409749,0.192861,0.045205,0.649103,0.000000,0.944949,0.649103,15.479931,17.260606,-190.047043,28.052139,-406.782196,-562.054932,479.607611,520.682483,638.190456,186.301029,56.487902,116.086365,0.246925,0,0.000000,79905.701294,321.118400,429.753299,257.37
20260803_232747,545.726,1,Left,5231,36.054292,37.277767,36.054292,12.922959,0.007925,0.027629,0.021355,152,0.000000,0.000000,0.719700,0.949978,0.004823,-0.719700,0.653343,0.031339,0.251904,0.000000,0.949978,0.251904,6.866162,17.261155,-43.906322,-350.297943,-493.681396,-539.205444,512.279278,565.622285,458.858236,295.222213,11.968410,218.266876,0.353655,26,0.000000,98500.045879,349.367720,462.197628,249.94
20260803_232747,545.726,1,Right,5167,86.355719,76.272499,86.355719,12.889491,0.006593,0.039072,0.008391,276,0.000000,0.000000,0.409749,0.944949,0.022243,-0.409749,0.192861,0.044785,0.643073,0.000000,0.944949,0.643073,15.351564,17.260936,-190.047043,28.052139,-493.681396,-539.205444,512.279278,565.622285,655.994712,186.301029,56.487902,116.086365,0.246925,0,0.000000,98500.045879,349.367720,462.197628,249.94
20260803_232747,550.739,1,Left,5277,35.740004,36.952814,35.740004,12.810309,0.007856,0.027389,0.021355,152,0.000000,0.000000,0.719700,0.949978,0.004781,-0.719700,0.653343,0.031066,0.249709,0.000000,0.949978,0.249709,6.821544,17.261372,-42.772579,-350.915344,-571.924683,-495.760773,534.477802,598.427425,520.785299,295.222213,11.968410,218.266876,0.353655,26,0.000000,110542.025480,371.789481,487.074782,328.76
20260803_232747,550.739,1,Right,5213,85.593708,75.714560,85.593708,12.775753,0.006535,0.038727,0.008391,276,0.000000,0.000000,0.409749,0.944949,0.022047,-0.409749,0.192861,0.044390,0.637398,0.000000,0.944949,0.637398,15.228821,17.261157,-190.047043,28.052139,-571.924683,-495.760773,534.477802,598.427425,663.707918,186.301029,56.487902,116.086365,0.246925,0,0.000000,110542.025480,371.789481,487.074782,328.76
20260803_232747,555.741,1,Left,5323,35.656585,36.746196,35.656585,12.887469,0.007922,0.027468,0.021384,152,0.000000,0.000000,0.719700,0.949978,0.004850,-0.719700,0.653343,0.031136,0.248610,0.000000,0.949978,0.248610,6.792981,17.261598,-35.847397,-359.549042,-637.948975,-433.244843,555.571032,624.782696,580.149384,294.355036,11.968410,217.376370,0.353504,26,0.000000,121979.863084,389.437989,507.857471,294.32
20260803_232747,555.741,1,Right,5259,84.845028,75.166381,84.845028,12.664005,0.006478,0.038388,0.008391,276,0.000000,0.000000,0.409749,0.944949,0.021854,-0.409749,0.192861,0.044002,0.631823,0.000000,0.944949,0.631823,15.114346,17.261388,-190.047043,28.052139,-637.948975,-433.244843,555.571032,624.782696,661.199157,186.301029,56.487902,116.086365,0.246925,0,0.000000,121979.863084,389.437989,507.857471,294.32
20260803_232747,560.749,1,Left,5370,35.344507,36.424581,35.344507,12.774674,0.007853,0.027263,0.021384,152,0.000000,0.000000,0.719700,0.949978,0.004808,-0.719700,0.653343,0.030863,0.246458,0.000000,0.949978,0.246458,6.753744,17.261839,-33.317066,-363.630951,-685.291382,-358.140594,569.492600,643.444991,627.412316,294.355036,11.968410,217.376370,0.353504,26,0.000000,127654.184198,403.601070,523.873689,350.96
20260803_232747,560.749,1,Right,5306,84.225405,74.745571,84.225405,12.664908,0.006531,0.038252,0.008478,276,0.000000,0.000000,0.409749,0.944949,0.021274,-0.409749,0.192861,0.043998,0.626931,0.000000,0.944949,0.626931,15.004189,17.261633,-183.186035,30.419273,-685.291382,-358.140594,569.492600,643.444991,655.503405,186.318844,56.487902,116.103917,0.247508,0,0.000000,127654.184198,403.601070,523.873689,350.96
20260803_232747,565.757,1,Left,5419,35.301716,36.095221,35.301716,12.880605,0.008061,0.027414,0.021317,152,0.000000,0.000000,0.719700,0.949978,0.003727,-0.719700,0.653343,0.031621,0.245689,0.000000,0.949978,0.245689,6.732312,17.262128,-20.399986,-373.576965,-713.018127,-272.672455,582.430050,655.872793,677.480300,293.446225,11.968410,216.438810,0.355130,26,0.000000,131552.131980,413.374372,535.975140,239.87
20260803_232747,565.757,1,Right,5354,83.470303,74.075458,83.470303,12.551363,0.006473,0.037909,0.008478,276,0.000000,0.000000,0.409749,0.944949,0.021083,-0.409749,0.192861,0.043604,0.621310,0.000000,0.944949,0.621310,14.882447,17.261923,-181.850525,30.938536,-713.018127,-272.672455,582.430050,655.872793,634.687714,186.318844,56.487902,116.103917,0.247508,0,0.000000,131552.131980,413.374372,535.975140,239.87
20260803_232747,570.761,1,Left,5466,35.126235,35.784852,35.126235,12.861325,0.008197,0.027371,0.021288,152,0.000000,0.000000,0.719700,0.949978,0.002970,-0.719700,0.653343,0.032074,0.244237,0.000000,0.949978,0.244237,6.700645,17.262498,-9.433951,-371.409424,-718.624207,-181.561722,583.067286,655.733757,714.677730,292.890689,11.968410,215.870011,0.356366,26,0.000000,125914.469469,417.145857,539.563273,245.12
20260803_232747,570.761,1,Right,5400,82.759259,73.574074,82.759259,12.444444,0.006418,0.037586,0.008478,276,0.000000,0.000000,0.409749,0.944949,0.020904,-0.409749,0.192861,0.043232,0.616018,0.000000,0.944949,0.616018,14.775330,17.262295,-181.850525,30.938536,-718.624207,-181.561722,583.067286,655.733757,602.180471,186.318844,56.487902,116.103917,0.247508,0,0.000000,125914.469469,417.145857,539.563273,245.12
20260803_232747,575.764,1,Left,5512,34.960087,35.486212,34.960087,12.844702,0.008234,0.027241,0.021229,152,0.000000,0.000000,0.719700,0.949978,0.002298,-0.719700,0.653343,0.032454,0.242729,0.000000,0.949978,0.242729,6.659710,17.262704,-7.879093,-368.868225,-701.696350,-93.681763,577.823341,646.203358,730.163797,292.209194,11.968410,215.175350,0.357392,26,0.000000,118939.688042,414.158270,535.761224,259.10
20260803_232747,575.764,1,Right,5445,82.222222,73.370064,82.222222,12.451791,0.006514,0.037514,0.008471,276,0.000000,0.000000,0.409749,0.944949,0.020297,-0.409749,0.192861,0.043309,0.611767,0.000000,0.944949,0.611767,14.683072,17.262501,-172.397385,40.363461,-701.696350,-93.681763,577.823341,646.203358,572.696339,186.397363,56.487902,116.182135,0.248176,0,0.000000,118939.688042,414.158270,535.761224,259.10
20260803_232747,580.768,1,Left,5563,34.639583,35.160884,34.639583,12.726946,0.008264,0.027066,0.021229,152,0.000000,0.000000,0.719700,0.949978,0.002187,-0.719700,0.653343,0.032246,0.240554,0.000000,0.949978,0.240554,6.620188,17.263054,-5.887125,-363.637573,-663.228271,-12.084200,563.311482,622.000838,732.864424,292.209194,11.968410,215.175350,0.357392,26,0.000000,107425.950643,401.523972,521.085731,306.47
20260803_232747,580.768,1,Right,5494,81.634510,72.715690,81.634510,12.449945,0.006511,0.037411,0.008535,276,0.000000,0.000000,0.409749,0.944949,0.019965,-0.409749,0.192861,0.043073,0.607134,0.000000,0.944949,0.607134,14.582250,17.262830,-168.741409,51.494354,-663.228271,-12.084200,563.311482,622.000838,526.783403,186.517570,56.487902,116.302043,0.248458,0,0.000000,107425.950643,401.523972,521.085731,306.47
20260803_232747,585.770,1,Left,5610,34.349376,34.866310,34.349376,12.620321,0.008195,0.026839,0.021229,152,0.000000,0.000000,0.719700,0.949978,0.002169,-0.719700,0.653343,0.031976,0.238539,0.000000,0.949978,0.238539,6.577786,17.263252,-5.887056,-363.637573,-605.944702,57.141205,543.523102,585.322312,723.974930,292.209194,11.968410,215.175350,0.357392,26,0.000000,94543.786265,379.726696,497.443801,285.83
20260803_232747,585.770,1,Right,5541,81.158636,72.351561,81.158636,12.506768,0.006641,0.037484,0.008595,277,0.000000,0.000000,0.409749,0.944949,0.019277,-0.409749,0.192861,0.043227,0.603145,0.000000,0.944949,0.603145,14.492910,17.263032,-168.290985,66.659622,-605.944702,57.141205,543.523102,585.322312,467.130932,186.470252,56.487902,116.254279,0.249233,0,0.000000,94543.786265,379.726696,497.443801,285.83
20260803_232747,590.783,1,Left,5658,34.164016,34.676564,34.164016,12.601626,0.008241,0.026780,0.021467,153,0.000000,0.000000,0.719700,0.949978,0.001802,-0.719700,0.653343,0.032053,0.237032,0.000000,0.949978,0.237032,6.547008,17.263438,-8.561463,-356.848114,-532.986694,110.198624,509.024529,532.150388,697.308851,291.696772,11.968410,214.651718,0.357694,26,0.000000,74780.852862,348.357730,461.836415,291.62
20260803_232747,590.783,1,Right,5588,80.601288,71.868289,80.601288,12.491052,0.006670,0.037375,0.008595,278,0.000000,0.000000,0.409749,0.944949,0.018836,-0.409749,0.192861,0.043142,0.598772,0.000000,0.944949,0.598772,14.398934,17.263219,-172.564819,75.889191,-532.986694,110.198624,509.024529,532.150388,391.968096,186.453141,56.487902,116.236908,0.249672,0,0.000000,74780.852862,348.357730,461.836415,291.62
20260803_232747,595.796,1,Left,5703,33.894442,34.508154,33.894442,12.502192,0.008176,0.026568,0.021467,153,0.000000,0.000000,0.719700,0.949978,0.001788,-0.719700,0.653343,0.031800,0.235162,0.000000,0.949978,0.235162,6.511852,17.263648,-8.573838,-356.819427,-449.826599,143.271713,471.808887,475.639795,665.893558,291.696772,11.968410,214.651718,0.357694,26,0.000000,54165.613254,315.489268,425.135728,345.55
20260803_232747,595.796,1,Right,5633,79.957394,71.595952,79.957394,12.391266,0.006617,0.037077,0.008595,278,0.000000,0.000000,0.409749,0.944949,0.018685,-0.409749,0.192861,0.042798,0.593989,0.000000,0.944949,0.593989,14.295691,17.263434,-173.278076,77.121834,-449.826599,143.271713,471.808887,475.639795,314.335700,186.453141,56.487902,116.236908,0.249672,0,0.000000,54165.613254,315.489268,425.135728,345.55
20260803_232747,600.805,1,Left,5751,33.715875,34.220136,33.715875,12.484785,0.008186,0.026509,0.021467,153,0.000000,0.000000,0.719700,0.949978,0.001553,-0.719700,0.653343,0.031755,0.233701,0.000000,0.949978,0.233701,6.481487,17.264081,-13.728024,-351.391846,-360.717621,154.811218,421.199107,383.712353,616.557122,291.259069,11.968410,214.202875,0.357765,26,0.000000,26830.067447,259.851548,371.381073,360.06
20260803_232747,600.805,1,Right,5681,79.950713,71.378278,79.950713,12.726633,0.006745,0.037590,0.008852,280,0.000000,0.000000,0.409749,0.944949,0.018192,-0.409749,0.192861,0.042918,0.593032,0.000000,0.944949,0.593032,14.264237,17.263873,-216.575562,101.421738,-360.717621,154.811218,421.199107,383.712353,183.382171,186.992448,56.487902,116.774820,0.250692,0,0.000000,26830.067447,259.851548,371.381073,360.06
20260803_232747,605.818,1,Left,5794,33.776320,33.966172,33.776320,12.651018,0.008428,0.026725,0.021467,154,0.000000,0.000000,0.719700,0.949978,0.000366,-0.719700,0.653343,0.032695,0.233528,0.000000,0.949978,0.233528,6.474099,17.264332,-36.350033,-349.022949,-272.575195,144.186584,367.288993,277.720868,552.542749,289.969603,11.968410,212.880399,0.359275,26,0.000000,1952.224586,194.124332,319.628120,351.43
20260803_232747,605.818,1,Right,5724,80.013976,71.208945,80.013976,12.805730,0.006837,0.037896,0.008987,281,0.000000,0.000000,0.409749,0.949220,0.018467,-0.409749,0.204823,0.043232,0.593106,0.000000,0.949220,0.593106,14.262831,17.264130,-264.632874,147.431976,-272.575195,144.186584,367.288993,277.720868,34.393554,187.852836,41.888902,117.649091,0.251634,0,0.000000,1952.224586,194.124332,319.628120,351.43
20260803_232747,610.822,1,Left,5847,33.589875,33.658286,33.589875,12.638960,0.008513,0.026657,0.021467,154,0.000000,0.000000,0.719700,0.949978,-0.000203,-0.719700,0.653343,0.032964,0.232027,0.000000,0.949978,0.232027,6.436141,17.264600,-39.647411,-353.633209,-186.860001,110.772446,380.851313,291.711233,496.314053,289.555348,11.968410,212.453470,0.360344,26,0.011108,16259.135556,152.657563,289.572250,288.03
20260803_232747,610.822,1,Right,5774,79.892622,70.696224,79.892622,13.110495,0.007040,0.037787,0.009119,284,0.000000,0.000000,0.409749,0.949220,0.017196,-0.409749,0.204823,0.043969,0.588377,0.000000,0.949220,0.588377,14.170065,17.264370,-272.487610,154.710617,-186.860001,110.772446,380.851313,291.711233,72.309233,186.741318,18.605010,117.078639,0.255305,13,0.011108,16259.135556,152.657563,289.572250,288.03
20260803_232747,615.835,1,Left,5894,33.322022,33.508653,33.322022,12.538174,0.008445,0.026447,0.021467,154,0.000000,0.000000,0.719700,0.949978,-0.000202,-0.719700,0.653343,0.032702,0.230179,0.000000,0.949978,0.230179,6.401822,17.264821,-41.052753,-355.956909,-114.517792,58.693790,390.942865,307.462348,433.600287,289.555348,11.968410,212.453470,0.360344,26,0.002838,32550.175653,123.277301,269.865232,352.26
20260803_232747,615.835,1,Right,5820,79.604811,70.137457,79.604811,13.281787,0.007169,0.037860,0.009133,285,0.000000,0.000000,0.409749,0.949220,0.016413,-0.409749,0.204823,0.044268,0.585007,0.000000,0.949220,0.585007,14.093253,17.264592,-288.522339,144.058655,-114.517792,58.693790,390.942865,307.462348,174.563804,186.297224,18.605010,116.688719,0.255647,13,0.002838,32550.175653,123.277301,269.865232,352.26
20260803_232747,620.838,1,Left,5939,33.170567,33.254757,33.170567,12.527362,0.008454,0.026415,0.021467,155,0.000000,0.000000,0.719700,0.949978,-0.000414,-0.719700,0.653343,0.032668,0.228947,0.000000,0.949978,0.228947,6.373997,17.265095,-41.323532,-363.905518,-56.408146,-10.774457,389.503006,311.428584,369.201230,289.296451,11.968410,212.183782,0.360589,26,0.000403,40094.065597,108.992700,258.965411,216.61
20260803_232747,620.838,1,Right,5865,79.266837,69.599318,79.266837,13.350384,0.007481,0.038053,0.009326,285,0.000000,0.000000,0.633307,0.949220,0.015036,-0.633307,0.204823,0.045179,0.582246,0.000000,0.949220,0.582246,14.027397,17.264870,-291.326294,121.104340,-56.408146,-10.774457,389.503006,311.428584,254.714946,186.444386,18.605010,116.833216,0.257485,13,0.000403,40094.065597,108.992700,258.965411,216.61
20260803_232747,625.845,1,Left,5990,33.038397,33.071786,33.038397,12.537563,0.008406,0.026398,0.021400,155,0.000000,0.000000,0.719700,0.949978,-0.000461,-0.719700,0.653343,0.032440,0.227808,0.000000,0.949978,0.227808,6.349096,17.265251,-39.618004,-372.828339,-17.928972,-91.179283,383.151912,304.750415,301.475974,288.970296,11.968410,211.841562,0.360220,26,0.000000,37646.496331,95.999902,251.421089,247.66
20260803_232747,625.845,1,Right,5916,78.921569,69.100744,78.921569,13.505747,0.007614,0.038236,0.009326,287,0.000000,0.000000,0.633307,0.949220,0.014349,-0.633307,0.204823,0.045347,0.579037,0.000000,0.949220,0.579037,13.953848,17.265031,-272.188751,114.472542,-17.928972,-91.179283,383.151912,304.750415,314.245015,186.567857,18.605010,116.953381,0.258376,13,0.000000,37646.496331,95.999902,251.421089,247.66
20260803_232747,630.858,1,Left,6037,32.781183,32.930263,32.781183,12.439954,0.008340,0.026193,0.021400,155,0.000000,0.000000,0.719700,0.949978,-0.000458,-0.719700,0.653343,0.032188,0.226035,0.000000,0.949978,0.226035,6.318221,17.265431,-39.312897,-374.367615,-0.332295,-179.292435,377.877972,297.467322,220.964688,288.970296,11.968410,211.841562,0.360220,26,0.000000,31257.039658,101.494308,256.638915,203.60
20260803_232747,630.858,1,Right,5961,78.392887,68.579097,78.392887,13.454118,0.007579,0.038044,0.009326,288,0.000000,0.000000,0.633307,0.949220,0.014189,-0.633307,0.204823,0.045056,0.574968,0.000000,0.949220,0.574968,13.869447,17.265210,-266.132019,114.252884,-0.332295,-179.292435,377.877972,297.467322,385.700928,186.609968,18.605010,116.994835,0.258468,13,0.000000,31257.039658,101.494308,256.638915,203.60
20260803_232747,635.867,1,Left,6086,32.517253,32.665133,32.517253,12.339796,0.008273,0.025982,0.021400,155,0.000000,0.000000,0.719700,0.949978,-0.000454,-0.719700,0.653343,0.031929,0.224215,0.000000,0.949978,0.224215,6.279904,17.265715,-39.312897,-374.367615,-5.040379,-268.663879,369.213798,285.617597,136.033922,288.970296,11.968410,211.841562,0.360220,26,0.000000,19612.573226,124.652862,272.815243,354.52
20260803_232747,635.867,1,Right,6009,77.799967,68.147778,77.799967,13.379930,0.007530,0.037829,0.009326,288,0.000000,0.000000,0.633307,0.949220,0.014053,-0.633307,0.204823,0.044719,0.570602,0.000000,0.949220,0.570602,13.777563,17.265496,-259.125824,114.931770,-5.040379,-268.663879,369.213798,285.617597,452.525405,186.630997,18.605010,117.015535,0.258514,13,0.000000,19612.573226,124.652862,272.815243,354.52
20260803_232747,640.874,1,Left,6135,32.371638,32.599837,32.371638,12.339038,0.008280,0.025850,0.021764,156,0.000000,0.000000,0.719700,0.949978,-0.000702,-0.719700,0.653343,0.031925,0.222666,0.000000,0.949978,0.222666,6.247657,17.265903,-38.327850,-377.645844,-32.548622,-356.078217,361.600801,272.501018,49.302187,288.172439,11.968410,211.158469,0.360101,26,0.000000,3414.691624,158.562320,286.999080,308.97
20260803_232747,640.874,1,Right,6058,77.170683,67.596567,77.170683,13.271707,0.007469,0.037523,0.009326,288,0.000000,0.000000,0.633307,0.949220,0.013939,-0.633307,0.204823,0.044358,0.565986,0.000000,0.949220,0.565986,13.678492,17.265687,-259.125793,114.931770,-32.548622,-356.078217,361.600801,272.501018,494.646045,186.630997,18.605010,117.015535,0.258514,13,0.000000,3414.691624,158.562320,286.999080,308.97
20260803_232747,645.885,1,Left,6182,32.449046,32.529926,32.449046,12.455516,0.008403,0.025898,0.021919,159,0.000000,0.000000,0.719700,0.949978,0.000061,-0.719700,0.653343,0.032441,0.221918,0.000000,0.949978,0.221918,6.224095,17.266200,-35.956425,-388.207550,-79.189102,-431.199738,394.362895,317.383702,35.553558,286.060186,11.968410,209.297996,0.360334,26,0.014864,15126.699583,191.013791,316.480525,253.19
20260803_232747,645.885,1,Right,6105,76.691237,67.174447,76.691237,13.251433,0.007432,0.037423,0.009326,288,0.000000,0.000000,0.633307,0.949220,0.013779,-0.633307,0.204823,0.044070,0.562278,0.000000,0.949220,0.562278,13.604370,17.265990,-250.242249,116.508026,-79.189102,-431.199738,394.362895,317.383702,547.006136,186.709546,18.605010,117.092937,0.258625,13,0.014864,15126.699583,191.013791,316.480525,253.19
20260803_232747,650.886,1,Left,6230,32.263242,32.584270,32.263242,12.407705,0.008434,0.025829,0.021919,160,0.000000,0.000000,0.719700,0.949978,0.000320,-0.719700,0.653343,0.032451,0.220526,0.000000,0.949978,0.220526,6.196854,17.266379,-37.581604,-394.482178,-144.464859,-493.982361,439.658200,382.810270,119.217024,285.729445,11.968410,208.959527,0.360485,26,0.004165,37475.664764,226.705739,365.566561,239.36
20260803_232747,650.886,1,Right,6152,76.105332,66.661248,76.105332,13.150195,0.007375,0.037137,0.009326,288,0.000000,0.000000,0.633307,0.949220,0.013673,-0.633307,0.204823,0.043733,0.557982,0.000000,0.949220,0.557982,13.509810,17.266169,-249.675491,116.611649,-144.464859,-493.982361,439.658200,382.810270,621.855315,186.709546,18.605010,117.092937,0.258625,13,0.004165,37475.664764,226.705739,365.566561,239.36
20260803_232747,655.893,1,Left,6278,32.637783,32.478496,32.637783,12.567697,0.008612,0.026268,0.022461,163,0.000000,0.000000,0.719700,0.949978,-0.000023,-0.719700,0.653343,0.033094,0.223184,0.000000,0.949978,0.223184,6.236904,17.266531,-66.438187,-439.959259,-222.343918,-538.076538,475.142485,419.734596,156.410857,285.738196,11.968410,208.894518,0.360913,26,0.002601,51985.958604,245.795110,392.225834,367.41
20260803_232747,655.893,1,Right,6200,75.516129,66.225806,75.516129,13.048387,0.007318,0.036850,0.009326,288,0.000000,0.000000,0.633307,0.949220,0.013567,-0.633307,0.204823,0.043394,0.553662,0.000000,0.949220,0.553662,13.413550,17.266326,-249.675491,116.611649,-222.343918,-538.076538,475.142485,419.734596,661.104348,186.709546,18.605010,117.092937,0.258625,13,0.002601,51985.958604,245.795110,392.225834,367.41
20260803_232747,660.904,1,Left,6325,32.632411,32.474308,32.632411,12.553360,0.008574,0.026227,0.022313,164,0.000000,0.000000,0.719700,0.949978,0.000197,-0.719700,0.653343,0.033068,0.223509,0.000000,0.949978,0.223509,6.258465,17.266798,-80.400650,-481.798553,-309.406830,-561.698547,515.644868,462.718480,214.380560,287.320106,11.968410,210.448801,0.361190,26,0.001704,74793.162947,263.577664,418.215378,255.66
20260803_232747,660.904,1,Right,6247,75.028013,65.919641,75.028013,13.014247,0.007285,0.036730,0.009326,288,0.000000,0.000000,0.633307,0.949220,0.013506,-0.633307,0.204823,0.043109,0.549904,0.000000,0.949220,0.549904,13.334224,17.266604,-243.256653,117.982445,-309.406830,-561.698547,515.644868,462.718480,691.919997,186.724415,18.605010,117.106988,0.258687,13,0.001704,74793.162947,263.577664,418.215378,255.66
20260803_232747,665.915,1,Left,6372,32.658506,32.611425,32.658506,12.633396,0.008668,0.026531,0.022665,166,0.000000,0.000000,0.719700,0.949978,0.000549,-0.719700,0.653343,0.033203,0.223357,0.000000,0.949978,0.223357,6.245055,17.266980,-94.816528,-495.484222,-398.892639,-563.013916,548.077873,506.821887,282.133080,287.440647,11.968410,210.538513,0.361633,26,0.000822,97818.889087,287.716829,443.352856,340.97
20260803_232747,665.915,1,Right,6293,74.622597,65.533132,74.622597,13.030351,0.007258,0.036682,0.009326,289,0.000000,0.000000,0.633307,0.949220,0.013333,-0.633307,0.204823,0.042868,0.546539,0.000000,0.949220,0.546539,13.259537,17.266787,-234.094284,119.532249,-398.892639,-563.013916,548.077873,506.821887,714.203185,186.649172,18.605010,117.030278,0.258733,13,0.000822,97818.889087,287.716829,443.352856,340.97
20260803_232747,670.927,1,Left,6421,32.596169,32.674038,32.596169,12.692727,0.008633,0.026607,0.022522,166,0.000000,0.000000,0.719700,0.949978,0.000454,-0.719700,0.653343,0.033041,0.222784,0.000000,0.949978,0.222784,6.235757,17.267144,-113.464249,-508.265198,-487.959686,-541.449158,575.713931,543.859742,346.049713,288.062103,11.968410,211.138509,0.361627,26,0.000263,119314.284146,307.973508,464.806247,359.62
20260803_232747,670.927,1,Right,6342,74.077578,65.137181,74.077578,12.961211,0.007229,0.036476,0.009326,289,0.000000,0.000000,0.633307,0.949220,0.013174,-0.633307,0.204823,0.042593,0.542509,0.000000,0.949220,0.542509,13.173977,17.266950,-227.442642,120.916664,-487.959686,-541.449158,575.713931,543.859742,726.900363,186.628607,18.605010,117.009388,0.258794,13,0.000263,119314.284146,307.973508,464.806247,359.62
20260803_232747,675.932,1,Left,6466,32.369316,32.833282,32.369316,12.604392,0.008573,0.026422,0.022522,166,0.000000,0.000000,0.719700,0.949978,0.000451,-0.719700,0.653343,0.032811,0.221233,0.000000,0.949978,0.221233,6.202745,17.267484,-113.475822,-508.273468,-566.638672,-499.554077,599.936247,580.190197,423.320076,288.062103,11.968410,211.138509,0.361627,26,0.000000,141676.225365,328.927849,484.858112,342.36
20260803_232747,675.932,1,Right,6387,73.555660,64.678253,73.555660,12.869892,0.007178,0.036219,0.009326,289,0.000000,0.000000,0.633307,0.949220,0.013081,-0.633307,0.204823,0.042293,0.538687,0.000000,0.949220,0.538687,13.090976,17.267296,-227.442444,120.916664,-566.638672,-499.554077,599.936247,580.190197,725.301510,186.628607,18.605010,117.009388,0.258794,13,0.000000,141676.225365,328.927849,484.858112,342.36
20260803_232747,680.945,1,Left,6514,32.130795,32.591342,32.130795,12.511514,0.008510,0.026227,0.022522,166,0.000000,0.000000,0.719700,0.949978,0.000447,-0.719700,0.653343,0.032569,0.219603,0.000000,0.949978,0.219603,6.169150,17.267659,-113.475822,-508.273468,-634.015137,-437.966797,618.916071,608.575922,495.943341,288.062103,11.968410,211.138509,0.361627,26,0.000000,159477.303568,346.236582,501.372612,321.03
20260803_232747,680.945,1,Right,6435,73.069153,64.273504,73.069153,12.820513,0.007150,0.036019,0.009326,290,0.000000,0.000000,0.633307,0.949220,0.012922,-0.633307,0.204823,0.042039,0.534923,0.000000,0.949220,0.534923,13.011661,17.267473,-226.592529,121.240730,-634.015137,-437.966797,618.916071,608.575922,712.856009,186.589603,18.605010,116.969734,0.258838,13,0.000000,159477.303568,346.236582,501.372612,321.03
20260803_232747,685.955,1,Left,6567,31.871479,32.328308,31.871479,12.410538,0.008441,0.026015,0.022522,166,0.000000,0.000000,0.719700,0.949978,0.000444,-0.719700,0.653343,0.032306,0.217831,0.000000,0.949978,0.217831,6.136528,17.267902,-113.475822,-508.273468,-682.632812,-363.681702,633.599286,629.793364,559.037877,288.062103,11.968410,211.138509,0.361627,26,0.000000,171866.541524,360.526754,515.259175,351.02
20260803_232747,685.955,1,Right,6486,72.540857,63.783534,72.540857,12.765957,0.007108,0.035812,0.009326,290,0.000000,0.000000,0.633307,0.949220,0.012779,-0.633307,0.204823,0.041750,0.530982,0.000000,0.949220,0.530982,12.929507,17.267711,-219.847763,124.052971,-682.632812,-363.681702,633.599286,629.793364,695.667092,186.560393,18.605010,116.940038,0.258871,13,0.000000,171866.541524,360.526754,515.259175,351.02
20260803_232747,690.963,1,Left,6615,31.640212,32.093726,31.640212,12.320484,0.008380,0.025827,0.022522,166,0.000000,0.000000,0.719700,0.949978,0.000441,-0.719700,0.653343,0.032072,0.216250,0.000000,0.949978,0.216250,6.103212,17.268122,-113.475822,-508.273468,-711.814575,-278.699371,640.212997,639.362292,614.303424,288.062103,11.968410,211.138509,0.361627,26,0.000000,177086.525990,368.177284,521.964208,262.39
20260803_232747,690.963,1,Right,6534,72.099786,63.314968,72.099786,12.748699,0.007090,0.035619,0.009326,291,0.000000,0.000000,0.633307,0.949220,0.012495,-0.633307,0.204823,0.041633,0.527469,0.000000,0.949220,0.527469,12.844075,17.267936,-218.023499,125.069954,-711.814575,-278.699371,640.212997,639.362292,663.303252,186.477625,18.605010,116.856298,0.259104,13,0.000000,177086.525990,368.177284,521.964208,262.39
20260803_232747,695.966,1,Left,6669,31.384016,31.833858,31.384016,12.220723,0.008312,0.025618,0.022522,166,0.000000,0.000000,0.719700,0.949978,0.000437,-0.719700,0.653343,0.031812,0.214499,0.000000,0.949978,0.214499,6.063761,17.268282,-113.475822,-508.273468,-719.009460,-188.417511,646.483187,644.923491,660.362669,288.062103,11.968410,211.138509,0.361627,26,0.000000,179207.064707,373.596311,527.848170,346.06
20260803_232747,695.966,1,Right,6588,71.675774,62.871888,71.675774,12.780814,0.007160,0.035572,0.009326,291,0.000000,0.000000,0.633307,0.949220,0.011847,-0.633307,0.204823,0.041837,0.524074,0.000000,0.949220,0.524074,12.771958,17.268100,-207.368393,134.507751,-719.009460,-188.417511,646.483187,644.923491,632.291244,186.375577,18.605010,116.752477,0.259869,13,0.000000,179207.064707,373.596311,527.848170,346.06
20260803_232747,700.967,1,Left,6720,31.145833,31.592262,31.145833,12.127976,0.008249,0.025423,0.022522,166,0.000000,0.000000,0.719700,0.949978,0.000434,-0.719700,0.653343,0.031571,0.212871,0.000000,0.949978,0.212871,6.030816,17.268452,-113.475822,-508.273468,-703.655640,-99.885994,638.883752,633.392041,695.760189,288.062103,11.968410,211.138509,0.361627,26,0.000000,170224.766143,369.538084,522.123235,340.17
20260803_232747,700.967,1,Right,6639,71.170357,62.735352,71.170357,12.712758,0.007131,0.035366,0.009326,292,0.000000,0.000000,0.633307,0.949220,0.011687,-0.633307,0.204823,0.041585,0.520233,0.000000,0.949220,0.520233,12.692648,17.268273,-207.248703,134.792618,-703.655640,-99.885994,638.883752,633.392041,577.716001,186.365153,18.605010,116.741570,0.259987,13,0.000000,170224.766143,369.538084,522.123235,340.17
20260803_232747,705.979,1,Left,6770,30.915805,31.358936,30.915805,12.038405,0.008188,0.025235,0.022522,166,0.000000,0.000000,0.719700,0.949978,0.000430,-0.719700,0.653343,0.031337,0.211299,0.000000,0.949978,0.211299,6.001351,17.268801,-113.475822,-508.273468,-666.856079,-17.914265,628.119307,614.061446,720.321617,288.062103,11.968410,211.138509,0.361627,26,0.000000,157007.997755,360.310576,512.358673,269.16
20260803_232747,705.979,1,Right,6688,70.693780,62.380383,70.693780,12.664474,0.007105,0.035187,0.009326,292,0.000000,0.000000,0.633307,0.949220,0.011519,-0.633307,0.204823,0.041363,0.516687,0.000000,0.949220,0.516687,12.614701,17.268625,-204.864746,141.566879,-666.856079,-17.914265,628.119307,614.061446,518.334830,186.354742,18.605010,116.730677,0.260105,13,0.000000,157007.997755,360.310576,512.358673,269.16
20260803_232747,710.982,1,Left,6816,30.707160,31.147300,30.707160,11.957160,0.008133,0.025065,0.022522,166,0.000000,0.000000,0.719700,0.949978,0.000428,-0.719700,0.653343,0.031126,0.209873,0.000000,0.949978,0.209873,5.972257,17.268938,-113.475822,-508.273468,-611.418335,51.887119,607.348923,582.905719,733.656120,288.062103,11.968410,211.138509,0.361627,26,0.000000,135805.695608,345.609479,495.796924,347.58
20260803_232747,710.982,1,Right,6733,70.221298,61.963464,70.221298,12.579831,0.007057,0.034952,0.009326,292,0.000000,0.000000,0.633307,0.949220,0.011442,-0.633307,0.204823,0.041086,0.513234,0.000000,0.949220,0.513234,12.540008,17.268762,-204.864746,141.567184,-611.418335,51.887119,607.348923,582.905719,446.309834,186.354742,18.605010,116.730677,0.260105,13,0.000000,135805.695608,345.609479,495.796924,347.58
20260803_232747,715.982,1,Left,6864,30.492424,30.929487,30.492424,11.873543,0.008076,0.024890,0.022522,166,0.000000,0.000000,0.719700,0.949978,0.000425,-0.719700,0.653343,0.030908,0.208406,0.000000,0.949978,0.208406,5.942301,17.269106,-113.475822,-508.273468,-538.970520,106.830376,580.023831,541.918082,735.550932,288.062103,11.968410,211.138509,0.361627,26,0.000000,109755.325411,325.674652,474.277774,325.92
20260803_232747,715.982,1,Right,6781,69.724229,61.524849,69.724229,12.490783,0.007007,0.034704,0.009326,292,0.000000,0.000000,0.633307,0.949220,0.011361,-0.633307,0.204823,0.040795,0.509601,0.000000,0.949220,0.509601,12.465199,17.268933,-204.864746,141.567184,-538.970520,106.830376,580.023831,541.918082,365.763649,186.354742,18.605010,116.730677,0.260105,13,0.000000,109755.325411,325.674652,474.277774,325.92
20260803_232747,720.992,1,Left,6913,30.449877,30.710256,30.449877,11.919572,0.008039,0.024897,0.022534,166,0.000000,0.000000,0.719700,0.949978,0.000366,-0.719700,0.653343,0.030745,0.207459,0.000000,0.949978,0.207459,5.919996,17.269215,-119.625534,-513.361328,-455.762085,141.677231,555.897911,486.453596,727.284922,286.972689,11.968410,210.204520,0.361069,26,0.000000,81819.375575,289.774937,446.840825,256.91
20260803_232747,720.992,1,Right,6830,69.663250,61.171303,69.663250,12.664714,0.007382,0.035071,0.009365,295,0.000000,0.000000,0.633307,0.949220,0.009669,-0.633307,0.204823,0.042113,0.508737,0.000000,0.949220,0.508737,12.439777,17.269044,-221.314285,173.943359,-455.762085,141.677231,555.897911,486.453596,264.682471,187.171018,18.605010,117.542168,0.263070,13,0.000000,81819.375575,289.774937,446.840825,256.91
20260803_232747,725.999,1,Left,6961,30.254274,30.498492,30.254274,11.851745,0.007989,0.024726,0.022534,166,0.000000,0.000000,0.719700,0.949978,0.000358,-0.719700,0.653343,0.030538,0.206029,0.000000,0.949978,0.206029,5.890345,17.269423,-120.140274,-513.794922,-366.502655,154.743561,513.270276,422.481749,707.338181,286.857062,11.968410,210.122363,0.361078,26,0.000000,45599.708727,259.908698,418.414267,241.20
20260803_232747,725.999,1,Right,6876,69.269924,60.762071,69.269924,12.652705,0.007410,0.034934,0.009356,295,0.000000,0.000000,0.633307,0.949220,0.009240,-0.633307,0.204823,0.042196,0.505816,0.000000,0.949220,0.505816,12.380390,17.269231,-235.087723,171.478668,-366.502655,154.743561,513.270276,422.481749,157.747244,187.249092,18.605010,117.619451,0.263645,13,0.000000,45599.708727,259.908698,418.414267,241.20
20260803_232747,731.010,1,Left,7009,30.047082,30.289628,30.047082,11.770581,0.007935,0.024557,0.022534,166,0.000000,0.000000,0.719700,0.949978,0.000355,-0.719700,0.653343,0.030329,0.204618,0.000000,0.949978,0.204618,5.857231,17.269565,-120.140274,-513.794922,-277.499146,145.373550,470.757033,360.995762,676.487323,286.857062,11.968410,210.122363,0.361078,26,0.000000,14128.596441,231.777277,392.154835,339.04
20260803_232747,731.010,1,Right,6924,68.890815,60.340843,68.890815,12.651646,0.007485,0.034848,0.009362,295,0.000000,0.000000,0.633307,0.949220,0.008725,-0.633307,0.204823,0.042354,0.502851,0.000000,0.949220,0.502851,12.313615,17.269375,-238.437820,166.272415,-277.499146,145.373550,470.757033,360.995762,61.001199,187.260837,18.605010,117.630091,0.264425,13,0.000000,14128.596441,231.777277,392.154835,339.04
20260803_232747,736.018,1,Left,7058,29.838481,30.079343,29.838481,11.688864,0.007880,0.024386,0.022534,166,0.000000,0.000000,0.719700,0.949978,0.000353,-0.719700,0.653343,0.030119,0.203197,0.000000,0.949978,0.203197,5.826814,17.269843,-120.140274,-513.794922,-193.237335,114.172333,447.788254,341.348895,634.982485,286.857062,11.968410,210.122363,0.361078,26,0.013598,13079.952851,211.382172,367.001116,346.35
20260803_232747,736.018,1,Right,6970,68.766141,60.157819,68.766141,12.754663,0.007531,0.035123,0.009431,297,0.000000,0.000000,0.633307,0.949220,0.008556,-0.633307,0.204823,0.042266,0.501442,0.000000,0.949220,0.501442,12.276769,17.269651,-238.694611,136.147934,-193.237335,114.172333,447.788254,341.348895,29.439803,187.107043,18.605010,117.472688,0.264521,13,0.013598,13079.952851,211.382172,367.001116,346.35
20260803_232747,741.025,1,Left,7106,29.636927,29.876161,29.636927,11.609907,0.007826,0.024221,0.022534,166,0.000000,0.000000,0.719700,0.949978,0.000350,-0.719700,0.653343,0.029915,0.201824,0.000000,0.949978,0.201824,5.800543,17.269946,-120.140274,-513.794922,-119.864258,63.556351,432.351231,342.273084,584.078720,286.857062,11.968410,210.122363,0.361078,26,0.000675,29610.815923,196.371138,341.597332,245.47
20260803_232747,741.025,1,Right,7018,68.751781,60.173839,68.751781,12.923910,0.007619,0.035325,0.009527,298,0.000000,0.000000,0.633307,0.949220,0.007927,-0.633307,0.204823,0.042547,0.501072,0.000000,0.949220,0.501072,12.265488,17.269756,-223.776367,89.881340,-119.864258,63.556351,432.351231,342.273084,94.436544,187.708304,18.605010,118.068984,0.265575,13,0.000675,29610.815923,196.371138,341.597332,245.47
20260803_232747,746.036,1,Left,7154,29.438077,29.759575,29.438077,11.532010,0.007774,0.024059,0.022534,166,0.000000,0.000000,0.719700,0.949978,0.000348,-0.719700,0.653343,0.029715,0.200470,0.000000,0.949978,0.200470,5.774106,17.270088,-120.140274,-513.794922,-60.171249,-5.030910,424.243497,339.509396,522.981602,286.857062,11.968410,210.122363,0.361078,26,0.000392,39380.621468,168.573270,314.590426,349.21
20260803_232747,746.036,1,Right,7065,68.492569,60.113234,68.492569,12.965322,0.007622,0.035442,0.009577,298,0.000000,0.000000,0.633307,0.949220,0.007832,-0.633307,0.204823,0.042355,0.498936,0.000000,0.949220,0.498936,12.217748,17.269891,-207.256744,73.490616,-60.171249,-5.030910,424.243497,339.509396,152.943296,188.075084,18.605010,118.433613,0.265845,13,0.000392,39380.621468,168.573270,314.590426,349.21
20260803_232747,751.045,1,Left,7203,29.237818,29.557129,29.237818,11.453561,0.007721,0.023895,0.022534,166,0.000000,0.000000,0.719700,0.949978,0.000346,-0.719700,0.653343,0.029512,0.199107,0.000000,0.949978,0.199107,5.744990,17.270429,-120.140274,-513.794922,-19.685829,-86.046310,412.080003,330.274756,453.935644,286.857062,11.968410,210.122363,0.361078,26,0.000016,42746.848706,138.939152,288.223650,323.78
20260803_232747,751.045,1,Right,7113,68.185013,59.763813,68.185013,12.990299,0.007589,0.035391,0.009586,300,0.000000,0.000000,0.633307,0.949220,0.007854,-0.633307,0.204823,0.042143,0.496565,0.000000,0.949220,0.496565,12.175402,17.270235,-187.564087,57.933666,-19.685829,-86.046310,412.080003,330.274756,207.752370,188.171258,18.605010,118.528105,0.265987,13,0.000016,42746.848706,138.939152,288.223650,323.78
20260803_232747,756.049,1,Left,7251,29.044270,29.361467,29.044270,11.377741,0.007670,0.023737,0.022534,166,0.000000,0.000000,0.719700,0.949978,0.000343,-0.719700,0.653343,0.029317,0.197789,0.000000,0.949978,0.197789,5.717902,17.270655,-120.140274,-513.794922,-0.858907,-172.807388,411.250055,329.031076,379.410501,286.857062,11.968410,210.122363,0.361078,26,0.000000,45203.346523,113.985066,273.888543,260.89
20260803_232747,756.049,1,Right,7160,67.737430,59.413408,67.737430,12.905028,0.007539,0.035159,0.009586,300,0.000000,0.000000,0.633307,0.949220,0.007802,-0.633307,0.204823,0.041867,0.493305,0.000000,0.949220,0.493305,12.110038,17.270463,-187.561539,57.931465,-0.858907,-172.807388,411.250055,329.031076,284.767403,188.171258,18.605010,118.528105,0.265987,13,0.000000,45203.346523,113.985066,273.888543,260.89
20260803_232747,761.055,1,Left,7301,28.845364,29.160389,28.845364,11.299822,0.007617,0.023574,0.022534,166,0.000000,0.000000,0.719700,0.949978,0.000341,-0.719700,0.653343,0.029116,0.196434,0.000000,0.949978,0.196434,5.691974,17.270747,-120.140274,-513.794922,-4.066025,-262.960938,391.557656,310.240415,298.111472,286.857062,11.968410,210.122363,0.361078,26,0.000000,37982.197146,96.985724,258.498708,233.57
20260803_232747,761.055,1,Right,7210,67.586685,59.001387,67.586685,13.051318,0.007580,0.035310,0.009590,301,0.000000,0.000000,0.633307,0.949220,0.007960,-0.633307,0.204823,0.041862,0.491562,0.000000,0.949220,0.491562,12.066025,17.270558,-170.710602,38.085110,-4.066025,-262.960938,391.557656,310.240415,334.057326,188.099200,18.605010,118.452556,0.266313,13,0.000000,37982.197146,96.985724,258.498708,233.57
20260803_232747,766.063,1,Left,7357,28.625799,28.938426,28.625799,11.213810,0.007559,0.023395,0.022534,166,0.000000,0.000000,0.719700,0.949978,0.000339,-0.719700,0.653343,0.028895,0.194939,0.000000,0.949978,0.194939,5.657992,17.270921,-120.140274,-513.794922,-29.585529,-349.486664,363.836969,283.373284,212.789147,286.857062,11.968410,210.122363,0.361078,26,0.000000,25756.474126,91.486295,246.904681,266.42
20260803_232747,766.063,1,Right,7265,67.460427,58.651067,67.460427,13.282863,0.007602,0.035526,0.009588,304,0.000000,0.000000,0.633307,0.949220,0.007668,-0.633307,0.204823,0.041777,0.489897,0.000000,0.949220,0.489897,12.029584,17.270734,-149.643555,10.139397,-29.585529,-349.486664,363.836969,283.373284,370.953560,188.129523,18.605010,118.478673,0.266626,13,0.000000,25756.474126,91.486295,246.904681,266.42
20260803_232747,771.064,1,Left,7405,28.440243,28.750844,28.440243,11.141121,0.007510,0.023243,0.022534,166,0.000000,0.000000,0.719700,0.949978,0.000336,-0.719700,0.653343,0.028707,0.193675,0.000000,0.949978,0.193675,5.629979,17.271028,-120.140274,-513.794922,-75.814987,-426.951416,354.560852,269.904567,121.756350,286.857062,11.968410,210.122363,0.361078,26,0.000000,12447.466231,114.227493,249.031120,332.41
20260803_232747,771.064,1,Right,7312,67.026805,58.410832,67.026805,13.197484,0.007553,0.035298,0.009588,304,0.000000,0.000000,0.633307,0.949220,0.007619,-0.633307,0.204823,0.041509,0.486748,0.000000,0.949220,0.486748,11.961859,17.270840,-148.792648,9.294365,-75.814987,-426.951416,354.560852,269.904567,413.793290,188.129523,18.605010,118.478673,0.266626,13,0.000000,12447.466231,114.227493,249.031120,332.41
20260803_232747,776.065,1,Left,7456,28.245708,28.701717,28.245708,11.064914,0.007459,0.023084,0.022534,166,0.000000,0.000000,0.719700,0.949978,0.000334,-0.719700,0.653343,0.028511,0.192350,0.000000,0.949978,0.192350,5.604869,17.271177,-120.140274,-513.794922,-138.995758,-489.830322,345.695506,260.806381,30.124509,286.857062,11.968410,210.122363,0.361078,26,0.059996,4225.813778,145.281456,268.158554,236.11
20260803_232747,776.065,1,Right,7362,66.721000,58.190709,66.721000,13.216517,0.007550,0.035284,0.009728,307,0.000000,0.000000,0.633307,0.949220,0.007508,-0.633307,0.204823,0.041312,0.484233,0.000000,0.949220,0.484233,11.906178,17.270992,-140.215027,1.287790,-138.995758,-489.830322,345.695506,260.806381,463.486294,188.289360,18.605010,118.636870,0.266837,13,0.059996,4225.813778,145.281456,268.158554,236.11
20260803_232747,781.069,1,Left,7504,28.264925,28.757996,28.264925,11.087420,0.007607,0.023000,0.023183,167,0.000000,0.000000,0.719700,0.949978,0.001294,-0.719700,0.697663,0.029291,0.191351,0.000000,0.949978,0.191351,5.584228,17.271357,-123.654518,-516.401794,-216.681015,-535.688293,376.936674,313.761457,67.158969,285.067937,11.968410,208.967115,0.367333,33,0.011328,22919.789495,180.572764,294.452113,327.48
20260803_232747,781.069,1,Right,7410,66.531714,57.813765,66.531714,13.333333,0.007587,0.035347,0.009713,309,0.000000,0.000000,0.633307,0.949220,0.007107,-0.633307,0.204823,0.041397,0.482482,0.000000,0.949220,0.482482,11.870828,17.271175,-113.752647,-13.212103,-216.681015,-535.688293,376.936674,313.761457,505.564846,188.483995,18.605010,118.828839,0.267520,13,0.011328,22919.789495,180.572764,294.452113,327.48
20260803_232747,786.070,1,Left,7554,28.077840,28.567646,28.077840,11.014032,0.007556,0.022848,0.023183,167,0.000000,0.000000,0.719700,0.949978,0.001286,-0.719700,0.697663,0.029097,0.190084,0.000000,0.949978,0.190084,5.556754,17.271452,-123.655022,-516.401794,-302.260345,-560.623169,422.077786,381.479479,157.417457,285.067937,11.968410,208.967115,0.367333,33,0.003728,44325.356936,221.095198,347.330863,241.75
20260803_232747,786.070,1,Right,7460,66.085791,57.613941,66.085791,13.243968,0.007536,0.035110,0.009713,309,0.000000,0.000000,0.633307,0.949220,0.007059,-0.633307,0.204823,0.041119,0.479248,0.000000,0.949220,0.479248,11.803140,17.271273,-113.709648,-13.225669,-302.260345,-560.623169,422.077786,381.479479,580.634076,188.483995,18.605010,118.828839,0.267520,13,0.003728,44325.356936,221.095198,347.330863,241.75
