run_id,elapsed_s,kalman_enabled,side,samples,leader_det_rate_pct,follower_det_rate_pct,det_rate_pct,stale_rate_pct,dsteer_mean_abs,dthr_mean_abs,pred_mae,pred_flips,steer_saturated_pct,throttle_saturated_pct,steer_max,throttle_max,steer_cmd_mean,steer_cmd_min,steer_cmd_max,steer_cmd_mean_abs,throttle_cmd_mean,throttle_cmd_min,throttle_cmd_max,throttle_cmd_mean_abs,speed_mps,leader_speed_mps,x_m,z_m,leader_x_m,leader_z_m,formation_size_mean_side_m,formation_size_mean_leader_to_followers_m,pos_error_m,mean_distance,min_distance,distance_error_mean,mean_formation_error,near_miss_count,formation_iou,formation_area_err,centroid_offset_m,per_boat_rms_m,fps
20260805_130822,5.004,1,Left,49,100.000000,0.000000,100.000000,2.040816,0.011365,0.049167,0.015447,8,0.000000,0.000000,0.127676,0.924614,0.000590,-0.075732,0.127676,0.055472,0.668655,0.245995,0.924614,0.668655,13.265078,13.725383,17.412846,-195.684799,-0.076248,-228.113281,35.025142,36.166239,7.433685,206.373972,105.605738,111.677003,0.222001,0,0.596927,137.793028,4.208063,5.349643,322.27
20260805_130822,5.004,1,Right,49,100.000000,0.000000,100.000000,12.244898,0.008297,0.047557,0.017452,6,0.000000,0.000000,0.114588,0.914785,0.000506,-0.114588,0.089907,0.055241,0.636579,0.242228,0.914785,0.636579,13.234398,13.728227,-15.327846,-196.069153,-0.076248,-228.113281,35.025142,36.166239,5.531398,180.638067,79.099632,94.956425,0.208588,0,0.596927,137.793028,4.208063,5.349643,322.27
20260805_130822,10.007,1,Left,100,100.000000,0.000000,100.000000,4.000000,0.007977,0.038825,0.010490,12,0.000000,0.000000,0.127676,0.928424,0.017723,-0.075732,0.127676,0.049472,0.743841,0.245995,0.928424,0.743841,16.390265,15.543410,12.715307,-292.220276,-16.814531,-316.668457,37.142523,35.346954,8.483892,205.997553,105.605738,111.300584,0.229629,0,0.669595,192.299505,2.074350,5.553383,267.56
20260805_130822,10.007,1,Right,100,100.000000,0.000000,100.000000,15.000000,0.006317,0.053779,0.011529,12,0.000000,0.000000,0.114588,0.914785,0.012923,-0.114588,0.092895,0.041404,0.710702,0.242228,0.914785,0.710702,15.830190,15.544679,-27.563370,-286.149078,-16.814531,-316.668457,37.142523,35.346954,4.532522,181.482284,79.099632,94.792810,0.218885,0,0.669595,192.299505,2.074350,5.553383,267.56
20260805_130822,15.008,1,Left,152,100.000000,0.000000,100.000000,11.184211,0.006490,0.044543,0.008085,16,0.000000,0.000000,0.127676,0.928424,0.017184,-0.075732,0.127676,0.038071,0.742441,0.245995,0.928424,0.742441,16.842507,16.141571,-15.087622,-374.579163,-54.256535,-397.072296,37.165227,36.598985,15.210544,205.167259,105.605738,110.470290,0.227731,0,0.659923,144.401787,4.820564,8.857469,356.11
20260805_130822,15.008,1,Right,152,100.000000,0.000000,100.000000,17.763158,0.005194,0.053585,0.009243,17,0.000000,0.000000,0.114588,0.914785,0.020529,-0.114588,0.092895,0.039266,0.711235,0.242228,0.914785,0.711235,16.462878,16.142515,-52.987164,-369.071045,-54.256535,-397.072296,37.165227,36.598985,2.000904,175.673500,79.099632,88.652761,0.217640,0,0.659923,144.401787,4.820564,8.857469,356.11
20260805_130822,20.019,1,Left,202,100.000000,0.000000,100.000000,20.297030,0.007145,0.048012,0.008878,24,0.000000,0.000000,0.127676,0.934018,0.017188,-0.075732,0.127676,0.038974,0.734869,0.245995,0.934018,0.734869,16.899087,16.426256,-62.064686,-445.814819,-112.043518,-467.617462,47.839293,52.591202,25.525275,228.780520,105.605738,134.083551,0.245587,0,0.247956,544.203802,15.355478,19.180323,225.31
20260805_130822,20.019,1,Right,201,96.019900,0.000000,96.019900,19.900498,0.005095,0.055925,0.008290,23,0.000000,0.000000,0.114588,0.914785,0.024433,-0.114588,0.092895,0.038602,0.673818,0.000302,0.914785,0.673818,15.654355,16.422697,-91.536507,-421.299103,-112.043518,-467.617462,47.839293,52.591202,21.262989,172.775416,79.099632,85.619347,0.216869,0,0.247956,544.203802,15.355478,19.180323,225.31
20260805_130822,25.023,1,Left,258,100.000000,0.000000,100.000000,20.930233,0.007176,0.050783,0.009095,32,0.000000,0.000000,0.127676,0.934018,0.021427,-0.075732,0.127676,0.041118,0.740308,0.245995,0.934018,0.740308,17.127649,16.622569,-117.233391,-514.692566,-183.184555,-519.978943,57.902646,55.941427,36.384572,260.217301,105.605738,165.520331,0.263340,0,0.250976,970.507099,14.503376,23.140786,362.77
20260805_130822,25.023,1,Right,255,96.862745,0.000000,96.862745,18.823529,0.004606,0.047821,0.007573,24,0.000000,0.000000,0.114588,0.930277,0.018840,-0.114588,0.092895,0.033807,0.707607,0.000302,0.930277,0.707607,16.418887,16.615348,-166.541397,-477.395630,-183.184555,-519.978943,57.902646,55.941427,16.812222,195.190270,79.099632,107.924514,0.232330,0,0.250976,970.507099,14.503376,23.140786,362.77
20260805_130822,30.035,1,Left,312,96.794872,0.000000,96.794872,25.320513,0.009052,0.056043,0.011165,42,0.000000,0.000000,0.168299,0.934018,0.018220,-0.076578,0.168299,0.038527,0.704236,0.001881,0.934018,0.704236,16.501456,16.737168,-174.042938,-549.273743,-267.716858,-554.184753,70.962785,76.849856,65.950450,277.798481,105.605738,183.101511,0.271938,0,0.125174,1330.708738,31.322759,41.843487,254.79
20260805_130822,30.035,1,Right,309,94.822006,0.000000,94.822006,24.271845,0.004814,0.050053,0.007199,27,0.000000,0.000000,0.121796,0.930277,0.023277,-0.114588,0.121796,0.035628,0.680327,0.000302,0.930277,0.680327,15.955422,16.732321,-222.351242,-515.074280,-267.716858,-554.184753,70.962785,76.849856,30.052794,209.915194,79.099632,122.587891,0.246862,0,0.125174,1330.708738,31.322759,41.843487,254.79
20260805_130822,35.042,1,Left,363,97.245179,0.000000,97.245179,23.966942,0.011866,0.057089,0.016732,49,0.000000,0.000000,0.357616,0.945385,0.020000,-0.154458,0.357616,0.045883,0.711100,0.001881,0.945385,0.711100,16.658640,16.813925,-251.875092,-588.454712,-356.692108,-566.045044,81.613486,78.420466,79.054298,294.787603,105.605738,200.090633,0.281608,0,0.118728,1771.567734,30.074821,47.248077,358.03
20260805_130822,35.042,1,Right,358,95.530726,0.000000,95.530726,21.508380,0.004805,0.045519,0.006776,28,0.000000,0.000000,0.121796,0.933122,0.020849,-0.114588,0.121796,0.034121,0.708251,0.000302,0.933122,0.708251,16.497533,16.807774,-319.930145,-532.665588,-356.692108,-566.045044,81.613486,78.420466,21.155622,228.842474,79.099632,141.467821,0.257214,0,0.118728,1771.567734,30.074821,47.248077,358.03
20260805_130822,40.052,1,Left,413,97.578692,0.000000,97.578692,25.181598,0.011601,0.060405,0.015639,54,0.000000,0.000000,0.357616,0.945385,0.018090,-0.154458,0.357616,0.045070,0.716830,0.001881,0.945385,0.716830,16.784551,16.871819,-337.156250,-609.188660,-445.835663,-555.524658,84.591238,76.244347,93.026949,318.709020,105.605738,224.012050,0.288741,0,0.186372,938.501276,31.137465,53.717586,358.15
20260805_130822,40.052,1,Right,408,96.078431,0.000000,96.078431,19.117647,0.004378,0.042049,0.006115,28,0.000000,0.000000,0.121796,0.933122,0.022735,-0.114588,0.121796,0.034381,0.720560,0.000302,0.933122,0.720560,16.867881,16.867131,-416.117950,-545.755981,-445.835663,-555.524658,84.591238,76.244347,1.650420,225.541160,79.099632,138.130394,0.256254,0,0.186372,938.501276,31.137465,53.717586,358.15
20260805_130822,45.063,1,Left,460,97.608696,0.000000,97.608696,27.391304,0.012220,0.062716,0.015946,61,0.000000,0.000000,0.357616,0.945385,0.018225,-0.154458,0.357616,0.049246,0.715108,0.001881,0.945385,0.715108,16.825013,16.914621,-419.868286,-604.150513,-528.653198,-523.786865,94.527397,85.897882,107.885805,342.792422,105.605738,248.095452,0.299363,0,0.132374,1321.705660,37.208208,62.427230,273.57
20260805_130822,45.063,1,Right,455,96.483516,0.000000,96.483516,19.560440,0.004460,0.040202,0.006014,31,0.000000,0.000000,0.121796,0.933122,0.024273,-0.114588,0.121796,0.035740,0.719087,0.000302,0.933122,0.719087,16.828891,16.910888,-492.409210,-519.097473,-528.653198,-523.786865,94.527397,85.897882,7.220125,220.195556,79.099632,132.758344,0.253661,0,0.132374,1321.705660,37.208208,62.427230,273.57
20260805_130822,50.072,1,Left,511,97.847358,0.000000,97.847358,26.418787,0.011907,0.058873,0.015303,71,0.000000,0.000000,0.357616,0.945385,0.020191,-0.154458,0.357616,0.048184,0.727978,0.001881,0.945385,0.727978,17.079516,16.952341,-515.567627,-588.515686,-602.528381,-471.552216,99.557174,87.271768,117.775729,368.216495,105.605738,273.519526,0.305705,0,0.162957,886.132014,39.284988,68.009836,278.03
20260805_130822,50.072,1,Right,506,96.837945,0.000000,96.837945,17.588933,0.004344,0.036890,0.005878,32,0.000000,0.000000,0.121796,0.933122,0.023736,-0.114588,0.121796,0.036974,0.721799,0.000302,0.933122,0.721799,16.970827,16.949372,-574.838379,-479.452698,-602.528381,-471.552216,99.557174,87.271768,2.211597,212.504804,79.099632,125.044634,0.247712,0,0.162957,886.132014,39.284988,68.009836,278.03
20260805_130822,55.082,1,Left,562,89.323843,0.000000,89.323843,24.377224,0.010875,0.054450,0.015243,71,0.000000,0.000000,0.357616,0.945385,0.018453,-0.154458,0.357616,0.043907,0.664367,0.000000,0.945385,0.664367,15.849205,16.984167,-527.033203,-584.490906,-661.439087,-401.944153,152.712258,128.264037,200.354927,368.669427,105.605738,273.972457,0.305868,0,0.090525,1336.796905,67.097393,117.112798,241.36
20260805_130822,55.082,1,Right,557,97.127469,0.000000,97.127469,16.517056,0.004315,0.035861,0.005774,34,0.000000,0.000000,0.121796,0.933122,0.023963,-0.114588,0.121796,0.036153,0.722903,0.000302,0.933122,0.722903,17.043758,16.981756,-633.960510,-413.573914,-661.439087,-401.944153,152.712258,128.264037,31.687943,204.452158,79.099632,116.973359,0.238140,0,0.090525,1336.796905,67.097393,117.112798,241.36
20260805_130822,60.095,1,Left,611,85.433715,0.000000,85.433715,24.222586,0.010110,0.052884,0.014865,73,0.000000,0.000000,0.357616,0.945385,0.017045,-0.154458,0.357616,0.040457,0.631902,0.000000,0.945385,0.631902,15.062984,17.008353,-549.725891,-574.933289,-700.049011,-322.495636,196.681525,161.542790,265.484816,377.117847,105.605738,282.420878,0.307192,0,0.065642,1246.325136,90.292977,154.349947,274.69
20260805_130822,60.095,1,Right,606,97.359736,0.000000,97.359736,17.161716,0.004265,0.035799,0.005705,37,0.000000,0.000000,0.121796,0.933122,0.024115,-0.114588,0.121796,0.035320,0.722999,0.000302,0.933122,0.722999,17.054006,17.006336,-676.625427,-340.063934,-700.049011,-322.495636,196.681525,161.542790,31.456814,200.502266,79.099632,113.008603,0.234429,0,0.065642,1246.325136,90.292977,154.349947,274.69
20260805_130822,65.103,1,Left,666,86.636637,0.000000,86.636637,27.777778,0.009508,0.053739,0.013550,76,0.000000,0.000000,0.357616,0.945385,0.017938,-0.154458,0.357616,0.039417,0.632106,0.000000,0.945385,0.632106,15.107536,17.032395,-618.669861,-538.273621,-718.322937,-233.883804,213.830110,174.174741,291.638771,386.090861,105.605738,291.393891,0.310141,0,0.068449,699.669269,99.201078,169.152764,264.42
20260805_130822,65.103,1,Right,661,97.579425,0.000000,97.579425,16.338880,0.004004,0.034285,0.005445,40,0.000000,0.000000,0.121796,0.933122,0.024382,-0.114588,0.121796,0.034654,0.719840,0.000302,0.933122,0.719840,17.070927,17.030729,-703.387268,-257.641266,-718.322937,-233.883804,213.830110,174.174741,28.014274,193.578146,79.099632,106.070488,0.225386,0,0.068449,699.669269,99.201078,169.152764,264.42
20260805_130822,70.110,1,Left,716,80.726257,0.000000,80.726257,25.977654,0.008868,0.050738,0.013527,76,0.000000,0.000000,0.357616,0.945385,0.016709,-0.154458,0.357616,0.036688,0.589216,0.000000,0.945385,0.589216,14.253518,17.050382,-626.889648,-532.178955,-713.988464,-143.868668,265.713766,217.512380,368.240039,386.059784,105.605738,291.362814,0.310146,0,0.026055,1403.204860,128.988460,213.688559,243.90
20260805_130822,70.110,1,Right,711,97.749648,0.000000,97.749648,16.455696,0.004072,0.034549,0.005385,41,0.000000,0.000000,0.121796,0.933122,0.024275,-0.114588,0.121796,0.034751,0.722281,0.000302,0.933122,0.722281,17.038271,17.048949,-697.327271,-176.979111,-713.988464,-143.868668,265.713766,217.512380,37.251509,192.076443,79.099632,104.557984,0.224513,0,0.026055,1403.204860,128.988460,213.688559,243.90
20260805_130822,75.123,1,Left,766,75.456919,0.000000,75.456919,24.281984,0.008289,0.047426,0.013527,76,0.000000,0.000000,0.357616,0.945385,0.015618,-0.154458,0.357616,0.034293,0.550756,0.000000,0.945385,0.550756,13.418966,17.066089,-626.889648,-532.178955,-687.581543,-58.078686,318.672076,253.295332,447.978699,386.059784,105.605738,291.362814,0.310146,0,0.024088,98.987854,154.280054,259.150082,267.94
20260805_130822,75.123,1,Right,761,97.897503,0.000000,97.897503,16.031537,0.004095,0.034971,0.005349,45,0.000000,0.000000,0.121796,0.933122,0.024328,-0.114588,0.121796,0.035460,0.724539,0.000302,0.933122,0.724539,17.124641,17.064853,-685.984863,-86.655563,-687.581543,-58.078686,318.672076,253.295332,28.131481,189.892293,79.099632,102.364484,0.224078,0,0.024088,98.987854,154.280054,259.150082,267.94
20260805_130822,80.132,1,Left,820,70.487805,0.000000,70.487805,22.682927,0.007743,0.044303,0.013527,76,0.000000,0.000000,0.357616,0.945385,0.014590,-0.154458,0.357616,0.032034,0.514487,0.000000,0.945385,0.514487,12.607943,17.080893,-626.889648,-532.178955,-640.771545,18.511610,367.255534,290.413774,521.334510,386.059784,105.605738,291.362814,0.310146,0,0.000000,1.334491,180.616704,301.600897,270.79
20260805_130822,80.132,1,Right,813,98.031980,0.000000,98.031980,15.006150,0.004019,0.034218,0.005311,45,0.000000,0.000000,0.121796,0.933122,0.023956,-0.114588,0.121796,0.035301,0.725877,0.000302,0.933122,0.725877,17.171682,17.079326,-641.436646,-11.443049,-640.771545,18.511610,367.255534,290.413774,33.160705,186.039367,79.099632,98.503077,0.219540,0,0.000000,1.334491,180.616704,301.600897,270.79
20260805_130822,85.138,1,Left,869,66.513234,0.000000,66.513234,21.403913,0.007306,0.041805,0.013527,76,0.000000,0.000000,0.357616,0.945385,0.013767,-0.154458,0.357616,0.030228,0.485476,0.000000,0.945385,0.485476,12.004283,17.093178,-626.889648,-532.178955,-576.755676,80.923462,411.115839,321.281261,586.697364,386.059784,105.605738,291.362814,0.310146,0,0.015279,3397.962192,201.824140,339.036860,235.54
20260805_130822,85.138,1,Right,862,98.143852,0.000000,98.143852,14.501160,0.003979,0.033650,0.005294,50,0.000000,0.000000,0.121796,0.933122,0.024842,-0.114588,0.121796,0.036114,0.723444,0.000302,0.933122,0.723444,17.171144,17.091824,-591.025452,57.516449,-576.755676,80.923462,411.115839,321.281261,24.983616,182.315506,79.099632,94.776764,0.215137,0,0.015279,3397.962192,201.824140,339.036860,235.54
20260805_130822,90.150,1,Left,921,62.757872,0.000000,62.757872,20.195440,0.006894,0.039444,0.013527,76,0.000000,0.000000,0.357616,0.945385,0.012990,-0.154458,0.357616,0.028521,0.458066,0.000000,0.945385,0.458066,11.417225,17.104336,-626.889648,-532.178955,-497.673920,126.330925,448.270111,353.772246,644.278237,386.059784,105.605738,291.362814,0.310146,0,0.000000,4093.040424,225.578485,372.553820,341.25
20260805_130822,90.150,1,Right,913,98.247536,0.000000,98.247536,15.553122,0.003965,0.033790,0.005291,54,0.000000,0.000000,0.121796,0.933122,0.024223,-0.114588,0.121796,0.035717,0.722459,0.000302,0.933122,0.722459,17.134655,17.102945,-517.319580,95.596603,-497.673920,126.330925,448.270111,353.772246,35.980548,180.760753,79.099632,93.215243,0.213889,0,0.000000,4093.040424,225.578485,372.553820,341.25
20260805_130822,95.163,1,Left,970,59.587629,0.000000,59.587629,19.175258,0.006546,0.037452,0.013527,76,0.000000,0.000000,0.357616,0.945385,0.012333,-0.154458,0.357616,0.027081,0.434927,0.000000,0.945385,0.434927,10.937225,17.113516,-626.889648,-532.178955,-410.789185,150.258408,479.323229,372.882420,691.191733,386.059784,105.605738,291.362814,0.310146,0,0.003392,6074.514510,239.186804,399.400697,238.94
20260805_130822,95.163,1,Right,961,98.335068,0.000000,98.335068,15.088450,0.003931,0.033272,0.005213,54,0.000000,0.000000,0.121796,0.933122,0.024384,-0.114588,0.121796,0.035305,0.723493,0.000302,0.933122,0.723493,17.180056,17.112093,-435.212036,132.958054,-410.789185,150.258408,479.323229,372.882420,28.578657,179.288077,79.099632,91.736864,0.212491,0,0.003392,6074.514510,239.186804,399.400697,238.94
20260805_130822,100.177,1,Left,1024,56.445312,0.000000,56.445312,18.164062,0.006201,0.035477,0.013527,76,0.000000,0.000000,0.357616,0.945385,0.011683,-0.154458,0.357616,0.025653,0.411991,0.000000,0.945385,0.411991,10.482446,17.122799,-626.889648,-532.178955,-321.399811,151.933914,500.931733,388.487635,727.152181,386.059784,105.605738,291.362814,0.310146,0,0.000000,5110.263919,252.461556,420.257307,256.63
20260805_130822,100.177,1,Right,1013,98.420533,0.000000,98.420533,14.412636,0.003956,0.032927,0.005139,56,0.000000,0.000000,0.121796,0.933122,0.023936,-0.114588,0.121796,0.035609,0.726959,0.000302,0.933122,0.726959,17.244352,17.121215,-344.408539,136.415833,-321.399811,151.933914,500.931733,388.487635,33.140905,177.378528,79.099632,89.821757,0.211112,0,0.000000,5110.263919,252.461556,420.257307,256.63
20260805_130822,105.187,1,Left,1075,54.325581,0.000000,54.325581,17.767442,0.006293,0.034812,0.013527,76,0.000000,0.000000,0.357616,0.945385,0.009985,-0.207827,0.357616,0.025580,0.395477,0.000000,0.945385,0.395477,10.114704,17.130755,-633.173645,-527.607910,-233.341995,131.153336,518.042847,401.444758,751.304528,387.004992,105.605738,292.308022,0.312262,0,0.002301,9435.993004,260.331431,434.105840,269.07
20260805_130822,105.187,1,Right,1063,98.494826,0.000000,98.494826,13.922860,0.004045,0.032580,0.005242,57,0.000000,0.000000,0.121796,0.933122,0.025431,-0.114588,0.121796,0.036818,0.724217,0.000302,0.933122,0.724217,17.180690,17.129183,-265.414734,127.459610,-233.341995,131.153336,518.042847,401.444758,29.751443,174.960176,79.099632,87.398581,0.208965,0,0.002301,9435.993004,260.331431,434.105840,269.07
20260805_130822,110.188,1,Left,1131,51.635721,0.000000,51.635721,16.887710,0.005981,0.033088,0.013527,76,0.000000,0.000000,0.357616,0.945385,0.009490,-0.207827,0.357616,0.024313,0.375896,0.000000,0.945385,0.375896,9.703161,17.138946,-633.174316,-527.607727,-153.541687,89.279457,525.185855,405.698556,765.410188,387.004992,105.605738,292.308022,0.312262,0,0.000000,9088.437010,265.551421,442.278595,265.38
20260805_130822,110.188,1,Right,1116,98.566308,0.000000,98.566308,13.799283,0.004002,0.032356,0.005222,58,0.000000,0.000000,0.121796,0.933122,0.024222,-0.114588,0.121796,0.036363,0.726248,0.000302,0.933122,0.726248,17.222704,17.136954,-183.515854,90.250237,-153.541687,89.279457,525.185855,405.698556,31.277942,173.668705,79.099632,86.102475,0.207842,0,0.000000,9088.437010,265.551421,442.278595,265.38
20260805_130822,115.198,1,Left,1184,49.324324,0.000000,49.324324,16.131757,0.005714,0.031607,0.013527,76,0.000000,0.000000,0.357616,0.945385,0.009065,-0.207827,0.357616,0.023225,0.359069,0.000000,0.945385,0.359069,9.317725,17.146963,-633.174316,-527.607727,-87.112213,29.443304,528.301088,408.671366,767.654334,387.004992,105.605738,292.308022,0.312262,0,0.002456,13197.745003,265.889140,443.589392,345.27
20260805_130822,115.198,1,Right,1169,98.631309,0.000000,98.631309,14.798973,0.004134,0.033957,0.005290,63,0.000000,0.000000,0.121796,0.933122,0.025537,-0.114588,0.121796,0.037128,0.722253,0.000302,0.933122,0.722253,17.162576,17.145197,-121.291817,44.341114,-87.112213,29.443304,528.301088,408.671366,31.960440,172.008168,79.099632,84.437730,0.207144,0,0.002456,13197.745003,265.889140,443.589392,345.27
20260805_130822,120.202,1,Left,1233,47.364152,0.000000,47.364152,15.490673,0.005487,0.030351,0.013527,76,0.000000,0.000000,0.357616,0.945385,0.008705,-0.207827,0.357616,0.022302,0.344800,0.000000,0.945385,0.344800,9.018691,17.152457,-633.174316,-527.607727,-37.465031,-44.940197,518.299726,401.887629,758.131156,387.004992,105.605738,292.308022,0.312262,0,0.000000,12369.847469,264.766774,438.261517,261.83
20260805_130822,120.202,1,Right,1218,98.686371,0.000000,98.686371,15.106732,0.004053,0.034424,0.005255,66,0.000000,0.000000,0.121796,0.933122,0.024125,-0.114588,0.121796,0.036019,0.723417,0.000302,0.933122,0.723417,17.197839,17.150829,-71.098335,-29.353041,-37.465031,-44.940197,518.299726,401.887629,38.165708,172.858412,79.099632,85.284413,0.207918,0,0.000000,12369.847469,264.766774,438.261517,261.83
20260805_130822,125.204,1,Left,1287,45.376845,0.000000,45.376845,14.840715,0.005256,0.029077,0.013527,76,0.000000,0.000000,0.357616,0.945385,0.008340,-0.207827,0.357616,0.021366,0.330333,0.000000,0.945385,0.330333,8.718678,17.158182,-633.174316,-527.607727,-7.379263,-130.679184,502.075536,385.343520,736.526141,387.004992,105.605738,292.308022,0.312262,0,0.000000,10352.878086,255.105325,425.603356,312.33
20260805_130822,125.204,1,Right,1271,98.741149,0.000000,98.741149,14.948859,0.004076,0.034496,0.005335,67,0.000000,0.000000,0.121796,0.933122,0.024960,-0.114588,0.121796,0.036359,0.725532,0.000302,0.933122,0.725532,17.246193,17.156591,-28.053751,-109.459961,-7.379263,-130.679184,502.075536,385.343520,30.722853,172.772436,79.099632,85.194898,0.208840,0,0.000000,10352.878086,255.105325,425.603356,312.33
20260805_130822,130.215,1,Left,1342,43.517139,0.000000,43.517139,14.232489,0.005041,0.027886,0.013527,76,0.000000,0.000000,0.357616,0.945385,0.007998,-0.207827,0.357616,0.020491,0.316794,0.000000,0.945385,0.316794,8.433359,17.164510,-633.174316,-527.607727,0.310239,-220.500305,478.984987,366.142934,703.603830,387.004992,105.605738,292.308022,0.312262,0,0.001473,9566.455342,242.841342,406.552366,245.61
20260805_130822,130.215,1,Right,1325,98.792453,0.000000,98.792453,14.943396,0.003989,0.034723,0.005244,69,0.000000,0.000000,0.121796,0.933122,0.025014,-0.114588,0.121796,0.035948,0.724966,0.000302,0.933122,0.724966,17.256616,17.162976,-11.938336,-195.005280,0.310239,-220.500305,478.984987,366.142934,28.215748,171.109683,79.099632,83.528835,0.206789,0,0.001473,9566.455342,242.841342,406.552366,245.61
20260805_130822,135.217,1,Left,1391,41.984184,0.000000,41.984184,13.731129,0.004863,0.026903,0.013527,76,0.000000,0.000000,0.357616,0.945385,0.007716,-0.207827,0.357616,0.019769,0.305635,0.000000,0.945385,0.305635,8.209093,17.169488,-633.174316,-527.607727,-14.146199,-308.035095,450.413255,345.162813,660.545055,387.004992,105.605738,292.308022,0.312262,0,0.000000,10562.892128,228.014638,381.813869,356.63
20260805_130822,135.217,1,Right,1374,98.835517,0.000000,98.835517,15.429403,0.004054,0.036443,0.005209,74,0.000000,0.000000,0.121796,0.933122,0.025041,-0.114588,0.121796,0.035586,0.724345,0.000302,0.933122,0.724345,17.234526,17.168071,-22.226925,-275.514923,-14.146199,-308.035095,450.413255,345.162813,32.026909,171.652537,79.099632,84.068913,0.207706,0,0.000000,10562.892128,228.014638,381.813869,356.63
20260805_130822,140.225,1,Left,1444,40.443213,0.000000,40.443213,13.227147,0.004685,0.025916,0.013527,76,0.000000,0.000000,0.357616,0.945385,0.007433,-0.207827,0.357616,0.019043,0.294417,0.000000,0.945385,0.294417,7.973753,17.174065,-633.174316,-527.607727,-50.677624,-391.232269,419.126535,321.238848,606.200055,387.004992,105.605738,292.308022,0.312262,0,0.003593,12029.094189,206.366743,350.603380,341.03
20260805_130822,140.225,1,Right,1425,98.807018,0.000000,98.807018,15.929825,0.004115,0.037586,0.005376,81,0.000000,0.000000,0.121796,0.935876,0.025072,-0.114588,0.121796,0.035302,0.721012,0.000302,0.935876,0.721012,17.154765,17.172494,-45.292629,-347.331604,-50.677624,-391.232269,419.126535,321.238848,35.912177,171.806883,79.099632,84.220626,0.207523,0,0.003593,12029.094189,206.366743,350.603380,341.03
20260805_130822,145.229,1,Left,1499,38.959306,0.000000,38.959306,12.741828,0.004513,0.024965,0.013527,76,0.000000,0.000000,0.357616,0.945385,0.007160,-0.207827,0.357616,0.018344,0.283614,0.000000,0.945385,0.283614,7.750820,17.178123,-633.174316,-527.607727,-105.596436,-461.366394,369.018805,283.339498,543.757244,387.004992,105.605738,292.308022,0.312262,0,0.000000,8683.426985,188.398148,314.677124,269.89
20260805_130822,145.229,1,Right,1480,98.851351,0.000000,98.851351,15.337838,0.004189,0.036437,0.005602,88,0.000000,0.000000,0.124406,0.935876,0.024563,-0.114588,0.124406,0.035370,0.726163,0.000302,0.935876,0.726163,17.253869,17.176662,-102.328537,-426.560638,-105.596436,-461.366394,369.018805,283.339498,37.324746,172.896105,79.099632,85.307159,0.209285,0,0.000000,8683.426985,188.398148,314.677124,269.89
20260805_130822,150.239,1,Left,1547,37.750485,0.000000,37.750485,12.346477,0.004373,0.024190,0.013527,76,0.000000,0.000000,0.357616,0.945385,0.006938,-0.207827,0.357616,0.017775,0.274815,0.000000,0.945385,0.274815,7.544845,17.181605,-633.174316,-527.607727,-177.295639,-516.599915,321.926549,244.071620,472.099576,387.004992,105.605738,292.308022,0.312262,0,0.011955,5154.213641,160.129567,272.990826,253.10
20260805_130822,150.239,1,Right,1528,98.887435,0.000000,98.887435,14.856021,0.004117,0.035830,0.005514,88,0.000000,0.000000,0.124406,0.935876,0.025428,-0.114588,0.124406,0.035895,0.724155,0.000302,0.935876,0.724155,17.242331,17.180233,-156.883148,-491.785095,-177.295639,-516.599915,321.926549,244.071620,26.343177,171.530130,79.099632,83.938997,0.207749,0,0.011955,5154.213641,160.129567,272.990826,253.10
20260805_130822,155.250,1,Left,1603,36.431691,0.000000,36.431691,11.915159,0.004220,0.023345,0.013527,76,0.000000,0.000000,0.357616,0.945385,0.006696,-0.207827,0.357616,0.017154,0.265214,0.000000,0.945385,0.265214,7.332899,17.186479,-633.174316,-527.607727,-259.812683,-552.006653,271.631250,207.931690,394.134211,387.004992,105.605738,292.308022,0.312262,0,0.000000,6071.857731,133.327562,228.737185,248.33
20260805_130822,155.250,1,Right,1584,98.926768,0.000000,98.926768,15.467172,0.004147,0.035776,0.005587,90,0.000000,0.000000,0.124406,0.935876,0.024958,-0.114588,0.124406,0.035996,0.724415,0.000302,0.935876,0.724415,17.211279,17.185215,-234.235397,-519.065186,-259.812683,-552.006653,271.631250,207.931690,40.253235,171.711550,79.099632,84.118035,0.208350,0,0.000000,6071.857731,133.327562,228.737185,248.33
20260805_130822,160.262,1,Left,1650,35.393939,0.000000,35.393939,11.575758,0.004100,0.022680,0.013527,76,0.000000,0.000000,0.357616,0.945385,0.006505,-0.207827,0.357616,0.016666,0.257659,0.000000,0.945385,0.257659,7.173622,17.189473,-633.174316,-527.607727,-348.885162,-565.901672,210.706335,160.102256,310.586415,387.004992,105.605738,292.308022,0.312262,0,0.000000,2899.044002,104.738716,180.366658,351.72
20260805_130822,160.262,1,Right,1631,98.957695,0.000000,98.957695,15.695892,0.004105,0.035324,0.005521,93,0.000000,0.000000,0.124406,0.935876,0.025008,-0.114588,0.124406,0.035728,0.725633,0.000302,0.935876,0.725633,17.243552,17.188279,-321.827026,-546.409729,-348.885162,-565.901672,210.706335,160.102256,33.652227,172.764248,79.099632,85.168862,0.209620,0,0.000000,2899.044002,104.738716,180.366658,351.72
20260805_130822,165.269,1,Left,1699,34.373161,0.000000,34.373161,11.241907,0.003982,0.022026,0.013527,76,0.000000,0.000000,0.357616,0.945385,0.006317,-0.207827,0.357616,0.016185,0.250228,0.000000,0.945385,0.250228,7.027819,17.192931,-633.174316,-527.607727,-437.562836,-557.467529,152.457170,114.933126,223.452786,387.004992,105.605738,292.308022,0.312262,0,0.011213,889.330759,73.690255,129.017898,343.04
20260805_130822,165.269,1,Right,1680,98.988095,0.000000,98.988095,15.654762,0.004067,0.035276,0.005485,97,0.000000,0.000000,0.124406,0.935876,0.025352,-0.114588,0.124406,0.035759,0.725063,0.000302,0.935876,0.725063,17.242852,17.191811,-406.686829,-549.103333,-437.562836,-557.467529,152.457170,114.933126,2.388894,171.895758,79.099632,84.298533,0.208862,0,0.011213,889.330759,73.690255,129.017898,343.04
20260805_130822,170.276,1,Left,1752,33.333333,0.000000,33.333333,10.901826,0.003861,0.021360,0.013527,76,0.000000,0.000000,0.357616,0.945385,0.006126,-0.207827,0.357616,0.015695,0.242659,0.000000,0.945385,0.242659,6.853985,17.195687,-633.174316,-527.607727,-522.418884,-527.030090,92.978227,69.775425,129.531785,387.004992,105.605738,292.308022,0.312262,0,0.000000,197.339014,43.757235,74.797883,345.55
20260805_130822,170.276,1,Right,1733,99.019042,0.000000,99.019042,15.464512,0.004016,0.034909,0.005421,102,0.000000,0.000000,0.124406,0.935876,0.024843,-0.114588,0.124406,0.034932,0.725623,0.000302,0.935876,0.725623,17.272370,17.194632,-493.853790,-523.407288,-522.418884,-527.030090,92.978227,69.775425,2.384625,170.717849,79.099632,83.118754,0.206988,0,0.000000,197.339014,43.757235,74.797883,345.55
20260805_130822,175.278,1,Left,1804,32.372506,0.000000,32.372506,10.587583,0.003750,0.020744,0.013527,76,0.000000,0.000000,0.357616,0.945385,0.005950,-0.207827,0.357616,0.015243,0.235664,0.000000,0.945385,0.235664,6.711099,17.198488,-633.174316,-527.607727,-597.052307,-476.464935,57.755610,46.902585,51.144365,387.004992,105.605738,292.308022,0.312262,0,0.307406,519.913430,17.056846,29.548272,359.38
20260805_130822,175.278,1,Right,1785,99.047619,0.000000,99.047619,15.070028,0.004003,0.035080,0.005453,106,0.000000,0.000000,0.124406,0.935876,0.025168,-0.114588,0.124406,0.034963,0.724339,0.000302,0.935876,0.724339,17.255678,17.197494,-566.773926,-483.959778,-597.052307,-476.464935,57.755610,46.902585,1.885519,169.474674,79.099632,81.873852,0.205293,0,0.307406,519.913430,17.056846,29.548272,359.38
20260805_130822,180.287,1,Left,1855,33.584906,0.000000,33.584906,10.673854,0.004308,0.021540,0.014410,82,0.000000,0.000000,0.413670,0.949500,0.008149,-0.207827,0.413670,0.018009,0.246195,0.000000,0.949500,0.246195,6.872143,17.201270,-666.992615,-478.528198,-656.579895,-409.240295,56.225899,49.240833,41.398967,383.980212,105.605738,289.283243,0.317107,0,0.393110,586.027340,12.829675,23.974174,267.97
20260805_130822,180.287,1,Right,1836,99.074074,0.000000,99.074074,14.814815,0.003941,0.034904,0.005420,108,0.000000,0.000000,0.124406,0.935876,0.025032,-0.114588,0.124406,0.034555,0.726291,0.000302,0.935876,0.726291,17.282525,17.200333,-629.874146,-418.948822,-656.579895,-409.240295,56.225899,49.240833,3.226239,168.747961,79.099632,81.145542,0.204357,0,0.393110,586.027340,12.829675,23.974174,267.97
20260805_130822,185.298,1,Left,1906,35.362015,0.000000,35.362015,10.545645,0.004274,0.021421,0.013538,84,0.000000,0.000000,0.413670,0.949500,0.007720,-0.207827,0.413670,0.018302,0.263100,0.000000,0.949500,0.263100,7.218004,17.203547,-707.828369,-389.108856,-697.742554,-329.036591,49.053922,48.507844,30.914168,381.401061,105.605738,286.704091,0.316776,0,0.377439,515.091213,12.163104,18.247882,336.27
20260805_130822,185.298,1,Right,1886,99.098621,0.000000,99.098621,14.422057,0.003931,0.034640,0.005433,109,0.000000,0.000000,0.124406,0.935876,0.025799,-0.114588,0.124406,0.035069,0.724482,0.000302,0.935876,0.724482,17.235497,17.202615,-671.841309,-354.186646,-697.742554,-329.036591,49.053922,48.507844,6.577977,168.029743,79.099632,80.425843,0.203700,0,0.377439,515.091213,12.163104,18.247882,336.27
20260805_130822,190.306,1,Left,1955,36.982097,0.000000,36.982097,10.843990,0.004215,0.022201,0.012719,85,0.000000,0.000000,0.413670,0.949500,0.007946,-0.207827,0.413670,0.018263,0.276322,0.000000,0.949500,0.276322,7.500853,17.206023,-739.882263,-303.957672,-717.581482,-242.196014,50.751422,46.691361,35.815458,376.979022,105.605738,282.282052,0.315078,0,0.417815,425.964616,10.413349,20.847099,274.44
20260805_130822,190.306,1,Right,1935,99.121447,0.000000,99.121447,14.108527,0.003946,0.034429,0.005413,112,0.000000,0.000000,0.124406,0.935876,0.024804,-0.114588,0.124406,0.034830,0.726823,0.000302,0.935876,0.726823,17.291125,17.205143,-698.388855,-262.194580,-717.581482,-242.196014,50.751422,46.691361,4.588847,168.212051,79.099632,80.606775,0.203963,0,0.417815,425.964616,10.413349,20.847099,274.44
20260805_130822,195.316,1,Left,2008,38.645418,0.000000,38.645418,10.657371,0.004155,0.022276,0.011887,87,0.000000,0.000000,0.413670,0.949500,0.008546,-0.207827,0.413670,0.018590,0.292277,0.000000,0.949500,0.292277,7.830262,17.208199,-754.175781,-203.845718,-715.111267,-150.650696,51.399911,48.181411,36.046983,374.766644,105.605738,280.069675,0.314536,0,0.414082,488.110458,11.559145,20.841381,226.58
20260805_130822,195.316,1,Right,1988,99.144869,0.000000,99.144869,13.732394,0.003980,0.033878,0.005419,115,0.000000,0.000000,0.124406,0.935876,0.025599,-0.114588,0.124406,0.035559,0.726927,0.000302,0.935876,0.726927,17.281779,17.207364,-702.336792,-178.197571,-715.111267,-150.650696,51.399911,48.181411,1.924714,167.498937,79.099632,79.892249,0.203692,0,0.414082,488.110458,11.559145,20.841381,226.58
20260805_130822,200.320,1,Left,2060,40.194175,0.000000,40.194175,10.533981,0.004166,0.022395,0.011634,91,0.000000,0.000000,0.413670,0.949500,0.009034,-0.207827,0.413670,0.018825,0.307128,0.000000,0.949500,0.307128,8.134623,17.210142,-741.056091,-106.051422,-690.476807,-64.675095,49.903868,49.316115,35.389501,376.395081,105.605738,281.698112,0.315148,0,0.350551,449.047868,13.527053,20.650936,354.13
20260805_130822,200.320,1,Right,2039,99.166258,0.000000,99.166258,13.388916,0.003993,0.033574,0.005430,118,0.000000,0.000000,0.134506,0.935876,0.025444,-0.114588,0.134506,0.036174,0.725594,0.000302,0.935876,0.725594,17.260050,17.209309,-690.621704,-97.959747,-690.476807,-64.675095,49.903868,49.316115,5.192943,166.591908,79.099632,78.983930,0.202899,0,0.350551,449.047868,13.527053,20.650936,354.13
20260805_130822,205.331,1,Left,2110,41.611374,0.000000,41.611374,10.568720,0.004465,0.022666,0.012825,96,0.000000,0.000000,0.413670,0.949500,0.011114,-0.207827,0.413670,0.020689,0.319921,0.000000,0.949500,0.319921,8.402666,17.212542,-703.938416,-19.562006,-645.845825,12.002132,52.929898,50.984024,36.377390,373.708842,105.605738,279.011872,0.316993,0,0.328102,628.306188,12.768050,21.332261,253.60
20260805_130822,205.331,1,Right,2089,99.186213,0.000000,99.186213,13.547152,0.004031,0.033551,0.005535,120,0.000000,0.000000,0.134506,0.935876,0.025241,-0.114588,0.134506,0.036354,0.726680,0.000302,0.935876,0.726680,17.272822,17.211760,-647.276794,-23.823479,-645.845825,12.002132,52.929898,50.984024,6.471601,166.502070,79.099632,78.892891,0.203273,0,0.328102,628.306188,12.768050,21.332261,253.60
20260805_130822,210.332,1,Left,2158,42.910102,0.000000,42.910102,10.611677,0.004837,0.022865,0.013359,104,0.000000,0.000000,0.413670,0.949500,0.010043,-0.325318,0.413670,0.023305,0.331798,0.000000,0.949500,0.331798,8.638692,17.214153,-651.169800,55.131718,-582.123962,76.777367,53.601965,51.002301,42.995451,375.047752,105.605738,280.350783,0.320934,0,0.356748,452.377118,14.149663,24.825454,356.51
20260805_130822,210.332,1,Right,2137,99.204492,0.000000,99.204492,13.430042,0.003993,0.033250,0.005473,123,0.000000,0.000000,0.134506,0.935876,0.025390,-0.114588,0.134506,0.036254,0.727331,0.000302,0.935876,0.727331,17.293537,17.213404,-592.681213,49.075542,-582.123962,76.777367,53.601965,51.002301,0.548317,166.571396,79.099632,78.961117,0.203401,0,0.356748,452.377118,14.149663,24.825454,356.51
20260805_130822,215.340,1,Left,2210,44.253394,0.000000,44.253394,11.402715,0.004870,0.023652,0.012777,107,0.000000,0.000000,0.413670,0.949500,0.010300,-0.325318,0.413670,0.023249,0.341103,0.000000,0.949500,0.341103,8.837186,17.215904,-594.526917,116.041016,-506.188629,122.659439,63.799676,58.234834,59.281632,380.582107,105.605738,285.885138,0.321929,0,0.299939,589.521355,18.965597,34.256014,367.50
20260805_130822,215.340,1,Right,2188,99.223035,0.000000,99.223035,13.162706,0.003963,0.033210,0.005451,126,0.000000,0.000000,0.134506,0.935876,0.025331,-0.114588,0.134506,0.035942,0.727091,0.000302,0.935876,0.727091,17.305614,17.215158,-521.481689,99.343597,-506.188629,122.659439,63.799676,58.234834,2.472167,165.702560,79.099632,78.091165,0.201993,0,0.299939,589.521355,18.965597,34.256014,367.50
20260805_130822,220.347,1,Left,2258,45.438441,0.000000,45.438441,11.558902,0.005031,0.023848,0.013250,111,0.000000,0.000000,0.413670,0.949500,0.010955,-0.325318,0.413670,0.023727,0.351873,0.000000,0.949500,0.351873,9.062005,17.217468,-511.655914,164.917068,-420.273499,148.761154,65.397698,58.528887,63.482260,387.868906,105.605738,293.171937,0.323755,0,0.315192,463.222238,19.924987,36.801518,271.34
20260805_130822,220.347,1,Right,2235,99.239374,0.000000,99.239374,12.885906,0.003911,0.032870,0.005388,128,0.000000,0.000000,0.134506,0.935876,0.025476,-0.114588,0.134506,0.035863,0.727674,0.000302,0.935876,0.727674,17.320145,17.216721,-439.060883,133.415314,-420.273499,148.761154,65.397698,58.528887,5.749593,164.612303,79.099632,77.000416,0.200246,0,0.315192,463.222238,19.924987,36.801518,271.34
20260805_130822,225.348,1,Left,2309,46.470333,0.000000,46.470333,12.343006,0.005186,0.024820,0.013368,118,0.000000,0.000000,0.413670,0.949500,0.010461,-0.325318,0.413670,0.024328,0.358323,0.000000,0.949500,0.358323,9.205578,17.219455,-435.703125,184.135803,-329.494812,152.700836,76.535579,70.139776,82.781236,391.804425,105.605738,297.107456,0.325426,0,0.203552,614.243549,27.845961,47.809430,338.28
20260805_130822,225.348,1,Right,2285,99.256018,0.000000,99.256018,12.603939,0.003880,0.032647,0.005402,131,0.000000,0.000000,0.134506,0.935876,0.025634,-0.114588,0.134506,0.035795,0.726889,0.000302,0.935876,0.726889,17.301032,17.218716,-356.976074,141.929199,-329.494812,152.700836,76.535579,70.139776,2.119381,163.542018,79.099632,75.933567,0.198453,0,0.203552,614.243549,27.845961,47.809430,338.28
20260805_130822,230.350,1,Left,2359,47.604917,0.000000,47.604917,13.098771,0.005358,0.025884,0.013364,124,0.000000,0.000000,0.413670,0.949500,0.011477,-0.325318,0.413670,0.025215,0.365594,0.000000,0.949500,0.365594,9.359826,17.220841,-356.525208,199.027100,-241.987930,134.260284,91.007015,84.538310,103.758693,396.500289,105.605738,301.803319,0.327421,0,0.139623,1083.359286,37.108720,60.076110,358.37
20260805_130822,230.350,1,Right,2333,99.271324,0.000000,99.271324,12.558937,0.003905,0.033208,0.005420,134,0.000000,0.000000,0.134506,0.935876,0.025414,-0.114588,0.134506,0.035507,0.724156,0.000302,0.935876,0.724156,17.268522,17.220078,-279.189728,129.574478,-241.987930,134.260284,91.007015,84.538310,7.845422,162.394884,65.693220,74.869499,0.196525,0,0.139623,1083.359286,37.108720,60.076110,358.37
20260805_130822,235.351,1,Left,2411,47.988387,0.000000,47.988387,13.728743,0.005390,0.026811,0.013304,130,0.000000,0.000000,0.413670,0.949500,0.010775,-0.325318,0.413670,0.025424,0.366477,0.000000,0.949500,0.366477,9.384617,17.222280,-303.861450,192.587402,-161.170715,94.453285,119.138031,113.465147,147.584183,396.382500,105.605738,301.685531,0.327860,0,0.076968,2050.147310,56.393039,86.304273,223.57
20260805_130822,235.351,1,Right,2385,99.287212,0.000000,99.287212,12.830189,0.003906,0.033868,0.005456,136,0.000000,0.000000,0.134506,0.935876,0.025328,-0.114588,0.134506,0.035531,0.721750,0.000302,0.935876,0.721750,17.211969,17.221550,-214.853104,97.174950,-161.170715,94.453285,119.138031,113.465147,23.752717,163.209155,65.693220,75.680862,0.197268,0,0.076968,2050.147310,56.393039,86.304273,223.57
20260805_130822,240.362,1,Left,2465,48.194726,0.000000,48.194726,14.239351,0.005348,0.027151,0.013038,132,0.000000,0.000000,0.413670,0.949500,0.010949,-0.325318,0.413670,0.025276,0.366945,0.000000,0.949500,0.366945,9.422989,17.223635,-249.031738,190.683060,-92.767334,35.827446,150.811243,138.639514,193.765032,398.760459,105.605738,304.063489,0.328408,0,0.048046,3094.071515,72.848824,115.982011,355.78
20260805_130822,240.362,1,Right,2437,99.261387,0.000000,99.261387,12.884694,0.003883,0.034073,0.005482,139,0.000000,0.000000,0.134506,0.947032,0.025319,-0.114588,0.134506,0.035305,0.722749,0.000302,0.947032,0.722749,17.198271,17.222888,-148.963104,46.928276,-92.767334,35.827446,150.811243,138.639514,53.015028,165.960118,65.693220,78.429095,0.199129,0,0.048046,3094.071515,72.848824,115.982011,355.78
20260805_130822,245.375,1,Left,2516,47.217806,0.000000,47.217806,13.950715,0.005240,0.026601,0.013038,132,0.000000,0.000000,0.413670,0.949500,0.010727,-0.325318,0.413670,0.024764,0.359507,0.000000,0.949500,0.359507,9.276877,17.225163,-248.873337,190.664764,-40.725948,-38.582779,207.196879,181.154716,280.869958,398.760459,105.605738,304.063489,0.328408,0,0.043635,1791.041627,103.742467,164.292503,300.80
20260805_130822,245.375,1,Right,2488,99.276527,0.000000,99.276527,13.585209,0.004046,0.034759,0.005698,147,0.000000,0.000000,0.148684,0.947032,0.025325,-0.114588,0.148684,0.035992,0.722398,0.000302,0.947032,0.722398,17.193939,17.224448,-85.266609,-10.480908,-40.725948,-38.582779,207.196879,181.154716,45.696239,168.855355,65.693220,81.321716,0.202191,0,0.043635,1791.041627,103.742467,164.292503,300.80
20260805_130822,250.379,1,Left,2567,47.058824,0.000000,47.058824,14.179977,0.005204,0.026894,0.012893,134,0.000000,0.000000,0.413670,0.949500,0.010707,-0.325318,0.413670,0.024466,0.357324,0.000000,0.949500,0.357324,9.222777,17.226538,-219.787018,184.120575,-9.207359,-122.597084,248.641409,210.215550,342.456028,401.493115,105.605738,306.796145,0.328836,0,0.025157,1902.533891,123.862014,199.433758,296.40
20260805_130822,250.379,1,Right,2537,99.290501,0.000000,99.290501,13.914072,0.004074,0.035234,0.005724,151,0.000000,0.000000,0.148684,0.947032,0.025176,-0.114588,0.148684,0.035637,0.722835,0.000302,0.947032,0.722835,17.209277,17.225809,-45.847980,-90.999374,-9.207359,-122.597084,248.641409,210.215550,45.225443,171.107904,65.693220,83.571849,0.203918,0,0.025157,1902.533891,123.862014,199.433758,296.40
20260805_130822,255.386,1,Left,2618,46.409473,0.000000,46.409473,14.132926,0.005256,0.026751,0.012893,134,0.000000,0.000000,0.413670,0.949500,0.009965,-0.325318,0.413670,0.024523,0.351705,0.000000,0.949500,0.351705,9.097644,17.227751,-212.399185,182.429443,0.574465,-210.357101,297.948503,242.957058,416.814951,400.482690,105.605738,305.785721,0.329373,0,0.006208,506.028865,147.072969,241.638344,274.07
20260805_130822,255.386,1,Right,2588,99.304482,0.000000,99.304482,14.026275,0.004035,0.035252,0.005674,155,0.000000,0.000000,0.148684,0.947032,0.025221,-0.114588,0.148684,0.035475,0.724365,0.000302,0.947032,0.724365,17.232579,17.227048,-21.491205,-178.073212,0.574465,-210.357101,297.948503,242.957058,37.849229,172.388045,65.693220,84.849575,0.205240,0,0.006208,506.028865,147.072969,241.638344,274.07
20260805_130822,260.389,1,Left,2667,45.856768,0.000000,45.856768,14.135733,0.005238,0.026631,0.012893,135,0.000000,0.000000,0.413670,0.949500,0.009555,-0.325318,0.413670,0.024299,0.346739,0.000000,0.949500,0.346739,8.984841,17.229057,-205.848770,182.224014,-11.671761,-299.249420,346.166076,275.150660,489.378119,399.401082,105.605738,304.704112,0.329220,0,0.000000,473.271276,169.757663,283.105164,300.73
20260805_130822,260.389,1,Right,2637,99.317406,0.000000,99.317406,14.144862,0.004005,0.035402,0.005613,160,0.000000,0.000000,0.148684,0.947032,0.025313,-0.114588,0.148684,0.035377,0.725118,0.000302,0.947032,0.725118,17.253587,17.228382,-20.171650,-269.284821,-11.671761,-299.249420,346.166076,275.150660,30.897547,172.565675,65.693220,85.024972,0.205719,0,0.000000,473.271276,169.757663,283.105164,300.73
20260805_130822,265.392,1,Left,2719,45.163663,0.000000,45.163663,14.012505,0.005194,0.026306,0.012893,135,0.000000,0.000000,0.413670,0.949500,0.009530,-0.325318,0.413670,0.023993,0.340928,0.000000,0.949500,0.340928,8.846182,17.230262,-203.304977,182.251160,-46.051811,-383.292267,391.534759,309.986470,558.055581,398.937622,105.605738,304.240653,0.329269,0,0.000000,1405.656706,194.456275,322.775098,363.27
20260805_130822,265.392,1,Right,2688,99.330357,0.000000,99.330357,14.434524,0.004056,0.036011,0.005624,167,0.000000,0.000000,0.148684,0.947032,0.025458,-0.114588,0.148684,0.035359,0.725202,0.000302,0.947032,0.725202,17.252659,17.229594,-48.838436,-350.436371,-46.051811,-383.292267,391.534759,309.986470,33.544894,173.207016,65.693220,85.664077,0.206600,0,0.000000,1405.656706,194.456275,322.775098,363.27
20260805_130822,270.394,1,Left,2769,44.889852,0.000000,44.889852,14.228964,0.005367,0.026413,0.012774,135,0.000000,0.000000,0.413670,0.949500,0.010519,-0.325318,0.413670,0.024721,0.337889,0.000000,0.949500,0.337889,8.787811,17.231223,-177.289108,177.996445,-99.120834,-454.761444,425.697164,333.772127,609.576959,397.710940,105.605738,303.013970,0.330876,0,0.000000,2929.802154,211.130813,352.368518,272.34
20260805_130822,270.394,1,Right,2738,99.342586,0.000000,99.342586,14.426589,0.004055,0.036058,0.005632,169,0.000000,0.000000,0.148684,0.947032,0.025518,-0.114588,0.148684,0.035396,0.725389,0.000302,0.947032,0.725389,17.260780,17.230578,-92.232689,-425.587219,-99.120834,-454.761444,425.697164,333.772127,30.110619,173.013260,65.693220,85.468210,0.206670,0,0.000000,2929.802154,211.130813,352.368518,272.34
20260805_130822,275.396,1,Left,2821,44.062389,0.000000,44.062389,13.966678,0.005268,0.025926,0.012774,135,0.000000,0.000000,0.413670,0.949500,0.010325,-0.325318,0.413670,0.024265,0.331660,0.000000,0.949500,0.331660,8.655145,17.232889,-177.273117,177.990570,-169.019547,-511.596222,460.389475,359.012041,663.456444,397.710940,105.605738,303.013970,0.330876,0,0.000000,3059.372382,229.999902,383.510912,228.08
20260805_130822,275.396,1,Right,2790,99.354839,0.000000,99.354839,14.157706,0.004024,0.035769,0.005602,171,0.000000,0.000000,0.148684,0.947032,0.025340,-0.114588,0.148684,0.035120,0.725867,0.000302,0.947032,0.725867,17.274306,17.232275,-159.335602,-484.911133,-169.019547,-511.596222,460.389475,359.012041,32.671160,172.360830,65.693220,84.813665,0.205812,0,0.000000,3059.372382,229.999902,383.510912,228.08
20260805_130822,280.401,1,Left,2870,43.310105,0.000000,43.310105,13.728223,0.005178,0.025484,0.012774,135,0.000000,0.000000,0.413670,0.949500,0.010149,-0.325318,0.413670,0.023851,0.325998,0.000000,0.949500,0.325998,8.541797,17.234338,-177.273117,177.990570,-250.154602,-549.079163,496.499854,401.954403,706.812531,397.710940,105.605738,303.013970,0.330876,0,0.004489,19989.318400,252.468639,409.404618,372.03
20260805_130822,280.401,1,Right,2838,98.696265,0.000000,98.696265,14.270613,0.004057,0.035765,0.005737,174,0.000000,0.000000,0.239790,0.947032,0.025716,-0.114588,0.239790,0.035390,0.719194,0.000000,0.947032,0.719194,17.124331,17.233733,-189.927063,-507.483398,-250.154602,-549.079163,496.499854,401.954403,57.030423,172.018390,65.693220,84.470080,0.205756,0,0.004489,19989.318400,252.468639,409.404618,372.03
20260805_130822,285.413,1,Left,2925,42.495726,0.000000,42.495726,13.470085,0.005081,0.025005,0.012774,135,0.000000,0.000000,0.413670,0.949500,0.009958,-0.325318,0.413670,0.023402,0.319868,0.000000,0.949500,0.319868,8.409852,17.235282,-177.273117,177.990570,-338.741425,-565.461914,512.444459,415.908183,739.605790,397.710940,105.605738,303.013970,0.330876,0,0.000000,15947.658028,267.773196,428.681172,265.90
20260805_130822,285.413,1,Right,2892,98.720609,0.000000,98.720609,14.246196,0.004146,0.035474,0.005807,178,0.000000,0.000000,0.239790,0.949892,0.025286,-0.114588,0.239790,0.035657,0.721988,0.000000,0.949892,0.721988,17.167814,17.234682,-284.763458,-519.289917,-338.741425,-565.461914,512.444459,415.908183,65.466919,176.844982,65.693220,89.294602,0.208729,0,0.000000,15947.658028,267.773196,428.681172,265.90
20260805_130822,290.417,1,Left,2976,41.767473,0.000000,41.767473,13.239247,0.004993,0.024576,0.012774,135,0.000000,0.000000,0.413670,0.949500,0.009788,-0.325318,0.413670,0.023001,0.314386,0.000000,0.949500,0.314386,8.291755,17.236273,-177.273117,177.990570,-428.975128,-559.268005,523.986774,415.597937,760.989450,397.710940,105.605738,303.013970,0.330876,0,0.000000,13063.180050,270.392209,440.336417,337.79
20260805_130822,290.417,1,Right,2943,98.742779,0.000000,98.742779,14.033299,0.004099,0.035170,0.005742,182,0.000000,0.000000,0.239790,0.949892,0.025139,-0.114588,0.239790,0.035330,0.724604,0.000000,0.949892,0.724604,17.214828,17.235694,-383.663391,-533.441101,-428.975128,-559.268005,523.986774,415.597937,50.828496,180.254589,65.693220,92.702323,0.210614,0,0.000000,13063.180050,270.392209,440.336417,337.79
20260805_130822,295.423,1,Left,3024,41.832011,0.000000,41.832011,13.657407,0.005019,0.024770,0.012636,137,0.000000,0.000000,0.413670,0.949500,0.009371,-0.325318,0.413670,0.023018,0.313198,0.000000,0.949500,0.313198,8.255026,17.237123,-157.250092,163.458710,-513.842651,-531.243652,525.029358,407.185397,765.442638,396.329776,105.605738,301.632806,0.330755,0,0.000000,9915.878454,266.723169,442.383511,255.89
20260805_130822,295.423,1,Right,2990,98.762542,0.000000,98.762542,13.879599,0.004059,0.034934,0.005671,183,0.000000,0.000000,0.239790,0.949892,0.025290,-0.114588,0.239790,0.035321,0.726708,0.000000,0.949892,0.726708,17.254925,17.236546,-480.945160,-524.954163,-513.842651,-531.243652,525.029358,407.185397,34.743049,181.631807,65.693220,94.077862,0.211950,0,0.000000,9915.878454,266.723169,442.383511,255.89
20260805_130822,300.423,1,Left,3072,42.415365,0.000000,42.415365,14.583333,0.005027,0.024863,0.012382,140,0.000000,0.000000,0.413670,0.949500,0.010076,-0.325318,0.413670,0.023510,0.314943,0.000000,0.949500,0.314943,8.293997,17.237920,-119.646637,129.002426,-589.191101,-483.176270,519.261217,399.555191,757.896434,392.280601,105.605738,297.583631,0.330283,0,0.000000,8952.852518,262.349897,437.895329,368.37
20260805_130822,300.423,1,Right,3038,98.782093,0.000000,98.782093,13.660303,0.004016,0.034538,0.005621,185,0.000000,0.000000,0.239790,0.949892,0.025499,-0.114588,0.239790,0.035372,0.726901,0.000000,0.949892,0.726901,17.267737,17.237361,-561.923523,-487.419739,-589.191101,-483.176270,519.261217,399.555191,29.153932,180.971887,65.693220,93.416281,0.211429,0,0.000000,8952.852518,262.349897,437.895329,368.37
20260805_130822,305.432,1,Left,3121,41.749439,0.000000,41.749439,14.354374,0.004948,0.024472,0.012382,140,0.000000,0.000000,0.413670,0.949500,0.009918,-0.325318,0.413670,0.023141,0.309998,0.000000,0.949500,0.309998,8.188307,17.238765,-119.083961,128.198242,-651.010986,-417.154999,515.215215,396.021481,751.914649,392.280601,105.605738,297.583631,0.330283,0,0.002321,10631.162487,259.873976,434.430280,263.18
20260805_130822,305.432,1,Right,3087,98.801425,0.000000,98.801425,13.443473,0.004003,0.034489,0.005623,188,0.000000,0.000000,0.239790,0.949892,0.025436,-0.114588,0.239790,0.035152,0.726603,0.000000,0.949892,0.726603,17.260890,17.238224,-624.179077,-431.083374,-651.010986,-417.154999,515.215215,396.021481,28.519554,180.086341,65.693220,92.529094,0.210172,0,0.002321,10631.162487,259.873976,434.430280,263.18
20260805_130822,310.443,1,Left,3171,41.721854,0.000000,41.721854,14.695680,0.005028,0.024499,0.012254,141,0.000000,0.000000,0.413670,0.949500,0.008741,-0.325318,0.413670,0.023796,0.308434,0.000000,0.949500,0.308434,8.152995,17.239634,-103.607483,110.788223,-694.555481,-337.474030,501.837832,385.896898,734.840580,390.409934,105.605738,295.712965,0.331425,0,0.000000,10298.145377,254.855966,424.638044,274.28
20260805_130822,310.443,1,Right,3137,98.820529,0.000000,98.820529,13.324833,0.004006,0.034400,0.005625,190,0.000000,0.000000,0.239790,0.949892,0.025440,-0.114588,0.239790,0.035081,0.726974,0.000000,0.949892,0.726974,17.270870,17.239110,-670.308350,-355.253326,-694.555481,-337.474030,501.837832,385.896898,31.011719,179.255748,65.693220,91.696879,0.209215,0,0.000000,10298.145377,254.855966,424.638044,274.28
20260805_130822,315.453,1,Left,3220,41.086957,0.000000,41.086957,14.472050,0.004952,0.024126,0.012254,141,0.000000,0.000000,0.413670,0.949500,0.008608,-0.325318,0.413670,0.023434,0.303741,0.000000,0.949500,0.303741,8.050100,17.240360,-103.569908,110.756195,-716.689880,-250.146561,484.857934,371.728955,708.568703,390.409934,105.605738,295.712965,0.331425,0,0.003090,10988.696361,244.405055,409.429345,223.77
20260805_130822,315.453,1,Right,3186,98.838669,0.000000,98.838669,13.245449,0.003969,0.034231,0.005585,193,0.000000,0.000000,0.239790,0.949892,0.025608,-0.114588,0.239790,0.035101,0.726442,0.000000,0.949892,0.726442,17.262727,17.239851,-699.552307,-277.175232,-716.689880,-250.146561,484.857934,371.728955,28.767309,178.608686,65.693220,91.048278,0.208569,0,0.003090,10988.696361,244.405055,409.429345,223.77
20260805_130822,320.467,1,Left,3268,41.095471,0.000000,41.095471,14.779682,0.005226,0.024336,0.012572,143,0.000000,0.000000,0.413670,0.949500,0.006715,-0.382333,0.413670,0.024856,0.302508,0.000000,0.949500,0.302508,8.003625,17.241092,-87.598663,107.720589,-716.674988,-161.843033,465.773861,357.175659,685.097376,389.042445,105.605738,294.345475,0.334542,0,0.000000,9835.257910,237.561246,395.967006,306.53
20260805_130822,320.467,1,Right,3234,98.855906,0.000000,98.855906,13.079777,0.003965,0.034257,0.005610,195,0.000000,0.000000,0.239790,0.949892,0.025418,-0.114588,0.239790,0.034886,0.727223,0.000000,0.949892,0.727223,17.275058,17.240599,-702.992065,-188.487686,-716.674988,-161.843033,465.773861,357.175659,31.799295,178.233049,65.693220,90.690283,0.208172,0,0.000000,9835.257910,237.561246,395.967006,306.53
20260805_130822,325.467,1,Left,3316,40.651387,0.000000,40.651387,14.716526,0.005229,0.024147,0.012522,143,0.000000,0.000000,0.413670,0.949500,0.006214,-0.382333,0.413670,0.024901,0.299054,0.000000,0.949500,0.299054,7.943868,17.241861,-73.052315,113.081589,-694.511108,-74.522957,443.347826,338.076991,654.037628,388.750968,105.605738,294.053998,0.335239,0,0.000608,8266.486032,225.717360,377.960756,270.16
20260805_130822,325.467,1,Right,3282,98.872639,0.000000,98.872639,12.949421,0.003942,0.034139,0.005570,197,0.000000,0.000000,0.239790,0.949892,0.025580,-0.114588,0.239790,0.034909,0.727229,0.000000,0.949892,0.727229,17.281655,17.241383,-690.812317,-101.264046,-694.511108,-74.522957,443.347826,338.076991,28.244996,177.458073,65.693220,89.913605,0.207317,0,0.000608,8266.486032,225.717360,377.960756,270.16
20260805_130822,330.472,1,Left,3365,40.475483,0.000000,40.475483,14.858841,0.005457,0.024148,0.012404,144,0.000000,0.000000,0.512862,0.949500,0.004357,-0.512862,0.413670,0.026304,0.296969,0.000000,0.949500,0.296969,7.893785,17.242535,-66.736450,130.541855,-651.361389,4.560002,412.579772,313.884848,607.898292,386.996401,105.605738,292.299431,0.338107,0,0.003881,7830.749919,208.430291,351.336935,348.91
20260805_130822,330.472,1,Right,3331,98.889222,0.000000,98.889222,12.758931,0.003932,0.033984,0.005574,199,0.000000,0.000000,0.239790,0.949892,0.025602,-0.114588,0.239790,0.034867,0.726889,0.000000,0.949892,0.726889,17.272125,17.242071,-656.621399,-24.695658,-651.361389,4.560002,412.579772,313.884848,27.795537,176.648723,65.693220,89.102569,0.206226,0,0.003881,7830.749919,208.430291,351.336935,348.91
20260805_130822,335.476,1,Left,3414,39.894552,0.000000,39.894552,14.645577,0.005379,0.023802,0.012404,144,0.000000,0.000000,0.512862,0.949500,0.004295,-0.512862,0.413670,0.025926,0.292707,0.000000,0.949500,0.292707,7.816571,17.243308,-66.729279,130.604431,-590.204224,70.222984,364.126211,277.106882,541.025406,386.996401,105.605738,292.299431,0.338107,0,0.000000,6225.922945,186.561207,312.849689,353.80
20260805_130822,335.476,1,Right,3380,98.905325,0.000000,98.905325,12.603550,0.003926,0.033938,0.005592,202,0.000000,0.000000,0.239790,0.949892,0.025456,-0.114588,0.239790,0.034656,0.727046,0.000000,0.949892,0.727046,17.285353,17.242859,-597.889893,44.060623,-590.204224,70.222984,364.126211,277.106882,30.270341,175.937850,65.693220,88.410245,0.205264,0,0.000000,6225.922945,186.561207,312.849689,353.80
20260805_130822,340.477,1,Left,3465,39.682540,0.000000,39.682540,14.747475,0.005710,0.024036,0.012404,146,0.000000,0.000000,0.512862,0.949500,0.002867,-0.512862,0.413670,0.026909,0.290316,0.000000,0.949500,0.290316,7.752717,17.243982,-76.055290,140.560547,-514.707581,118.721291,309.333033,234.475139,457.937459,385.381509,105.605738,290.684539,0.340218,0,0.004471,4584.463274,155.930659,264.897829,260.82
20260805_130822,340.477,1,Right,3431,98.921597,0.000000,98.921597,12.416205,0.003893,0.033829,0.005558,205,0.000000,0.000000,0.239790,0.949892,0.025674,-0.114588,0.239790,0.034737,0.726881,0.000000,0.949892,0.726881,17.276686,17.243546,-532.851379,95.138611,-514.707581,118.721291,309.333033,234.475139,28.387736,174.977412,65.693220,87.447851,0.203951,0,0.004471,4584.463274,155.930659,264.897829,260.82
20260805_130822,345.478,1,Left,3515,40.085349,0.000000,40.085349,15.334282,0.006394,0.024501,0.012417,148,0.000000,0.000000,0.644344,0.949500,-0.001996,-0.644344,0.413670,0.031348,0.291640,0.000000,0.949500,0.291640,7.762511,17.244781,-100.854805,123.763779,-429.561981,147.041840,236.225060,179.093611,351.223817,383.197824,105.605738,288.500854,0.349146,0,0.001497,2930.021637,119.762928,203.469362,338.74
20260805_130822,345.478,1,Right,3479,98.936476,0.000000,98.936476,12.503593,0.003896,0.034057,0.005557,206,0.000000,0.000000,0.239790,0.949892,0.025474,-0.114588,0.239790,0.034599,0.726876,0.000000,0.949892,0.726876,17.284605,17.244336,-451.312317,128.383408,-429.561981,147.041840,236.225060,179.093611,29.003009,174.411275,65.693220,86.879925,0.203360,0,0.001497,2930.021637,119.762928,203.469362,338.74
20260805_130822,350.487,1,Left,3570,39.495798,0.000000,39.495798,15.126050,0.006451,0.024264,0.012417,148,0.000000,0.000000,0.644344,0.949500,-0.002234,-0.644344,0.413670,0.031135,0.287380,0.000000,0.949500,0.287380,7.679459,17.245493,-95.251060,117.711960,-340.057343,153.425095,180.750191,137.185537,272.424510,383.062596,105.605738,288.365626,0.349411,0,0.000000,1868.180427,93.199038,158.342356,342.20
20260805_130822,350.487,1,Right,3534,98.953028,0.000000,98.953028,12.337295,0.003889,0.033809,0.005534,210,0.000000,0.000000,0.239790,0.949892,0.025451,-0.114588,0.239790,0.034708,0.727648,0.000000,0.949892,0.727648,17.300069,17.245067,-362.343628,138.229935,-340.057343,153.425095,180.750191,137.185537,31.651097,173.641766,65.693220,86.108428,0.202582,0,0.000000,1868.180427,93.199038,158.342356,342.20
20260805_130822,355.491,1,Left,3619,38.961039,0.000000,38.961039,14.921249,0.006364,0.023935,0.012417,148,0.000000,0.000000,0.644344,0.949500,-0.002204,-0.644344,0.413670,0.030713,0.283489,0.000000,0.949500,0.283489,7.602966,17.246149,-95.250862,117.711777,-250.381790,137.041382,123.383872,92.728340,180.242613,383.062596,105.605738,288.365626,0.349411,0,0.029863,172.422677,59.994161,104.076549,278.51
20260805_130822,355.491,1,Right,3581,98.966769,0.000000,98.966769,12.314996,0.003906,0.034134,0.005539,213,0.000000,0.000000,0.239790,0.949892,0.025694,-0.114588,0.239790,0.034902,0.727047,0.000000,0.949892,0.727047,17.289485,17.245714,-279.278748,133.394775,-250.381790,137.041382,123.383872,92.728340,2.895612,172.875399,65.693220,85.340411,0.201700,0,0.029863,172.422677,59.994161,104.076549,278.51
20260805_130822,360.499,1,Left,3669,38.430090,0.000000,38.430090,14.717907,0.006277,0.023609,0.012417,148,0.000000,0.000000,0.644344,0.949500,-0.002174,-0.644344,0.413670,0.030295,0.279626,0.000000,0.949500,0.279626,7.520589,17.246722,-95.250862,117.711777,-169.527618,99.802101,68.033332,51.111232,88.912138,383.062596,105.605738,288.365626,0.349411,0,0.050758,204.218943,31.102928,51.405060,334.45
20260805_130822,360.499,1,Right,3630,98.980716,0.000000,98.980716,12.258953,0.003898,0.034216,0.005548,215,0.000000,0.000000,0.239790,0.949892,0.025298,-0.114588,0.239790,0.034612,0.726949,0.000000,0.949892,0.726949,17.303157,17.246286,-195.315628,98.578705,-169.527618,99.802101,68.033332,51.111232,4.698100,172.203013,65.693220,84.674582,0.200667,0,0.050758,204.218943,31.102928,51.405060,334.45
20260805_130822,365.508,1,Left,3671,38.409153,0.000000,38.409153,14.709888,0.006274,0.023596,0.012417,148,0.000000,0.000000,0.644344,0.949500,-0.002173,-0.644344,0.413670,0.030278,0.279474,0.000000,0.949500,0.279474,7.517040,17.246748,-95.250862,117.711777,-165.872513,97.502571,66.732604,50.245925,84.784232,383.062596,105.605738,288.365626,0.349411,0,0.094318,113.006157,29.268271,48.983946,343.40
20260805_130822,365.508,1,Right,3632,98.981278,0.000000,98.981278,12.252203,0.003904,0.034312,0.005562,216,0.000000,0.000000,0.239790,0.949892,0.025288,-0.114588,0.239790,0.034596,0.726859,0.000000,0.949892,0.726859,17.299505,17.246313,-192.907867,97.602364,-165.872513,97.502571,66.732604,50.245925,3.148775,172.176372,65.693220,84.647870,0.200625,0,0.094318,113.006157,29.268271,48.983946,343.40
20260805_130822,370.519,1,Left,3671,38.409153,0.000000,38.409153,14.709888,0.006274,0.023596,0.012417,148,0.000000,0.000000,0.644344,0.949500,-0.002173,-0.644344,0.413670,0.030278,0.279474,0.000000,0.949500,0.279474,7.517040,17.246748,-95.250862,117.711777,-165.872513,97.502571,66.732604,50.245925,84.784232,383.062596,105.605738,288.365626,0.349411,0,0.094318,113.006157,29.268271,48.983946,371.47
20260805_130822,370.519,1,Right,3632,98.981278,0.000000,98.981278,12.252203,0.003904,0.034312,0.005562,216,0.000000,0.000000,0.239790,0.949892,0.025288,-0.114588,0.239790,0.034596,0.726859,0.000000,0.949892,0.726859,17.299505,17.246313,-192.907867,97.602364,-165.872513,97.502571,66.732604,50.245925,3.148775,172.176372,65.693220,84.647870,0.200625,0,0.094318,113.006157,29.268271,48.983946,371.47
20260805_130822,375.522,1,Left,3671,38.409153,0.000000,38.409153,14.709888,0.006274,0.023596,0.012417,148,0.000000,0.000000,0.644344,0.949500,-0.002173,-0.644344,0.413670,0.030278,0.279474,0.000000,0.949500,0.279474,7.517040,17.246748,-95.250862,117.711777,-165.872513,97.502571,66.732604,50.245925,84.784232,383.062596,105.605738,288.365626,0.349411,0,0.094318,113.006157,29.268271,48.983946,328.60
20260805_130822,375.522,1,Right,3632,98.981278,0.000000,98.981278,12.252203,0.003904,0.034312,0.005562,216,0.000000,0.000000,0.239790,0.949892,0.025288,-0.114588,0.239790,0.034596,0.726859,0.000000,0.949892,0.726859,17.299505,17.246313,-192.907867,97.602364,-165.872513,97.502571,66.732604,50.245925,3.148775,172.176372,65.693220,84.647870,0.200625,0,0.094318,113.006157,29.268271,48.983946,328.60
20260805_130822,380.531,1,Left,3671,38.409153,0.000000,38.409153,14.709888,0.006274,0.023596,0.012417,148,0.000000,0.000000,0.644344,0.949500,-0.002173,-0.644344,0.413670,0.030278,0.279474,0.000000,0.949500,0.279474,7.517040,17.246748,-95.250862,117.711777,-165.872513,97.502571,66.732604,50.245925,84.784232,383.062596,105.605738,288.365626,0.349411,0,0.094318,113.006157,29.268271,48.983946,366.35
20260805_130822,380.531,1,Right,3632,98.981278,0.000000,98.981278,12.252203,0.003904,0.034312,0.005562,216,0.000000,0.000000,0.239790,0.949892,0.025288,-0.114588,0.239790,0.034596,0.726859,0.000000,0.949892,0.726859,17.299505,17.246313,-192.907867,97.602364,-165.872513,97.502571,66.732604,50.245925,3.148775,172.176372,65.693220,84.647870,0.200625,0,0.094318,113.006157,29.268271,48.983946,366.35
20260805_130822,385.541,1,Left,3671,38.409153,0.000000,38.409153,14.709888,0.006274,0.023596,0.012417,148,0.000000,0.000000,0.644344,0.949500,-0.002173,-0.644344,0.413670,0.030278,0.279474,0.000000,0.949500,0.279474,7.517040,17.246748,-95.250862,117.711777,-165.872513,97.502571,66.732604,50.245925,84.784232,383.062596,105.605738,288.365626,0.349411,0,0.094318,113.006157,29.268271,48.983946,382.06
20260805_130822,385.541,1,Right,3632,98.981278,0.000000,98.981278,12.252203,0.003904,0.034312,0.005562,216,0.000000,0.000000,0.239790,0.949892,0.025288,-0.114588,0.239790,0.034596,0.726859,0.000000,0.949892,0.726859,17.299505,17.246313,-192.907867,97.602364,-165.872513,97.502571,66.732604,50.245925,3.148775,172.176372,65.693220,84.647870,0.200625,0,0.094318,113.006157,29.268271,48.983946,382.06
20260805_130822,390.546,1,Left,3671,38.409153,0.000000,38.409153,14.709888,0.006274,0.023596,0.012417,148,0.000000,0.000000,0.644344,0.949500,-0.002173,-0.644344,0.413670,0.030278,0.279474,0.000000,0.949500,0.279474,7.517040,17.246748,-95.250862,117.711777,-165.872513,97.502571,66.732604,50.245925,84.784232,383.062596,105.605738,288.365626,0.349411,0,0.094318,113.006157,29.268271,48.983946,397.23
20260805_130822,390.546,1,Right,3632,98.981278,0.000000,98.981278,12.252203,0.003904,0.034312,0.005562,216,0.000000,0.000000,0.239790,0.949892,0.025288,-0.114588,0.239790,0.034596,0.726859,0.000000,0.949892,0.726859,17.299505,17.246313,-192.907867,97.602364,-165.872513,97.502571,66.732604,50.245925,3.148775,172.176372,65.693220,84.647870,0.200625,0,0.094318,113.006157,29.268271,48.983946,397.23
20260805_130822,395.547,1,Left,3671,38.409153,0.000000,38.409153,14.709888,0.006274,0.023596,0.012417,148,0.000000,0.000000,0.644344,0.949500,-0.002173,-0.644344,0.413670,0.030278,0.279474,0.000000,0.949500,0.279474,7.517040,17.246748,-95.250862,117.711777,-165.872513,97.502571,66.732604,50.245925,84.784232,383.062596,105.605738,288.365626,0.349411,0,0.094318,113.006157,29.268271,48.983946,351.34
20260805_130822,395.547,1,Right,3632,98.981278,0.000000,98.981278,12.252203,0.003904,0.034312,0.005562,216,0.000000,0.000000,0.239790,0.949892,0.025288,-0.114588,0.239790,0.034596,0.726859,0.000000,0.949892,0.726859,17.299505,17.246313,-192.907867,97.602364,-165.872513,97.502571,66.732604,50.245925,3.148775,172.176372,65.693220,84.647870,0.200625,0,0.094318,113.006157,29.268271,48.983946,351.34
20260805_130822,400.551,1,Left,3671,38.409153,0.000000,38.409153,14.709888,0.006274,0.023596,0.012417,148,0.000000,0.000000,0.644344,0.949500,-0.002173,-0.644344,0.413670,0.030278,0.279474,0.000000,0.949500,0.279474,7.517040,17.246748,-95.250862,117.711777,-165.872513,97.502571,66.732604,50.245925,84.784232,383.062596,105.605738,288.365626,0.349411,0,0.094318,113.006157,29.268271,48.983946,372.73
20260805_130822,400.551,1,Right,3632,98.981278,0.000000,98.981278,12.252203,0.003904,0.034312,0.005562,216,0.000000,0.000000,0.239790,0.949892,0.025288,-0.114588,0.239790,0.034596,0.726859,0.000000,0.949892,0.726859,17.299505,17.246313,-192.907867,97.602364,-165.872513,97.502571,66.732604,50.245925,3.148775,172.176372,65.693220,84.647870,0.200625,0,0.094318,113.006157,29.268271,48.983946,372.73
20260805_130822,405.563,1,Left,3671,38.409153,0.000000,38.409153,14.709888,0.006274,0.023596,0.012417,148,0.000000,0.000000,0.644344,0.949500,-0.002173,-0.644344,0.413670,0.030278,0.279474,0.000000,0.949500,0.279474,7.517040,17.246748,-95.250862,117.711777,-165.872513,97.502571,66.732604,50.245925,84.784232,383.062596,105.605738,288.365626,0.349411,0,0.094318,113.006157,29.268271,48.983946,373.26
20260805_130822,405.563,1,Right,3632,98.981278,0.000000,98.981278,12.252203,0.003904,0.034312,0.005562,216,0.000000,0.000000,0.239790,0.949892,0.025288,-0.114588,0.239790,0.034596,0.726859,0.000000,0.949892,0.726859,17.299505,17.246313,-192.907867,97.602364,-165.872513,97.502571,66.732604,50.245925,3.148775,172.176372,65.693220,84.647870,0.200625,0,0.094318,113.006157,29.268271,48.983946,373.26
20260805_130822,410.564,1,Left,3671,38.409153,0.000000,38.409153,14.709888,0.006274,0.023596,0.012417,148,0.000000,0.000000,0.644344,0.949500,-0.002173,-0.644344,0.413670,0.030278,0.279474,0.000000,0.949500,0.279474,7.517040,17.246748,-95.250862,117.711777,-165.872513,97.502571,66.732604,50.245925,84.784232,383.062596,105.605738,288.365626,0.349411,0,0.094318,113.006157,29.268271,48.983946,361.73
20260805_130822,410.564,1,Right,3632,98.981278,0.000000,98.981278,12.252203,0.003904,0.034312,0.005562,216,0.000000,0.000000,0.239790,0.949892,0.025288,-0.114588,0.239790,0.034596,0.726859,0.000000,0.949892,0.726859,17.299505,17.246313,-192.907867,97.602364,-165.872513,97.502571,66.732604,50.245925,3.148775,172.176372,65.693220,84.647870,0.200625,0,0.094318,113.006157,29.268271,48.983946,361.73
20260805_130822,415.567,1,Left,3671,38.409153,0.000000,38.409153,14.709888,0.006274,0.023596,0.012417,148,0.000000,0.000000,0.644344,0.949500,-0.002173,-0.644344,0.413670,0.030278,0.279474,0.000000,0.949500,0.279474,7.517040,17.246748,-95.250862,117.711777,-165.872513,97.502571,66.732604,50.245925,84.784232,383.062596,105.605738,288.365626,0.349411,0,0.094318,113.006157,29.268271,48.983946,355.06
20260805_130822,415.567,1,Right,3632,98.981278,0.000000,98.981278,12.252203,0.003904,0.034312,0.005562,216,0.000000,0.000000,0.239790,0.949892,0.025288,-0.114588,0.239790,0.034596,0.726859,0.000000,0.949892,0.726859,17.299505,17.246313,-192.907867,97.602364,-165.872513,97.502571,66.732604,50.245925,3.148775,172.176372,65.693220,84.647870,0.200625,0,0.094318,113.006157,29.268271,48.983946,355.06
20260805_130822,420.571,1,Left,3671,38.409153,0.000000,38.409153,14.709888,0.006274,0.023596,0.012417,148,0.000000,0.000000,0.644344,0.949500,-0.002173,-0.644344,0.413670,0.030278,0.279474,0.000000,0.949500,0.279474,7.517040,17.246748,-95.250862,117.711777,-165.872513,97.502571,66.732604,50.245925,84.784232,383.062596,105.605738,288.365626,0.349411,0,0.094318,113.006157,29.268271,48.983946,357.94
20260805_130822,420.571,1,Right,3632,98.981278,0.000000,98.981278,12.252203,0.003904,0.034312,0.005562,216,0.000000,0.000000,0.239790,0.949892,0.025288,-0.114588,0.239790,0.034596,0.726859,0.000000,0.949892,0.726859,17.299505,17.246313,-192.907867,97.602364,-165.872513,97.502571,66.732604,50.245925,3.148775,172.176372,65.693220,84.647870,0.200625,0,0.094318,113.006157,29.268271,48.983946,357.94
20260805_130822,425.576,1,Left,3671,38.409153,0.000000,38.409153,14.709888,0.006274,0.023596,0.012417,148,0.000000,0.000000,0.644344,0.949500,-0.002173,-0.644344,0.413670,0.030278,0.279474,0.000000,0.949500,0.279474,7.517040,17.246748,-95.250862,117.711777,-165.872513,97.502571,66.732604,50.245925,84.784232,383.062596,105.605738,288.365626,0.349411,0,0.094318,113.006157,29.268271,48.983946,360.21
20260805_130822,425.576,1,Right,3632,98.981278,0.000000,98.981278,12.252203,0.003904,0.034312,0.005562,216,0.000000,0.000000,0.239790,0.949892,0.025288,-0.114588,0.239790,0.034596,0.726859,0.000000,0.949892,0.726859,17.299505,17.246313,-192.907867,97.602364,-165.872513,97.502571,66.732604,50.245925,3.148775,172.176372,65.693220,84.647870,0.200625,0,0.094318,113.006157,29.268271,48.983946,360.21
20260805_130822,430.586,1,Left,3671,38.409153,0.000000,38.409153,14.709888,0.006274,0.023596,0.012417,148,0.000000,0.000000,0.644344,0.949500,-0.002173,-0.644344,0.413670,0.030278,0.279474,0.000000,0.949500,0.279474,7.517040,17.246748,-95.250862,117.711777,-165.872513,97.502571,66.732604,50.245925,84.784232,383.062596,105.605738,288.365626,0.349411,0,0.094318,113.006157,29.268271,48.983946,380.64
20260805_130822,430.586,1,Right,3632,98.981278,0.000000,98.981278,12.252203,0.003904,0.034312,0.005562,216,0.000000,0.000000,0.239790,0.949892,0.025288,-0.114588,0.239790,0.034596,0.726859,0.000000,0.949892,0.726859,17.299505,17.246313,-192.907867,97.602364,-165.872513,97.502571,66.732604,50.245925,3.148775,172.176372,65.693220,84.647870,0.200625,0,0.094318,113.006157,29.268271,48.983946,380.64
20260805_130822,435.595,1,Left,3671,38.409153,0.000000,38.409153,14.709888,0.006274,0.023596,0.012417,148,0.000000,0.000000,0.644344,0.949500,-0.002173,-0.644344,0.413670,0.030278,0.279474,0.000000,0.949500,0.279474,7.517040,17.246748,-95.250862,117.711777,-165.872513,97.502571,66.732604,50.245925,84.784232,383.062596,105.605738,288.365626,0.349411,0,0.094318,113.006157,29.268271,48.983946,363.17
20260805_130822,435.595,1,Right,3632,98.981278,0.000000,98.981278,12.252203,0.003904,0.034312,0.005562,216,0.000000,0.000000,0.239790,0.949892,0.025288,-0.114588,0.239790,0.034596,0.726859,0.000000,0.949892,0.726859,17.299505,17.246313,-192.907867,97.602364,-165.872513,97.502571,66.732604,50.245925,3.148775,172.176372,65.693220,84.647870,0.200625,0,0.094318,113.006157,29.268271,48.983946,363.17
20260805_130822,440.605,1,Left,3671,38.409153,0.000000,38.409153,14.709888,0.006274,0.023596,0.012417,148,0.000000,0.000000,0.644344,0.949500,-0.002173,-0.644344,0.413670,0.030278,0.279474,0.000000,0.949500,0.279474,7.517040,17.246748,-95.250862,117.711777,-165.872513,97.502571,66.732604,50.245925,84.784232,383.062596,105.605738,288.365626,0.349411,0,0.094318,113.006157,29.268271,48.983946,339.10
20260805_130822,440.605,1,Right,3632,98.981278,0.000000,98.981278,12.252203,0.003904,0.034312,0.005562,216,0.000000,0.000000,0.239790,0.949892,0.025288,-0.114588,0.239790,0.034596,0.726859,0.000000,0.949892,0.726859,17.299505,17.246313,-192.907867,97.602364,-165.872513,97.502571,66.732604,50.245925,3.148775,172.176372,65.693220,84.647870,0.200625,0,0.094318,113.006157,29.268271,48.983946,339.10
20260805_130822,445.609,1,Left,3671,38.409153,0.000000,38.409153,14.709888,0.006274,0.023596,0.012417,148,0.000000,0.000000,0.644344,0.949500,-0.002173,-0.644344,0.413670,0.030278,0.279474,0.000000,0.949500,0.279474,7.517040,17.246748,-95.250862,117.711777,-165.872513,97.502571,66.732604,50.245925,84.784232,383.062596,105.605738,288.365626,0.349411,0,0.094318,113.006157,29.268271,48.983946,364.41
20260805_130822,445.609,1,Right,3632,98.981278,0.000000,98.981278,12.252203,0.003904,0.034312,0.005562,216,0.000000,0.000000,0.239790,0.949892,0.025288,-0.114588,0.239790,0.034596,0.726859,0.000000,0.949892,0.726859,17.299505,17.246313,-192.907867,97.602364,-165.872513,97.502571,66.732604,50.245925,3.148775,172.176372,65.693220,84.647870,0.200625,0,0.094318,113.006157,29.268271,48.983946,364.41
20260805_130822,450.613,1,Left,3671,38.409153,0.000000,38.409153,14.709888,0.006274,0.023596,0.012417,148,0.000000,0.000000,0.644344,0.949500,-0.002173,-0.644344,0.413670,0.030278,0.279474,0.000000,0.949500,0.279474,7.517040,17.246748,-95.250862,117.711777,-165.872513,97.502571,66.732604,50.245925,84.784232,383.062596,105.605738,288.365626,0.349411,0,0.094318,113.006157,29.268271,48.983946,372.99
20260805_130822,450.613,1,Right,3632,98.981278,0.000000,98.981278,12.252203,0.003904,0.034312,0.005562,216,0.000000,0.000000,0.239790,0.949892,0.025288,-0.114588,0.239790,0.034596,0.726859,0.000000,0.949892,0.726859,17.299505,17.246313,-192.907867,97.602364,-165.872513,97.502571,66.732604,50.245925,3.148775,172.176372,65.693220,84.647870,0.200625,0,0.094318,113.006157,29.268271,48.983946,372.99
20260805_130822,455.613,1,Left,3671,38.409153,0.000000,38.409153,14.709888,0.006274,0.023596,0.012417,148,0.000000,0.000000,0.644344,0.949500,-0.002173,-0.644344,0.413670,0.030278,0.279474,0.000000,0.949500,0.279474,7.517040,17.246748,-95.250862,117.711777,-165.872513,97.502571,66.732604,50.245925,84.784232,383.062596,105.605738,288.365626,0.349411,0,0.094318,113.006157,29.268271,48.983946,359.62
20260805_130822,455.613,1,Right,3632,98.981278,0.000000,98.981278,12.252203,0.003904,0.034312,0.005562,216,0.000000,0.000000,0.239790,0.949892,0.025288,-0.114588,0.239790,0.034596,0.726859,0.000000,0.949892,0.726859,17.299505,17.246313,-192.907867,97.602364,-165.872513,97.502571,66.732604,50.245925,3.148775,172.176372,65.693220,84.647870,0.200625,0,0.094318,113.006157,29.268271,48.983946,359.62
20260805_130822,460.618,1,Left,3671,38.409153,0.000000,38.409153,14.709888,0.006274,0.023596,0.012417,148,0.000000,0.000000,0.644344,0.949500,-0.002173,-0.644344,0.413670,0.030278,0.279474,0.000000,0.949500,0.279474,7.517040,17.246748,-95.250862,117.711777,-165.872513,97.502571,66.732604,50.245925,84.784232,383.062596,105.605738,288.365626,0.349411,0,0.094318,113.006157,29.268271,48.983946,386.54
20260805_130822,460.618,1,Right,3632,98.981278,0.000000,98.981278,12.252203,0.003904,0.034312,0.005562,216,0.000000,0.000000,0.239790,0.949892,0.025288,-0.114588,0.239790,0.034596,0.726859,0.000000,0.949892,0.726859,17.299505,17.246313,-192.907867,97.602364,-165.872513,97.502571,66.732604,50.245925,3.148775,172.176372,65.693220,84.647870,0.200625,0,0.094318,113.006157,29.268271,48.983946,386.54
20260805_130822,465.623,1,Left,3671,38.409153,0.000000,38.409153,14.709888,0.006274,0.023596,0.012417,148,0.000000,0.000000,0.644344,0.949500,-0.002173,-0.644344,0.413670,0.030278,0.279474,0.000000,0.949500,0.279474,7.517040,17.246748,-95.250862,117.711777,-165.872513,97.502571,66.732604,50.245925,84.784232,383.062596,105.605738,288.365626,0.349411,0,0.094318,113.006157,29.268271,48.983946,361.45
20260805_130822,465.623,1,Right,3632,98.981278,0.000000,98.981278,12.252203,0.003904,0.034312,0.005562,216,0.000000,0.000000,0.239790,0.949892,0.025288,-0.114588,0.239790,0.034596,0.726859,0.000000,0.949892,0.726859,17.299505,17.246313,-192.907867,97.602364,-165.872513,97.502571,66.732604,50.245925,3.148775,172.176372,65.693220,84.647870,0.200625,0,0.094318,113.006157,29.268271,48.983946,361.45
20260805_130822,470.632,1,Left,3671,38.409153,0.000000,38.409153,14.709888,0.006274,0.023596,0.012417,148,0.000000,0.000000,0.644344,0.949500,-0.002173,-0.644344,0.413670,0.030278,0.279474,0.000000,0.949500,0.279474,7.517040,17.246748,-95.250862,117.711777,-165.872513,97.502571,66.732604,50.245925,84.784232,383.062596,105.605738,288.365626,0.349411,0,0.094318,113.006157,29.268271,48.983946,381.13
20260805_130822,470.632,1,Right,3632,98.981278,0.000000,98.981278,12.252203,0.003904,0.034312,0.005562,216,0.000000,0.000000,0.239790,0.949892,0.025288,-0.114588,0.239790,0.034596,0.726859,0.000000,0.949892,0.726859,17.299505,17.246313,-192.907867,97.602364,-165.872513,97.502571,66.732604,50.245925,3.148775,172.176372,65.693220,84.647870,0.200625,0,0.094318,113.006157,29.268271,48.983946,381.13
20260805_130822,475.644,1,Left,3671,38.409153,0.000000,38.409153,14.709888,0.006274,0.023596,0.012417,148,0.000000,0.000000,0.644344,0.949500,-0.002173,-0.644344,0.413670,0.030278,0.279474,0.000000,0.949500,0.279474,7.517040,17.246748,-95.250862,117.711777,-165.872513,97.502571,66.732604,50.245925,84.784232,383.062596,105.605738,288.365626,0.349411,0,0.094318,113.006157,29.268271,48.983946,392.54
20260805_130822,475.644,1,Right,3632,98.981278,0.000000,98.981278,12.252203,0.003904,0.034312,0.005562,216,0.000000,0.000000,0.239790,0.949892,0.025288,-0.114588,0.239790,0.034596,0.726859,0.000000,0.949892,0.726859,17.299505,17.246313,-192.907867,97.602364,-165.872513,97.502571,66.732604,50.245925,3.148775,172.176372,65.693220,84.647870,0.200625,0,0.094318,113.006157,29.268271,48.983946,392.54
20260805_130822,480.648,1,Left,3671,38.409153,0.000000,38.409153,14.709888,0.006274,0.023596,0.012417,148,0.000000,0.000000,0.644344,0.949500,-0.002173,-0.644344,0.413670,0.030278,0.279474,0.000000,0.949500,0.279474,7.517040,17.246748,-95.250862,117.711777,-165.872513,97.502571,66.732604,50.245925,84.784232,383.062596,105.605738,288.365626,0.349411,0,0.094318,113.006157,29.268271,48.983946,396.10
20260805_130822,480.648,1,Right,3632,98.981278,0.000000,98.981278,12.252203,0.003904,0.034312,0.005562,216,0.000000,0.000000,0.239790,0.949892,0.025288,-0.114588,0.239790,0.034596,0.726859,0.000000,0.949892,0.726859,17.299505,17.246313,-192.907867,97.602364,-165.872513,97.502571,66.732604,50.245925,3.148775,172.176372,65.693220,84.647870,0.200625,0,0.094318,113.006157,29.268271,48.983946,396.10
20260805_130822,485.656,1,Left,3671,38.409153,0.000000,38.409153,14.709888,0.006274,0.023596,0.012417,148,0.000000,0.000000,0.644344,0.949500,-0.002173,-0.644344,0.413670,0.030278,0.279474,0.000000,0.949500,0.279474,7.517040,17.246748,-95.250862,117.711777,-165.872513,97.502571,66.732604,50.245925,84.784232,383.062596,105.605738,288.365626,0.349411,0,0.094318,113.006157,29.268271,48.983946,394.35
20260805_130822,485.656,1,Right,3632,98.981278,0.000000,98.981278,12.252203,0.003904,0.034312,0.005562,216,0.000000,0.000000,0.239790,0.949892,0.025288,-0.114588,0.239790,0.034596,0.726859,0.000000,0.949892,0.726859,17.299505,17.246313,-192.907867,97.602364,-165.872513,97.502571,66.732604,50.245925,3.148775,172.176372,65.693220,84.647870,0.200625,0,0.094318,113.006157,29.268271,48.983946,394.35
20260805_130822,490.666,1,Left,3671,38.409153,0.000000,38.409153,14.709888,0.006274,0.023596,0.012417,148,0.000000,0.000000,0.644344,0.949500,-0.002173,-0.644344,0.413670,0.030278,0.279474,0.000000,0.949500,0.279474,7.517040,17.246748,-95.250862,117.711777,-165.872513,97.502571,66.732604,50.245925,84.784232,383.062596,105.605738,288.365626,0.349411,0,0.094318,113.006157,29.268271,48.983946,385.68
20260805_130822,490.666,1,Right,3632,98.981278,0.000000,98.981278,12.252203,0.003904,0.034312,0.005562,216,0.000000,0.000000,0.239790,0.949892,0.025288,-0.114588,0.239790,0.034596,0.726859,0.000000,0.949892,0.726859,17.299505,17.246313,-192.907867,97.602364,-165.872513,97.502571,66.732604,50.245925,3.148775,172.176372,65.693220,84.647870,0.200625,0,0.094318,113.006157,29.268271,48.983946,385.68
20260805_130822,495.669,1,Left,3671,38.409153,0.000000,38.409153,14.709888,0.006274,0.023596,0.012417,148,0.000000,0.000000,0.644344,0.949500,-0.002173,-0.644344,0.413670,0.030278,0.279474,0.000000,0.949500,0.279474,7.517040,17.246748,-95.250862,117.711777,-165.872513,97.502571,66.732604,50.245925,84.784232,383.062596,105.605738,288.365626,0.349411,0,0.094318,113.006157,29.268271,48.983946,360.68
20260805_130822,495.669,1,Right,3632,98.981278,0.000000,98.981278,12.252203,0.003904,0.034312,0.005562,216,0.000000,0.000000,0.239790,0.949892,0.025288,-0.114588,0.239790,0.034596,0.726859,0.000000,0.949892,0.726859,17.299505,17.246313,-192.907867,97.602364,-165.872513,97.502571,66.732604,50.245925,3.148775,172.176372,65.693220,84.647870,0.200625,0,0.094318,113.006157,29.268271,48.983946,360.68
20260805_130822,500.675,1,Left,3671,38.409153,0.000000,38.409153,14.709888,0.006274,0.023596,0.012417,148,0.000000,0.000000,0.644344,0.949500,-0.002173,-0.644344,0.413670,0.030278,0.279474,0.000000,0.949500,0.279474,7.517040,17.246748,-95.250862,117.711777,-165.872513,97.502571,66.732604,50.245925,84.784232,383.062596,105.605738,288.365626,0.349411,0,0.094318,113.006157,29.268271,48.983946,367.31
20260805_130822,500.675,1,Right,3632,98.981278,0.000000,98.981278,12.252203,0.003904,0.034312,0.005562,216,0.000000,0.000000,0.239790,0.949892,0.025288,-0.114588,0.239790,0.034596,0.726859,0.000000,0.949892,0.726859,17.299505,17.246313,-192.907867,97.602364,-165.872513,97.502571,66.732604,50.245925,3.148775,172.176372,65.693220,84.647870,0.200625,0,0.094318,113.006157,29.268271,48.983946,367.31
20260805_130822,505.677,1,Left,3671,38.409153,0.000000,38.409153,14.709888,0.006274,0.023596,0.012417,148,0.000000,0.000000,0.644344,0.949500,-0.002173,-0.644344,0.413670,0.030278,0.279474,0.000000,0.949500,0.279474,7.517040,17.246748,-95.250862,117.711777,-165.872513,97.502571,66.732604,50.245925,84.784232,383.062596,105.605738,288.365626,0.349411,0,0.094318,113.006157,29.268271,48.983946,397.83
20260805_130822,505.677,1,Right,3632,98.981278,0.000000,98.981278,12.252203,0.003904,0.034312,0.005562,216,0.000000,0.000000,0.239790,0.949892,0.025288,-0.114588,0.239790,0.034596,0.726859,0.000000,0.949892,0.726859,17.299505,17.246313,-192.907867,97.602364,-165.872513,97.502571,66.732604,50.245925,3.148775,172.176372,65.693220,84.647870,0.200625,0,0.094318,113.006157,29.268271,48.983946,397.83
20260805_130822,510.678,1,Left,3671,38.409153,0.000000,38.409153,14.709888,0.006274,0.023596,0.012417,148,0.000000,0.000000,0.644344,0.949500,-0.002173,-0.644344,0.413670,0.030278,0.279474,0.000000,0.949500,0.279474,7.517040,17.246748,-95.250862,117.711777,-165.872513,97.502571,66.732604,50.245925,84.784232,383.062596,105.605738,288.365626,0.349411,0,0.094318,113.006157,29.268271,48.983946,364.72
20260805_130822,510.678,1,Right,3632,98.981278,0.000000,98.981278,12.252203,0.003904,0.034312,0.005562,216,0.000000,0.000000,0.239790,0.949892,0.025288,-0.114588,0.239790,0.034596,0.726859,0.000000,0.949892,0.726859,17.299505,17.246313,-192.907867,97.602364,-165.872513,97.502571,66.732604,50.245925,3.148775,172.176372,65.693220,84.647870,0.200625,0,0.094318,113.006157,29.268271,48.983946,364.72
20260805_130822,515.687,1,Left,3671,38.409153,0.000000,38.409153,14.709888,0.006274,0.023596,0.012417,148,0.000000,0.000000,0.644344,0.949500,-0.002173,-0.644344,0.413670,0.030278,0.279474,0.000000,0.949500,0.279474,7.517040,17.246748,-95.250862,117.711777,-165.872513,97.502571,66.732604,50.245925,84.784232,383.062596,105.605738,288.365626,0.349411,0,0.094318,113.006157,29.268271,48.983946,388.61
20260805_130822,515.687,1,Right,3632,98.981278,0.000000,98.981278,12.252203,0.003904,0.034312,0.005562,216,0.000000,0.000000,0.239790,0.949892,0.025288,-0.114588,0.239790,0.034596,0.726859,0.000000,0.949892,0.726859,17.299505,17.246313,-192.907867,97.602364,-165.872513,97.502571,66.732604,50.245925,3.148775,172.176372,65.693220,84.647870,0.200625,0,0.094318,113.006157,29.268271,48.983946,388.61
20260805_130822,520.695,1,Left,3671,38.409153,0.000000,38.409153,14.709888,0.006274,0.023596,0.012417,148,0.000000,0.000000,0.644344,0.949500,-0.002173,-0.644344,0.413670,0.030278,0.279474,0.000000,0.949500,0.279474,7.517040,17.246748,-95.250862,117.711777,-165.872513,97.502571,66.732604,50.245925,84.784232,383.062596,105.605738,288.365626,0.349411,0,0.094318,113.006157,29.268271,48.983946,362.20
20260805_130822,520.695,1,Right,3632,98.981278,0.000000,98.981278,12.252203,0.003904,0.034312,0.005562,216,0.000000,0.000000,0.239790,0.949892,0.025288,-0.114588,0.239790,0.034596,0.726859,0.000000,0.949892,0.726859,17.299505,17.246313,-192.907867,97.602364,-165.872513,97.502571,66.732604,50.245925,3.148775,172.176372,65.693220,84.647870,0.200625,0,0.094318,113.006157,29.268271,48.983946,362.20
20260805_130822,525.698,1,Left,3671,38.409153,0.000000,38.409153,14.709888,0.006274,0.023596,0.012417,148,0.000000,0.000000,0.644344,0.949500,-0.002173,-0.644344,0.413670,0.030278,0.279474,0.000000,0.949500,0.279474,7.517040,17.246748,-95.250862,117.711777,-165.872513,97.502571,66.732604,50.245925,84.784232,383.062596,105.605738,288.365626,0.349411,0,0.094318,113.006157,29.268271,48.983946,369.15
20260805_130822,525.698,1,Right,3632,98.981278,0.000000,98.981278,12.252203,0.003904,0.034312,0.005562,216,0.000000,0.000000,0.239790,0.949892,0.025288,-0.114588,0.239790,0.034596,0.726859,0.000000,0.949892,0.726859,17.299505,17.246313,-192.907867,97.602364,-165.872513,97.502571,66.732604,50.245925,3.148775,172.176372,65.693220,84.647870,0.200625,0,0.094318,113.006157,29.268271,48.983946,369.15
20260805_130822,530.700,1,Left,3671,38.409153,0.000000,38.409153,14.709888,0.006274,0.023596,0.012417,148,0.000000,0.000000,0.644344,0.949500,-0.002173,-0.644344,0.413670,0.030278,0.279474,0.000000,0.949500,0.279474,7.517040,17.246748,-95.250862,117.711777,-165.872513,97.502571,66.732604,50.245925,84.784232,383.062596,105.605738,288.365626,0.349411,0,0.094318,113.006157,29.268271,48.983946,348.31
20260805_130822,530.700,1,Right,3632,98.981278,0.000000,98.981278,12.252203,0.003904,0.034312,0.005562,216,0.000000,0.000000,0.239790,0.949892,0.025288,-0.114588,0.239790,0.034596,0.726859,0.000000,0.949892,0.726859,17.299505,17.246313,-192.907867,97.602364,-165.872513,97.502571,66.732604,50.245925,3.148775,172.176372,65.693220,84.647870,0.200625,0,0.094318,113.006157,29.268271,48.983946,348.31
20260805_130822,535.701,1,Left,3671,38.409153,0.000000,38.409153,14.709888,0.006274,0.023596,0.012417,148,0.000000,0.000000,0.644344,0.949500,-0.002173,-0.644344,0.413670,0.030278,0.279474,0.000000,0.949500,0.279474,7.517040,17.246748,-95.250862,117.711777,-165.872513,97.502571,66.732604,50.245925,84.784232,383.062596,105.605738,288.365626,0.349411,0,0.094318,113.006157,29.268271,48.983946,377.49
20260805_130822,535.701,1,Right,3632,98.981278,0.000000,98.981278,12.252203,0.003904,0.034312,0.005562,216,0.000000,0.000000,0.239790,0.949892,0.025288,-0.114588,0.239790,0.034596,0.726859,0.000000,0.949892,0.726859,17.299505,17.246313,-192.907867,97.602364,-165.872513,97.502571,66.732604,50.245925,3.148775,172.176372,65.693220,84.647870,0.200625,0,0.094318,113.006157,29.268271,48.983946,377.49
20260805_130822,540.710,1,Left,3671,38.409153,0.000000,38.409153,14.709888,0.006274,0.023596,0.012417,148,0.000000,0.000000,0.644344,0.949500,-0.002173,-0.644344,0.413670,0.030278,0.279474,0.000000,0.949500,0.279474,7.517040,17.246748,-95.250862,117.711777,-165.872513,97.502571,66.732604,50.245925,84.784232,383.062596,105.605738,288.365626,0.349411,0,0.094318,113.006157,29.268271,48.983946,376.24
20260805_130822,540.710,1,Right,3632,98.981278,0.000000,98.981278,12.252203,0.003904,0.034312,0.005562,216,0.000000,0.000000,0.239790,0.949892,0.025288,-0.114588,0.239790,0.034596,0.726859,0.000000,0.949892,0.726859,17.299505,17.246313,-192.907867,97.602364,-165.872513,97.502571,66.732604,50.245925,3.148775,172.176372,65.693220,84.647870,0.200625,0,0.094318,113.006157,29.268271,48.983946,376.24
20260805_130822,545.712,1,Left,3671,38.409153,0.000000,38.409153,14.709888,0.006274,0.023596,0.012417,148,0.000000,0.000000,0.644344,0.949500,-0.002173,-0.644344,0.413670,0.030278,0.279474,0.000000,0.949500,0.279474,7.517040,17.246748,-95.250862,117.711777,-165.872513,97.502571,66.732604,50.245925,84.784232,383.062596,105.605738,288.365626,0.349411,0,0.094318,113.006157,29.268271,48.983946,343.63
20260805_130822,545.712,1,Right,3632,98.981278,0.000000,98.981278,12.252203,0.003904,0.034312,0.005562,216,0.000000,0.000000,0.239790,0.949892,0.025288,-0.114588,0.239790,0.034596,0.726859,0.000000,0.949892,0.726859,17.299505,17.246313,-192.907867,97.602364,-165.872513,97.502571,66.732604,50.245925,3.148775,172.176372,65.693220,84.647870,0.200625,0,0.094318,113.006157,29.268271,48.983946,343.63
20260805_130822,550.717,1,Left,3671,38.409153,0.000000,38.409153,14.709888,0.006274,0.023596,0.012417,148,0.000000,0.000000,0.644344,0.949500,-0.002173,-0.644344,0.413670,0.030278,0.279474,0.000000,0.949500,0.279474,7.517040,17.246748,-95.250862,117.711777,-165.872513,97.502571,66.732604,50.245925,84.784232,383.062596,105.605738,288.365626,0.349411,0,0.094318,113.006157,29.268271,48.983946,368.21
20260805_130822,550.717,1,Right,3632,98.981278,0.000000,98.981278,12.252203,0.003904,0.034312,0.005562,216,0.000000,0.000000,0.239790,0.949892,0.025288,-0.114588,0.239790,0.034596,0.726859,0.000000,0.949892,0.726859,17.299505,17.246313,-192.907867,97.602364,-165.872513,97.502571,66.732604,50.245925,3.148775,172.176372,65.693220,84.647870,0.200625,0,0.094318,113.006157,29.268271,48.983946,368.21
20260805_130822,555.719,1,Left,3671,38.409153,0.000000,38.409153,14.709888,0.006274,0.023596,0.012417,148,0.000000,0.000000,0.644344,0.949500,-0.002173,-0.644344,0.413670,0.030278,0.279474,0.000000,0.949500,0.279474,7.517040,17.246748,-95.250862,117.711777,-165.872513,97.502571,66.732604,50.245925,84.784232,383.062596,105.605738,288.365626,0.349411,0,0.094318,113.006157,29.268271,48.983946,386.71
20260805_130822,555.719,1,Right,3632,98.981278,0.000000,98.981278,12.252203,0.003904,0.034312,0.005562,216,0.000000,0.000000,0.239790,0.949892,0.025288,-0.114588,0.239790,0.034596,0.726859,0.000000,0.949892,0.726859,17.299505,17.246313,-192.907867,97.602364,-165.872513,97.502571,66.732604,50.245925,3.148775,172.176372,65.693220,84.647870,0.200625,0,0.094318,113.006157,29.268271,48.983946,386.71
20260805_130822,560.725,1,Left,3671,38.409153,0.000000,38.409153,14.709888,0.006274,0.023596,0.012417,148,0.000000,0.000000,0.644344,0.949500,-0.002173,-0.644344,0.413670,0.030278,0.279474,0.000000,0.949500,0.279474,7.517040,17.246748,-95.250862,117.711777,-165.872513,97.502571,66.732604,50.245925,84.784232,383.062596,105.605738,288.365626,0.349411,0,0.094318,113.006157,29.268271,48.983946,375.90
20260805_130822,560.725,1,Right,3632,98.981278,0.000000,98.981278,12.252203,0.003904,0.034312,0.005562,216,0.000000,0.000000,0.239790,0.949892,0.025288,-0.114588,0.239790,0.034596,0.726859,0.000000,0.949892,0.726859,17.299505,17.246313,-192.907867,97.602364,-165.872513,97.502571,66.732604,50.245925,3.148775,172.176372,65.693220,84.647870,0.200625,0,0.094318,113.006157,29.268271,48.983946,375.90
20260805_130822,565.728,1,Left,3671,38.409153,0.000000,38.409153,14.709888,0.006274,0.023596,0.012417,148,0.000000,0.000000,0.644344,0.949500,-0.002173,-0.644344,0.413670,0.030278,0.279474,0.000000,0.949500,0.279474,7.517040,17.246748,-95.250862,117.711777,-165.872513,97.502571,66.732604,50.245925,84.784232,383.062596,105.605738,288.365626,0.349411,0,0.094318,113.006157,29.268271,48.983946,359.22
20260805_130822,565.728,1,Right,3632,98.981278,0.000000,98.981278,12.252203,0.003904,0.034312,0.005562,216,0.000000,0.000000,0.239790,0.949892,0.025288,-0.114588,0.239790,0.034596,0.726859,0.000000,0.949892,0.726859,17.299505,17.246313,-192.907867,97.602364,-165.872513,97.502571,66.732604,50.245925,3.148775,172.176372,65.693220,84.647870,0.200625,0,0.094318,113.006157,29.268271,48.983946,359.22
20260805_130822,570.728,1,Left,3671,38.409153,0.000000,38.409153,14.709888,0.006274,0.023596,0.012417,148,0.000000,0.000000,0.644344,0.949500,-0.002173,-0.644344,0.413670,0.030278,0.279474,0.000000,0.949500,0.279474,7.517040,17.246748,-95.250862,117.711777,-165.872513,97.502571,66.732604,50.245925,84.784232,383.062596,105.605738,288.365626,0.349411,0,0.094318,113.006157,29.268271,48.983946,373.56
20260805_130822,570.728,1,Right,3632,98.981278,0.000000,98.981278,12.252203,0.003904,0.034312,0.005562,216,0.000000,0.000000,0.239790,0.949892,0.025288,-0.114588,0.239790,0.034596,0.726859,0.000000,0.949892,0.726859,17.299505,17.246313,-192.907867,97.602364,-165.872513,97.502571,66.732604,50.245925,3.148775,172.176372,65.693220,84.647870,0.200625,0,0.094318,113.006157,29.268271,48.983946,373.56
20260805_130822,575.736,1,Left,3671,38.409153,0.000000,38.409153,14.709888,0.006274,0.023596,0.012417,148,0.000000,0.000000,0.644344,0.949500,-0.002173,-0.644344,0.413670,0.030278,0.279474,0.000000,0.949500,0.279474,7.517040,17.246748,-95.250862,117.711777,-165.872513,97.502571,66.732604,50.245925,84.784232,383.062596,105.605738,288.365626,0.349411,0,0.094318,113.006157,29.268271,48.983946,363.55
20260805_130822,575.736,1,Right,3632,98.981278,0.000000,98.981278,12.252203,0.003904,0.034312,0.005562,216,0.000000,0.000000,0.239790,0.949892,0.025288,-0.114588,0.239790,0.034596,0.726859,0.000000,0.949892,0.726859,17.299505,17.246313,-192.907867,97.602364,-165.872513,97.502571,66.732604,50.245925,3.148775,172.176372,65.693220,84.647870,0.200625,0,0.094318,113.006157,29.268271,48.983946,363.55
20260805_130822,580.740,1,Left,3671,38.409153,0.000000,38.409153,14.709888,0.006274,0.023596,0.012417,148,0.000000,0.000000,0.644344,0.949500,-0.002173,-0.644344,0.413670,0.030278,0.279474,0.000000,0.949500,0.279474,7.517040,17.246748,-95.250862,117.711777,-165.872513,97.502571,66.732604,50.245925,84.784232,383.062596,105.605738,288.365626,0.349411,0,0.094318,113.006157,29.268271,48.983946,372.33
20260805_130822,580.740,1,Right,3632,98.981278,0.000000,98.981278,12.252203,0.003904,0.034312,0.005562,216,0.000000,0.000000,0.239790,0.949892,0.025288,-0.114588,0.239790,0.034596,0.726859,0.000000,0.949892,0.726859,17.299505,17.246313,-192.907867,97.602364,-165.872513,97.502571,66.732604,50.245925,3.148775,172.176372,65.693220,84.647870,0.200625,0,0.094318,113.006157,29.268271,48.983946,372.33
20260805_130822,585.743,1,Left,3671,38.409153,0.000000,38.409153,14.709888,0.006274,0.023596,0.012417,148,0.000000,0.000000,0.644344,0.949500,-0.002173,-0.644344,0.413670,0.030278,0.279474,0.000000,0.949500,0.279474,7.517040,17.246748,-95.250862,117.711777,-165.872513,97.502571,66.732604,50.245925,84.784232,383.062596,105.605738,288.365626,0.349411,0,0.094318,113.006157,29.268271,48.983946,402.25
20260805_130822,585.743,1,Right,3632,98.981278,0.000000,98.981278,12.252203,0.003904,0.034312,0.005562,216,0.000000,0.000000,0.239790,0.949892,0.025288,-0.114588,0.239790,0.034596,0.726859,0.000000,0.949892,0.726859,17.299505,17.246313,-192.907867,97.602364,-165.872513,97.502571,66.732604,50.245925,3.148775,172.176372,65.693220,84.647870,0.200625,0,0.094318,113.006157,29.268271,48.983946,402.25
20260805_130822,590.752,1,Left,3671,38.409153,0.000000,38.409153,14.709888,0.006274,0.023596,0.012417,148,0.000000,0.000000,0.644344,0.949500,-0.002173,-0.644344,0.413670,0.030278,0.279474,0.000000,0.949500,0.279474,7.517040,17.246748,-95.250862,117.711777,-165.872513,97.502571,66.732604,50.245925,84.784232,383.062596,105.605738,288.365626,0.349411,0,0.094318,113.006157,29.268271,48.983946,376.88
20260805_130822,590.752,1,Right,3632,98.981278,0.000000,98.981278,12.252203,0.003904,0.034312,0.005562,216,0.000000,0.000000,0.239790,0.949892,0.025288,-0.114588,0.239790,0.034596,0.726859,0.000000,0.949892,0.726859,17.299505,17.246313,-192.907867,97.602364,-165.872513,97.502571,66.732604,50.245925,3.148775,172.176372,65.693220,84.647870,0.200625,0,0.094318,113.006157,29.268271,48.983946,376.88
20260805_130822,595.757,1,Left,3671,38.409153,0.000000,38.409153,14.709888,0.006274,0.023596,0.012417,148,0.000000,0.000000,0.644344,0.949500,-0.002173,-0.644344,0.413670,0.030278,0.279474,0.000000,0.949500,0.279474,7.517040,17.246748,-95.250862,117.711777,-165.872513,97.502571,66.732604,50.245925,84.784232,383.062596,105.605738,288.365626,0.349411,0,0.094318,113.006157,29.268271,48.983946,368.15
20260805_130822,595.757,1,Right,3632,98.981278,0.000000,98.981278,12.252203,0.003904,0.034312,0.005562,216,0.000000,0.000000,0.239790,0.949892,0.025288,-0.114588,0.239790,0.034596,0.726859,0.000000,0.949892,0.726859,17.299505,17.246313,-192.907867,97.602364,-165.872513,97.502571,66.732604,50.245925,3.148775,172.176372,65.693220,84.647870,0.200625,0,0.094318,113.006157,29.268271,48.983946,368.15
20260805_130822,600.758,1,Left,3671,38.409153,0.000000,38.409153,14.709888,0.006274,0.023596,0.012417,148,0.000000,0.000000,0.644344,0.949500,-0.002173,-0.644344,0.413670,0.030278,0.279474,0.000000,0.949500,0.279474,7.517040,17.246748,-95.250862,117.711777,-165.872513,97.502571,66.732604,50.245925,84.784232,383.062596,105.605738,288.365626,0.349411,0,0.094318,113.006157,29.268271,48.983946,383.64
20260805_130822,600.758,1,Right,3632,98.981278,0.000000,98.981278,12.252203,0.003904,0.034312,0.005562,216,0.000000,0.000000,0.239790,0.949892,0.025288,-0.114588,0.239790,0.034596,0.726859,0.000000,0.949892,0.726859,17.299505,17.246313,-192.907867,97.602364,-165.872513,97.502571,66.732604,50.245925,3.148775,172.176372,65.693220,84.647870,0.200625,0,0.094318,113.006157,29.268271,48.983946,383.64
20260805_130822,605.758,1,Left,3671,38.409153,0.000000,38.409153,14.709888,0.006274,0.023596,0.012417,148,0.000000,0.000000,0.644344,0.949500,-0.002173,-0.644344,0.413670,0.030278,0.279474,0.000000,0.949500,0.279474,7.517040,17.246748,-95.250862,117.711777,-165.872513,97.502571,66.732604,50.245925,84.784232,383.062596,105.605738,288.365626,0.349411,0,0.094318,113.006157,29.268271,48.983946,368.37
20260805_130822,605.758,1,Right,3632,98.981278,0.000000,98.981278,12.252203,0.003904,0.034312,0.005562,216,0.000000,0.000000,0.239790,0.949892,0.025288,-0.114588,0.239790,0.034596,0.726859,0.000000,0.949892,0.726859,17.299505,17.246313,-192.907867,97.602364,-165.872513,97.502571,66.732604,50.245925,3.148775,172.176372,65.693220,84.647870,0.200625,0,0.094318,113.006157,29.268271,48.983946,368.37
20260805_130822,610.764,1,Left,3671,38.409153,0.000000,38.409153,14.709888,0.006274,0.023596,0.012417,148,0.000000,0.000000,0.644344,0.949500,-0.002173,-0.644344,0.413670,0.030278,0.279474,0.000000,0.949500,0.279474,7.517040,17.246748,-95.250862,117.711777,-165.872513,97.502571,66.732604,50.245925,84.784232,383.062596,105.605738,288.365626,0.349411,0,0.094318,113.006157,29.268271,48.983946,394.65
20260805_130822,610.764,1,Right,3632,98.981278,0.000000,98.981278,12.252203,0.003904,0.034312,0.005562,216,0.000000,0.000000,0.239790,0.949892,0.025288,-0.114588,0.239790,0.034596,0.726859,0.000000,0.949892,0.726859,17.299505,17.246313,-192.907867,97.602364,-165.872513,97.502571,66.732604,50.245925,3.148775,172.176372,65.693220,84.647870,0.200625,0,0.094318,113.006157,29.268271,48.983946,394.65
20260805_130822,615.772,1,Left,3671,38.409153,0.000000,38.409153,14.709888,0.006274,0.023596,0.012417,148,0.000000,0.000000,0.644344,0.949500,-0.002173,-0.644344,0.413670,0.030278,0.279474,0.000000,0.949500,0.279474,7.517040,17.246748,-95.250862,117.711777,-165.872513,97.502571,66.732604,50.245925,84.784232,383.062596,105.605738,288.365626,0.349411,0,0.094318,113.006157,29.268271,48.983946,365.68
20260805_130822,615.772,1,Right,3632,98.981278,0.000000,98.981278,12.252203,0.003904,0.034312,0.005562,216,0.000000,0.000000,0.239790,0.949892,0.025288,-0.114588,0.239790,0.034596,0.726859,0.000000,0.949892,0.726859,17.299505,17.246313,-192.907867,97.602364,-165.872513,97.502571,66.732604,50.245925,3.148775,172.176372,65.693220,84.647870,0.200625,0,0.094318,113.006157,29.268271,48.983946,365.68
20260805_130822,620.779,1,Left,3671,38.409153,0.000000,38.409153,14.709888,0.006274,0.023596,0.012417,148,0.000000,0.000000,0.644344,0.949500,-0.002173,-0.644344,0.413670,0.030278,0.279474,0.000000,0.949500,0.279474,7.517040,17.246748,-95.250862,117.711777,-165.872513,97.502571,66.732604,50.245925,84.784232,383.062596,105.605738,288.365626,0.349411,0,0.094318,113.006157,29.268271,48.983946,383.01
20260805_130822,620.779,1,Right,3632,98.981278,0.000000,98.981278,12.252203,0.003904,0.034312,0.005562,216,0.000000,0.000000,0.239790,0.949892,0.025288,-0.114588,0.239790,0.034596,0.726859,0.000000,0.949892,0.726859,17.299505,17.246313,-192.907867,97.602364,-165.872513,97.502571,66.732604,50.245925,3.148775,172.176372,65.693220,84.647870,0.200625,0,0.094318,113.006157,29.268271,48.983946,383.01
20260805_130822,625.779,1,Left,3671,38.409153,0.000000,38.409153,14.709888,0.006274,0.023596,0.012417,148,0.000000,0.000000,0.644344,0.949500,-0.002173,-0.644344,0.413670,0.030278,0.279474,0.000000,0.949500,0.279474,7.517040,17.246748,-95.250862,117.711777,-165.872513,97.502571,66.732604,50.245925,84.784232,383.062596,105.605738,288.365626,0.349411,0,0.094318,113.006157,29.268271,48.983946,374.66
20260805_130822,625.779,1,Right,3632,98.981278,0.000000,98.981278,12.252203,0.003904,0.034312,0.005562,216,0.000000,0.000000,0.239790,0.949892,0.025288,-0.114588,0.239790,0.034596,0.726859,0.000000,0.949892,0.726859,17.299505,17.246313,-192.907867,97.602364,-165.872513,97.502571,66.732604,50.245925,3.148775,172.176372,65.693220,84.647870,0.200625,0,0.094318,113.006157,29.268271,48.983946,374.66
20260805_130822,630.791,1,Left,3671,38.409153,0.000000,38.409153,14.709888,0.006274,0.023596,0.012417,148,0.000000,0.000000,0.644344,0.949500,-0.002173,-0.644344,0.413670,0.030278,0.279474,0.000000,0.949500,0.279474,7.517040,17.246748,-95.250862,117.711777,-165.872513,97.502571,66.732604,50.245925,84.784232,383.062596,105.605738,288.365626,0.349411,0,0.094318,113.006157,29.268271,48.983946,391.48
20260805_130822,630.791,1,Right,3632,98.981278,0.000000,98.981278,12.252203,0.003904,0.034312,0.005562,216,0.000000,0.000000,0.239790,0.949892,0.025288,-0.114588,0.239790,0.034596,0.726859,0.000000,0.949892,0.726859,17.299505,17.246313,-192.907867,97.602364,-165.872513,97.502571,66.732604,50.245925,3.148775,172.176372,65.693220,84.647870,0.200625,0,0.094318,113.006157,29.268271,48.983946,391.48
20260805_130822,635.798,1,Left,3671,38.409153,0.000000,38.409153,14.709888,0.006274,0.023596,0.012417,148,0.000000,0.000000,0.644344,0.949500,-0.002173,-0.644344,0.413670,0.030278,0.279474,0.000000,0.949500,0.279474,7.517040,17.246748,-95.250862,117.711777,-165.872513,97.502571,66.732604,50.245925,84.784232,383.062596,105.605738,288.365626,0.349411,0,0.094318,113.006157,29.268271,48.983946,351.75
20260805_130822,635.798,1,Right,3632,98.981278,0.000000,98.981278,12.252203,0.003904,0.034312,0.005562,216,0.000000,0.000000,0.239790,0.949892,0.025288,-0.114588,0.239790,0.034596,0.726859,0.000000,0.949892,0.726859,17.299505,17.246313,-192.907867,97.602364,-165.872513,97.502571,66.732604,50.245925,3.148775,172.176372,65.693220,84.647870,0.200625,0,0.094318,113.006157,29.268271,48.983946,351.75
20260805_130822,640.803,1,Left,3671,38.409153,0.000000,38.409153,14.709888,0.006274,0.023596,0.012417,148,0.000000,0.000000,0.644344,0.949500,-0.002173,-0.644344,0.413670,0.030278,0.279474,0.000000,0.949500,0.279474,7.517040,17.246748,-95.250862,117.711777,-165.872513,97.502571,66.732604,50.245925,84.784232,383.062596,105.605738,288.365626,0.349411,0,0.094318,113.006157,29.268271,48.983946,388.04
20260805_130822,640.803,1,Right,3632,98.981278,0.000000,98.981278,12.252203,0.003904,0.034312,0.005562,216,0.000000,0.000000,0.239790,0.949892,0.025288,-0.114588,0.239790,0.034596,0.726859,0.000000,0.949892,0.726859,17.299505,17.246313,-192.907867,97.602364,-165.872513,97.502571,66.732604,50.245925,3.148775,172.176372,65.693220,84.647870,0.200625,0,0.094318,113.006157,29.268271,48.983946,388.04
20260805_130822,645.808,1,Left,3671,38.409153,0.000000,38.409153,14.709888,0.006274,0.023596,0.012417,148,0.000000,0.000000,0.644344,0.949500,-0.002173,-0.644344,0.413670,0.030278,0.279474,0.000000,0.949500,0.279474,7.517040,17.246748,-95.250862,117.711777,-165.872513,97.502571,66.732604,50.245925,84.784232,383.062596,105.605738,288.365626,0.349411,0,0.094318,113.006157,29.268271,48.983946,376.44
20260805_130822,645.808,1,Right,3632,98.981278,0.000000,98.981278,12.252203,0.003904,0.034312,0.005562,216,0.000000,0.000000,0.239790,0.949892,0.025288,-0.114588,0.239790,0.034596,0.726859,0.000000,0.949892,0.726859,17.299505,17.246313,-192.907867,97.602364,-165.872513,97.502571,66.732604,50.245925,3.148775,172.176372,65.693220,84.647870,0.200625,0,0.094318,113.006157,29.268271,48.983946,376.44
20260805_130822,650.808,1,Left,3671,38.409153,0.000000,38.409153,14.709888,0.006274,0.023596,0.012417,148,0.000000,0.000000,0.644344,0.949500,-0.002173,-0.644344,0.413670,0.030278,0.279474,0.000000,0.949500,0.279474,7.517040,17.246748,-95.250862,117.711777,-165.872513,97.502571,66.732604,50.245925,84.784232,383.062596,105.605738,288.365626,0.349411,0,0.094318,113.006157,29.268271,48.983946,345.75
20260805_130822,650.808,1,Right,3632,98.981278,0.000000,98.981278,12.252203,0.003904,0.034312,0.005562,216,0.000000,0.000000,0.239790,0.949892,0.025288,-0.114588,0.239790,0.034596,0.726859,0.000000,0.949892,0.726859,17.299505,17.246313,-192.907867,97.602364,-165.872513,97.502571,66.732604,50.245925,3.148775,172.176372,65.693220,84.647870,0.200625,0,0.094318,113.006157,29.268271,48.983946,345.75
20260805_130822,655.810,1,Left,3671,38.409153,0.000000,38.409153,14.709888,0.006274,0.023596,0.012417,148,0.000000,0.000000,0.644344,0.949500,-0.002173,-0.644344,0.413670,0.030278,0.279474,0.000000,0.949500,0.279474,7.517040,17.246748,-95.250862,117.711777,-165.872513,97.502571,66.732604,50.245925,84.784232,383.062596,105.605738,288.365626,0.349411,0,0.094318,113.006157,29.268271,48.983946,374.59
20260805_130822,655.810,1,Right,3632,98.981278,0.000000,98.981278,12.252203,0.003904,0.034312,0.005562,216,0.000000,0.000000,0.239790,0.949892,0.025288,-0.114588,0.239790,0.034596,0.726859,0.000000,0.949892,0.726859,17.299505,17.246313,-192.907867,97.602364,-165.872513,97.502571,66.732604,50.245925,3.148775,172.176372,65.693220,84.647870,0.200625,0,0.094318,113.006157,29.268271,48.983946,374.59
